step,time,x,y,theta,wp_idx,action,ps0,ps1,ps2,ps3,ps4,ps5,ps6,ps7,ps0_raw,ps1_raw,ps2_raw,ps3_raw,ps4_raw,ps5_raw,ps6_raw,ps7_raw,vl,vr
1,0.032,-0.75,-0.75,1.570796,1,FOLLOWING,67.79,68.71,71.73,70.27,65.12,70.24,69.97,67.07,67.79,68.71,71.73,70.27,65.12,70.24,69.97,67.07,3.14,-2.8841
2,0.064,-0.749995,-0.749871,1.496523,1,FOLLOWING,68.54,67.87,68.13,68.89,66.24,70.04,68.3,66.26,69.65,66.6,62.72,66.82,67.92,69.75,65.8,65.05,3.14,-2.4536
3,0.096,-0.749967,-0.749615,1.427202,1,FOLLOWING,66.25,67.54,66.86,68.31,65.54,67.38,68.21,68.08,62.82,67.04,64.97,67.43,64.48,63.39,68.08,70.81,3.14,-2.0523
4,0.128,-0.749911,-0.749299,1.360356,1,FOLLOWING,68.85,68.06,65.61,67.58,65.93,66.11,70.86,66.82,72.76,68.85,63.73,66.48,66.53,64.21,74.83,64.94,3.14,-1.6656
5,0.16,-0.749788,-0.748798,1.300937,1,FOLLOWING,68.05,65.15,62.33,68.0,63.12,67.37,70.95,64.05,66.84,60.78,57.4,68.63,58.9,69.27,71.1,59.89,3.14,-1.3227
6,0.192,-0.749618,-0.748245,1.243995,1,FOLLOWING,67.65,68.19,66.15,67.15,62.49,67.48,69.59,64.43,67.06,72.76,71.89,65.89,61.55,67.64,67.55,64.99,3.14,-0.9942
7,0.224,-0.749373,-0.74758,1.192004,1,FOLLOWING,69.06,67.65,66.54,66.82,63.72,62.36,67.7,67.67,71.16,66.83,67.13,66.33,65.57,54.67,64.85,72.53,3.14,-0.6947
8,0.256,-0.749045,-0.74681,1.144964,1,FOLLOWING,69.49,68.21,64.47,68.03,64.37,63.27,69.26,68.12,70.14,69.07,61.35,69.83,65.33,64.64,71.6,68.79,3.14,-0.4243
9,0.288,-0.748682,-0.746056,1.097924,1,FOLLOWING,67.01,66.3,68.33,68.2,65.27,66.27,68.81,66.37,63.28,63.42,74.12,68.46,66.61,70.78,68.15,63.75,3.14,-0.1537
10,0.32,-0.748195,-0.745149,1.058312,1,FOLLOWING,67.44,67.55,68.87,67.27,68.56,66.01,67.87,66.45,68.1,69.42,69.68,65.88,73.49,65.62,66.45,66.56,3.14,0.0735
11,0.352,-0.747672,-0.744262,1.0187,1,FOLLOWING,67.73,67.17,65.46,66.29,68.23,66.41,67.57,69.25,68.16,66.61,60.34,64.82,67.73,67.0,67.11,73.45,3.14,0.3008
12,0.384,-0.747047,-0.743286,0.984039,1,FOLLOWING,67.28,67.77,64.15,64.36,68.09,68.79,67.57,68.95,66.62,68.68,62.18,61.46,67.88,72.36,67.58,68.49,3.14,0.4992
13,0.416,-0.746389,-0.742332,0.949378,1,FOLLOWING,68.29,66.73,64.9,67.11,67.0,69.66,68.84,69.27,69.81,65.17,66.02,71.24,65.37,70.97,70.73,69.76,3.14,0.6979
14,0.448,-0.745624,-0.741297,0.919669,1,FOLLOWING,67.98,67.11,66.66,65.09,66.72,69.11,69.83,67.71,67.51,67.67,69.3,62.07,66.31,68.28,71.32,65.36,3.14,0.8677
15,0.48,-0.744829,-0.740284,0.88996,1,FOLLOWING,69.61,69.73,66.84,64.28,65.33,66.56,68.95,66.06,72.06,73.66,67.12,63.06,63.23,62.73,67.63,63.58,3.14,1.0377
16,0.512,-0.743964,-0.739246,0.862726,1,FOLLOWING,66.25,68.28,67.84,65.52,65.59,67.86,69.7,66.57,61.21,66.11,69.33,67.38,65.99,69.81,70.84,67.35,3.14,1.1933
17,0.544,-0.74303,-0.738181,0.837969,1,FOLLOWING,64.59,67.78,66.3,64.42,66.24,68.44,68.98,66.75,62.1,67.03,63.98,62.78,67.21,69.31,67.9,67.01,3.14,1.3347
18,0.576,-0.742027,-0.737092,0.815687,1,FOLLOWING,65.83,68.21,66.95,66.23,63.87,67.48,67.83,65.91,67.69,68.85,67.94,68.93,60.3,66.03,66.11,64.66,3.14,1.4617
19,0.608,-0.740957,-0.735978,0.795881,1,FOLLOWING,64.97,67.58,66.48,67.43,64.62,68.47,67.44,67.71,63.68,66.65,65.77,69.24,65.76,69.96,66.86,70.42,3.14,1.5745
20,0.64,-0.739865,-0.734885,0.776074,1,FOLLOWING,66.17,69.55,65.04,65.35,66.74,64.28,66.23,66.69,67.99,72.49,62.88,62.22,69.93,57.99,64.4,65.16,3.14,1.6874
21,0.672,-0.738752,-0.733813,0.756268,1,FOLLOWING,66.71,67.18,66.22,66.08,66.73,65.16,66.1,67.54,67.52,63.62,68.0,67.17,66.72,66.48,65.9,68.81,3.14,1.8004
22,0.704,-0.737572,-0.732719,0.738938,1,FOLLOWING,65.47,68.61,64.73,66.75,66.4,67.12,66.4,69.07,63.59,70.76,62.48,67.76,65.91,70.07,66.86,71.37,3.14,1.8991
23,0.736,-0.736373,-0.731646,0.721607,1,FOLLOWING,67.4,68.41,67.74,67.58,66.88,65.79,65.12,65.35,70.3,68.11,72.25,68.84,67.59,63.79,63.19,59.78,3.14,1.998
24,0.768,-0.735109,-0.73055,0.706753,1,FOLLOWING,64.9,69.7,67.23,69.82,66.66,65.29,67.73,66.02,61.14,71.63,66.47,73.18,66.33,64.54,71.64,67.01,3.14,2.0826
25,0.8,-0.73378,-0.729429,0.694374,1,FOLLOWING,63.58,68.55,68.38,67.87,65.97,67.11,67.55,68.01,61.6,66.83,70.12,64.93,64.93,69.85,67.28,71.0,3.14,2.1528
26,0.832,-0.732437,-0.728325,0.681995,1,FOLLOWING,66.55,67.92,68.65,67.17,65.65,67.78,66.34,66.48,71.0,66.98,69.05,66.13,65.18,68.79,64.52,64.19,3.14,2.2232
27,0.864,-0.731081,-0.727238,0.669616,1,FOLLOWING,66.35,68.56,66.82,67.26,66.03,66.27,67.18,64.3,66.05,69.52,64.08,67.38,66.59,64.0,68.43,61.03,3.14,2.2936
28,0.896,-0.729663,-0.726127,0.659713,1,FOLLOWING,67.09,66.23,65.98,66.28,66.25,67.49,69.25,69.65,68.19,62.74,64.71,64.83,66.6,69.33,72.37,77.66,3.14,2.3498
29,0.928,-0.728233,-0.725029,0.64981,1,FOLLOWING,67.21,67.4,66.8,69.08,66.27,70.52,70.41,70.52,67.39,69.15,68.03,73.28,66.3,75.06,72.14,71.83,3.14,2.406
30,0.96,-0.726793,-0.723946,0.639907,1,FOLLOWING,68.35,67.82,67.32,69.24,65.69,68.65,69.3,69.39,70.06,68.46,68.11,69.47,64.82,65.85,67.63,67.69,3.14,2.4623
31,0.992,-0.725291,-0.722836,0.63248,1,FOLLOWING,68.32,66.28,66.38,69.47,66.83,65.37,67.74,70.28,68.27,63.98,64.98,69.8,68.53,60.44,65.41,71.62,3.14,2.5043
32,1.024,-0.723832,-0.721778,0.622577,1,FOLLOWING,65.42,65.7,67.36,68.75,68.3,67.43,69.14,67.25,61.08,64.82,68.83,67.67,70.51,70.53,71.23,62.7,3.14,2.5608
33,1.056,-0.722312,-0.720695,0.615149,1,FOLLOWING,66.39,65.4,67.03,67.5,67.48,66.52,68.48,68.71,67.84,64.96,66.54,65.63,66.26,65.15,67.49,70.9,3.14,2.603
34,1.088,-0.720732,-0.719585,0.610198,1,FOLLOWING,66.52,67.07,67.6,68.17,69.32,65.47,69.17,68.47,66.71,69.58,68.46,69.18,72.07,63.89,70.21,68.11,3.14,2.6308
35,1.12,-0.719252,-0.718556,0.605246,1,FOLLOWING,65.48,67.26,66.8,69.21,67.64,62.3,70.17,70.2,63.93,67.55,65.59,70.75,65.12,57.56,71.67,72.8,3.14,2.6587
36,1.152,-0.717661,-0.717461,0.600295,1,FOLLOWING,66.84,67.54,64.05,69.7,67.68,62.16,70.85,67.31,68.88,67.97,59.92,70.44,67.74,61.94,71.87,62.98,3.14,2.6866
37,1.184,-0.716117,-0.716412,0.592867,1,FOLLOWING,66.05,66.28,67.76,68.45,69.26,62.43,70.4,67.75,64.86,64.38,73.34,66.58,71.63,62.84,69.73,68.42,3.14,2.729
38,1.216,-0.714513,-0.715337,0.587916,1,FOLLOWING,67.4,65.45,65.48,67.17,68.68,67.69,69.71,67.74,69.43,64.22,62.06,65.25,67.81,75.59,68.68,67.71,3.14,2.757
39,1.248,-0.712903,-0.71427,0.582964,1,FOLLOWING,67.3,66.91,65.17,65.38,68.99,65.81,72.02,67.75,67.13,69.09,64.7,62.68,69.47,62.99,75.48,67.77,3.14,2.7851
40,1.28,-0.711289,-0.713211,0.578013,1,FOLLOWING,64.63,66.92,62.93,66.9,66.21,69.9,71.19,65.1,60.62,66.95,59.57,69.19,62.03,76.04,69.95,61.12,3.14,2.8132
41,1.312,-0.709616,-0.712123,0.575537,1,FOLLOWING,64.68,66.37,65.62,69.22,66.19,67.74,70.71,65.66,64.77,65.54,69.66,72.69,66.17,64.48,69.99,66.51,3.14,2.827
42,1.344,-0.707993,-0.711076,0.570586,1,FOLLOWING,66.93,67.35,67.35,68.47,66.63,68.54,69.25,66.83,70.29,68.81,69.93,67.35,67.29,69.74,67.06,68.58,3.14,2.8552
43,1.376,-0.706313,-0.71,0.56811,1,FOLLOWING,66.22,67.07,67.12,68.26,64.82,69.1,69.66,68.43,65.15,66.65,66.79,67.94,62.09,69.94,70.27,70.82,3.14,2.8691
44,1.408,-0.704682,-0.708965,0.563158,1,FOLLOWING,67.07,67.71,63.78,66.26,65.02,63.89,69.88,67.88,68.35,68.66,58.75,63.26,65.33,56.09,70.22,67.05,3.14,2.8973
45,1.44,-0.702994,-0.707902,0.560682,1,FOLLOWING,67.69,67.34,65.39,66.66,65.88,65.02,70.59,67.42,68.63,66.8,67.8,67.25,67.18,66.71,71.66,66.73,3.14,2.9113
46,1.472,-0.701302,-0.706843,0.558207,1,FOLLOWING,66.67,67.64,66.11,64.89,67.21,65.65,67.84,66.33,65.14,68.09,67.19,62.23,69.19,66.59,63.7,64.69,3.14,2.9252
47,1.504,-0.699609,-0.705788,0.555731,1,FOLLOWING,65.0,67.71,67.43,66.86,67.2,64.95,69.03,66.58,62.49,67.82,69.41,69.82,67.18,63.9,70.82,66.95,3.14,2.9392
48,1.536,-0.697912,-0.704737,0.553255,1,FOLLOWING,65.4,64.64,66.33,68.5,68.06,66.49,70.56,68.04,65.99,60.02,64.69,70.96,69.35,68.81,72.85,70.22,3.14,2.9532
49,1.568,-0.696213,-0.703691,0.550779,1,FOLLOWING,66.28,66.34,70.21,67.24,66.77,65.51,69.51,67.22,67.61,68.89,76.03,65.34,64.83,64.03,67.94,66.01,3.14,2.9672
50,1.6,-0.694511,-0.702649,0.548304,1,FOLLOWING,68.32,67.99,68.06,67.67,69.01,66.92,70.98,66.37,71.37,70.46,64.84,68.31,72.37,69.04,73.2,65.08,3.14,2.9813
51,1.632,-0.692807,-0.701611,0.545828,1,FOLLOWING,65.45,68.8,67.67,68.83,68.95,68.81,71.05,65.05,61.15,70.03,67.08,70.57,68.87,71.64,71.14,63.08,3.14,2.9954
52,1.664,-0.6911,-0.700577,0.543352,1,FOLLOWING,67.35,68.97,65.3,63.82,68.18,69.55,72.73,65.87,70.21,69.22,61.74,56.3,67.02,70.66,75.25,67.11,3.14,3.0095
53,1.696,-0.689337,-0.699512,0.543352,1,FOLLOWING,68.07,68.56,66.34,63.72,67.27,68.98,69.41,68.13,69.14,67.94,67.89,63.57,65.9,68.12,64.43,71.52,3.14,3.0092
54,1.728,-0.687628,-0.698482,0.540876,1,FOLLOWING,65.2,66.1,65.53,64.66,68.18,66.68,68.8,67.69,60.9,62.42,64.31,66.08,69.54,63.22,67.88,67.04,3.14,3.0234
55,1.76,-0.685916,-0.697457,0.538401,1,FOLLOWING,68.1,65.12,67.27,66.83,69.14,66.85,69.8,65.77,72.45,63.65,69.88,70.08,70.58,67.11,71.31,62.88,3.14,3.0375
56,1.792,-0.684147,-0.696401,0.538401,1,FOLLOWING,68.36,67.38,65.94,72.19,67.99,66.64,68.97,65.69,68.74,70.76,63.95,80.23,66.26,66.32,67.71,65.57,3.14,3.0373
57,1.824,-0.682433,-0.69538,0.535925,1,FOLLOWING,65.13,66.52,66.34,71.15,67.51,66.51,67.67,66.07,60.29,65.24,66.92,69.6,66.8,66.32,65.73,66.63,3.14,3.0515
58,1.856,-0.680662,-0.694328,0.535925,1,FOLLOWING,69.25,68.29,64.72,70.3,69.14,68.87,68.83,68.42,75.43,70.95,62.29,69.03,71.59,72.42,70.56,71.96,3.14,3.0513
59,1.888,-0.678945,-0.693311,0.533449,1,FOLLOWING,65.66,66.95,66.11,68.39,67.34,67.72,67.7,69.59,60.27,64.94,68.2,65.53,64.64,65.99,66.02,71.34,3.14,3.0656
60,1.92,-0.677171,-0.692264,0.533449,1,FOLLOWING,64.15,66.9,66.36,67.04,67.75,67.74,67.19,71.6,61.89,66.83,66.74,65.0,68.36,67.77,66.42,74.62,3.14,3.0654
61,1.952,-0.675398,-0.691216,0.533449,1,FOLLOWING,66.8,64.68,66.52,69.42,69.0,69.55,69.6,71.85,70.77,61.35,66.75,72.98,70.88,72.27,73.21,72.24,3.14,3.0653
62,1.984,-0.673678,-0.690204,0.530973,1,FOLLOWING,64.39,63.54,69.2,67.6,67.43,66.68,67.81,71.0,60.78,61.83,73.23,64.87,65.08,62.37,65.12,69.71,3.14,3.0795
63,2.016,-0.671902,-0.689161,0.530973,1,FOLLOWING,65.59,64.28,68.47,67.15,67.24,66.16,64.99,66.94,67.38,65.4,67.36,66.49,66.95,65.39,60.77,60.85,3.14,3.0794
64,2.048,-0.670126,-0.688118,0.530973,1,FOLLOWING,66.03,66.18,69.14,69.19,67.9,66.98,66.74,68.15,66.7,69.03,70.15,72.25,68.89,68.22,69.37,69.96,3.14,3.0793
65,2.08,-0.668404,-0.687109,0.528497,1,FOLLOWING,66.75,68.42,67.91,66.19,68.66,67.87,68.42,68.16,67.84,71.77,66.08,61.67,69.81,69.2,70.93,68.18,3.14,3.0935
66,2.112,-0.666625,-0.686071,0.528497,1,FOLLOWING,68.26,68.64,69.4,66.39,68.47,66.16,67.66,71.15,70.51,68.97,71.64,66.7,68.18,63.6,66.53,75.63,3.14,3.0934
67,2.144,-0.664846,-0.685032,0.528497,1,FOLLOWING,67.39,67.57,69.62,67.61,67.01,65.4,67.83,69.41,66.09,65.96,69.95,69.44,64.83,64.24,68.07,66.8,3.14,3.0933
68,2.176,-0.663122,-0.684028,0.526022,1,FOLLOWING,67.12,68.72,70.56,67.97,66.26,66.42,68.95,69.66,66.72,70.44,71.96,68.5,65.13,67.96,70.63,70.03,3.14,3.1076
69,2.208,-0.66134,-0.682994,0.526022,1,FOLLOWING,65.61,68.43,67.3,68.62,64.28,66.17,66.8,71.68,63.35,67.99,62.42,69.6,61.3,65.79,63.58,74.72,3.14,3.1076
70,2.24,-0.659559,-0.681959,0.526022,1,FOLLOWING,63.51,68.37,66.56,67.61,66.06,67.97,66.67,70.65,60.36,68.28,65.43,66.09,68.73,70.68,66.47,69.1,3.14,3.1075
71,2.272,-0.657778,-0.680925,0.526022,1,FOLLOWING,65.45,67.54,68.98,67.55,65.91,69.05,63.24,71.0,68.36,66.31,72.62,67.48,65.69,70.66,58.09,71.53,3.14,3.1074
72,2.304,-0.655996,-0.679891,0.526022,1,FOLLOWING,66.76,69.87,69.99,67.38,64.69,68.82,62.68,67.63,68.73,73.35,71.5,67.11,62.85,68.47,61.84,62.58,3.14,3.1074
73,2.336,-0.654215,-0.678857,0.526022,1,FOLLOWING,67.48,65.34,68.34,66.24,68.06,68.15,63.44,69.11,68.56,58.56,65.86,64.54,73.11,67.16,64.59,71.31,3.14,3.1073
74,2.368,-0.652488,-0.677857,0.523546,1,FOLLOWING,66.59,65.57,66.29,66.69,69.33,68.15,67.12,68.84,65.26,65.91,63.23,67.35,71.25,68.14,72.64,68.44,3.14,3.1216
75,2.4,-0.650704,-0.676827,0.523546,1,FOLLOWING,65.88,67.73,65.57,67.29,68.84,68.85,64.76,67.19,64.81,70.98,64.49,68.2,68.09,69.91,61.22,64.71,3.14,3.1216
76,2.432,-0.64892,-0.675797,0.523546,1,FOLLOWING,67.14,66.42,64.56,67.05,68.63,68.32,65.57,66.44,69.04,64.44,63.05,66.69,68.33,67.52,66.78,65.31,3.14,3.1215
77,2.464,-0.647136,-0.674767,0.523546,1,FOLLOWING,67.39,65.53,66.42,67.09,67.48,66.64,66.39,66.33,67.77,64.19,69.21,67.16,65.76,64.13,67.62,66.16,3.14,3.1215
78,2.496,-0.645352,-0.673738,0.523546,1,FOLLOWING,66.63,66.17,65.62,66.15,66.93,68.35,66.4,68.11,65.48,67.13,64.42,64.74,66.09,70.92,66.42,70.79,3.14,3.1215
79,2.528,-0.643568,-0.672708,0.523546,1,FOLLOWING,68.22,68.38,66.13,67.35,67.0,69.87,64.85,67.11,70.6,71.69,66.89,69.15,67.1,72.15,62.53,65.6,3.14,3.1214
80,2.56,-0.641784,-0.671678,0.523546,1,FOLLOWING,66.62,65.4,66.69,66.36,65.8,67.24,66.49,68.71,64.23,60.94,67.53,64.87,64.02,63.3,68.95,71.12,3.14,3.1214
81,2.592,-0.64,-0.670648,0.523546,1,FOLLOWING,63.91,65.33,67.48,66.09,66.07,67.25,66.32,68.88,59.83,65.22,68.66,65.67,66.47,67.25,66.07,69.14,3.14,3.1213
82,2.624,-0.638217,-0.669618,0.523546,1,FOLLOWING,64.65,66.25,69.18,66.25,67.17,68.39,67.27,70.1,65.78,67.63,71.74,66.5,68.81,70.1,68.68,71.93,3.14,3.1213
83,2.656,-0.636487,-0.668623,0.52107,1,FOLLOWING,66.51,66.88,65.95,67.96,65.02,70.84,66.81,70.18,69.29,67.83,61.11,70.53,61.79,74.53,66.12,70.3,3.14,3.1357
84,2.688,-0.634701,-0.667597,0.52107,1,FOLLOWING,67.08,65.68,65.13,64.86,66.06,69.41,66.63,70.01,67.94,63.87,63.9,60.21,67.63,67.27,66.38,69.75,3.14,3.1356
85,2.72,-0.632914,-0.666572,0.52107,1,FOLLOWING,65.4,64.91,64.86,66.31,68.61,69.33,65.3,70.4,62.88,63.76,64.45,68.48,72.43,69.21,63.29,70.98,3.14,3.1356
86,2.752,-0.631128,-0.665547,0.52107,1,FOLLOWING,64.56,64.04,65.47,65.71,67.59,69.67,65.72,68.97,63.31,62.74,66.38,64.81,66.05,70.18,66.37,66.83,3.14,3.1356
87,2.784,-0.629341,-0.664521,0.52107,1,FOLLOWING,66.94,65.1,66.75,67.7,67.89,68.69,67.47,69.32,70.49,66.67,68.67,70.69,68.33,67.23,70.1,69.85,3.14,3.1356
88,2.816,-0.627555,-0.663496,0.52107,1,FOLLOWING,66.39,65.39,66.94,67.36,67.75,66.19,68.47,69.17,65.58,65.83,67.23,66.85,67.55,62.42,69.96,68.94,3.14,3.1356
89,2.848,-0.625768,-0.66247,0.52107,1,FOLLOWING,64.38,68.33,66.03,67.59,67.41,68.53,64.92,69.6,61.35,72.74,64.66,67.94,66.89,72.05,59.6,70.25,3.14,3.1356
90,2.88,-0.623982,-0.661445,0.52107,1,FOLLOWING,65.83,68.4,68.2,67.15,64.87,68.0,65.39,72.0,68.01,68.51,71.45,66.48,61.05,67.21,66.1,75.59,3.14,3.1356
91,2.912,-0.622195,-0.66042,0.52107,1,FOLLOWING,67.34,67.17,65.73,68.27,66.89,66.75,66.22,70.58,69.6,65.32,62.04,69.96,69.92,64.87,67.47,68.46,3.14,3.1356
92,2.944,-0.620409,-0.659394,0.52107,1,FOLLOWING,66.32,70.07,70.7,68.15,67.31,68.39,64.38,69.6,64.79,74.41,78.15,67.96,67.95,70.84,61.61,68.13,3.14,3.1356
93,2.976,-0.618622,-0.658369,0.52107,1,FOLLOWING,65.23,68.35,70.19,66.47,69.14,68.28,61.93,67.76,63.61,65.78,69.44,63.95,71.89,68.12,58.25,64.99,3.14,3.1356
94,3.008,-0.616836,-0.657343,0.52107,1,FOLLOWING,66.47,65.81,68.21,69.21,67.75,65.28,65.24,67.4,68.33,62.0,65.22,73.33,65.66,60.77,70.2,66.87,3.14,3.1356
95,3.04,-0.615049,-0.656318,0.52107,1,FOLLOWING,67.5,65.89,69.02,68.62,65.89,68.93,64.38,67.69,69.04,66.0,70.23,67.74,63.11,74.42,63.1,68.13,3.14,3.1355
96,3.072,-0.613263,-0.655292,0.52107,1,FOLLOWING,67.4,65.35,66.43,67.92,67.66,71.02,67.26,66.74,67.25,64.55,62.56,66.86,70.3,74.15,71.57,65.31,3.14,3.1355
97,3.104,-0.611476,-0.654267,0.52107,1,FOLLOWING,67.89,64.13,67.11,65.98,66.45,68.45,66.35,66.22,68.62,62.29,68.14,63.07,64.63,64.59,64.98,65.44,3.14,3.1355
98,3.136,-0.60969,-0.653242,0.52107,1,FOLLOWING,69.11,65.87,67.28,66.45,65.54,69.29,67.63,67.52,70.94,68.48,67.52,67.15,64.19,70.56,69.55,69.46,3.14,3.1355
99,3.168,-0.607904,-0.652216,0.52107,1,FOLLOWING,68.17,65.29,69.12,66.68,66.51,69.32,69.64,67.62,66.78,64.43,71.9,67.02,67.95,69.37,72.66,67.79,3.14,3.1355
100,3.2,-0.606117,-0.651191,0.52107,1,FOLLOWING,68.22,64.7,70.11,63.51,68.03,67.11,68.57,66.61,68.28,63.82,71.6,58.75,70.31,63.78,66.98,65.08,3.14,3.1355
101,3.232,-0.604331,-0.650165,0.52107,1,FOLLOWING,70.51,67.91,70.7,66.94,69.02,65.53,67.83,65.8,73.94,72.71,71.59,72.09,70.5,63.15,66.71,64.6,3.14,3.1355
102,3.264,-0.602544,-0.64914,0.52107,1,FOLLOWING,71.18,66.92,69.32,67.9,68.47,69.28,65.89,63.98,72.18,65.43,67.25,69.33,67.66,74.91,62.98,61.26,3.14,3.1355
103,3.296,-0.600758,-0.648115,0.52107,1,FOLLOWING,68.07,66.69,68.72,66.91,70.03,67.13,64.57,67.07,63.41,66.35,67.81,65.44,72.38,63.91,62.59,71.7,3.14,3.1355
104,3.328,-0.598971,-0.647089,0.52107,1,FOLLOWING,67.35,69.13,69.24,66.31,67.89,68.14,62.67,64.72,66.28,72.79,70.02,65.41,64.67,69.64,59.81,61.19,3.14,3.1355
105,3.36,-0.597185,-0.646064,0.52107,1,FOLLOWING,69.44,68.84,69.25,67.57,66.9,67.32,61.81,66.4,72.57,68.4,69.26,69.45,65.42,66.1,60.54,68.91,3.14,3.1354
106,3.392,-0.595398,-0.645038,0.52107,1,FOLLOWING,67.14,68.16,70.08,66.34,66.02,66.2,64.07,67.23,63.69,67.14,71.33,64.5,64.69,64.51,67.45,68.48,3.14,3.1354
107,3.424,-0.593612,-0.644013,0.52107,1,FOLLOWING,68.79,69.24,68.94,65.99,66.32,65.89,65.32,66.96,71.26,70.86,67.22,65.47,66.77,65.42,67.19,66.57,3.14,3.1354
108,3.456,-0.591825,-0.642988,0.52107,1,FOLLOWING,67.57,66.97,68.36,67.52,66.33,66.59,64.68,65.62,65.74,63.57,67.48,69.81,66.35,67.65,63.72,63.59,3.14,3.1354
109,3.488,-0.590093,-0.641996,0.518594,1,FOLLOWING,64.19,67.11,68.52,70.02,68.04,65.27,63.3,66.81,59.12,67.32,68.76,73.77,70.6,63.28,61.23,68.6,3.1302,3.14
110,3.52,-0.588362,-0.641005,0.52107,1,FOLLOWING,64.19,68.5,66.58,68.5,68.27,64.46,63.93,65.86,64.19,70.59,63.67,66.23,68.61,63.25,64.88,64.44,3.14,3.1354
111,3.552,-0.586575,-0.63998,0.52107,1,FOLLOWING,68.13,67.39,66.57,68.08,68.11,63.01,64.64,64.81,74.04,65.72,66.56,67.44,67.89,60.83,65.69,63.24,3.14,3.1354
112,3.584,-0.584789,-0.638954,0.52107,1,FOLLOWING,68.1,68.55,65.58,68.73,66.72,64.93,64.34,63.75,68.05,70.28,64.1,69.7,64.62,67.82,63.89,62.15,3.14,3.1354
113,3.616,-0.583002,-0.637929,0.52107,1,FOLLOWING,67.73,67.39,66.06,67.95,69.42,65.04,63.31,64.86,67.19,65.64,66.78,66.78,73.46,65.2,61.76,66.52,3.14,3.1354
114,3.648,-0.581216,-0.636904,0.52107,1,FOLLOWING,67.96,67.9,66.53,67.54,69.33,65.53,63.69,64.83,68.3,68.67,67.24,66.92,69.2,66.26,64.26,64.78,3.14,3.1354
115,3.68,-0.579429,-0.635878,0.52107,1,FOLLOWING,66.11,66.65,67.42,67.68,67.98,67.66,64.22,64.97,63.34,64.78,68.76,67.9,65.95,70.85,65.01,65.18,3.14,3.1354
116,3.712,-0.577643,-0.634853,0.52107,1,FOLLOWING,66.49,66.49,67.86,68.22,65.17,66.64,66.78,68.14,67.06,66.26,68.53,69.04,60.97,65.11,70.62,72.9,3.14,3.1354
117,3.744,-0.575856,-0.633827,0.52107,1,FOLLOWING,66.68,69.15,66.81,67.68,66.81,65.62,65.97,67.23,66.96,73.14,65.22,66.87,69.27,64.09,64.76,65.87,3.14,3.1354
118,3.776,-0.57407,-0.632802,0.52107,1,FOLLOWING,67.56,69.1,67.83,66.63,65.95,65.3,68.81,68.59,68.89,69.04,69.37,65.05,64.65,64.83,73.07,70.62,3.14,3.1353
119,3.808,-0.572283,-0.631777,0.52107,1,FOLLOWING,68.54,70.15,67.58,67.15,64.55,67.12,70.41,68.36,70.02,71.71,67.2,67.94,62.46,69.83,72.8,68.02,3.14,3.1353
120,3.84,-0.570497,-0.630751,0.52107,1,FOLLOWING,67.18,69.58,66.53,68.45,67.58,65.51,67.95,67.86,65.13,68.74,64.95,70.39,72.13,63.09,64.28,67.11,3.14,3.1353
121,3.872,-0.56871,-0.629726,0.52107,1,FOLLOWING,65.2,68.92,66.79,69.07,67.09,66.3,68.79,67.83,62.22,67.92,67.19,70.0,66.34,67.48,70.04,67.79,3.14,3.1353
122,3.904,-0.566924,-0.6287,0.52107,1,FOLLOWING,66.55,67.47,67.96,64.38,64.98,67.29,68.34,67.31,68.57,65.31,69.72,57.35,61.81,68.79,67.67,66.52,3.14,3.1353
123,3.936,-0.565137,-0.627675,0.52107,1,FOLLOWING,65.02,67.67,67.3,64.4,64.74,67.12,68.7,65.5,62.74,67.96,66.29,64.42,64.4,66.86,69.24,62.79,3.14,3.1353
124,3.968,-0.563351,-0.626649,0.52107,1,FOLLOWING,66.48,66.86,68.3,64.15,68.79,67.53,70.23,67.46,68.65,65.65,69.81,63.78,74.86,68.15,72.52,70.4,3.14,3.1353
125,4.0,-0.561564,-0.625624,0.52107,1,FOLLOWING,65.33,69.66,65.56,64.89,68.26,65.35,65.49,64.64,63.61,73.87,61.44,66.01,67.45,62.07,58.38,60.42,3.14,3.1353
126,4.032,-0.559778,-0.624599,0.52107,1,FOLLOWING,66.12,66.54,65.77,63.91,68.8,66.71,65.35,66.87,67.29,61.85,66.08,62.43,69.61,68.75,65.14,70.22,3.14,3.1353
127,4.064,-0.557992,-0.623573,0.52107,1,FOLLOWING,67.33,67.69,68.57,64.79,66.28,68.09,66.34,65.53,69.15,69.41,72.76,66.11,62.51,70.16,67.83,63.51,3.14,3.1353
128,4.096,-0.556205,-0.622548,0.52107,1,FOLLOWING,68.46,67.7,68.26,66.0,65.12,67.97,65.35,64.57,70.16,67.71,67.79,67.81,63.36,67.78,63.86,63.14,3.14,3.1352
129,4.128,-0.554419,-0.621522,0.52107,1,FOLLOWING,66.81,70.49,68.63,66.98,64.79,66.75,66.18,65.64,64.34,74.68,69.19,68.46,64.3,64.93,67.43,67.24,3.14,3.1352
130,4.16,-0.552632,-0.620497,0.52107,1,FOLLOWING,68.06,70.71,66.84,66.53,65.53,69.14,66.17,65.24,69.94,71.05,64.15,65.86,66.65,72.71,66.16,64.65,3.14,3.1352
131,4.192,-0.550846,-0.619472,0.52107,1,FOLLOWING,66.58,69.97,66.83,67.14,68.28,69.09,68.36,66.1,64.35,68.85,66.82,68.05,72.4,69.03,71.64,67.38,3.14,3.1352
132,4.224,-0.549059,-0.618446,0.52107,1,FOLLOWING,67.37,68.98,68.0,66.92,68.6,68.55,68.57,65.78,68.56,67.49,69.75,66.58,69.07,67.74,68.88,65.29,3.14,3.1352
133,4.256,-0.547273,-0.617421,0.52107,1,FOLLOWING,64.82,68.34,69.93,66.77,66.82,63.63,69.43,65.0,60.98,67.4,72.83,66.56,64.17,56.24,70.72,63.83,3.14,3.1352
134,4.288,-0.545486,-0.616395,0.52107,1,FOLLOWING,65.79,68.26,67.46,64.6,66.2,63.11,65.81,66.86,67.24,68.14,63.76,61.33,65.26,62.34,60.39,69.66,3.14,3.1352
135,4.32,-0.5437,-0.61537,0.52107,1,FOLLOWING,68.07,69.44,66.92,67.2,65.35,62.74,64.99,66.32,71.49,71.2,66.12,71.11,64.07,62.18,63.76,65.51,3.14,3.1352
136,4.352,-0.541968,-0.614379,0.518594,1,FOLLOWING,67.58,68.56,67.78,65.93,67.31,66.01,65.87,65.55,66.85,67.25,69.07,64.03,70.26,70.91,67.18,64.39,3.1305,3.14
137,4.384,-0.540179,-0.613358,0.518594,1,FOLLOWING,67.69,67.67,65.98,64.88,65.88,64.37,66.05,63.03,67.86,66.32,63.28,63.29,63.72,61.91,66.33,59.25,3.1304,3.14
138,4.416,-0.53839,-0.612337,0.518594,1,FOLLOWING,66.71,66.48,65.5,65.35,65.68,67.41,65.96,67.67,65.25,64.69,64.77,66.06,65.38,71.99,65.83,74.65,3.1304,3.14
139,4.448,-0.536601,-0.611316,0.518594,1,FOLLOWING,67.46,65.16,66.96,66.71,67.26,66.95,64.64,68.06,68.59,63.19,69.15,68.76,69.64,66.25,62.65,68.63,3.1304,3.14
140,4.48,-0.534812,-0.610295,0.518594,1,FOLLOWING,68.26,68.04,66.33,67.37,68.11,67.44,66.12,68.46,69.46,72.35,65.39,68.36,69.38,68.17,68.34,69.06,3.1304,3.14
141,4.512,-0.533023,-0.609274,0.518594,1,FOLLOWING,70.11,67.86,64.19,66.82,67.59,66.65,67.66,68.17,72.87,67.58,60.99,65.99,66.82,65.47,69.96,67.73,3.1303,3.14
142,4.544,-0.531234,-0.608253,0.518594,1,FOLLOWING,71.86,66.36,66.31,66.86,67.52,64.52,67.71,67.06,74.48,64.11,69.48,66.91,67.4,61.33,67.79,65.41,3.1303,3.14
143,4.576,-0.529445,-0.607232,0.518594,1,FOLLOWING,67.91,66.23,66.03,69.21,68.32,65.09,68.6,65.9,62.0,66.04,65.6,72.75,69.51,65.95,69.94,64.14,3.1303,3.14
144,4.608,-0.527656,-0.606211,0.518594,1,FOLLOWING,67.36,66.68,66.33,67.49,66.62,67.45,68.4,67.4,66.52,67.34,66.8,64.89,64.08,70.99,68.1,69.66,3.1303,3.14
145,4.64,-0.525867,-0.60519,0.518594,1,FOLLOWING,66.78,66.94,67.35,67.03,67.36,68.57,67.07,66.72,65.91,67.34,68.87,66.35,68.48,70.25,65.07,65.7,3.1303,3.14
146,4.672,-0.524135,-0.604199,0.52107,1,FOLLOWING,68.33,65.6,67.95,67.77,69.22,68.47,70.78,65.82,70.65,63.59,68.86,68.89,72.01,68.33,76.35,64.48,3.14,3.1354
147,4.704,-0.522348,-0.603173,0.52107,1,FOLLOWING,70.13,68.27,69.03,65.53,70.82,67.63,71.9,65.41,72.82,72.27,70.65,62.16,73.23,66.37,73.59,64.79,3.14,3.1354
148,4.736,-0.520562,-0.602148,0.52107,1,FOLLOWING,67.38,65.4,70.95,66.67,69.35,66.53,69.9,67.38,63.25,61.11,73.82,68.37,67.14,64.87,66.9,70.34,3.14,3.1354
149,4.768,-0.518776,-0.601123,0.52107,1,FOLLOWING,66.77,67.48,71.0,66.83,67.11,67.25,66.18,67.19,65.86,70.59,71.07,67.09,63.74,68.33,60.6,66.89,3.14,3.1353
150,4.8,-0.516989,-0.600097,0.52107,1,FOLLOWING,66.46,66.79,70.87,65.98,64.46,67.34,66.14,67.27,66.0,65.75,70.68,64.69,60.5,67.47,66.08,67.38,3.14,3.1353
151,4.832,-0.515203,-0.599072,0.52107,1,FOLLOWING,69.44,68.03,68.02,64.47,64.94,66.64,65.86,65.95,73.9,69.89,63.74,62.21,65.66,65.59,65.44,63.97,3.14,3.1353
152,4.864,-0.513416,-0.598046,0.52107,1,FOLLOWING,69.26,70.1,67.65,64.61,67.43,66.43,67.51,64.3,68.99,73.2,67.09,64.81,71.17,66.11,69.98,61.82,3.14,3.1353
153,4.896,-0.51163,-0.597021,0.52107,1,FOLLOWING,69.56,66.88,64.98,66.36,68.29,66.43,65.75,64.13,70.0,62.06,60.99,68.99,69.58,66.42,63.12,63.89,3.14,3.1353
154,4.928,-0.509843,-0.595996,0.52107,1,FOLLOWING,66.0,67.37,66.37,63.91,68.85,66.73,66.99,67.51,60.68,68.1,68.46,60.24,69.7,67.19,68.85,72.58,3.14,3.1353
155,4.96,-0.508057,-0.59497,0.52107,1,FOLLOWING,66.32,67.94,65.75,64.16,67.59,64.5,67.44,65.08,66.8,68.81,64.83,64.54,65.7,61.16,68.1,61.42,3.14,3.1353
156,4.992,-0.50627,-0.593945,0.52107,1,FOLLOWING,66.31,68.66,64.36,65.51,67.57,65.41,68.52,65.47,66.28,69.73,62.27,67.52,67.53,66.78,70.15,66.07,3.14,3.1353
157,5.024,-0.504484,-0.592919,0.52107,1,FOLLOWING,69.5,69.9,65.62,68.31,68.29,66.55,67.63,64.94,74.29,71.77,67.5,72.52,69.38,68.26,66.28,64.14,3.14,3.1353
158,5.056,-0.502697,-0.591894,0.52107,1,FOLLOWING,68.12,68.22,66.25,64.89,67.58,67.45,66.22,63.75,66.06,65.69,67.19,59.75,66.52,68.78,64.12,61.96,3.14,3.1352
159,5.088,-0.500911,-0.590868,0.52107,1,FOLLOWING,67.73,67.71,66.28,64.87,70.51,63.93,65.12,65.61,67.15,66.94,66.33,64.84,74.91,58.66,63.46,68.42,3.14,3.1352
160,5.12,-0.499124,-0.589843,0.52107,1,FOLLOWING,66.65,69.41,67.48,67.52,68.3,63.05,68.79,64.76,65.03,71.97,69.29,71.49,64.98,61.73,74.29,63.48,3.14,3.1352
161,5.152,-0.497338,-0.588818,0.52107,1,FOLLOWING,69.17,70.15,66.83,64.53,67.99,65.75,68.01,67.35,72.95,71.26,65.85,60.05,67.52,69.81,66.83,71.23,3.14,3.1352
162,5.184,-0.495551,-0.587792,0.52107,1,FOLLOWING,65.35,69.22,69.34,67.55,68.6,66.61,68.01,71.0,59.61,67.83,73.11,72.08,69.51,67.9,68.01,76.48,3.14,3.1352
163,5.216,-0.493765,-0.586767,0.52107,1,FOLLOWING,63.71,66.95,68.13,67.45,69.03,67.12,69.12,70.06,61.27,63.54,66.3,67.29,69.68,67.88,70.8,68.65,3.14,3.1352
164,5.248,-0.491978,-0.585741,0.52107,1,FOLLOWING,64.88,67.37,70.68,66.95,68.16,69.53,66.33,69.64,66.62,68.0,74.5,66.22,66.85,73.14,62.14,69.01,3.14,3.1352
165,5.28,-0.490192,-0.584716,0.52107,1,FOLLOWING,65.86,65.48,70.96,68.21,67.72,70.37,65.47,69.07,67.34,62.64,71.39,70.09,67.06,71.62,64.18,68.23,3.14,3.1352
166,5.312,-0.488406,-0.583691,0.52107,1,FOLLOWING,66.23,65.0,69.06,70.89,72.06,68.14,64.86,71.48,66.79,64.28,66.21,74.91,78.57,64.79,63.95,75.09,3.14,3.1351
167,5.344,-0.486619,-0.582665,0.52107,1,FOLLOWING,65.78,65.92,65.62,69.62,70.98,66.65,66.05,70.61,65.11,67.3,60.47,67.72,69.35,64.42,67.83,69.3,3.14,3.1351
168,5.376,-0.484833,-0.58164,0.52107,1,FOLLOWING,65.57,67.37,66.65,70.81,68.34,66.13,67.11,68.91,65.25,69.54,68.2,72.6,64.39,65.35,68.7,66.37,3.14,3.1351
169,5.408,-0.483101,-0.580649,0.518594,1,FOLLOWING,66.19,69.88,66.57,68.76,66.57,68.17,68.1,68.26,67.12,73.66,66.45,65.67,63.92,71.23,69.6,67.28,3.1305,3.14
170,5.44,-0.481312,-0.579628,0.518594,1,FOLLOWING,67.96,66.82,64.32,67.04,66.98,69.7,67.39,67.27,70.62,62.21,60.94,64.48,67.59,72.0,66.31,65.8,3.1305,3.14
171,5.472,-0.479523,-0.578607,0.518594,1,FOLLOWING,67.93,64.91,64.21,65.5,64.79,70.65,66.61,65.01,67.89,62.06,64.03,63.19,61.5,72.06,65.44,61.62,3.1305,3.14
172,5.504,-0.477734,-0.577586,0.518594,1,FOLLOWING,66.18,67.65,66.5,65.08,65.52,67.06,64.89,67.92,63.57,71.76,69.95,64.45,66.63,61.69,62.31,72.28,3.1304,3.14
173,5.536,-0.475945,-0.576565,0.518594,1,FOLLOWING,66.39,67.0,67.66,64.24,63.87,67.08,68.62,68.39,66.7,66.03,69.4,62.98,61.4,67.11,74.22,69.1,3.1304,3.14
174,5.568,-0.474156,-0.575544,0.518594,1,FOLLOWING,66.0,65.71,68.31,65.26,65.59,66.24,67.12,69.08,65.41,63.78,69.28,66.78,68.15,64.97,64.87,70.1,3.1304,3.14
175,5.6,-0.472367,-0.574523,0.518594,1,FOLLOWING,66.21,65.0,67.77,66.81,66.38,64.93,69.61,68.3,66.53,63.93,66.95,69.14,67.58,62.98,73.34,67.15,3.1304,3.14
176,5.632,-0.470578,-0.573502,0.518594,1,FOLLOWING,67.89,64.16,68.55,67.73,66.69,66.49,70.14,66.45,70.41,62.89,69.73,69.12,67.15,68.82,70.93,63.67,3.1303,3.14
177,5.664,-0.468789,-0.572481,0.518594,1,FOLLOWING,69.82,64.37,70.87,67.24,67.02,67.47,66.61,66.92,72.71,64.7,74.35,66.49,67.51,68.93,61.32,67.63,3.1303,3.14
178,5.696,-0.467,-0.57146,0.518594,1,FOLLOWING,68.63,65.65,70.56,66.83,65.81,69.14,66.11,68.6,66.84,67.55,70.1,66.22,63.99,71.64,65.37,71.12,3.1303,3.14
179,5.728,-0.465211,-0.570439,0.518594,1,FOLLOWING,69.13,64.84,69.05,64.51,67.41,69.65,63.9,67.9,69.89,63.64,66.79,61.03,69.81,70.42,60.58,66.86,3.1303,3.14
180,5.76,-0.463479,-0.569448,0.52107,1,FOLLOWING,67.36,66.28,68.19,66.81,67.07,67.9,63.72,65.04,64.71,68.43,66.9,70.26,66.57,65.28,63.45,60.75,3.14,3.1354
181,5.792,-0.461692,-0.568422,0.52107,1,FOLLOWING,69.73,64.63,66.62,66.92,66.45,69.77,62.82,67.34,73.27,62.17,64.25,67.09,65.52,72.58,61.46,70.78,3.14,3.1354
182,5.824,-0.459906,-0.567397,0.52107,1,FOLLOWING,68.61,64.78,68.16,65.44,66.43,68.16,63.29,68.59,66.94,65.01,70.47,63.23,66.41,65.75,63.99,70.46,3.14,3.1354
183,5.856,-0.458119,-0.566371,0.52107,1,FOLLOWING,67.0,65.11,68.57,64.51,65.82,67.84,67.65,66.87,64.59,65.6,69.18,63.1,64.89,67.36,74.19,64.3,3.14,3.1353
184,5.888,-0.456333,-0.565346,0.52107,1,FOLLOWING,65.78,65.71,68.04,64.98,66.31,67.2,69.31,66.82,63.94,66.61,67.24,65.68,67.05,66.24,71.8,66.73,3.14,3.1353
185,5.92,-0.454546,-0.564321,0.52107,1,FOLLOWING,67.54,67.0,69.06,67.54,66.05,68.65,71.27,68.28,70.17,68.93,70.59,71.39,65.66,70.83,74.21,70.48,3.14,3.1353
186,5.952,-0.45276,-0.563295,0.52107,1,FOLLOWING,67.46,68.0,67.95,65.78,66.89,69.19,69.09,66.01,67.35,69.51,66.29,63.13,68.14,69.98,65.81,62.61,3.14,3.1353
187,5.984,-0.450973,-0.56227,0.52107,1,FOLLOWING,67.96,70.59,65.9,68.17,66.04,67.44,70.77,67.26,68.72,74.47,62.81,71.76,64.78,64.83,73.28,69.14,3.14,3.1353
188,6.016,-0.449187,-0.561244,0.52107,1,FOLLOWING,66.18,65.92,68.11,67.09,66.59,69.67,69.76,65.67,63.5,58.91,71.43,65.46,67.42,73.02,68.24,63.27,3.14,3.1353
189,6.048,-0.447401,-0.560219,0.52107,1,FOLLOWING,67.46,65.84,69.99,66.01,66.44,68.59,69.24,65.91,69.39,65.73,72.8,64.38,66.21,66.97,68.47,66.27,3.14,3.1353
190,6.08,-0.445614,-0.559194,0.52107,1,FOLLOWING,65.08,65.95,70.05,66.5,66.43,67.09,65.97,65.45,61.52,66.1,70.15,67.25,66.4,64.84,61.06,64.76,3.14,3.1353
191,6.112,-0.443828,-0.558168,0.52107,1,FOLLOWING,65.42,66.49,68.14,66.47,64.94,66.07,65.46,66.04,65.92,67.31,65.28,66.42,62.7,64.53,64.71,66.93,3.14,3.1352
192,6.144,-0.442041,-0.557143,0.52107,1,FOLLOWING,65.72,65.54,67.97,67.91,65.69,63.57,66.15,66.85,66.18,64.12,67.72,70.06,66.83,59.82,67.18,68.07,3.14,3.1352
193,6.176,-0.440255,-0.556117,0.52107,1,FOLLOWING,64.34,66.79,67.66,67.16,66.27,65.93,65.92,67.0,62.26,68.67,67.2,66.04,67.14,69.48,65.58,67.22,3.14,3.1352
194,6.208,-0.438468,-0.555092,0.52107,1,FOLLOWING,64.11,66.85,66.52,66.68,66.01,65.73,66.1,65.85,63.77,66.92,64.8,65.95,65.61,65.42,66.36,64.13,3.14,3.1352
195,6.24,-0.436682,-0.554067,0.52107,1,FOLLOWING,64.55,67.14,67.67,65.51,66.94,66.33,65.33,65.28,65.2,67.58,69.4,63.76,68.34,67.22,64.17,64.42,3.14,3.1352
196,6.272,-0.434895,-0.553041,0.52107,1,FOLLOWING,66.81,66.97,68.59,68.1,66.83,67.67,67.9,67.15,70.2,66.71,69.98,71.98,66.66,69.69,71.76,69.95,3.14,3.1352
197,6.304,-0.433109,-0.552016,0.52107,1,FOLLOWING,67.15,67.22,68.24,68.55,66.14,66.72,66.27,65.68,67.66,67.6,67.72,69.22,65.1,65.3,63.84,63.47,3.14,3.1352
198,6.336,-0.431322,-0.55099,0.52107,1,FOLLOWING,66.41,67.66,69.04,68.15,65.22,70.16,65.83,63.8,65.3,68.33,70.24,67.55,63.84,75.33,65.16,61.0,3.14,3.1352
199,6.368,-0.429536,-0.549965,0.52107,1,FOLLOWING,65.79,68.03,67.9,66.14,65.68,66.6,65.93,64.84,64.87,68.59,66.19,63.11,66.38,61.24,66.07,66.4,3.14,3.1351
200,6.4,-0.427749,-0.548939,0.52107,1,FOLLOWING,67.22,69.54,67.89,65.98,65.22,65.88,66.12,66.27,69.36,71.79,67.87,65.76,64.54,64.8,66.4,68.41,3.14,3.1351
201,6.432,-0.425963,-0.547914,0.52107,1,FOLLOWING,66.63,67.79,68.79,66.45,64.74,67.74,66.26,65.86,65.74,65.18,70.13,67.15,64.03,70.54,66.47,65.25,3.14,3.1351
202,6.464,-0.424176,-0.546889,0.52107,1,FOLLOWING,68.42,67.16,68.03,65.66,66.81,68.32,65.36,66.95,71.1,66.21,66.89,64.48,69.9,69.19,64.01,68.59,3.14,3.1351
203,6.496,-0.422444,-0.545897,0.518594,1,FOLLOWING,66.39,67.61,66.94,65.89,66.12,70.92,65.66,67.69,63.35,68.3,65.3,66.23,65.1,74.83,66.11,68.79,3.1305,3.14
204,6.528,-0.420655,-0.544876,0.518594,1,FOLLOWING,67.67,66.77,66.51,65.4,65.02,69.09,64.18,68.79,69.6,65.5,65.87,64.67,63.38,66.35,61.97,70.45,3.1305,3.14
205,6.56,-0.418866,-0.543855,0.518594,1,FOLLOWING,68.63,66.32,68.68,66.98,65.73,68.52,66.06,67.51,70.07,65.66,71.92,69.36,66.78,67.67,68.87,65.59,3.1305,3.14
206,6.592,-0.417077,-0.542835,0.518594,1,FOLLOWING,68.45,64.49,67.14,64.22,66.72,68.34,65.42,69.59,68.17,61.75,64.84,60.07,68.21,68.05,64.47,72.71,3.1304,3.14
207,6.624,-0.415288,-0.541814,0.518594,1,FOLLOWING,68.39,66.6,68.46,63.29,67.44,66.65,65.11,71.21,68.3,69.76,70.45,61.9,68.53,64.11,64.63,73.64,3.1304,3.14
208,6.656,-0.413499,-0.540793,0.518594,1,FOLLOWING,69.52,66.1,68.58,64.32,64.46,67.62,65.23,70.78,71.23,65.35,68.76,65.86,59.98,69.07,65.41,70.13,3.1304,3.14
209,6.688,-0.41171,-0.539772,0.518594,1,FOLLOWING,69.48,65.85,67.74,66.2,64.36,69.88,65.94,68.2,69.42,65.48,66.48,69.03,64.21,73.28,67.0,64.35,3.1304,3.14
210,6.72,-0.409921,-0.538751,0.518594,1,FOLLOWING,70.77,67.82,68.24,66.1,67.05,67.61,66.7,65.94,72.69,70.77,69.0,65.94,71.09,64.21,67.85,62.55,3.1303,3.14
211,6.752,-0.408132,-0.53773,0.518594,1,FOLLOWING,69.68,68.03,67.77,66.75,66.79,69.25,67.19,65.95,68.05,68.36,67.05,67.74,66.4,71.71,67.92,65.95,3.1303,3.14
212,6.784,-0.406343,-0.536709,0.518594,1,FOLLOWING,68.46,67.92,67.35,66.72,69.56,70.28,66.49,67.01,66.64,67.75,66.72,66.66,73.72,71.83,65.45,68.61,3.1303,3.14
213,6.816,-0.404554,-0.535688,0.518594,1,FOLLOWING,69.67,65.26,69.31,67.95,69.53,69.13,67.47,67.91,71.48,61.27,72.25,69.79,69.49,67.4,68.93,69.27,3.1303,3.14
214,6.848,-0.402823,-0.534696,0.52107,1,FOLLOWING,68.52,67.85,70.18,68.12,68.11,69.82,66.62,68.06,66.79,71.73,71.5,68.38,65.97,70.86,65.36,68.28,3.14,3.1354
215,6.88,-0.401036,-0.533671,0.52107,1,FOLLOWING,66.51,65.89,66.08,64.22,66.17,69.5,68.53,70.35,63.49,62.94,59.92,58.37,63.26,69.02,71.4,73.79,3.14,3.1354
216,6.912,-0.39925,-0.532646,0.52107,1,FOLLOWING,65.73,67.08,66.53,67.63,65.43,65.38,68.93,68.01,64.55,68.87,67.2,72.76,64.32,59.21,69.53,64.5,3.14,3.1354
217,6.944,-0.397463,-0.53162,0.52107,1,FOLLOWING,66.76,65.91,66.95,68.46,65.24,65.99,68.3,68.66,68.31,64.16,67.58,69.7,64.95,66.89,67.34,69.64,3.14,3.1353
218,6.976,-0.395677,-0.530595,0.52107,1,FOLLOWING,68.82,66.26,66.92,70.67,64.54,66.27,70.77,70.19,71.91,66.79,66.89,73.99,63.48,66.68,74.48,72.48,3.14,3.1353
219,7.008,-0.39389,-0.529569,0.52107,1,FOLLOWING,67.8,65.2,66.32,69.48,63.68,65.26,68.17,70.42,66.27,63.62,65.43,67.69,62.4,63.74,64.27,70.76,3.14,3.1353
220,7.04,-0.392104,-0.528544,0.52107,1,FOLLOWING,68.31,64.9,64.81,68.58,67.02,66.19,68.7,70.09,69.09,64.45,62.54,67.24,72.02,67.59,69.5,69.59,3.14,3.1353
221,7.072,-0.390317,-0.527519,0.52107,1,FOLLOWING,66.95,66.38,62.84,68.64,66.05,65.34,70.7,67.7,64.9,68.6,59.89,68.74,64.59,64.07,73.7,64.13,3.14,3.1353
222,7.104,-0.388531,-0.526493,0.52107,1,FOLLOWING,69.01,69.64,65.15,66.21,67.83,66.45,70.37,67.64,72.11,74.53,68.61,62.56,70.5,68.11,69.87,67.55,3.14,3.1353
223,7.136,-0.386744,-0.525468,0.52107,1,FOLLOWING,64.87,69.68,64.95,66.22,68.49,67.23,69.87,67.73,58.67,69.73,64.65,66.24,69.48,68.41,69.13,67.87,3.14,3.1353
224,7.168,-0.384958,-0.524442,0.52107,1,FOLLOWING,66.57,69.19,68.6,66.47,67.18,67.19,69.46,68.62,69.12,68.45,74.08,66.85,65.21,67.13,68.84,69.96,3.14,3.1352
225,7.2,-0.383171,-0.523417,0.52107,1,FOLLOWING,67.19,69.54,66.19,65.6,67.19,67.95,70.67,66.55,68.1,70.07,62.57,64.28,67.22,69.1,72.49,63.44,3.14,3.1352
226,7.232,-0.381385,-0.522392,0.52107,1,FOLLOWING,64.13,68.1,65.91,64.54,66.39,67.63,70.43,67.92,59.54,65.94,65.49,62.95,65.18,67.14,70.07,69.99,3.14,3.1352
227,7.264,-0.379598,-0.521366,0.52107,1,FOLLOWING,64.95,68.65,62.51,65.78,67.49,67.56,69.86,67.65,66.18,69.47,57.41,67.64,69.13,67.45,69.01,67.24,3.14,3.1352
228,7.296,-0.377812,-0.520341,0.52107,1,FOLLOWING,66.06,68.47,62.74,66.57,66.77,68.34,68.95,68.7,67.72,68.19,63.09,67.77,65.7,69.51,67.57,70.29,3.14,3.1352
229,7.328,-0.376025,-0.519315,0.52107,1,FOLLOWING,66.22,68.72,66.35,65.35,68.4,66.82,68.77,67.87,66.46,69.09,71.75,63.5,70.84,64.54,68.5,66.61,3.14,3.1352
230,7.36,-0.374239,-0.51829,0.52107,1,FOLLOWING,67.78,68.21,67.15,66.71,67.25,68.01,69.36,67.27,70.11,67.44,68.36,68.75,65.54,69.79,70.25,66.38,3.14,3.1352
231,7.392,-0.372453,-0.517265,0.52107,1,FOLLOWING,63.33,67.65,65.39,69.79,66.22,66.28,66.91,65.99,56.67,66.81,62.76,74.41,64.68,63.69,63.23,64.08,3.14,3.1351
232,7.424,-0.370666,-0.516239,0.52107,1,FOLLOWING,62.89,68.07,67.32,69.68,67.9,66.65,64.98,66.42,62.22,68.7,70.21,69.53,70.42,67.2,62.09,67.05,3.14,3.1351
233,7.456,-0.36888,-0.515214,0.52107,1,FOLLOWING,64.52,67.81,67.2,69.32,65.99,65.37,66.39,67.38,66.98,67.42,67.02,68.77,63.13,63.44,68.5,68.84,3.14,3.1351
234,7.488,-0.367093,-0.514188,0.52107,1,FOLLOWING,64.06,68.28,69.09,68.93,66.32,67.0,65.6,67.3,63.36,68.98,71.93,68.35,66.82,69.44,64.41,67.18,3.14,3.1351
235,7.52,-0.365307,-0.513163,0.52107,1,FOLLOWING,64.48,67.79,69.31,66.25,67.34,67.87,66.76,65.24,65.11,67.07,69.63,62.24,68.86,69.18,68.51,62.16,3.14,3.1351
236,7.552,-0.363575,-0.512172,0.518594,1,FOLLOWING,63.95,68.37,69.42,65.79,66.51,65.91,69.43,67.91,63.16,69.24,69.59,65.1,65.27,62.97,73.44,71.9,3.1305,3.14
237,7.584,-0.361786,-0.511151,0.518594,1,FOLLOWING,65.81,68.11,69.36,66.14,65.97,66.45,68.9,69.6,68.59,67.72,69.28,66.67,65.16,67.25,68.09,72.15,3.1305,3.14
238,7.616,-0.359997,-0.51013,0.518594,1,FOLLOWING,66.71,68.63,70.07,64.63,68.37,67.14,67.17,69.87,68.07,69.4,71.14,62.36,71.97,68.17,64.57,70.26,3.1305,3.14
239,7.648,-0.358208,-0.509109,0.518594,1,FOLLOWING,65.51,70.38,70.19,64.58,67.22,66.03,65.4,70.55,63.71,73.01,70.36,64.51,65.5,64.37,62.74,71.56,3.1304,3.14
240,7.68,-0.356419,-0.508088,0.518594,1,FOLLOWING,66.74,68.17,69.25,65.6,66.56,65.38,65.55,67.21,68.59,64.84,67.84,67.13,65.56,64.39,65.79,62.2,3.1304,3.14
241,7.712,-0.35463,-0.507067,0.518594,1,FOLLOWING,67.08,67.38,69.65,68.11,65.09,65.51,65.21,66.69,67.6,66.21,70.24,71.89,62.89,65.7,64.7,65.91,3.1304,3.14
242,7.744,-0.352841,-0.506046,0.518594,1,FOLLOWING,66.84,64.5,67.85,69.73,67.03,64.91,66.42,68.22,66.49,60.17,65.16,72.15,69.94,64.02,68.22,70.5,3.1304,3.14
243,7.776,-0.351052,-0.505025,0.518594,1,FOLLOWING,67.8,66.61,67.81,68.1,68.86,65.02,67.64,68.43,69.22,69.78,67.75,65.65,71.6,65.17,69.48,68.75,3.1303,3.14
244,7.808,-0.349263,-0.504004,0.518594,1,FOLLOWING,69.46,66.06,66.58,69.35,69.12,62.96,65.91,68.86,71.95,65.24,64.74,71.23,69.52,59.87,63.31,69.51,3.1303,3.14
245,7.84,-0.347474,-0.502983,0.518594,1,FOLLOWING,68.19,67.55,66.98,69.26,68.04,64.64,65.71,67.79,66.28,69.77,67.58,69.13,66.42,67.16,65.41,66.18,3.1303,3.14
246,7.872,-0.345685,-0.501962,0.518594,1,FOLLOWING,68.93,64.04,66.7,69.29,70.01,67.26,66.67,67.41,70.04,58.77,66.28,69.33,72.97,71.19,68.12,66.84,3.1302,3.14
247,7.904,-0.343953,-0.500971,0.52107,1,FOLLOWING,67.19,65.64,66.59,69.0,70.66,67.99,66.12,67.1,64.57,68.05,66.43,68.56,71.63,69.08,65.28,66.65,3.14,3.1354
248,7.936,-0.342166,-0.499945,0.52107,1,FOLLOWING,66.77,66.2,64.93,67.52,68.07,66.87,68.15,68.19,66.14,67.04,62.42,65.3,64.19,65.19,71.19,69.82,3.14,3.1354
249,7.968,-0.34038,-0.49892,0.52107,1,FOLLOWING,65.95,67.64,64.75,67.31,67.62,65.9,67.03,65.72,64.72,69.8,64.48,66.99,66.95,64.46,65.35,62.02,3.14,3.1354
250,8.0,-0.338593,-0.497894,0.52107,1,FOLLOWING,67.26,67.64,64.77,67.63,70.56,64.56,67.62,68.04,69.22,67.63,64.81,68.11,74.97,62.54,68.5,71.52,3.14,3.1354
251,8.032,-0.336807,-0.496869,0.52107,1,FOLLOWING,66.98,67.85,63.55,70.59,70.89,66.6,66.48,68.14,66.56,68.18,61.71,75.03,71.4,69.68,64.77,68.29,3.14,3.1353
252,8.064,-0.33502,-0.495844,0.52107,1,FOLLOWING,65.76,66.53,64.39,68.04,68.85,68.24,63.33,68.62,63.94,64.55,65.65,64.21,65.79,70.7,58.61,69.33,3.14,3.1353
253,8.096,-0.333234,-0.494818,0.52107,1,FOLLOWING,67.8,67.67,65.11,67.53,64.69,67.54,65.15,67.82,70.86,69.39,66.2,66.78,58.44,66.5,67.88,66.63,3.14,3.1353
254,8.128,-0.331448,-0.493793,0.52107,1,FOLLOWING,66.61,70.03,66.23,67.74,66.23,67.38,66.58,68.34,64.82,73.57,67.9,68.04,68.54,67.14,68.73,69.12,3.14,3.1353
255,8.16,-0.329661,-0.492767,0.52107,1,FOLLOWING,68.06,70.19,67.35,65.16,66.12,69.66,69.57,65.23,70.23,70.44,69.02,61.3,65.96,73.08,74.06,60.56,3.14,3.1353
256,8.192,-0.327875,-0.491742,0.52107,1,FOLLOWING,66.18,70.04,66.89,64.99,65.89,69.26,68.88,65.41,63.35,69.8,66.2,64.73,65.56,68.67,67.83,65.69,3.14,3.1353
257,8.224,-0.326088,-0.490717,0.52107,1,FOLLOWING,67.25,66.69,65.62,67.38,65.6,66.87,69.4,66.55,68.87,61.68,63.72,70.96,65.16,63.28,70.2,68.27,3.14,3.1353
258,8.256,-0.324302,-0.489691,0.52107,1,FOLLOWING,66.81,68.1,65.99,68.23,67.06,67.27,67.52,67.39,66.14,70.21,66.53,69.51,69.26,67.88,64.7,68.64,3.14,3.1352
259,8.288,-0.322515,-0.488666,0.52107,1,FOLLOWING,66.52,66.27,65.72,66.16,65.79,66.7,67.44,67.18,66.09,63.52,65.32,63.04,63.88,65.84,67.32,66.87,3.14,3.1352
260,8.32,-0.320729,-0.48764,0.52107,1,FOLLOWING,69.69,64.56,65.55,69.22,65.48,66.05,68.32,68.56,74.45,62.0,65.31,73.81,65.02,65.07,69.65,70.64,3.14,3.1352
261,8.352,-0.318942,-0.486615,0.52107,1,FOLLOWING,68.61,66.04,66.67,68.15,65.84,65.53,67.53,66.9,67.0,68.26,68.35,66.55,66.39,64.75,66.34,64.41,3.14,3.1352
262,8.384,-0.317156,-0.48559,0.52107,1,FOLLOWING,69.47,66.83,65.97,68.01,66.59,66.84,65.91,68.9,70.75,68.02,64.92,67.79,67.71,68.81,63.48,71.9,3.14,3.1352
263,8.416,-0.315369,-0.484564,0.52107,1,FOLLOWING,68.84,66.67,66.79,69.16,67.48,66.17,67.88,68.21,67.89,66.42,68.01,70.9,68.81,65.17,70.84,67.18,3.14,3.1352
264,8.448,-0.313583,-0.483539,0.52107,1,FOLLOWING,68.04,69.17,67.82,68.9,67.11,67.71,66.94,67.22,66.85,72.91,69.36,68.5,66.57,70.03,65.53,65.72,3.14,3.1351
265,8.48,-0.311796,-0.482513,0.52107,1,FOLLOWING,67.21,68.98,69.74,68.49,66.53,67.69,68.06,67.4,65.96,68.7,72.62,67.88,65.66,67.66,69.74,67.68,3.14,3.1351
266,8.512,-0.31001,-0.481488,0.52107,1,FOLLOWING,65.58,66.76,70.89,68.76,66.21,66.14,69.99,66.1,63.12,63.43,72.61,69.16,65.72,63.8,72.89,64.15,3.14,3.1351
267,8.544,-0.308223,-0.480463,0.52107,1,FOLLOWING,65.17,66.53,70.54,70.23,66.05,67.68,71.31,66.93,64.56,66.18,70.01,72.45,65.81,69.98,73.29,68.16,3.14,3.1351
268,8.576,-0.306437,-0.479437,0.52107,1,FOLLOWING,67.22,66.01,70.59,70.21,65.5,68.0,70.87,64.76,70.28,65.23,70.67,70.18,64.69,68.47,70.22,61.5,3.14,3.1351
269,8.608,-0.30465,-0.478412,0.52107,1,FOLLOWING,68.22,64.5,68.63,67.04,65.27,66.24,69.5,65.82,69.72,62.23,65.69,62.27,64.91,63.61,67.45,67.4,3.14,3.1351
270,8.64,-0.302919,-0.477421,0.518594,1,FOLLOWING,68.56,66.15,67.2,67.61,65.4,68.21,68.67,67.07,69.06,68.62,65.05,68.48,65.61,71.18,67.41,68.94,3.1306,3.14
271,8.672,-0.30113,-0.4764,0.518594,1,FOLLOWING,69.62,67.01,69.2,67.57,67.84,66.87,68.37,66.63,71.22,68.32,72.21,67.51,71.49,64.85,67.93,65.96,3.1305,3.14
272,8.704,-0.299341,-0.475379,0.518594,1,FOLLOWING,66.75,68.15,67.01,67.68,68.11,65.68,67.87,68.59,62.44,69.85,63.72,67.86,68.52,63.91,67.11,71.54,3.1305,3.14
273,8.736,-0.297552,-0.474358,0.518594,1,FOLLOWING,67.22,66.02,67.4,65.15,68.62,64.8,68.09,69.02,67.92,62.82,67.98,61.35,69.39,63.48,68.43,69.66,3.1305,3.14
274,8.768,-0.295763,-0.473337,0.518594,1,FOLLOWING,64.84,64.89,68.41,67.15,68.82,63.86,68.66,67.85,61.26,63.21,69.92,70.15,69.12,62.44,69.51,66.1,3.1304,3.14
275,8.8,-0.293974,-0.472316,0.518594,1,FOLLOWING,64.99,66.94,67.97,65.51,67.87,62.35,65.36,67.47,65.22,70.0,67.31,63.05,66.45,60.1,60.43,66.9,3.1304,3.14
276,8.832,-0.292185,-0.471295,0.518594,1,FOLLOWING,65.65,67.88,67.22,66.19,67.54,65.75,67.4,68.86,66.65,69.3,66.09,67.21,67.03,70.85,70.45,70.96,3.1304,3.14
277,8.864,-0.290396,-0.470274,0.518594,1,FOLLOWING,65.67,68.9,66.02,68.72,66.58,66.61,68.59,66.79,65.69,70.43,64.22,72.51,65.13,67.9,70.39,63.67,3.1303,3.14
278,8.896,-0.288607,-0.469253,0.518594,1,FOLLOWING,65.74,67.99,67.4,68.38,65.55,66.95,66.8,66.25,65.86,66.63,69.48,67.87,64.02,67.45,64.11,65.43,3.1303,3.14
279,8.928,-0.286818,-0.468232,0.518594,1,FOLLOWING,63.69,71.2,65.63,68.71,65.8,66.55,66.92,64.96,60.6,76.0,62.98,69.21,66.17,65.95,67.09,63.04,3.1303,3.14
280,8.96,-0.285029,-0.467211,0.518594,1,FOLLOWING,65.85,70.59,67.96,65.43,67.46,66.12,69.85,67.11,69.1,69.69,71.46,60.51,69.94,65.48,74.26,70.33,3.1302,3.14
281,8.992,-0.28324,-0.46619,0.518594,1,FOLLOWING,65.23,68.5,68.35,67.52,69.81,68.02,68.54,68.15,64.3,65.35,68.94,70.65,73.33,70.87,66.58,69.7,3.1302,3.14
282,9.024,-0.281508,-0.465199,0.52107,1,FOLLOWING,65.7,69.3,66.72,67.76,68.87,66.09,70.83,69.13,66.4,70.52,64.28,68.11,67.47,63.2,74.26,70.6,3.14,3.1354
283,9.056,-0.279721,-0.464173,0.52107,1,FOLLOWING,66.7,68.06,65.57,69.21,67.92,66.69,69.42,66.5,68.19,66.19,63.83,71.39,66.49,67.58,67.3,62.55,3.14,3.1354
284,9.088,-0.277935,-0.463148,0.52107,1,FOLLOWING,66.56,65.64,65.74,68.25,69.67,64.87,66.38,68.14,66.35,62.01,66.0,66.82,72.3,62.15,61.81,70.61,3.14,3.1354
285,9.12,-0.276148,-0.462122,0.52107,1,FOLLOWING,68.05,66.95,66.83,66.9,66.83,65.36,69.06,67.1,70.28,68.91,68.47,64.88,62.56,66.09,73.08,65.54,3.14,3.1354
286,9.152,-0.274362,-0.461097,0.52107,1,FOLLOWING,66.73,66.66,65.93,66.67,65.77,65.56,68.06,65.86,64.75,66.22,64.57,66.31,64.19,65.86,66.57,63.98,3.14,3.1354
287,9.184,-0.272575,-0.460071,0.52107,1,FOLLOWING,62.45,64.11,66.95,67.54,68.5,65.64,67.72,67.11,56.04,60.29,68.49,68.85,72.59,65.76,67.2,68.98,3.14,3.1354
288,9.216,-0.270789,-0.459046,0.52107,1,FOLLOWING,63.84,65.67,66.0,66.61,65.21,66.03,67.15,68.21,65.92,68.01,64.57,65.21,60.27,66.61,66.3,69.86,3.14,3.1353
289,9.248,-0.269002,-0.458021,0.52107,1,FOLLOWING,65.03,66.27,66.19,68.21,66.03,67.81,68.9,67.31,66.81,67.17,66.47,70.61,67.27,70.49,71.54,65.97,3.14,3.1353
290,9.28,-0.267216,-0.456995,0.52107,1,FOLLOWING,64.17,67.33,64.69,67.71,69.03,66.8,67.44,67.07,62.89,68.91,62.44,66.98,73.53,65.28,65.25,66.71,3.14,3.1353
291,9.312,-0.265429,-0.45597,0.52107,1,FOLLOWING,64.77,68.06,66.5,68.63,66.64,66.66,64.7,67.79,65.65,69.16,69.22,70.01,63.04,66.45,60.59,68.86,3.14,3.1353
292,9.344,-0.263643,-0.454944,0.52107,1,FOLLOWING,67.61,68.82,66.54,68.62,67.36,68.54,64.13,68.0,71.89,69.95,66.59,68.62,68.45,71.35,63.27,68.31,3.14,3.1353
293,9.376,-0.261856,-0.453919,0.52107,1,FOLLOWING,67.94,69.63,65.72,67.6,69.7,70.49,67.73,67.45,68.43,70.84,64.49,66.06,73.2,73.43,73.14,66.62,3.14,3.1353
294,9.408,-0.26007,-0.452894,0.52107,1,FOLLOWING,69.08,66.63,68.56,67.22,67.36,69.44,66.25,67.52,70.78,62.13,72.82,66.66,63.86,67.86,64.04,67.62,3.14,3.1352
295,9.44,-0.258284,-0.451868,0.52107,1,FOLLOWING,69.45,67.07,68.4,66.72,68.57,66.43,66.8,67.58,70.01,67.73,68.16,65.96,70.37,61.93,67.63,67.67,3.14,3.1352
296,9.472,-0.256497,-0.450843,0.52107,1,FOLLOWING,68.29,65.43,66.47,65.26,67.4,68.33,67.69,65.74,66.56,62.97,63.59,63.08,65.65,71.18,69.01,62.99,3.14,3.1352
297,9.504,-0.254711,-0.449817,0.52107,1,FOLLOWING,69.91,65.09,64.77,64.85,69.47,65.88,66.75,65.9,72.35,64.57,62.21,64.23,72.57,62.21,65.34,66.14,3.14,3.1352
298,9.536,-0.252924,-0.448792,0.52107,1,FOLLOWING,69.07,65.7,65.63,63.61,68.72,65.6,67.06,66.06,67.8,66.62,66.91,61.74,67.59,65.18,67.53,66.3,3.14,3.1352
299,9.568,-0.251138,-0.447767,0.52107,1,FOLLOWING,67.39,68.26,67.78,67.32,69.19,64.77,68.12,66.59,64.88,72.1,71.02,72.88,69.89,63.51,69.7,67.39,3.14,3.1352
300,9.6,-0.249351,-0.446741,0.52107,1,FOLLOWING,66.8,67.65,65.35,67.85,67.7,66.92,68.38,66.96,65.92,66.75,61.7,68.65,65.47,70.15,68.77,67.52,3.14,3.1351
301,9.632,-0.247565,-0.445716,0.52107,1,FOLLOWING,67.3,67.67,67.26,67.8,69.59,65.2,66.21,65.15,68.04,67.69,70.11,67.72,72.41,62.62,62.96,62.43,3.14,3.1351
302,9.664,-0.245778,-0.44469,0.52107,1,FOLLOWING,67.11,67.78,68.17,68.51,69.06,67.85,68.82,64.38,66.84,67.96,69.54,69.59,68.28,71.84,72.74,63.23,3.14,3.1351
303,9.696,-0.243992,-0.443665,0.52107,1,FOLLOWING,65.7,66.92,66.3,68.03,67.95,69.05,67.06,66.37,63.58,65.62,63.48,67.31,66.28,70.86,64.42,69.36,3.14,3.1351
304,9.728,-0.24226,-0.442674,0.518594,1,FOLLOWING,64.85,66.44,67.77,67.83,66.68,70.01,65.84,65.83,63.57,65.74,69.99,67.53,64.78,71.45,64.01,65.02,3.1305,3.14
305,9.76,-0.240471,-0.441653,0.518594,1,FOLLOWING,66.58,67.7,67.56,67.82,67.86,68.32,65.88,67.43,69.17,69.57,67.25,67.8,69.64,65.79,65.94,69.84,3.1305,3.14
306,9.792,-0.238682,-0.440632,0.518594,1,FOLLOWING,66.71,70.63,66.99,68.27,66.23,68.28,68.67,66.11,66.9,75.02,66.12,68.96,63.79,68.22,72.86,64.14,3.1305,3.14
307,9.824,-0.236893,-0.439611,0.518594,1,FOLLOWING,70.95,68.6,66.75,66.7,66.73,67.01,68.46,66.37,77.32,65.57,66.4,64.34,67.47,65.11,68.15,66.76,3.1304,3.14
308,9.856,-0.235104,-0.43859,0.518594,1,FOLLOWING,68.78,69.42,67.56,65.48,66.96,68.85,69.7,69.23,65.52,70.64,68.78,63.65,67.3,71.6,71.55,73.51,3.1304,3.14
309,9.888,-0.233315,-0.437569,0.518594,1,FOLLOWING,67.79,68.15,67.27,66.45,64.28,69.02,68.21,67.68,66.31,66.25,66.83,67.89,60.26,69.28,65.98,65.36,3.1304,3.14
310,9.92,-0.231526,-0.436548,0.518594,1,FOLLOWING,66.81,67.41,66.02,66.15,66.55,69.39,67.14,65.19,65.33,66.29,64.14,65.71,69.94,69.94,65.54,61.46,3.1303,3.14
311,9.952,-0.229737,-0.435527,0.518594,1,FOLLOWING,67.44,66.69,65.83,68.48,66.42,66.45,67.63,64.94,68.39,65.62,65.55,71.96,66.22,62.05,68.37,64.57,3.1303,3.14
312,9.984,-0.227948,-0.434506,0.518594,1,FOLLOWING,68.27,66.6,67.46,65.8,66.58,68.03,67.96,64.19,69.52,66.47,69.92,61.78,66.84,70.39,68.45,63.06,3.1302,3.14
313,10.016,-0.226159,-0.433485,0.518594,1,FOLLOWING,68.39,65.55,65.52,66.81,66.65,67.5,68.4,63.33,68.56,63.96,62.61,68.33,66.75,66.7,69.06,62.04,3.1302,3.14
314,10.048,-0.22437,-0.432464,0.518594,1,FOLLOWING,68.42,63.99,68.29,68.4,67.37,66.77,68.33,63.23,68.46,61.65,72.45,70.78,68.46,65.68,68.21,63.09,3.1302,3.14
315,10.08,-0.222638,-0.431473,0.52107,1,FOLLOWING,65.19,66.45,66.34,69.61,66.27,67.39,68.16,64.16,60.35,70.15,63.41,71.43,64.62,68.31,67.92,65.54,3.14,3.1355
316,10.112,-0.220851,-0.430447,0.52107,1,FOLLOWING,67.98,66.43,68.66,68.08,66.91,67.19,69.07,66.6,72.18,66.39,72.14,65.78,67.87,66.89,70.42,70.27,3.14,3.1355
317,10.144,-0.219065,-0.429422,0.52107,1,FOLLOWING,68.43,70.32,68.0,68.61,65.93,67.97,68.15,65.88,69.09,76.16,67.0,69.4,64.45,69.15,66.79,64.78,3.14,3.1354
318,10.176,-0.217279,-0.428397,0.52107,1,FOLLOWING,68.53,69.71,67.98,65.82,65.39,64.79,65.27,66.95,68.69,68.79,67.95,61.63,64.59,60.02,60.93,68.56,3.14,3.1354
319,10.208,-0.215492,-0.427371,0.52107,1,FOLLOWING,67.7,67.93,67.34,67.09,66.58,64.62,66.06,67.47,66.46,65.26,66.38,69.0,68.37,64.36,67.26,68.25,3.14,3.1354
320,10.24,-0.213706,-0.426346,0.52107,1,FOLLOWING,68.39,65.76,67.74,67.86,66.85,66.21,66.06,66.43,69.42,62.52,68.34,69.02,67.26,68.59,66.06,64.86,3.14,3.1354
321,10.272,-0.211919,-0.42532,0.52107,1,FOLLOWING,68.05,64.67,69.31,68.43,65.32,66.89,66.78,67.59,67.55,63.03,71.68,69.29,63.03,67.9,67.87,69.33,3.14,3.1354
322,10.304,-0.210133,-0.424295,0.52107,1,FOLLOWING,66.97,66.18,66.47,66.5,65.25,67.8,66.92,64.66,65.35,68.44,62.2,63.61,65.13,69.16,67.13,60.26,3.14,3.1353
323,10.336,-0.208346,-0.42327,0.52107,1,FOLLOWING,67.31,67.48,67.35,66.42,65.22,68.73,66.8,65.01,67.82,69.43,68.67,66.3,65.18,70.12,66.6,65.55,3.14,3.1353
324,10.368,-0.20656,-0.422244,0.52107,1,FOLLOWING,68.33,67.36,65.09,67.05,67.15,66.09,67.04,66.45,69.85,67.19,61.69,67.99,70.04,62.14,67.4,68.59,3.14,3.1353
325,10.4,-0.204773,-0.421219,0.52107,1,FOLLOWING,68.37,66.79,67.6,67.8,65.44,66.78,67.93,66.79,68.43,65.94,71.38,68.94,62.89,67.82,69.27,67.31,3.14,3.1353
326,10.432,-0.202987,-0.420193,0.52107,1,FOLLOWING,69.0,64.3,66.09,66.01,66.72,66.07,67.35,65.44,69.96,60.55,63.83,63.33,68.63,64.99,66.47,63.42,3.14,3.1353
327,10.464,-0.2012,-0.419168,0.52107,1,FOLLOWING,66.71,65.09,68.43,66.45,68.39,64.74,68.91,65.22,63.28,66.27,71.92,67.1,70.9,62.75,71.24,64.88,3.14,3.1352
328,10.496,-0.199414,-0.418142,0.52107,1,FOLLOWING,66.51,65.03,67.45,67.21,69.48,65.4,67.32,64.56,66.2,64.95,65.99,68.34,71.1,66.39,64.95,63.56,3.14,3.1352
329,10.528,-0.197627,-0.417117,0.52107,1,FOLLOWING,65.05,65.28,66.59,66.67,67.42,64.48,68.61,66.46,62.85,65.64,65.29,65.86,64.33,63.11,70.54,69.33,3.14,3.1352
330,10.56,-0.195841,-0.416092,0.52107,1,FOLLOWING,64.35,66.53,66.78,65.84,67.41,65.41,66.91,64.73,63.32,68.41,67.07,64.59,67.41,66.8,64.36,62.12,3.14,3.1352
331,10.592,-0.194054,-0.415066,0.52107,1,FOLLOWING,67.62,67.11,67.82,65.6,66.68,65.61,65.84,65.71,72.53,67.98,69.38,65.24,65.58,65.91,64.24,67.19,3.14,3.1352
332,10.624,-0.192268,-0.414041,0.52107,1,FOLLOWING,67.37,65.15,67.94,69.55,66.11,66.82,66.34,64.87,66.98,62.2,68.12,75.48,65.25,68.63,67.07,63.61,3.14,3.1351
333,10.656,-0.190481,-0.413015,0.52107,1,FOLLOWING,67.13,62.45,69.44,67.47,66.15,68.91,66.38,65.51,66.78,58.41,71.7,64.35,66.21,72.06,66.44,66.47,3.14,3.1351
334,10.688,-0.188695,-0.41199,0.52107,1,FOLLOWING,68.19,65.23,69.29,66.01,66.47,67.66,67.8,65.87,69.78,69.4,69.07,63.82,66.95,65.77,69.94,66.41,3.14,3.1351
335,10.72,-0.186908,-0.410965,0.52107,1,FOLLOWING,67.91,68.3,68.74,67.39,64.98,66.12,66.03,67.84,67.49,72.91,67.91,69.45,62.74,63.81,63.37,70.8,3.14,3.1351
336,10.752,-0.185122,-0.409939,0.52107,1,FOLLOWING,66.75,67.65,68.55,64.83,64.2,66.44,67.31,68.81,65.02,66.68,68.26,60.99,63.04,66.94,69.23,70.25,3.14,3.1351
337,10.784,-0.183336,-0.408914,0.52107,1,FOLLOWING,66.71,68.2,65.33,66.42,65.32,65.72,67.85,68.44,66.65,69.03,60.51,68.82,67.0,64.63,68.66,67.89,3.14,3.135
338,10.816,-0.181604,-0.407923,0.518594,1,FOLLOWING,66.51,67.24,65.76,65.08,66.12,66.6,68.07,69.73,66.2,65.78,66.41,63.06,67.32,67.92,68.4,71.66,3.1306,3.14
339,10.848,-0.179815,-0.406902,0.518594,1,FOLLOWING,66.17,66.94,67.21,65.73,65.06,67.01,67.65,67.28,65.66,66.49,69.38,66.72,63.46,67.63,67.01,63.6,3.1305,3.14
340,10.88,-0.178026,-0.405881,0.518594,1,FOLLOWING,64.92,67.04,65.87,66.55,66.54,67.84,67.04,68.64,63.04,67.2,63.85,67.77,68.76,69.1,66.12,70.68,3.1305,3.14
341,10.912,-0.176237,-0.40486,0.518594,1,FOLLOWING,66.93,67.02,66.76,65.07,66.05,65.37,66.15,68.38,69.95,67.0,68.1,62.86,65.31,61.65,64.83,67.99,3.1305,3.14
342,10.944,-0.174448,-0.403839,0.518594,1,FOLLOWING,67.62,68.59,69.04,66.62,67.57,68.39,65.36,68.11,68.64,70.94,72.47,68.94,69.86,72.92,64.18,67.71,3.1304,3.14
343,10.976,-0.172659,-0.402818,0.518594,1,FOLLOWING,65.55,65.91,68.74,68.24,66.22,68.32,66.71,68.12,62.46,61.88,68.28,70.68,64.2,68.21,68.72,68.14,3.1304,3.14
344,11.008,-0.17087,-0.401797,0.518594,1,FOLLOWING,66.37,64.23,69.81,66.83,65.94,67.06,66.89,68.87,67.59,61.72,71.42,64.72,65.51,65.18,67.15,69.98,3.1303,3.14
345,11.04,-0.169081,-0.400776,0.518594,1,FOLLOWING,63.78,65.99,68.96,66.72,65.54,69.19,66.93,68.89,59.91,68.62,67.69,66.55,64.94,72.39,67.0,68.94,3.1303,3.14
346,11.072,-0.167292,-0.399755,0.518594,1,FOLLOWING,65.43,64.54,68.65,67.41,66.08,66.57,67.35,67.13,67.89,62.36,68.17,68.44,66.9,62.64,67.99,64.47,3.1302,3.14
347,11.104,-0.165503,-0.398734,0.518594,1,FOLLOWING,65.81,64.11,69.28,64.95,68.49,67.3,68.07,67.58,66.39,63.46,70.23,61.27,72.11,68.4,69.15,68.27,3.1302,3.14
348,11.136,-0.163714,-0.397713,0.518594,1,FOLLOWING,65.64,65.39,68.67,68.57,68.05,66.84,67.62,65.64,65.39,67.31,67.76,74.0,67.38,66.14,66.95,62.73,3.1302,3.14
349,11.168,-0.161982,-0.396722,0.52107,1,FOLLOWING,64.44,65.78,68.64,67.19,70.24,65.1,66.92,68.76,62.64,66.37,68.59,65.11,73.54,62.5,65.88,73.44,3.14,3.1355
350,11.2,-0.160195,-0.395696,0.52107,1,FOLLOWING,66.78,65.55,66.17,66.03,69.97,64.54,66.49,68.5,70.29,65.2,62.45,64.29,69.57,63.7,65.84,68.12,3.14,3.1355
351,11.232,-0.158409,-0.394671,0.52107,1,FOLLOWING,68.0,68.78,68.45,67.05,69.86,64.44,67.05,66.38,69.83,73.63,71.88,68.58,69.7,64.28,67.88,63.2,3.14,3.1354
352,11.264,-0.156622,-0.393645,0.52107,1,FOLLOWING,66.96,68.05,67.94,66.81,69.08,66.15,65.36,67.63,65.4,66.96,67.17,66.46,67.9,68.71,62.82,69.49,3.14,3.1354
353,11.296,-0.154836,-0.39262,0.52107,1,FOLLOWING,66.95,67.81,68.47,67.24,70.79,68.64,65.84,68.18,66.93,67.46,69.26,67.89,73.37,72.38,66.57,69.0,3.14,3.1354
354,11.328,-0.153049,-0.391595,0.52107,1,FOLLOWING,68.02,67.98,69.71,66.49,71.28,69.31,66.8,68.2,69.63,68.22,71.58,65.36,72.01,70.32,68.24,68.22,3.14,3.1354
355,11.36,-0.151263,-0.390569,0.52107,1,FOLLOWING,66.72,65.93,68.7,67.91,70.8,67.59,67.31,68.93,64.77,62.87,67.18,70.04,70.09,64.99,68.08,70.03,3.14,3.1354
356,11.392,-0.149476,-0.389544,0.52107,1,FOLLOWING,68.69,66.92,68.77,67.6,68.02,68.99,68.02,68.46,71.64,68.4,68.88,67.15,63.84,71.1,69.08,67.74,3.14,3.1353
357,11.424,-0.14769,-0.388518,0.52107,1,FOLLOWING,66.77,68.98,66.05,68.71,68.66,69.5,66.39,67.39,63.9,72.07,61.97,70.36,69.61,70.26,63.94,65.79,3.14,3.1353
358,11.456,-0.145903,-0.387493,0.52107,1,FOLLOWING,67.59,70.84,67.71,67.38,67.18,68.5,65.21,65.81,68.82,73.63,70.19,65.39,64.97,67.01,63.43,63.44,3.14,3.1353
359,11.488,-0.144117,-0.386468,0.52107,1,FOLLOWING,68.26,69.76,68.21,65.58,69.03,68.81,64.87,66.73,69.27,68.14,68.97,62.88,71.81,69.28,64.36,68.1,3.14,3.1353
360,11.52,-0.142331,-0.385442,0.52107,1,FOLLOWING,69.99,68.4,68.22,66.9,68.16,68.7,65.05,68.29,72.58,66.36,68.24,68.88,66.86,68.53,65.32,70.65,3.14,3.1352
361,11.552,-0.140544,-0.384417,0.52107,1,FOLLOWING,70.69,68.16,65.72,66.61,66.71,67.59,67.25,70.28,71.74,67.79,61.97,66.17,64.53,65.93,70.56,73.26,3.14,3.1352
362,11.584,-0.138758,-0.383391,0.52107,1,FOLLOWING,70.24,68.13,65.44,66.96,68.23,68.64,66.52,70.78,69.56,68.08,65.02,67.49,70.52,70.22,65.42,71.54,3.14,3.1352
363,11.616,-0.136971,-0.382366,0.52107,1,FOLLOWING,72.16,66.56,65.96,68.38,66.52,66.72,66.94,70.29,75.03,64.22,66.73,70.51,63.96,63.85,67.57,69.56,3.14,3.1352
364,11.648,-0.135185,-0.38134,0.52107,1,FOLLOWING,69.39,66.19,69.12,69.32,67.52,67.7,68.04,68.13,65.24,65.63,73.86,70.72,69.01,69.16,69.7,64.89,3.14,3.1352
365,11.68,-0.133398,-0.380315,0.52107,1,FOLLOWING,68.68,63.41,67.48,69.13,67.67,68.15,69.43,69.97,67.62,59.24,65.03,68.85,67.91,68.83,71.51,72.72,3.14,3.1351
366,11.712,-0.131612,-0.37929,0.52107,1,FOLLOWING,66.78,62.26,67.24,66.5,66.67,68.19,71.15,67.8,63.94,60.54,66.87,62.55,65.16,68.24,73.72,64.56,3.14,3.1351
367,11.744,-0.129825,-0.378264,0.52107,1,FOLLOWING,65.87,64.92,68.21,65.51,67.08,66.51,67.15,67.52,64.51,68.9,69.68,64.02,67.69,63.99,61.15,67.1,3.14,3.1351
368,11.776,-0.128039,-0.377239,0.52107,1,FOLLOWING,67.9,65.89,66.59,65.78,68.06,66.67,66.73,67.35,70.95,67.36,64.16,66.2,69.54,66.92,66.09,67.08,3.14,3.1351
369,11.808,-0.126252,-0.376213,0.52107,1,FOLLOWING,69.16,65.86,67.83,65.32,66.95,67.55,67.27,67.12,71.05,65.82,69.69,64.63,65.28,68.86,68.09,66.79,3.14,3.135
370,11.84,-0.124466,-0.375188,0.52107,1,FOLLOWING,67.03,65.06,67.85,65.5,67.08,67.14,66.18,67.5,63.84,63.84,67.88,65.78,67.27,66.52,64.54,68.07,3.14,3.135
371,11.872,-0.122679,-0.374163,0.52107,1,FOLLOWING,66.31,64.72,67.53,68.04,68.13,67.37,65.45,65.92,65.23,64.22,67.06,71.84,69.7,67.73,64.36,63.56,3.14,3.135
372,11.904,-0.120947,-0.373171,0.518594,1,FOLLOWING,66.24,65.83,70.67,68.91,66.7,66.09,67.01,65.75,66.13,67.49,75.38,70.23,64.55,64.16,69.34,65.5,3.1306,3.14
373,11.936,-0.119158,-0.37215,0.518594,1,FOLLOWING,66.85,68.08,69.31,69.39,68.29,66.17,66.42,67.42,67.76,71.46,67.27,70.11,70.69,66.29,65.54,69.92,3.1306,3.14
374,11.968,-0.117369,-0.371129,0.518594,1,FOLLOWING,66.57,66.96,70.06,69.73,64.43,62.68,66.72,64.76,66.15,65.27,71.19,70.23,58.64,57.45,67.18,60.78,3.1305,3.14
375,12.0,-0.11558,-0.370108,0.518594,1,FOLLOWING,65.54,68.29,70.54,70.28,65.84,62.71,65.8,63.56,64.0,70.28,71.26,71.11,67.95,62.76,64.42,61.76,3.1305,3.14
376,12.032,-0.113791,-0.369088,0.518594,1,FOLLOWING,65.16,69.02,68.88,69.02,65.5,65.23,64.4,65.03,64.59,70.12,66.39,67.13,64.98,69.02,62.29,67.24,3.1304,3.14
377,12.064,-0.112002,-0.368067,0.518594,1,FOLLOWING,67.76,68.17,69.87,68.84,66.53,65.56,67.18,64.29,71.65,66.89,71.36,68.58,68.09,66.04,71.36,63.18,3.1304,3.14
378,12.096,-0.110213,-0.367046,0.518594,1,FOLLOWING,66.83,67.92,69.21,68.94,67.2,63.06,69.77,64.34,65.44,67.55,68.21,69.1,68.21,59.32,73.64,64.41,3.1303,3.14
379,12.128,-0.108424,-0.366025,0.518594,1,FOLLOWING,65.49,69.44,66.94,66.64,67.83,67.86,67.02,64.01,63.48,71.71,63.53,63.18,68.77,75.05,62.91,63.52,3.1303,3.14
380,12.16,-0.106635,-0.365004,0.518594,1,FOLLOWING,65.97,66.63,68.73,64.72,67.23,66.94,65.38,65.38,66.7,62.43,71.41,61.85,66.32,65.57,62.91,67.43,3.1302,3.14
381,12.192,-0.104846,-0.363983,0.518594,1,FOLLOWING,66.58,65.78,66.39,67.74,67.48,67.6,64.47,66.53,67.5,64.51,62.89,72.27,67.86,68.58,63.11,68.26,3.1302,3.14
382,12.224,-0.103057,-0.362962,0.518594,1,FOLLOWING,65.97,66.02,66.46,66.87,70.5,67.08,64.39,63.54,65.04,66.38,66.56,65.57,75.04,66.31,64.26,59.04,3.1301,3.14
383,12.256,-0.101326,-0.36197,0.52107,1,FOLLOWING,68.03,66.7,68.4,64.29,68.94,68.89,65.14,64.74,71.11,67.71,71.3,60.41,66.59,71.6,66.26,66.56,3.14,3.1355
384,12.288,-0.099539,-0.360945,0.52107,1,FOLLOWING,67.86,67.02,66.9,63.49,69.42,66.57,66.88,67.36,67.61,67.5,64.65,62.31,70.14,63.1,69.5,71.29,3.14,3.1355
385,12.32,-0.097753,-0.35992,0.52107,1,FOLLOWING,67.81,64.83,63.04,63.8,68.13,67.02,67.84,71.3,67.73,61.55,57.26,64.27,66.19,67.7,69.27,77.2,3.14,3.1355
386,12.352,-0.095966,-0.358894,0.52107,1,FOLLOWING,68.72,68.08,64.49,66.07,67.1,68.18,68.33,67.92,70.1,72.94,66.66,69.46,65.55,69.91,69.06,62.86,3.14,3.1354
387,12.384,-0.09418,-0.357869,0.52107,1,FOLLOWING,71.64,66.86,65.19,67.01,67.97,69.96,69.42,66.22,76.01,65.04,66.24,68.42,69.29,72.63,71.07,63.67,3.14,3.1354
388,12.416,-0.092393,-0.356843,0.52107,1,FOLLOWING,68.99,67.49,64.72,68.69,66.87,68.71,69.69,67.16,65.02,68.44,64.02,71.22,65.22,66.85,70.08,68.55,3.14,3.1354
389,12.448,-0.090607,-0.355818,0.52107,1,FOLLOWING,66.19,65.5,67.32,70.11,63.75,67.28,70.02,67.56,61.99,62.51,71.21,72.22,59.06,65.13,70.52,68.17,3.14,3.1354
390,12.48,-0.08882,-0.354793,0.52107,1,FOLLOWING,68.56,65.48,66.85,69.74,63.83,67.36,71.28,66.88,72.13,65.44,66.16,69.2,63.96,67.47,73.18,65.86,3.14,3.1353
391,12.512,-0.087034,-0.353767,0.52107,1,FOLLOWING,68.75,66.56,68.81,67.08,65.81,67.39,69.28,67.61,69.02,68.19,71.75,63.08,68.78,67.45,66.28,68.7,3.14,3.1353
392,12.544,-0.085247,-0.352742,0.52107,1,FOLLOWING,67.28,66.64,68.74,66.85,64.3,67.84,69.74,64.83,65.07,66.76,68.64,66.5,62.03,68.52,70.44,60.67,3.14,3.1353
393,12.576,-0.083461,-0.351716,0.52107,1,FOLLOWING,66.45,66.87,66.31,66.36,65.63,66.89,69.69,64.06,65.21,67.22,62.66,65.64,67.63,65.45,69.61,62.91,3.14,3.1353
394,12.608,-0.081674,-0.350691,0.52107,1,FOLLOWING,68.0,66.24,65.28,66.75,70.22,69.65,69.11,66.29,70.32,65.28,63.73,67.33,77.1,73.78,68.24,69.63,3.14,3.1352
395,12.64,-0.079888,-0.349666,0.52107,1,FOLLOWING,66.92,65.21,67.64,65.48,67.06,68.55,68.45,66.08,65.31,63.68,71.17,63.58,62.32,66.91,67.45,65.77,3.14,3.1352
396,12.672,-0.078101,-0.34864,0.52107,1,FOLLOWING,68.23,62.97,66.35,66.46,66.48,66.15,71.03,66.19,70.18,59.59,64.42,67.92,65.62,62.54,74.9,66.35,3.14,3.1352
397,12.704,-0.076315,-0.347615,0.52107,1,FOLLOWING,67.55,65.61,67.27,68.1,65.68,65.21,70.46,67.54,66.52,69.59,68.65,70.58,64.46,63.81,69.61,69.56,3.14,3.1351
398,12.736,-0.074528,-0.346589,0.52107,1,FOLLOWING,69.05,68.08,63.22,68.08,65.42,67.23,68.87,67.68,71.32,71.78,57.13,68.05,65.04,70.26,66.48,67.91,3.14,3.1351
399,12.768,-0.072742,-0.345564,0.52107,1,FOLLOWING,68.06,70.25,63.34,66.61,64.4,68.89,68.99,66.39,66.57,73.49,63.52,64.39,62.87,71.39,69.17,64.46,3.14,3.1351
400,12.8,-0.070956,-0.344539,0.52107,1,FOLLOWING,66.06,69.6,63.85,66.61,63.55,69.68,67.29,66.57,63.06,68.62,64.63,66.61,62.26,70.86,64.74,66.84,3.14,3.1351
401,12.832,-0.069169,-0.343513,0.52107,1,FOLLOWING,66.35,68.34,64.83,68.58,65.35,67.24,66.05,67.22,66.79,66.46,66.31,71.55,68.05,63.58,64.2,68.19,3.14,3.135
402,12.864,-0.067383,-0.342488,0.52107,1,FOLLOWING,64.94,67.78,67.81,69.69,67.29,67.86,65.5,64.26,62.83,66.93,72.27,71.35,70.2,68.78,64.68,59.82,3.14,3.135
403,12.896,-0.065596,-0.341462,0.52107,1,FOLLOWING,66.59,68.46,69.66,67.57,68.13,66.89,67.48,65.13,69.07,69.49,72.43,64.4,69.39,65.43,70.45,66.45,3.14,3.135
404,12.928,-0.06381,-0.340437,0.52107,1,FOLLOWING,67.84,68.21,69.41,65.5,67.81,65.5,67.0,65.9,69.72,67.83,69.04,62.38,67.35,63.42,66.28,67.05,3.14,3.1349
405,12.96,-0.062078,-0.339446,0.518594,1,FOLLOWING,66.17,67.5,66.57,66.88,67.71,67.83,66.93,66.5,63.67,66.43,62.31,68.97,67.56,71.34,66.82,67.4,3.1307,3.14
406,12.992,-0.060289,-0.338425,0.518594,1,FOLLOWING,65.49,65.49,67.98,66.32,67.81,66.39,67.08,67.45,64.45,62.47,70.1,65.46,67.95,64.23,67.32,68.86,3.1306,3.14
407,13.024,-0.0585,-0.337404,0.518594,1,FOLLOWING,66.55,65.13,66.95,67.36,68.56,66.87,68.79,67.52,68.15,64.59,65.41,68.92,69.7,67.59,71.34,67.62,3.1306,3.14
408,13.056,-0.056711,-0.336383,0.518594,1,FOLLOWING,64.55,65.68,67.23,67.59,67.83,68.77,68.57,66.62,61.54,66.5,67.64,67.94,66.74,71.62,68.24,65.28,3.1305,3.14
409,13.088,-0.054922,-0.335362,0.518594,1,FOLLOWING,64.33,63.86,67.7,67.64,69.19,66.3,68.33,69.53,64.02,61.13,68.4,67.7,71.22,62.61,67.98,73.9,3.1304,3.14
410,13.12,-0.053133,-0.334341,0.518594,1,FOLLOWING,61.99,65.31,68.13,68.31,67.41,64.34,67.75,71.05,58.47,67.5,68.77,69.31,64.75,61.39,66.88,73.33,3.1304,3.14
411,13.152,-0.051344,-0.33332,0.518594,1,FOLLOWING,65.48,65.28,66.58,69.26,69.22,65.71,68.28,70.27,70.71,65.22,64.25,70.7,71.92,67.78,69.07,69.09,3.1303,3.14
412,13.184,-0.049555,-0.332299,0.518594,1,FOLLOWING,65.68,67.57,66.17,68.76,69.39,65.15,66.54,69.85,65.99,71.02,65.55,68.0,69.66,64.3,63.92,69.22,3.1303,3.14
413,13.216,-0.047766,-0.331278,0.518594,1,FOLLOWING,64.42,68.32,67.6,65.73,66.75,68.28,67.68,65.66,62.52,69.45,69.75,61.2,62.79,72.98,69.38,59.37,3.1302,3.14
414,13.248,-0.045977,-0.330257,0.518594,1,FOLLOWING,66.58,67.2,69.9,65.6,66.77,69.24,67.29,67.23,69.82,65.52,73.34,65.4,66.79,70.68,66.72,69.6,3.1301,3.14
415,13.28,-0.044188,-0.329236,0.518594,1,FOLLOWING,66.55,66.79,70.6,65.66,68.59,68.22,66.29,68.64,66.5,66.19,71.65,65.76,71.32,66.68,64.79,70.75,3.1301,3.14
416,13.312,-0.042456,-0.328245,0.52107,1,FOLLOWING,68.64,69.13,69.81,66.15,68.38,67.87,66.67,67.59,71.78,72.63,68.63,66.87,68.08,67.34,67.24,66.02,3.14,3.1356
417,13.344,-0.040669,-0.327219,0.52107,1,FOLLOWING,70.16,67.97,66.84,68.01,66.87,68.63,65.62,64.97,72.45,66.23,62.39,70.8,64.61,69.77,64.05,61.05,3.14,3.1356
418,13.376,-0.038883,-0.326194,0.52107,1,FOLLOWING,68.95,66.74,65.99,69.0,64.73,70.84,65.46,65.58,67.13,64.89,64.72,70.48,61.52,74.17,65.23,66.48,3.14,3.1355
419,13.408,-0.037096,-0.325168,0.52107,1,FOLLOWING,68.63,65.79,66.51,67.54,63.98,70.96,67.0,65.89,68.15,64.36,67.29,65.35,62.86,71.13,69.31,66.35,3.14,3.1355
420,13.44,-0.03531,-0.324143,0.52107,1,FOLLOWING,67.77,67.79,67.13,66.94,64.17,66.93,67.21,66.42,66.49,70.78,68.05,66.04,64.46,60.88,67.52,67.23,3.14,3.1355
421,13.472,-0.033523,-0.323118,0.52107,1,FOLLOWING,67.03,67.75,67.7,66.5,64.01,67.78,67.52,64.7,65.91,67.69,68.55,65.84,63.77,69.05,67.98,62.1,3.14,3.1354
422,13.504,-0.031737,-0.322092,0.52107,1,FOLLOWING,64.25,69.68,66.53,66.95,63.36,67.29,66.12,64.99,60.1,72.58,64.77,67.61,62.37,66.56,64.03,65.44,3.14,3.1354
423,13.536,-0.029951,-0.321067,0.52107,1,FOLLOWING,65.0,68.91,67.53,69.42,62.4,67.43,66.54,66.38,66.12,67.74,69.04,73.14,60.96,67.63,67.16,68.46,3.14,3.1354
424,13.568,-0.028164,-0.320041,0.52107,1,FOLLOWING,67.51,70.02,69.48,70.46,63.42,68.66,65.98,65.23,71.27,71.68,72.4,72.03,64.96,70.52,65.13,63.5,3.14,3.1353
425,13.6,-0.026378,-0.319016,0.52107,1,FOLLOWING,69.34,65.95,69.96,68.56,63.59,69.08,66.47,67.47,72.09,59.85,70.69,65.71,63.84,69.71,67.21,70.83,3.14,3.1353
426,13.632,-0.024591,-0.317991,0.52107,1,FOLLOWING,67.69,65.53,68.44,68.71,64.98,68.31,65.72,66.48,65.21,64.89,66.17,68.93,67.08,67.14,64.59,65.01,3.14,3.1353
427,13.664,-0.022805,-0.316965,0.52107,1,FOLLOWING,67.34,67.28,68.44,68.31,64.55,68.6,66.45,65.58,66.81,69.9,68.44,67.72,63.89,69.05,67.55,64.22,3.14,3.1352
428,13.696,-0.021018,-0.31594,0.52107,1,FOLLOWING,67.21,68.18,68.15,68.2,66.27,67.83,66.9,67.24,67.01,69.53,67.71,68.02,68.87,66.68,67.56,69.73,3.14,3.1352
429,13.728,-0.019232,-0.314914,0.52107,1,FOLLOWING,66.06,66.86,65.94,68.0,67.18,68.03,66.5,68.38,64.35,64.88,62.62,67.69,68.55,68.32,65.92,70.1,3.14,3.1352
430,13.76,-0.017445,-0.313889,0.52107,1,FOLLOWING,68.98,66.79,66.02,65.99,68.39,67.25,67.18,68.52,73.37,66.68,66.14,62.99,70.19,66.07,68.2,68.73,3.14,3.1351
431,13.792,-0.015659,-0.312864,0.52107,1,FOLLOWING,68.63,64.9,65.11,64.98,67.95,67.25,66.98,69.09,68.09,62.08,63.75,63.46,67.3,67.26,66.69,69.93,3.14,3.1351
432,13.824,-0.013872,-0.311838,0.52107,1,FOLLOWING,67.94,65.55,68.0,66.38,67.35,66.78,68.32,68.87,66.91,66.51,72.33,68.49,66.46,66.07,70.32,68.54,3.14,3.1351
433,13.856,-0.012086,-0.310813,0.52107,1,FOLLOWING,64.96,64.81,67.09,64.99,66.24,67.08,67.82,66.43,60.5,63.7,65.72,62.91,64.57,67.54,67.06,62.78,3.14,3.135
434,13.888,-0.010299,-0.309787,0.52107,1,FOLLOWING,61.53,67.21,68.15,65.78,67.46,65.46,66.5,65.21,56.39,70.81,69.73,66.96,69.3,63.03,64.53,63.37,3.14,3.135
435,13.92,-0.008513,-0.308762,0.52107,1,FOLLOWING,64.44,66.71,66.37,65.08,67.12,66.79,65.7,67.28,68.81,65.95,63.7,64.02,66.62,68.78,64.5,70.4,3.14,3.1349
436,13.952,-0.006726,-0.307737,0.52107,1,FOLLOWING,66.48,63.88,65.5,65.82,67.42,64.65,64.69,65.5,69.53,59.63,64.21,66.94,67.87,61.44,63.17,62.82,3.14,3.1349
437,13.984,-0.00494,-0.306711,0.52107,1,FOLLOWING,68.84,65.03,67.79,67.35,67.43,64.69,64.39,64.4,72.38,66.75,71.21,69.65,67.43,64.74,63.94,62.76,3.14,3.1349
438,14.016,-0.003153,-0.305686,0.52107,1,FOLLOWING,69.83,65.9,69.66,67.7,67.43,65.73,64.02,65.71,71.32,67.22,72.47,68.23,67.44,67.29,63.48,67.66,3.14,3.1348
439,14.048,-0.001422,-0.304695,0.518594,1,FOLLOWING,69.8,66.16,67.57,67.51,66.87,67.37,63.9,68.99,69.75,66.54,64.43,67.22,66.04,69.84,63.7,73.92,3.1308,3.14
440,14.08,0.000367,-0.303674,0.518594,1,FOLLOWING,69.26,65.99,67.12,68.61,71.14,67.16,64.95,70.22,68.46,65.75,66.44,70.25,77.53,66.85,66.54,72.06,3.1307,3.14
441,14.112,0.002156,-0.302653,0.518594,1,FOLLOWING,68.37,66.09,67.73,70.51,70.72,65.01,64.42,67.63,67.02,66.25,68.65,73.35,70.1,61.77,63.62,63.74,3.1306,3.14
442,14.144,0.003945,-0.301632,0.518594,1,FOLLOWING,67.05,66.36,67.87,68.63,69.38,65.73,66.38,66.58,65.06,66.76,68.08,65.81,67.36,66.81,69.31,65.0,3.1306,3.14
443,14.176,0.005734,-0.300611,0.518594,1,FOLLOWING,66.68,65.51,70.71,65.38,67.74,66.32,66.51,68.6,66.12,64.24,74.97,60.51,65.29,67.22,66.72,71.62,3.1305,3.14
444,14.208,0.007523,-0.29959,0.518594,1,FOLLOWING,65.49,64.65,67.82,66.97,66.85,66.65,65.38,67.71,63.72,63.35,63.47,69.35,65.52,67.14,63.69,66.39,3.1304,3.14
445,14.24,0.009312,-0.298569,0.518594,1,FOLLOWING,67.26,67.5,68.48,66.73,66.73,65.0,65.23,66.08,69.91,71.78,69.48,66.37,66.53,62.53,64.99,63.63,3.1303,3.14
446,14.272,0.011101,-0.297548,0.518594,1,FOLLOWING,68.94,68.08,68.95,66.48,66.63,65.6,65.36,66.47,71.45,68.95,69.66,66.11,66.5,66.51,65.55,67.06,3.1303,3.14
447,14.304,0.01289,-0.296527,0.518594,1,FOLLOWING,71.72,66.85,65.27,66.32,65.02,65.99,67.02,64.34,75.89,65.02,59.76,66.07,62.6,66.58,69.52,61.15,3.1302,3.14
448,14.336,0.014679,-0.295506,0.518594,1,FOLLOWING,70.9,66.77,66.03,67.75,65.14,64.62,67.96,65.46,69.66,66.64,67.15,69.9,65.33,62.55,69.36,67.14,3.1301,3.14
449,14.368,0.016469,-0.294485,0.518594,1,FOLLOWING,67.76,67.79,66.25,66.76,64.39,64.43,67.17,67.23,63.05,69.32,66.59,65.26,63.26,64.16,66.0,69.88,3.13,3.14
450,14.4,0.0182,-0.293493,0.52107,1,FOLLOWING,68.12,68.1,65.56,67.89,66.51,62.73,67.09,67.41,68.66,68.57,64.52,69.59,69.69,60.17,66.96,67.69,3.14,3.1356
451,14.432,0.019987,-0.292468,0.52107,1,FOLLOWING,68.61,67.23,67.08,69.07,68.53,64.38,66.4,67.16,69.35,65.93,69.35,70.85,71.57,66.86,65.38,66.79,3.14,3.1356
452,14.464,0.021773,-0.291443,0.52107,1,FOLLOWING,69.26,67.63,64.5,66.67,67.34,65.47,68.57,66.52,70.23,68.24,60.64,63.07,65.54,67.11,71.81,65.56,3.14,3.1356
453,14.496,0.02356,-0.290417,0.52107,1,FOLLOWING,68.53,66.82,66.23,66.75,67.71,67.43,69.57,67.92,67.45,65.6,68.81,66.88,68.26,70.35,71.08,70.02,3.14,3.1355
454,14.528,0.025346,-0.289392,0.52107,1,FOLLOWING,68.61,66.94,66.46,66.71,69.15,65.34,68.41,66.58,68.72,67.12,66.8,66.64,71.32,62.22,66.67,64.58,3.14,3.1355
455,14.56,0.027133,-0.288366,0.52107,1,FOLLOWING,65.63,64.95,64.69,65.78,69.95,65.37,67.49,68.05,61.17,61.95,62.03,64.38,71.14,65.4,66.11,70.24,3.14,3.1355
456,14.592,0.028919,-0.287341,0.52107,1,FOLLOWING,66.95,68.07,63.92,67.22,67.92,66.73,67.72,66.66,68.93,72.76,62.76,69.38,64.88,68.78,68.06,64.58,3.14,3.1354
457,14.624,0.030706,-0.286316,0.52107,1,FOLLOWING,65.8,70.91,65.37,67.94,68.68,66.39,66.52,64.74,64.07,75.17,67.55,69.01,69.81,65.88,64.71,61.86,3.14,3.1354
458,14.656,0.032492,-0.28529,0.52107,1,FOLLOWING,66.06,70.05,65.51,67.45,69.01,66.53,66.31,63.05,66.46,68.76,65.71,66.73,69.52,66.75,66.01,60.51,3.14,3.1353
459,14.688,0.034279,-0.284265,0.52107,1,FOLLOWING,67.2,69.31,65.28,65.72,67.22,66.88,66.81,64.34,68.9,68.2,64.94,63.13,64.53,67.4,67.56,66.29,3.14,3.1353
460,14.72,0.036065,-0.283239,0.52107,1,FOLLOWING,65.82,67.81,63.51,66.49,67.1,68.86,67.05,64.4,63.76,65.55,60.85,67.63,66.93,71.82,67.4,64.5,3.14,3.1352
461,14.752,0.037852,-0.282214,0.52107,1,FOLLOWING,69.79,68.22,64.8,64.97,66.6,66.95,68.92,65.79,75.73,68.84,66.75,62.69,65.84,64.09,71.73,67.86,3.14,3.1352
462,14.784,0.039638,-0.281189,0.52107,1,FOLLOWING,66.93,65.31,66.05,63.54,66.13,68.17,67.04,66.54,62.64,60.96,67.91,61.4,65.43,69.99,64.22,67.67,3.14,3.1351
463,14.816,0.041425,-0.280163,0.52107,1,FOLLOWING,68.34,64.81,66.76,63.92,68.62,68.49,65.79,64.68,70.45,64.05,67.83,64.48,72.36,68.97,63.9,61.88,3.14,3.1351
464,14.848,0.043211,-0.279138,0.52107,1,FOLLOWING,67.63,66.65,69.36,66.17,70.1,70.22,65.74,68.11,66.58,69.41,73.27,69.54,72.32,72.83,65.67,73.27,3.14,3.135
465,14.88,0.044997,-0.278112,0.52107,1,FOLLOWING,67.57,68.28,67.35,65.93,67.75,70.87,66.41,66.29,67.47,70.72,64.33,65.58,64.23,71.83,67.42,63.55,3.14,3.135
466,14.912,0.046784,-0.277087,0.52107,1,FOLLOWING,67.46,69.76,68.89,64.58,69.23,70.43,68.24,67.96,67.3,72.0,71.21,62.54,71.44,69.78,70.97,70.48,3.14,3.1349
467,14.944,0.04857,-0.276062,0.52107,1,FOLLOWING,66.23,67.11,69.3,64.26,70.36,70.47,68.54,67.24,64.39,63.14,69.91,63.77,72.06,70.54,69.0,66.16,3.14,3.1349
468,14.976,0.050357,-0.275036,0.52107,1,FOLLOWING,66.58,64.45,66.83,65.01,69.12,67.07,70.16,66.05,67.11,60.46,63.12,66.15,67.26,61.97,72.59,64.26,3.14,3.1348
469,15.008,0.052143,-0.274011,0.52107,1,FOLLOWING,65.34,65.74,66.67,67.9,69.94,68.66,73.1,66.09,63.48,67.68,66.43,72.22,71.17,71.05,77.5,66.14,3.14,3.1348
470,15.04,0.05393,-0.272985,0.52107,1,FOLLOWING,68.07,67.2,66.83,67.66,67.95,66.79,77.78,65.38,72.17,69.39,67.06,67.3,64.97,63.97,84.8,64.32,3.14,3.1347
471,15.072,0.055716,-0.27196,0.52107,1,FOLLOWING,66.76,65.79,67.61,66.03,68.16,68.12,84.31,65.01,64.79,63.68,68.8,63.59,68.47,70.13,94.11,64.46,3.14,3.1347
472,15.104,0.057448,-0.270969,0.518594,1,FOLLOWING,67.39,67.61,67.05,66.59,68.0,67.63,91.6,64.08,68.35,70.33,66.21,67.43,67.77,66.89,102.54,62.68,3.1309,3.14
473,15.136,0.059237,-0.269948,0.518594,1,FOLLOWING,67.2,66.57,69.37,66.1,69.8,68.2,95.73,66.59,66.9,65.01,72.85,65.37,72.5,69.05,101.91,70.37,3.1308,3.14
474,15.168,0.061026,-0.268927,0.518594,1,FOLLOWING,67.74,66.47,70.41,66.13,68.5,67.29,100.2,69.94,68.56,66.33,71.97,66.18,66.54,65.93,106.9,74.97,3.1307,3.14
475,15.2,0.062815,-0.267906,0.518594,1,FOLLOWING,69.05,65.26,70.17,67.49,68.31,69.41,103.46,67.58,71.02,63.45,69.82,69.53,68.03,72.59,108.36,64.03,3.1306,3.14
476,15.232,0.064604,-0.266885,0.518594,1,FOLLOWING,66.77,65.35,68.43,65.64,68.08,69.55,110.03,70.11,63.34,65.48,65.81,62.87,67.74,69.75,119.87,73.9,3.1305,3.14
477,15.264,0.066393,-0.265864,0.518594,1,FOLLOWING,67.89,66.69,66.68,69.39,69.35,68.45,110.44,68.13,69.59,68.71,64.06,75.02,71.24,66.79,111.06,65.16,3.1304,3.14
478,15.296,0.068182,-0.264843,0.518594,1,FOLLOWING,66.29,65.86,67.77,68.9,65.46,67.28,111.55,69.4,63.88,64.62,69.4,68.17,59.62,65.53,113.23,71.3,3.1303,3.14
479,15.328,0.069971,-0.263822,0.518594,1,FOLLOWING,67.8,66.81,67.56,67.43,66.3,68.37,120.5,69.03,70.07,68.22,67.26,65.21,67.57,70.02,133.91,68.49,3.1302,3.14
480,15.36,0.07176,-0.262801,0.518594,1,FOLLOWING,68.21,66.07,66.83,66.94,67.09,67.16,124.18,66.57,68.83,64.96,65.72,66.2,68.26,65.33,129.71,62.86,3.1301,3.14
481,15.392,0.073549,-0.26178,0.518594,1,FOLLOWING,70.45,67.53,65.11,68.5,66.68,68.31,128.26,66.89,73.81,69.72,62.55,70.85,66.07,70.05,134.37,67.37,3.13,3.14
482,15.424,0.075338,-0.260759,0.518594,1,FOLLOWING,69.37,64.76,66.18,69.69,68.83,70.34,137.08,71.16,67.75,60.6,67.78,71.46,72.07,73.39,150.3,77.57,3.1298,3.14
483,15.456,0.077127,-0.259738,0.518594,1,FOLLOWING,67.61,64.18,66.06,68.74,67.93,73.1,141.16,76.33,64.97,63.32,65.88,67.33,66.56,77.24,147.28,84.07,3.1297,3.14
484,15.488,0.078859,-0.258747,0.52107,1,FOLLOWING,69.58,65.88,66.97,69.79,66.34,79.44,144.83,81.23,72.53,68.44,68.32,71.35,63.95,88.95,150.33,88.59,3.14,3.1359
485,15.52,0.080646,-0.257721,0.52107,1,AVOID_RIGHT,68.88,65.08,69.45,68.2,65.53,85.68,152.91,86.73,67.84,63.88,73.17,65.81,64.31,95.05,165.05,94.97,0.8,0.15
486,15.552,0.080981,-0.257531,0.511167,1,AVOID_RIGHT,66.83,64.9,69.05,68.73,65.39,91.46,164.84,93.05,63.76,64.64,68.45,69.54,65.18,100.12,182.72,102.54,0.8,0.15
487,15.584,0.081263,-0.257374,0.50374,1,AVOID_RIGHT,67.51,65.3,70.21,67.19,67.46,96.9,168.37,94.23,68.52,65.89,71.96,64.87,70.58,105.07,173.68,96.0,0.8,0.15
488,15.616,0.081545,-0.25722,0.496312,1,AVOID_RIGHT,67.63,67.32,68.95,65.91,67.2,100.43,172.53,95.17,67.81,70.34,67.06,63.99,66.79,105.73,178.77,96.58,0.8,0.15
489,15.648,0.081772,-0.257099,0.486409,1,AVOID_RIGHT,67.1,67.77,68.19,65.78,66.55,104.99,173.16,92.05,66.29,68.44,67.04,65.6,65.59,111.83,174.1,87.38,0.8,0.15
490,15.68,0.082057,-0.256949,0.478982,1,AVOID_RIGHT,66.79,66.32,66.99,66.98,67.25,107.14,172.67,90.48,66.32,64.14,65.2,68.77,68.29,110.38,171.94,88.13,0.8,0.15
491,15.712,0.082344,-0.256802,0.471555,1,AVOID_RIGHT,64.89,66.54,65.87,67.81,66.9,107.9,173.18,89.45,62.04,66.88,64.19,69.05,66.38,109.03,173.93,87.9,0.8,0.15
492,15.744,0.082631,-0.256657,0.464127,1,AVOID_RIGHT,65.71,68.06,69.62,66.99,65.27,107.2,175.73,89.39,66.95,70.34,75.24,65.77,62.83,106.14,179.55,89.29,0.8,0.15
493,15.776,0.082862,-0.256543,0.454224,1,AVOID_RIGHT,67.38,68.16,69.14,64.68,64.65,108.46,174.13,89.47,69.89,68.29,68.43,61.22,63.72,110.35,171.73,89.6,0.8,0.15
494,15.808,0.083151,-0.256402,0.446797,1,AVOID_RIGHT,66.47,67.42,68.65,69.85,66.64,109.64,174.23,87.86,65.1,66.33,67.93,77.6,69.63,111.41,174.39,85.43,0.8,0.15
495,15.84,0.083442,-0.256264,0.43937,1,AVOID_RIGHT,66.32,66.96,68.13,68.42,66.61,109.26,174.27,87.7,66.11,66.28,67.34,66.27,66.56,108.7,174.32,87.47,0.8,0.15
496,15.872,0.083734,-0.256129,0.431942,1,AVOID_RIGHT,66.16,68.38,67.81,70.36,67.58,108.99,176.15,87.77,65.92,70.5,67.32,73.26,69.02,108.57,178.97,87.88,0.8,0.15
497,15.904,0.083968,-0.256022,0.422039,1,AVOID_RIGHT,67.63,67.35,67.11,69.33,67.05,112.79,180.74,87.01,69.83,65.8,66.06,67.8,66.27,118.49,187.62,85.87,0.8,0.15
498,15.936,0.084262,-0.255891,0.414612,1,AVOID_RIGHT,68.58,66.97,67.76,68.65,68.84,112.93,177.23,84.91,69.99,66.41,68.73,67.61,71.52,113.14,171.98,81.77,0.8,0.15
499,15.968,0.084557,-0.255763,0.407185,1,AVOID_RIGHT,68.85,66.24,70.06,69.82,67.33,119.0,177.25,83.14,69.25,65.14,73.51,71.59,65.06,128.11,177.27,80.47,0.8,0.15
500,16.0,0.084913,-0.255612,0.397282,1,AVOID_RIGHT,68.14,67.19,70.28,70.69,66.83,119.16,182.44,81.83,67.08,68.6,70.6,71.99,66.1,119.41,190.24,79.87,0.8,0.15
501,16.032,0.08521,-0.255488,0.389854,1,AVOID_RIGHT,66.69,66.3,70.97,70.12,69.25,119.15,182.11,78.74,64.52,64.97,72.01,69.27,72.88,119.14,181.6,74.11,0.8,0.15
502,16.064,0.085449,-0.255391,0.379951,1,AVOID_RIGHT,64.84,67.19,71.46,68.88,68.3,119.48,182.51,78.27,62.07,68.53,72.2,67.03,66.88,119.96,183.12,77.57,0.8,0.15
503,16.096,0.085748,-0.255273,0.372524,1,AVOID_RIGHT,66.05,64.17,71.01,69.83,68.18,120.78,181.54,77.52,67.86,59.63,70.34,71.25,68.0,122.74,180.08,76.4,0.8,0.15
504,16.128,0.086048,-0.255157,0.365097,1,AVOID_RIGHT,66.56,66.58,69.24,68.15,67.43,120.14,179.65,76.23,67.31,70.21,66.58,65.63,66.31,119.19,176.82,74.3,0.8,0.15
505,16.16,0.086349,-0.255043,0.357669,1,AVOID_RIGHT,65.05,64.5,66.8,67.08,65.67,124.81,182.02,73.78,62.8,61.37,63.15,65.48,63.03,131.81,185.58,70.1,0.8,0.15
506,16.192,0.086591,-0.254954,0.347766,1,AVOID_RIGHT,65.71,65.69,64.18,66.83,67.19,126.66,182.83,69.14,66.69,67.47,60.24,66.44,69.46,129.44,184.03,62.19,0.8,0.15
507,16.224,0.086894,-0.254846,0.340339,1,AVOID_RIGHT,65.12,64.98,65.82,65.28,67.86,128.8,186.99,69.52,64.23,63.92,68.28,62.95,68.88,132.0,193.24,70.08,0.8,0.15
508,16.256,0.087198,-0.25474,0.332912,1,AVOID_RIGHT,67.53,68.71,66.5,69.12,67.57,134.68,188.57,69.65,71.15,74.31,67.53,74.89,67.12,143.51,190.94,69.84,0.8,0.15
509,16.288,0.087502,-0.254635,0.325484,1,AVOID_RIGHT,68.42,67.78,66.6,68.58,67.26,137.01,185.5,65.96,69.75,66.39,66.75,67.77,66.8,140.51,180.9,60.43,0.8,0.15
510,16.32,0.087747,-0.254554,0.315581,1,AVOID_RIGHT,66.16,66.47,68.66,67.22,67.63,138.81,185.94,65.2,62.78,64.51,71.75,65.19,68.18,141.5,186.58,64.06,0.8,0.15
511,16.352,0.088053,-0.254456,0.308154,1,AVOID_RIGHT,65.41,66.17,67.84,66.39,69.17,141.82,184.69,64.33,64.29,65.71,66.61,65.14,71.48,146.35,182.81,63.03,0.8,0.15
512,16.384,0.08836,-0.254359,0.300727,1,AVOID_RIGHT,66.03,69.08,67.48,69.24,68.57,144.06,185.51,63.57,66.96,73.46,66.95,73.52,67.67,147.41,186.73,62.43,0.8,0.15
513,16.416,0.088729,-0.254247,0.290824,1,AVOID_RIGHT,68.51,68.42,67.76,66.75,66.18,145.59,184.83,64.96,72.23,67.42,68.19,63.01,62.6,147.88,183.81,67.04,0.8,0.15
514,16.448,0.088976,-0.254174,0.280921,1,AVOID_RIGHT,67.78,70.27,69.78,68.3,67.65,145.23,184.94,65.49,66.68,73.05,72.8,70.64,69.85,144.69,185.1,66.3,0.8,0.15
515,16.48,0.089286,-0.254086,0.273493,1,AVOID_RIGHT,67.26,68.41,68.99,67.63,66.34,146.95,183.95,64.25,66.49,65.62,67.8,66.61,64.37,149.55,182.46,62.38,0.8,0.15
516,16.512,0.089596,-0.254,0.266066,1,AVOID_RIGHT,66.93,66.6,68.36,67.9,65.73,146.45,184.78,65.73,66.43,63.87,67.42,68.32,64.82,145.7,186.04,67.95,0.8,0.15
517,16.544,0.089907,-0.253917,0.258639,1,AVOID_RIGHT,65.7,67.31,68.01,67.53,67.44,150.63,185.72,67.07,63.86,68.38,67.49,66.97,69.99,156.9,187.12,69.09,0.8,0.15
518,16.576,0.090219,-0.253835,0.251211,1,AVOID_RIGHT,66.07,68.25,67.44,65.0,67.63,152.61,183.87,66.06,66.61,69.67,66.58,61.2,67.91,155.58,181.1,64.55,0.8,0.15
519,16.608,0.090468,-0.253773,0.241308,1,AVOID_RIGHT,64.49,70.65,66.85,65.28,67.05,155.52,184.71,64.29,62.14,74.25,65.96,65.69,66.2,159.9,185.96,61.63,0.8,0.15
520,16.64,0.090781,-0.253697,0.233881,1,AVOID_RIGHT,64.47,69.69,66.79,67.24,65.58,158.23,182.37,65.77,64.44,68.24,66.7,70.18,63.38,162.29,178.86,67.98,0.8,0.15
521,16.672,0.091094,-0.253624,0.226454,1,AVOID_RIGHT,65.54,68.21,68.78,67.41,66.19,161.64,179.92,64.67,67.14,65.99,71.76,67.68,67.09,166.76,176.26,63.02,0.8,0.15
522,16.704,0.091408,-0.253552,0.219026,1,AVOID_RIGHT,65.84,67.64,68.5,65.33,66.59,159.99,182.85,63.53,66.3,66.78,68.07,62.21,67.2,157.52,187.24,61.82,0.8,0.15
523,16.736,0.09166,-0.253498,0.209123,1,AVOID_RIGHT,68.23,65.99,67.22,68.38,68.09,161.69,182.52,64.04,71.82,63.52,65.3,72.95,70.33,164.24,182.02,64.81,0.8,0.15
524,16.768,0.091975,-0.253432,0.201696,1,AVOID_RIGHT,64.97,65.59,66.64,67.64,67.29,165.68,180.89,66.38,60.07,64.98,65.76,66.52,66.09,171.68,178.45,69.9,0.8,0.15
525,16.8,0.092291,-0.253369,0.194269,1,AVOID_RIGHT,69.02,67.31,65.43,66.77,65.39,168.73,180.2,67.41,75.09,69.89,63.61,65.46,62.54,173.3,179.17,68.96,0.8,0.15
526,16.832,0.09267,-0.253296,0.184366,1,AVOID_RIGHT,69.98,66.44,66.19,66.34,63.47,168.31,181.67,67.72,71.43,65.13,67.33,65.71,60.58,167.68,183.88,68.19,0.8,0.15
527,16.864,0.092923,-0.25325,0.174462,1,AVOID_RIGHT,70.39,66.83,63.87,70.49,65.16,172.62,180.15,67.76,70.99,67.42,60.4,76.71,67.69,179.07,177.88,67.81,0.8,0.15
528,16.896,0.09324,-0.253195,0.167035,1,AVOID_RIGHT,69.49,68.59,65.59,68.06,66.44,174.19,180.27,66.62,68.14,71.23,68.16,64.41,68.36,176.56,180.45,64.91,0.8,0.15
529,16.928,0.093558,-0.253143,0.159608,1,AVOID_RIGHT,72.3,69.01,65.69,68.07,63.87,177.64,178.99,66.71,76.52,69.63,65.84,68.09,60.0,182.81,177.08,66.85,0.8,0.15
530,16.96,0.093876,-0.253093,0.152181,1,AVOID_RIGHT,71.3,67.04,66.12,65.53,63.46,176.29,176.02,67.91,69.78,64.09,66.76,61.73,62.84,174.27,171.56,69.71,0.8,0.15
531,16.992,0.094131,-0.253055,0.142277,1,AVOID_RIGHT,69.01,68.62,65.34,66.73,63.87,182.75,174.81,68.25,65.59,71.0,64.17,68.53,64.49,192.44,173.0,68.76,0.8,0.15
532,17.024,0.094449,-0.253011,0.13485,1,AVOID_RIGHT,69.44,67.19,67.44,67.75,67.63,181.85,174.62,68.07,70.08,65.03,70.6,69.27,73.27,180.5,174.34,67.79,0.8,0.15
533,17.056,0.094768,-0.252969,0.127423,1,AVOID_RIGHT,69.94,64.74,68.29,67.32,68.81,186.64,173.48,68.1,70.68,61.07,69.55,66.69,70.57,193.82,171.75,68.14,0.8,0.15
534,17.088,0.095088,-0.252929,0.119996,1,AVOID_RIGHT,69.41,62.48,68.69,67.16,67.14,188.83,173.49,68.38,68.61,59.1,69.29,66.91,64.65,192.13,173.51,68.8,0.8,0.15
535,17.12,0.095408,-0.252892,0.112568,1,AVOID_RIGHT,70.37,63.01,66.83,66.74,66.29,190.06,171.62,67.71,71.81,63.8,64.03,66.12,65.02,191.89,168.81,66.71,0.8,0.15
536,17.152,0.095664,-0.252864,0.102665,1,AVOID_RIGHT,68.29,66.12,67.49,65.68,65.18,193.54,172.46,69.41,65.18,70.79,68.47,64.1,63.52,198.76,173.71,71.96,0.8,0.15
537,17.184,0.095984,-0.252832,0.095238,1,AVOID_RIGHT,65.96,66.61,66.55,66.56,67.09,196.36,167.12,67.36,62.47,67.35,65.15,67.87,69.94,200.59,159.12,64.3,0.8,0.15
538,17.216,0.096304,-0.252803,0.087811,1,AVOID_RIGHT,65.67,65.82,68.58,67.35,65.95,202.88,161.74,66.37,65.24,64.63,71.62,68.53,64.24,212.66,153.67,64.88,0.8,0.15
539,17.248,0.096689,-0.252771,0.077907,1,AVOID_RIGHT,67.12,64.68,68.34,67.13,65.71,204.26,162.5,63.28,69.28,62.97,67.97,66.79,65.36,206.34,163.64,58.65,0.8,0.15
540,17.28,0.096946,-0.252752,0.068004,1,AVOID_RIGHT,67.75,66.66,67.83,69.17,62.74,205.67,159.85,64.24,68.7,69.63,67.08,72.25,58.27,207.78,155.88,65.67,0.8,0.15
541,17.312,0.097267,-0.252731,0.060577,1,AVOID_RIGHT,69.53,66.72,66.26,67.86,62.08,207.04,154.69,64.73,72.2,66.82,63.89,65.89,61.09,209.1,146.96,65.46,0.8,0.15
542,17.344,0.097588,-0.252713,0.05315,1,AVOID_RIGHT,70.05,66.0,65.26,68.84,64.69,206.59,153.97,65.58,70.81,64.92,63.75,70.31,68.6,205.92,152.87,66.86,0.8,0.15
543,17.376,0.09791,-0.252697,0.045722,1,AVOID_RIGHT,66.89,68.41,66.44,67.41,64.79,207.34,154.35,66.64,62.16,72.02,68.22,65.27,64.95,208.47,154.94,68.23,0.8,0.15
544,17.408,0.098167,-0.252687,0.035819,1,AVOID_RIGHT,65.16,66.36,68.44,69.53,67.27,212.51,154.97,66.6,62.57,63.29,71.44,72.7,70.99,220.26,155.89,66.53,0.8,0.15
545,17.44,0.098489,-0.252676,0.028392,1,AVOID_RIGHT,68.28,65.94,67.92,68.4,67.52,214.48,153.78,68.3,72.96,65.3,67.14,66.7,67.89,217.43,151.99,70.86,0.8,0.15
546,17.472,0.098811,-0.252669,0.020965,1,AVOID_RIGHT,67.42,65.55,67.97,68.94,68.74,212.73,150.94,68.02,66.14,64.98,68.06,69.75,70.58,210.11,146.69,67.6,0.8,0.15
547,17.504,0.099132,-0.252663,0.013537,1,AVOID_RIGHT,67.75,68.72,69.44,69.44,67.38,214.86,153.65,66.63,68.25,73.47,71.63,70.18,65.34,218.06,157.73,64.56,0.8,0.15
548,17.536,0.09939,-0.252661,0.003634,1,AVOID_RIGHT,69.74,70.22,68.16,68.01,69.52,216.11,152.08,68.12,72.73,72.47,66.24,65.88,72.72,217.97,149.72,70.35,0.8,0.15
549,17.568,0.099712,-0.252661,-0.003793,1,AVOID_RIGHT,65.92,70.22,66.35,68.68,71.22,215.44,151.5,69.22,60.19,70.22,63.64,69.67,73.78,214.44,150.63,70.86,0.8,0.15
550,17.6,0.100034,-0.252663,-0.01122,1,AVOID_RIGHT,67.15,67.03,68.39,67.67,69.24,217.88,145.92,69.53,69.0,62.25,71.46,66.16,66.26,221.53,137.54,70.0,0.8,0.15
551,17.632,0.100355,-0.252668,-0.018648,1,AVOID_RIGHT,67.19,67.88,68.99,69.1,67.97,221.44,145.64,68.38,67.25,69.14,69.89,71.24,66.06,226.78,145.23,66.67,0.8,0.15
552,17.664,0.100742,-0.252677,-0.028551,1,AVOID_RIGHT,66.32,66.97,65.91,67.73,65.8,223.24,142.86,69.35,65.01,65.62,61.29,65.69,62.54,225.95,138.7,70.79,0.8,0.15
553,17.696,0.100999,-0.252686,-0.038454,1,AVOID_RIGHT,65.94,68.82,66.7,68.11,66.07,222.83,142.42,66.82,65.38,71.6,67.89,68.68,66.48,222.21,141.76,63.02,0.8,0.15
554,17.728,0.10132,-0.252699,-0.045881,1,AVOID_RIGHT,66.04,69.34,66.91,68.41,67.31,221.68,140.7,66.69,66.18,70.12,67.21,68.86,69.17,219.97,138.13,66.5,0.8,0.15
555,17.76,0.101642,-0.252715,-0.053308,1,AVOID_RIGHT,63.63,69.39,69.51,68.75,69.34,221.47,139.25,66.71,60.01,69.47,73.41,69.26,72.39,221.15,137.07,66.74,0.8,0.15
556,17.792,0.101963,-0.252734,-0.060736,1,AVOID_RIGHT,65.13,68.49,67.79,68.91,70.12,216.79,137.84,66.44,67.37,67.13,65.21,69.14,71.3,209.77,135.72,66.04,0.8,0.15
557,17.824,0.10222,-0.252751,-0.070639,1,AVOID_RIGHT,65.55,68.98,66.35,67.97,68.99,220.11,135.14,68.43,66.19,69.71,64.18,66.57,67.29,225.1,131.09,71.4,0.8,0.15
558,17.856,0.102541,-0.252774,-0.078066,1,AVOID_RIGHT,65.41,68.15,68.27,68.66,68.77,220.28,135.43,68.04,65.19,66.92,71.16,69.7,68.43,220.53,135.88,67.46,0.8,0.15
559,17.888,0.102862,-0.252801,-0.085493,1,AVOID_RIGHT,67.64,67.38,66.49,69.0,70.13,222.03,133.13,65.91,70.99,66.23,63.82,69.5,72.17,224.66,129.66,62.71,0.8,0.15
560,17.92,0.103182,-0.252829,-0.092921,1,AVOID_RIGHT,65.36,70.32,66.08,69.4,69.07,222.39,131.06,65.45,61.94,74.72,65.47,70.0,67.48,222.93,127.96,64.76,0.8,0.15
561,17.952,0.103439,-0.252855,-0.102824,1,AVOID_RIGHT,63.87,69.9,64.63,69.56,71.6,227.87,129.96,65.57,61.63,69.26,62.46,69.79,75.39,236.1,128.32,65.76,0.8,0.15
562,17.984,0.103759,-0.252889,-0.110251,1,AVOID_RIGHT,65.29,68.38,65.82,67.72,70.8,228.8,127.16,66.47,67.43,66.11,67.6,64.97,69.6,230.18,122.95,67.81,0.8,0.15
563,18.016,0.104078,-0.252925,-0.117678,1,AVOID_RIGHT,66.06,68.62,66.86,63.79,71.25,230.2,123.41,68.17,67.21,68.96,68.42,57.88,71.93,232.31,117.8,70.71,0.8,0.15
564,18.048,0.104398,-0.252964,-0.125106,1,FOLLOWING,66.53,67.33,68.48,63.71,69.08,233.44,124.68,68.94,67.23,65.4,70.92,63.59,65.82,238.31,126.58,70.1,-0.9168,3.14
565,18.08,0.105167,-0.253042,-0.07559,1,FOLLOWING,66.2,67.31,67.05,64.5,68.8,234.07,132.27,67.91,65.72,67.27,64.9,65.69,68.39,235.0,143.66,66.36,-0.649,3.14
566,18.112,0.105938,-0.253081,-0.026075,1,FOLLOWING,64.08,65.34,66.53,66.79,68.02,231.75,135.92,68.62,60.9,62.4,65.75,70.22,66.85,228.27,141.39,69.69,-0.3801,3.14
567,18.144,0.106904,-0.253086,0.016013,1,FOLLOWING,65.91,66.54,64.85,65.58,66.21,229.77,144.99,68.28,68.66,68.34,62.34,63.76,63.5,226.8,158.58,67.77,-0.1577,3.14
568,18.176,0.107868,-0.25305,0.058101,1,AVOID_RIGHT,66.02,65.73,64.75,65.57,66.9,227.17,157.13,66.5,66.19,64.51,64.59,65.56,67.93,223.27,175.36,63.83,0.8,0.15
569,18.208,0.108126,-0.253036,0.048198,1,AVOID_RIGHT,65.6,66.45,64.79,67.17,66.33,226.29,164.37,66.29,64.96,67.54,64.85,69.57,65.48,224.97,175.23,65.96,0.8,0.15
570,18.24,0.108447,-0.253022,0.040771,1,AVOID_RIGHT,66.08,68.64,64.94,66.76,67.35,226.23,164.68,68.96,66.82,71.93,65.17,66.15,68.89,226.15,165.13,72.98,0.8,0.15
571,18.272,0.108769,-0.25301,0.033344,1,AVOID_RIGHT,67.75,67.16,67.54,66.92,66.05,224.31,167.41,70.15,70.24,64.94,71.44,67.15,64.09,221.42,171.5,71.93,0.8,0.15
572,18.304,0.10909,-0.253001,0.025916,1,AVOID_RIGHT,68.57,67.34,66.98,67.31,69.46,229.62,165.09,68.97,69.8,67.6,66.14,67.9,74.57,237.6,161.61,67.2,0.8,0.15
573,18.336,0.109348,-0.252995,0.016013,1,AVOID_RIGHT,67.62,67.48,68.4,68.21,68.69,232.2,165.3,69.1,66.19,67.7,70.52,69.57,67.53,236.07,165.62,69.3,0.8,0.15
574,18.368,0.10967,-0.252991,0.008586,1,AVOID_RIGHT,68.4,66.22,67.37,67.26,68.83,232.96,159.87,68.37,69.57,64.32,65.82,65.82,69.04,234.1,151.72,67.27,0.8,0.15
575,18.4,0.109991,-0.25299,0.001159,1,AVOID_RIGHT,69.46,66.96,66.31,66.8,66.83,234.64,157.35,68.25,71.04,68.08,64.71,66.12,63.83,237.16,153.58,68.06,0.8,0.15
576,18.432,0.110313,-0.252991,-0.006269,1,AVOID_RIGHT,68.36,66.46,65.68,68.86,65.33,237.13,157.53,66.09,66.71,65.72,64.74,71.95,63.08,240.87,157.79,62.86,0.8,0.15
577,18.464,0.110571,-0.252993,-0.016172,1,AVOID_RIGHT,67.43,67.01,66.26,67.07,66.11,234.76,154.54,63.48,66.05,67.82,67.14,64.38,67.29,231.21,150.06,59.56,0.8,0.15
578,18.496,0.110893,-0.253,-0.023599,1,AVOID_RIGHT,66.37,67.78,64.7,65.4,67.34,236.09,153.93,64.27,64.78,68.94,62.35,62.89,69.18,238.08,153.02,65.46,0.8,0.15
579,18.528,0.111279,-0.253011,-0.033502,1,AVOID_RIGHT,67.89,68.84,65.31,66.32,65.76,240.81,155.85,66.62,70.16,70.42,66.23,67.71,63.39,247.88,158.71,70.15,0.8,0.15
580,18.56,0.1116,-0.253023,-0.040929,1,AVOID_RIGHT,66.67,71.4,66.99,67.38,65.54,240.59,153.2,67.2,64.84,75.25,69.52,68.97,65.22,240.26,149.24,68.06,0.8,0.15
581,18.592,0.111922,-0.253037,-0.048357,1,AVOID_RIGHT,65.79,68.23,67.4,67.11,65.03,242.63,153.25,67.97,64.47,63.47,68.0,66.7,64.25,245.68,153.32,69.13,0.8,0.15
582,18.624,0.112179,-0.253051,-0.05826,1,AVOID_RIGHT,65.01,66.88,68.22,66.18,66.32,243.8,150.87,67.22,63.85,64.87,69.46,64.79,68.27,245.57,147.31,66.1,0.8,0.15
583,18.656,0.1125,-0.253071,-0.065687,1,AVOID_RIGHT,65.35,67.14,68.49,66.75,66.61,248.68,151.1,68.85,65.84,67.53,68.89,67.61,67.04,255.99,151.45,71.29,0.8,0.15
584,18.688,0.112821,-0.253093,-0.073114,1,AVOID_RIGHT,67.77,67.65,67.88,64.71,67.57,247.29,148.1,69.75,71.4,68.4,66.96,61.64,69.01,245.22,143.59,71.09,0.8,0.15
585,18.72,0.113142,-0.253118,-0.080542,1,AVOID_RIGHT,67.1,68.36,65.24,66.93,64.39,248.06,144.03,69.61,66.1,69.43,61.28,70.26,59.62,249.21,137.93,69.41,0.8,0.15
586,18.752,0.113399,-0.25314,-0.090445,1,AVOID_RIGHT,67.17,67.98,65.17,66.41,64.14,250.4,141.54,69.97,67.29,67.42,65.06,65.62,63.78,253.92,137.81,70.5,0.6,-0.6
587,18.784,0.113399,-0.25314,-0.105299,1,AVOID_RIGHT,69.83,70.54,67.93,65.17,63.85,252.45,142.06,70.54,73.82,74.36,72.08,63.32,63.41,255.53,142.84,71.41,0.6,-0.6
588,18.816,0.113399,-0.25314,-0.120154,1,AVOID_RIGHT,69.59,67.41,67.41,67.17,64.88,254.49,138.58,67.48,69.22,62.72,66.62,70.17,66.43,257.55,133.35,62.89,0.6,-0.6
589,18.848,0.113399,-0.25314,-0.135009,1,AVOID_RIGHT,66.12,64.94,70.12,66.88,64.88,251.82,133.98,68.02,60.92,61.23,74.18,66.45,64.88,247.8,127.08,68.83,0.6,-0.6
590,18.88,0.113399,-0.25314,-0.149863,1,AVOID_RIGHT,68.03,65.42,68.4,66.86,64.78,252.79,128.89,66.08,70.89,66.15,65.84,66.84,64.63,254.25,121.24,63.18,0.6,-0.6
591,18.912,0.113399,-0.25314,-0.164718,1,AVOID_RIGHT,67.49,64.86,66.65,66.56,63.75,252.99,127.84,65.43,66.68,64.02,64.02,66.11,62.2,253.28,126.27,64.44,0.6,-0.6
592,18.944,0.113399,-0.25314,-0.179573,1,AVOID_RIGHT,69.0,66.81,68.07,65.52,64.64,255.71,125.11,65.84,71.27,69.74,70.2,63.95,65.97,259.81,121.01,66.46,0.6,-0.6
593,18.976,0.113462,-0.253152,-0.196903,1,AVOID_RIGHT,66.88,65.78,66.3,64.94,65.79,255.03,119.89,64.62,63.7,64.23,63.65,64.08,67.52,254.0,112.07,62.8,0.6,-0.6
594,19.008,0.113462,-0.253152,-0.211758,1,AVOID_RIGHT,64.02,66.68,67.7,65.77,66.23,254.31,120.64,65.04,59.73,68.03,69.8,67.01,66.9,253.22,121.77,65.66,0.6,-0.6
595,19.04,0.113462,-0.253152,-0.226612,1,AVOID_RIGHT,63.16,65.06,68.23,69.71,65.98,256.12,119.16,66.64,61.88,62.63,69.01,75.63,65.61,258.84,116.94,69.05,0.6,-0.6
596,19.072,0.113462,-0.253152,-0.241467,1,AVOID_RIGHT,63.28,65.37,65.84,68.38,65.3,255.86,115.46,67.54,63.45,65.82,62.25,66.38,64.27,255.47,109.91,68.89,0.6,-0.6
597,19.104,0.113462,-0.253152,-0.256321,1,AVOID_RIGHT,65.23,65.24,67.38,67.34,66.68,257.04,113.82,67.32,68.17,65.06,69.69,65.78,68.76,258.81,111.37,67.0,0.6,-0.6
598,19.136,0.113462,-0.253152,-0.271176,1,AVOID_RIGHT,65.92,68.76,67.33,67.64,66.52,256.01,110.81,67.13,66.96,74.03,67.26,68.09,66.29,254.46,106.29,66.85,0.6,-0.6
599,19.168,0.113462,-0.253152,-0.286031,1,AVOID_RIGHT,66.09,68.81,68.16,67.29,66.49,256.64,106.65,67.66,66.33,68.89,69.42,66.76,66.45,257.58,100.4,68.46,0.6,-0.6
600,19.2,0.113462,-0.253152,-0.300885,1,AVOID_RIGHT,65.35,69.36,66.68,66.21,64.85,252.56,100.7,68.18,64.25,70.18,64.45,64.6,62.38,246.46,91.79,68.96,0.6,-0.6
601,19.232,0.113462,-0.253152,-0.31574,1,AVOID_RIGHT,67.6,69.04,69.64,66.82,66.24,249.18,95.21,69.43,70.97,68.55,74.07,67.74,68.32,244.1,86.97,71.3,0.8,0.15
602,19.264,0.113706,-0.253233,-0.325643,1,AVOID_RIGHT,66.89,67.31,69.33,67.54,64.09,247.68,90.35,70.53,65.83,64.71,68.88,68.62,60.86,245.42,83.06,72.18,0.8,0.15
603,19.296,0.114011,-0.253337,-0.33307,1,AVOID_RIGHT,65.03,68.35,68.35,68.01,66.99,244.5,83.06,67.35,62.24,69.91,66.87,68.7,71.35,239.73,72.14,62.58,0.8,0.15
604,19.328,0.114315,-0.253443,-0.340498,1,AVOID_RIGHT,65.23,69.65,65.18,65.4,66.18,242.78,78.45,68.95,65.52,71.6,60.42,61.5,64.95,240.2,71.54,71.35,0.8,0.15
605,19.36,0.114618,-0.253552,-0.347925,1,AVOID_RIGHT,66.67,68.94,67.06,66.64,66.74,242.34,73.94,67.46,68.84,67.89,69.87,68.49,67.6,241.67,67.17,65.23,0.8,0.15
606,19.392,0.114859,-0.253641,-0.357828,1,AVOID_RIGHT,65.0,66.71,67.68,64.43,65.54,241.0,71.28,66.7,62.5,63.35,68.61,61.11,63.72,239.01,67.3,65.55,0.8,0.15
607,19.424,0.11516,-0.253755,-0.365255,1,AVOID_RIGHT,66.29,68.66,66.74,66.75,65.38,240.05,69.59,66.0,68.22,71.59,65.33,70.24,65.14,238.61,67.05,64.95,0.8,0.15
608,19.456,0.11546,-0.253871,-0.372683,1,AVOID_RIGHT,65.22,68.16,66.83,63.54,65.64,235.96,67.13,67.42,63.61,67.4,66.96,58.72,66.03,229.83,63.43,69.55,0.8,0.15
609,19.488,0.115819,-0.254013,-0.382586,1,AVOID_RIGHT,64.55,68.66,65.08,66.51,65.58,233.89,68.16,67.97,63.54,69.4,62.47,70.97,65.49,230.79,69.7,68.79,0.8,0.15
610,19.52,0.116058,-0.254111,-0.392489,1,AVOID_RIGHT,66.32,65.74,66.41,67.9,66.61,230.38,67.53,70.22,68.98,61.37,68.4,69.98,68.17,225.11,66.59,73.61,0.8,0.15
611,19.552,0.116355,-0.254235,-0.399916,1,AVOID_RIGHT,66.88,66.34,66.78,65.95,67.56,225.05,67.11,66.23,67.72,67.23,67.33,63.02,68.98,217.06,66.47,60.23,0.8,0.15
612,19.584,0.116651,-0.254361,-0.407343,1,AVOID_RIGHT,66.36,65.36,66.88,64.96,70.29,229.68,66.85,66.64,65.58,63.9,67.03,63.49,74.37,236.62,66.46,67.25,0.8,0.15
613,19.616,0.116946,-0.25449,-0.414771,1,AVOID_RIGHT,67.15,67.64,65.48,67.28,69.81,228.31,66.85,68.63,68.33,71.06,63.38,70.75,69.1,226.26,66.85,71.63,0.8,0.15
614,19.648,0.117181,-0.254595,-0.424674,1,AVOID_RIGHT,66.66,68.51,64.81,67.5,73.9,226.56,67.69,67.74,65.93,69.81,63.81,67.85,80.02,223.94,68.95,66.4,0.8,0.15
615,19.68,0.117474,-0.254729,-0.432101,1,AVOID_RIGHT,65.65,68.42,67.18,67.54,76.85,229.43,65.25,68.65,64.15,68.28,70.74,67.6,81.27,233.72,61.58,70.02,0.8,0.15
616,19.712,0.117765,-0.254864,-0.439528,1,AVOID_RIGHT,64.96,68.4,66.18,68.1,80.8,224.94,66.66,67.29,63.91,68.37,64.68,68.92,86.72,218.2,68.79,65.24,0.8,0.15
617,19.744,0.118056,-0.255002,-0.446956,1,AVOID_RIGHT,64.44,66.07,67.02,68.24,84.72,222.95,65.5,64.86,63.67,62.57,68.29,68.45,90.61,219.97,63.76,61.23,0.8,0.15
618,19.776,0.118288,-0.255115,-0.456859,1,AVOID_RIGHT,65.66,66.35,66.38,66.82,84.79,215.2,64.5,65.92,67.49,66.78,65.42,64.7,84.9,203.57,63.01,67.51,0.8,0.15
619,19.808,0.118576,-0.255258,-0.464286,1,AVOID_RIGHT,65.59,67.96,68.25,68.31,87.85,215.72,65.8,68.03,65.48,70.37,71.06,70.53,92.43,216.51,67.75,71.2,0.8,0.15
620,19.84,0.118863,-0.255403,-0.471713,1,AVOID_RIGHT,66.19,68.23,66.41,67.43,91.39,212.02,66.3,67.22,67.09,68.62,63.65,66.12,96.7,206.47,67.04,65.99,0.8,0.15
621,19.872,0.119149,-0.25555,-0.479141,1,AVOID_RIGHT,64.58,67.42,66.39,69.77,93.27,215.72,68.58,68.96,62.17,66.2,66.36,73.29,96.09,221.28,72.01,71.57,0.8,0.15
622,19.904,0.119491,-0.25573,-0.489044,1,AVOID_RIGHT,62.95,70.01,64.63,69.44,96.89,216.84,67.26,71.14,60.49,73.9,61.99,68.93,102.32,218.5,65.28,74.42,0.8,0.15
623,19.936,0.119718,-0.255852,-0.498947,1,AVOID_RIGHT,65.01,68.55,67.8,69.81,101.76,214.41,68.23,71.5,68.11,66.36,72.57,70.37,109.06,210.76,69.69,72.03,0.8,0.15
624,19.968,0.12,-0.256007,-0.506374,1,AVOID_RIGHT,63.08,68.41,66.94,71.02,103.05,213.32,67.8,69.97,60.18,68.2,65.64,72.82,105.0,211.69,67.15,67.68,0.8,0.15
625,20.0,0.120281,-0.256164,-0.513801,1,AVOID_RIGHT,64.78,66.9,64.21,70.91,106.14,212.09,68.41,69.31,67.34,64.64,60.11,70.74,110.78,210.25,69.33,68.31,0.8,0.15
626,20.032,0.120561,-0.256324,-0.521229,1,AVOID_RIGHT,66.05,69.61,68.08,69.08,108.55,208.59,66.4,69.77,67.96,73.68,73.9,66.34,112.17,203.33,63.39,70.47,0.8,0.15
627,20.064,0.120783,-0.256453,-0.531132,1,AVOID_RIGHT,66.89,68.85,65.95,65.76,107.28,205.74,66.13,69.21,68.16,67.7,62.76,60.78,105.36,201.46,65.73,68.37,0.8,0.15
628,20.096,0.12106,-0.256617,-0.538559,1,AVOID_RIGHT,66.46,70.06,65.41,67.53,107.72,200.61,66.02,65.24,65.81,71.87,64.6,70.19,108.37,192.92,65.84,59.29,0.8,0.15
629,20.128,0.121336,-0.256783,-0.545986,1,AVOID_RIGHT,66.99,69.73,68.0,68.61,106.69,200.35,68.07,67.73,67.78,69.24,71.88,70.23,105.15,199.96,71.16,71.46,0.8,0.15
630,20.16,0.12161,-0.256951,-0.553414,1,FOLLOWING,65.44,68.78,66.71,67.69,106.62,196.94,69.36,70.07,63.12,67.35,64.78,66.31,106.52,191.82,71.28,73.57,-3.14,3.14
631,20.192,0.12161,-0.256951,-0.474189,1,FOLLOWING,66.53,67.49,66.77,65.13,98.98,202.14,67.89,68.94,68.15,65.55,66.87,61.28,87.51,209.95,65.69,67.26,-3.14,3.14
632,20.224,0.12161,-0.256951,-0.394964,1,FOLLOWING,70.47,67.68,67.86,66.64,86.15,208.45,68.21,66.3,76.39,67.97,69.48,68.9,66.92,217.9,68.7,62.34,-3.0423,3.14
633,20.256,0.121671,-0.256974,-0.318216,1,FOLLOWING,70.5,68.27,66.19,67.04,79.31,211.6,68.18,66.91,70.54,69.16,63.68,67.64,69.04,216.33,68.14,67.82,-2.5993,3.14
634,20.288,0.121856,-0.257028,-0.246418,1,FOLLOWING,70.1,66.99,65.62,67.98,73.25,220.89,81.68,67.87,69.5,65.06,64.77,69.4,64.16,234.83,101.94,69.32,-2.1895,3.14
635,20.32,0.122108,-0.257082,-0.177097,1,FOLLOWING,68.59,68.11,66.42,68.46,70.9,223.46,95.95,67.54,66.32,69.79,67.62,69.18,67.37,227.32,117.34,67.04,-1.796,3.14
636,20.352,0.122554,-0.257147,-0.115203,1,FOLLOWING,66.57,69.52,68.58,69.41,69.97,223.68,104.43,65.94,63.55,71.62,71.82,70.82,68.57,224.01,117.14,63.54,-1.4513,3.14
637,20.384,0.123131,-0.257197,-0.05826,1,FOLLOWING,68.06,68.98,67.45,68.74,67.03,221.51,114.76,67.98,70.3,68.18,65.75,67.74,62.62,218.26,130.26,71.05,-1.1385,3.14
638,20.416,0.12371,-0.257216,-0.006269,1,FOLLOWING,66.53,65.69,67.08,67.14,71.03,220.33,127.21,68.75,64.23,60.76,66.53,64.73,77.03,218.57,145.88,69.89,-0.8536,3.14
639,20.448,0.124482,-0.257202,0.043247,1,FOLLOWING,65.23,65.56,67.56,64.91,69.97,215.37,140.1,68.64,63.27,65.35,68.27,61.58,68.38,207.92,159.43,68.49,-0.5875,3.14
640,20.48,0.125317,-0.257146,0.090286,1,AVOID_RIGHT,65.18,66.99,67.46,65.05,68.85,216.64,157.95,70.57,65.1,69.15,67.31,65.25,67.18,218.54,184.73,73.46,0.8,0.15
641,20.512,0.125638,-0.257118,0.082859,1,AVOID_RIGHT,63.6,67.46,66.11,67.33,69.12,216.34,168.66,69.84,61.23,68.17,64.09,70.76,69.53,215.9,184.73,68.75,0.8,0.15
642,20.544,0.125959,-0.257093,0.075432,1,AVOID_RIGHT,63.57,67.06,67.54,65.46,68.1,216.52,173.78,69.65,63.52,66.46,69.69,62.66,66.55,216.78,181.45,69.36,0.8,0.15
643,20.576,0.12628,-0.25707,0.068004,1,AVOID_RIGHT,66.8,68.83,68.13,66.21,65.46,211.41,174.04,69.73,71.66,71.49,69.01,67.32,61.51,203.74,174.42,69.84,0.8,0.15
644,20.608,0.126601,-0.257049,0.060577,1,AVOID_RIGHT,67.69,67.28,65.48,66.23,67.36,211.86,168.95,69.57,69.01,64.94,61.52,66.26,70.22,212.55,161.31,69.32,0.8,0.15
645,20.64,0.126858,-0.257035,0.050674,1,AVOID_RIGHT,68.11,69.13,67.88,67.68,65.09,216.34,170.11,67.77,68.74,71.9,71.47,69.87,61.68,223.05,171.85,65.08,0.8,0.15
646,20.672,0.127179,-0.25702,0.043247,1,AVOID_RIGHT,67.68,68.02,66.78,67.48,67.36,216.5,172.94,67.92,67.04,66.36,65.14,67.16,70.77,216.74,177.19,68.14,0.8,0.15
647,20.704,0.127501,-0.257007,0.035819,1,AVOID_RIGHT,68.4,68.88,67.2,66.45,69.96,222.42,169.95,66.9,69.48,70.17,67.83,64.91,73.87,231.3,165.47,65.37,0.8,0.15
648,20.736,0.127823,-0.256997,0.028392,1,AVOID_RIGHT,65.63,69.47,66.99,67.82,69.68,222.15,165.03,65.4,61.47,70.36,66.68,69.88,69.25,221.75,157.65,63.15,0.8,0.15
649,20.768,0.12808,-0.256991,0.018489,1,AVOID_RIGHT,66.24,67.18,68.14,67.64,68.17,222.25,160.89,66.87,67.17,63.73,69.86,67.37,65.91,222.39,154.69,69.08,0.8,0.15
650,20.8,0.128402,-0.256986,0.011062,1,AVOID_RIGHT,66.88,68.97,68.19,69.49,69.99,219.26,161.58,68.41,67.84,71.65,68.27,72.26,72.73,214.79,162.61,70.73,0.8,0.15
651,20.832,0.128788,-0.256983,0.001159,1,AVOID_RIGHT,68.85,68.5,67.12,69.45,69.42,222.22,157.78,64.89,71.81,67.8,65.5,69.4,68.56,226.65,152.09,59.61,0.8,0.15
652,20.864,0.12911,-0.256984,-0.006269,1,AVOID_RIGHT,66.75,67.98,67.01,67.32,68.95,223.15,157.06,63.37,63.59,67.19,66.84,64.12,68.24,224.55,155.98,61.09,0.8,0.15
653,20.896,0.129367,-0.256987,-0.016172,1,AVOID_RIGHT,66.14,69.45,69.64,66.32,69.95,227.82,156.51,65.6,65.24,71.66,73.58,64.81,71.45,234.83,155.69,68.94,0.8,0.15
654,20.928,0.129689,-0.256994,-0.023599,1,AVOID_RIGHT,68.2,72.76,67.92,67.49,67.63,232.16,154.74,64.41,71.28,77.72,65.33,69.26,64.14,238.66,152.07,62.62,0.8,0.15
655,20.96,0.130011,-0.257002,-0.031026,1,AVOID_RIGHT,66.53,71.42,67.92,68.22,67.08,234.86,151.58,65.18,64.02,69.42,67.92,69.31,66.25,238.92,146.84,66.34,0.8,0.15
656,20.992,0.130333,-0.257014,-0.038454,1,AVOID_RIGHT,70.5,69.72,68.15,68.08,64.19,230.2,152.35,66.0,76.45,67.17,68.49,67.87,59.86,223.21,153.51,67.23,0.8,0.15
657,21.024,0.13059,-0.257025,-0.048357,1,AVOID_RIGHT,66.86,68.96,67.4,69.05,66.28,230.46,151.79,67.12,61.4,67.81,66.28,70.5,69.41,230.85,150.94,68.8,0.8,0.15
658,21.056,0.130911,-0.257041,-0.055784,1,AVOID_RIGHT,66.37,68.89,66.23,67.52,66.52,238.02,146.5,64.76,65.64,68.79,64.47,65.22,66.89,249.35,138.56,61.23,0.8,0.15
659,21.088,0.131232,-0.257061,-0.063211,1,AVOID_RIGHT,67.3,67.23,65.8,68.58,64.64,242.0,146.69,66.46,68.69,64.74,65.14,70.17,61.8,247.98,146.97,69.02,0.8,0.15
660,21.12,0.131554,-0.257082,-0.070639,1,AVOID_RIGHT,66.04,66.58,67.09,67.74,64.22,242.97,141.46,63.08,64.15,65.6,69.03,66.48,63.6,244.43,133.62,57.99,0.8,0.15
661,21.152,0.131875,-0.257106,-0.078066,1,AVOID_RIGHT,68.05,66.1,67.71,68.01,65.91,243.68,139.06,64.4,71.08,65.37,68.64,68.41,68.44,244.74,135.46,66.39,0.8,0.15
662,21.184,0.132131,-0.257127,-0.087969,1,AVOID_RIGHT,68.34,66.94,65.62,68.35,66.8,242.11,139.19,67.31,68.76,68.21,62.48,68.87,68.13,239.76,139.38,71.68,0.8,0.15
663,21.216,0.132452,-0.257157,-0.095396,1,AVOID_RIGHT,66.62,68.91,64.71,68.03,68.75,245.04,138.75,66.47,64.04,71.86,63.34,67.54,71.69,249.43,138.09,65.19,0.8,0.15
664,21.248,0.132836,-0.257196,-0.105299,1,AVOID_RIGHT,68.52,66.14,63.58,66.69,66.81,244.55,140.61,68.27,71.38,61.98,61.89,64.69,63.91,243.81,143.4,70.97,0.8,0.15
665,21.28,0.133156,-0.257231,-0.112727,1,AVOID_RIGHT,69.04,67.41,62.67,65.91,67.36,245.24,138.29,67.87,69.82,69.32,61.31,64.74,68.18,246.28,134.82,67.28,0.8,0.15
666,21.312,0.133412,-0.257261,-0.12263,1,AVOID_RIGHT,69.5,67.82,64.83,66.58,68.94,250.93,137.43,68.84,70.19,68.44,68.07,67.58,71.31,259.47,136.14,70.29,0.6,-0.6
667,21.344,0.133412,-0.257261,-0.137484,1,AVOID_RIGHT,68.58,65.11,66.05,66.2,70.51,248.6,130.76,68.72,67.2,61.03,67.87,65.62,72.85,245.11,120.74,68.54,0.8,0.15
668,21.376,0.13373,-0.257306,-0.144912,1,AVOID_RIGHT,68.68,65.38,63.88,66.72,68.7,246.84,129.65,67.36,68.82,65.78,60.62,67.52,65.99,244.18,127.99,65.31,0.8,0.15
669,21.408,0.134048,-0.257354,-0.152339,1,AVOID_RIGHT,67.47,68.21,65.16,68.35,68.52,250.18,131.21,67.28,65.67,72.46,67.09,70.79,68.26,255.2,133.56,67.17,0.6,-0.6
670,21.44,0.134048,-0.257354,-0.167194,1,AVOID_RIGHT,68.1,67.23,68.76,68.56,68.5,251.84,126.75,64.98,69.05,65.76,74.15,68.86,68.46,254.33,120.06,61.53,0.6,-0.6
671,21.472,0.134048,-0.257354,-0.182048,1,AVOID_RIGHT,69.24,66.66,67.0,68.18,69.02,253.52,121.92,67.81,70.94,65.81,64.36,67.61,69.81,256.04,114.67,72.06,0.6,-0.6
672,21.504,0.134048,-0.257354,-0.196903,1,AVOID_RIGHT,69.69,67.37,66.2,69.29,67.6,250.37,120.64,66.87,70.36,68.42,65.0,70.95,65.47,245.64,118.71,65.45,0.6,-0.6
673,21.536,0.134048,-0.257354,-0.211758,1,AVOID_RIGHT,69.43,69.83,66.42,67.91,68.97,250.28,122.54,66.56,69.06,73.53,66.76,65.84,71.02,250.15,125.38,66.09,0.6,-0.6
674,21.568,0.134048,-0.257354,-0.226612,1,AVOID_RIGHT,68.23,68.0,66.14,68.61,68.27,251.43,118.86,66.47,66.42,65.26,65.7,69.67,67.22,253.16,113.36,66.33,0.6,-0.6
675,21.6,0.133986,-0.257339,-0.243943,1,AVOID_RIGHT,66.69,68.0,65.15,67.7,68.85,251.03,112.7,63.91,64.37,68.0,63.68,66.34,69.73,250.44,103.45,60.07,0.6,-0.6
676,21.632,0.133986,-0.257339,-0.258797,1,AVOID_RIGHT,67.54,67.56,65.86,65.78,69.62,251.27,111.06,64.92,68.83,66.89,66.91,62.9,70.78,251.63,108.61,66.44,0.6,-0.6
677,21.664,0.133986,-0.257339,-0.273652,1,AVOID_RIGHT,66.41,65.74,66.47,66.26,64.88,249.46,108.53,64.78,64.7,63.01,67.39,66.98,57.78,246.74,104.73,64.56,0.8,0.15
678,21.696,0.134295,-0.257427,-0.281079,1,AVOID_RIGHT,65.6,64.2,68.19,67.95,62.8,250.09,106.19,65.58,64.39,61.89,70.77,70.48,59.68,251.03,102.69,66.79,0.6,-0.6
679,21.728,0.134295,-0.257427,-0.295934,1,AVOID_RIGHT,65.99,64.64,67.18,66.19,65.57,252.04,99.81,65.83,66.57,65.31,65.67,63.56,69.72,254.96,90.24,66.2,0.6,-0.6
680,21.76,0.134357,-0.257446,-0.313264,1,AVOID_RIGHT,68.93,65.1,68.15,63.54,66.58,253.34,93.52,65.45,73.33,65.78,69.6,59.56,68.09,255.3,84.08,64.88,0.6,-0.6
681,21.792,0.134357,-0.257446,-0.328119,1,AVOID_RIGHT,68.87,63.92,66.72,65.74,66.77,245.94,90.62,66.28,68.79,62.16,64.57,69.03,67.04,234.85,86.26,67.54,0.8,0.15
682,21.824,0.134661,-0.257551,-0.335546,1,AVOID_RIGHT,67.41,64.68,66.28,66.18,67.66,247.28,84.51,66.9,65.22,65.81,65.63,66.85,69.0,249.27,75.34,67.82,0.8,0.15
683,21.856,0.134904,-0.257637,-0.345449,1,AVOID_RIGHT,66.48,64.42,64.94,64.21,67.7,245.42,79.0,66.36,65.1,64.04,62.93,61.24,67.77,242.63,70.73,65.55,0.8,0.15
684,21.888,0.135206,-0.257747,-0.352876,1,AVOID_RIGHT,65.92,66.61,67.17,66.6,68.93,245.27,75.53,66.44,65.08,69.88,70.52,70.2,70.77,245.04,70.34,66.55,0.8,0.15
685,21.92,0.135508,-0.257859,-0.360304,1,AVOID_RIGHT,66.07,66.32,65.31,66.8,66.17,241.78,72.22,66.52,66.29,65.9,62.52,67.08,62.03,236.56,67.24,66.64,0.8,0.15
686,21.952,0.135809,-0.257974,-0.367731,1,AVOID_RIGHT,68.15,67.01,65.79,65.91,65.16,238.85,69.21,66.81,71.28,68.03,66.5,64.57,63.65,234.45,64.7,67.25,0.8,0.15
687,21.984,0.136109,-0.258091,-0.375158,1,AVOID_RIGHT,68.63,67.04,65.23,66.14,67.19,235.85,68.23,68.97,69.34,67.1,64.39,66.5,70.23,231.35,66.75,72.2,0.8,0.15
688,22.016,0.136348,-0.258186,-0.385061,1,AVOID_RIGHT,67.76,66.97,65.09,67.27,68.28,235.44,65.17,67.72,66.45,66.85,64.89,68.96,69.91,234.82,60.6,65.86,0.8,0.15
689,22.048,0.136645,-0.258308,-0.392489,1,AVOID_RIGHT,65.84,68.52,65.91,68.58,67.57,236.09,65.8,68.32,62.95,70.86,67.14,70.55,66.51,237.06,66.73,69.21,0.8,0.15
690,22.08,0.136942,-0.258433,-0.399916,1,AVOID_RIGHT,66.24,69.94,64.97,68.13,68.72,231.37,64.22,69.66,66.84,72.07,63.57,67.45,70.44,224.3,61.84,71.67,0.8,0.15
691,22.112,0.137238,-0.258559,-0.407343,1,AVOID_RIGHT,66.61,68.54,65.22,69.16,68.8,231.47,67.19,68.61,67.16,66.44,65.59,70.71,68.92,231.61,71.64,67.04,0.8,0.15
692,22.144,0.137474,-0.258662,-0.417246,1,AVOID_RIGHT,67.72,68.83,66.57,65.62,70.42,229.78,67.62,67.36,69.39,69.27,68.59,60.31,72.84,227.25,68.27,65.47,0.8,0.15
693,22.176,0.137768,-0.258794,-0.424674,1,AVOID_RIGHT,65.77,66.7,65.33,67.19,71.8,232.41,68.09,67.23,62.85,63.5,63.48,69.56,73.87,236.35,68.8,67.03,0.8,0.15
694,22.208,0.138119,-0.258955,-0.434577,1,AVOID_RIGHT,66.3,65.12,62.9,67.23,73.66,226.95,66.12,66.52,67.09,62.74,59.25,67.28,76.45,218.76,63.15,65.45,0.8,0.15
695,22.24,0.138411,-0.259091,-0.442004,1,AVOID_RIGHT,66.48,66.62,62.86,69.6,78.07,224.89,66.87,66.91,66.75,68.87,62.8,73.15,84.69,221.81,68.0,67.51,0.8,0.15
696,22.272,0.138643,-0.259202,-0.451907,1,AVOID_RIGHT,68.32,67.12,64.7,69.73,80.78,219.28,69.38,68.52,71.08,67.88,67.46,69.92,84.84,210.86,73.15,70.92,0.8,0.15
697,22.304,0.138932,-0.259344,-0.459334,1,AVOID_RIGHT,68.89,65.79,65.73,67.88,84.47,217.2,68.54,66.67,69.75,63.79,67.28,65.11,90.01,214.09,67.27,63.91,0.8,0.15
698,22.336,0.13922,-0.259488,-0.466762,1,AVOID_RIGHT,70.26,66.61,66.99,65.56,86.24,218.54,68.11,68.53,72.31,67.84,68.88,62.07,88.91,220.54,67.48,71.32,0.8,0.15
699,22.368,0.139507,-0.259634,-0.474189,1,AVOID_RIGHT,67.83,66.1,68.28,66.33,89.91,214.78,67.42,67.14,64.19,65.33,70.21,67.49,95.41,209.13,66.37,65.06,0.8,0.15
700,22.4,0.139735,-0.259752,-0.484092,1,AVOID_RIGHT,68.97,67.05,67.9,67.06,92.09,216.79,66.58,67.3,70.67,68.47,67.34,68.16,95.35,219.82,65.31,67.52,0.8,0.15
701,22.432,0.140019,-0.259903,-0.491519,1,AVOID_RIGHT,69.81,66.13,68.15,69.18,95.62,215.97,67.93,67.72,71.08,64.76,68.52,72.35,100.92,214.73,69.95,68.36,0.8,0.15
702,22.464,0.140303,-0.260056,-0.498947,1,AVOID_RIGHT,68.78,67.18,67.67,66.57,97.4,212.75,67.48,67.87,67.23,68.77,66.96,62.66,100.08,207.91,66.81,68.09,0.8,0.15
703,22.496,0.140585,-0.260211,-0.506374,1,AVOID_RIGHT,67.16,67.23,65.95,67.25,99.69,210.32,66.69,69.91,64.73,67.31,63.35,68.27,103.11,206.68,65.5,72.98,0.8,0.15
704,22.528,0.140866,-0.260368,-0.513801,1,AVOID_RIGHT,67.98,64.55,67.91,67.38,102.96,207.58,67.74,69.17,69.21,60.53,70.85,67.57,107.86,203.47,69.31,68.07,0.8,0.15
705,22.56,0.141089,-0.260496,-0.523704,1,AVOID_RIGHT,68.34,67.66,68.56,69.19,103.78,207.78,66.43,69.29,68.88,72.31,69.54,71.92,105.02,208.08,64.46,69.45,0.8,0.15
706,22.592,0.141367,-0.260658,-0.531132,1,AVOID_RIGHT,67.82,68.14,69.17,69.91,105.19,205.85,67.75,67.46,67.04,68.85,70.09,70.98,107.29,202.95,69.73,64.71,0.8,0.15
707,22.624,0.141699,-0.260855,-0.541035,1,AVOID_RIGHT,70.43,67.81,69.11,68.05,106.53,202.02,68.57,65.3,74.34,67.31,69.02,65.27,108.55,196.27,69.8,62.06,0.8,0.15
708,22.656,0.141975,-0.261022,-0.548462,1,AVOID_RIGHT,68.88,66.58,70.42,64.78,108.21,201.92,70.53,65.22,66.55,64.75,72.38,59.87,110.72,201.77,73.48,65.1,0.8,0.15
709,22.688,0.142194,-0.261157,-0.558365,1,AVOID_RIGHT,68.71,65.3,69.88,64.22,112.09,195.7,69.11,65.55,68.47,63.37,69.08,63.38,117.93,186.38,66.99,66.05,0.8,0.15
710,22.72,0.142466,-0.261329,-0.565793,1,FOLLOWING,68.65,66.27,67.62,68.2,110.21,191.29,69.19,65.75,68.55,67.73,64.22,74.18,107.39,184.66,69.29,66.04,-3.14,3.14
711,22.752,0.142466,-0.261329,-0.486568,1,FOLLOWING,67.55,64.6,66.18,68.29,102.85,190.17,67.08,64.09,65.91,62.09,64.02,68.42,91.8,188.48,63.93,61.59,-3.14,3.14
712,22.784,0.142466,-0.261329,-0.407343,1,FOLLOWING,67.51,67.4,64.84,67.37,88.91,197.25,67.96,66.67,67.44,71.59,62.83,66.0,67.99,207.88,69.27,70.54,-3.14,3.14
713,22.816,0.142466,-0.261329,-0.328119,1,FOLLOWING,65.1,64.18,68.73,68.38,80.17,206.29,66.25,65.12,61.48,59.36,74.56,69.9,67.07,219.85,63.69,62.8,-3.14,3.14
714,22.848,0.142466,-0.261329,-0.248894,1,FOLLOWING,66.44,67.48,66.94,67.61,74.77,211.67,78.45,69.96,68.45,72.44,64.27,66.45,66.67,219.75,96.75,77.23,-2.9933,3.14
715,22.88,0.142529,-0.261342,-0.172145,1,FOLLOWING,66.75,66.31,65.57,67.83,73.21,212.17,90.04,68.27,67.2,64.56,63.52,68.17,70.86,212.92,107.43,65.74,-2.5505,3.14
716,22.912,0.14272,-0.261369,-0.100348,1,FOLLOWING,67.85,67.48,68.53,66.15,70.54,217.65,104.18,68.81,69.51,69.23,72.97,63.62,66.54,225.88,125.39,69.62,-2.1414,3.14
717,22.944,0.143041,-0.26139,-0.033502,1,FOLLOWING,67.42,66.34,70.09,66.28,68.22,217.74,122.95,69.99,66.77,64.64,72.43,66.47,64.74,217.87,151.1,71.76,-1.7655,3.14
718,22.976,0.143492,-0.261391,0.028392,1,FOLLOWING,69.41,68.43,67.58,65.19,68.15,216.52,135.57,67.94,72.41,71.56,63.82,63.56,68.04,214.7,154.5,64.88,-1.4223,3.14
719,23.008,0.14407,-0.261358,0.085335,1,FOLLOWING,69.8,67.73,67.87,65.9,66.3,209.77,147.43,64.79,70.38,66.68,68.29,66.97,63.52,199.64,165.21,60.07,-1.1113,3.14
720,23.04,0.14471,-0.261286,0.139802,1,AVOID_RIGHT,66.63,65.64,70.53,64.87,66.75,204.2,165.18,65.54,61.89,62.51,74.52,63.32,67.42,195.85,191.82,66.65,0.8,0.15
721,23.072,0.145029,-0.261242,0.132374,1,AVOID_RIGHT,67.63,66.11,71.34,65.83,67.91,206.1,177.94,67.35,69.12,66.8,72.55,67.27,69.67,208.94,197.06,70.06,0.8,0.15
722,23.104,0.145284,-0.26121,0.122471,1,AVOID_RIGHT,68.18,66.6,69.85,66.99,67.86,204.99,185.29,66.62,69.01,67.34,67.61,68.73,67.78,203.34,196.31,65.53,0.8,0.15
723,23.136,0.145604,-0.261172,0.115044,1,AVOID_RIGHT,66.09,63.35,70.46,69.24,67.32,205.96,186.19,63.86,62.96,58.48,71.38,72.61,66.5,207.41,187.55,59.73,0.8,0.15
724,23.168,0.145924,-0.261136,0.107617,1,AVOID_RIGHT,66.08,65.41,68.1,67.82,68.14,208.51,189.72,63.88,66.05,68.51,64.56,65.69,69.38,212.34,195.01,63.91,0.8,0.15
725,23.2,0.146244,-0.261102,0.100189,1,AVOID_RIGHT,67.82,65.47,66.09,67.62,68.3,212.05,189.44,65.46,70.43,65.55,63.06,67.33,68.55,217.35,189.02,67.82,0.8,0.15
726,23.232,0.1465,-0.261078,0.090286,1,AVOID_RIGHT,68.18,68.16,66.34,66.87,67.73,216.55,190.1,65.93,68.71,72.18,66.71,65.74,66.87,223.31,191.08,66.65,0.8,0.15
727,23.264,0.146821,-0.26105,0.082859,1,AVOID_RIGHT,68.34,65.73,70.14,65.99,64.6,217.96,188.7,67.62,68.58,62.1,75.86,64.67,59.9,220.07,186.61,70.14,0.8,0.15
728,23.296,0.147142,-0.261025,0.075432,1,AVOID_RIGHT,67.99,67.3,69.44,66.59,64.73,219.54,184.96,67.55,67.46,69.66,68.38,67.49,64.93,221.92,179.34,67.46,0.8,0.15
729,23.328,0.147527,-0.260997,0.065529,1,AVOID_RIGHT,67.84,66.88,68.34,67.34,66.39,219.24,180.21,68.72,67.61,66.25,66.71,68.48,68.87,218.79,173.09,70.47,0.8,0.15
730,23.36,0.147848,-0.260978,0.058101,1,AVOID_RIGHT,65.74,67.45,68.34,69.08,66.36,223.44,177.65,67.06,62.59,68.31,68.33,71.67,66.31,229.73,173.8,64.56,0.8,0.15
731,23.392,0.148105,-0.260964,0.048198,1,AVOID_RIGHT,69.43,66.11,66.95,68.85,66.54,226.83,177.29,65.13,74.97,64.09,64.87,68.51,66.81,231.92,176.76,62.25,0.8,0.15
732,23.424,0.148427,-0.26095,0.040771,1,AVOID_RIGHT,68.84,67.98,65.94,70.52,66.49,222.73,176.37,65.52,67.94,70.79,64.42,73.02,66.42,216.57,174.99,66.11,0.8,0.15
733,23.456,0.148748,-0.260938,0.033344,1,AVOID_RIGHT,65.73,69.19,67.13,69.21,64.97,219.47,174.12,66.24,61.06,71.01,68.92,67.26,62.68,214.59,170.75,67.31,0.8,0.15
734,23.488,0.14907,-0.260928,0.025916,1,AVOID_RIGHT,65.74,66.75,66.55,68.36,66.09,220.52,168.61,66.23,65.76,63.08,65.67,67.08,67.76,222.1,160.33,66.21,0.8,0.15
735,23.52,0.149327,-0.260923,0.016013,1,AVOID_RIGHT,67.14,66.6,67.49,69.45,67.49,226.25,165.58,66.17,69.23,66.39,68.92,71.08,69.58,234.84,161.04,66.08,0.8,0.15
736,23.552,0.149649,-0.260919,0.008586,1,AVOID_RIGHT,67.92,66.75,66.45,68.79,65.33,226.59,165.32,66.36,69.09,66.97,64.87,67.81,62.1,227.11,164.93,66.65,0.8,0.15
737,23.584,0.149971,-0.260917,0.001159,1,AVOID_RIGHT,68.51,66.26,65.9,66.74,65.86,226.82,165.83,68.37,69.4,65.53,65.08,63.66,66.64,227.17,166.6,71.38,0.8,0.15
738,23.616,0.150293,-0.260918,-0.006269,1,AVOID_RIGHT,67.32,67.03,64.32,65.89,65.62,228.06,159.12,68.09,65.52,68.17,61.95,64.62,65.27,229.91,149.06,67.66,0.8,0.15
739,23.648,0.15055,-0.260921,-0.016172,1,AVOID_RIGHT,65.77,64.8,66.38,66.13,65.99,229.59,158.38,67.53,63.45,61.46,69.48,66.49,66.54,231.89,157.26,66.71,0.8,0.15
740,23.68,0.150872,-0.260927,-0.023599,1,AVOID_RIGHT,66.62,63.59,67.32,68.03,66.85,231.42,159.0,66.08,67.89,61.79,68.71,70.89,68.15,234.17,159.94,63.89,0.8,0.15
741,23.712,0.151194,-0.260936,-0.031026,1,AVOID_RIGHT,66.4,64.77,66.74,68.41,68.42,232.21,158.96,68.43,66.07,66.53,65.89,68.99,70.77,233.39,158.89,71.95,0.8,0.15
742,23.744,0.15158,-0.26095,-0.040929,1,AVOID_RIGHT,65.9,67.16,64.44,67.93,68.0,233.19,154.23,68.67,65.15,70.75,60.98,67.2,67.37,234.67,147.14,69.02,0.8,0.15
743,23.776,0.151837,-0.260962,-0.050833,1,AVOID_RIGHT,63.91,66.27,63.66,67.27,69.7,239.99,152.74,69.18,60.91,64.92,62.49,66.28,72.25,250.18,150.5,69.95,0.8,0.15
744,23.808,0.152158,-0.260979,-0.05826,1,AVOID_RIGHT,64.33,67.94,64.84,68.33,68.78,242.32,154.47,68.54,64.98,70.45,66.61,69.92,67.4,245.83,157.06,67.59,0.8,0.15
745,23.84,0.15248,-0.260999,-0.065687,1,AVOID_RIGHT,67.19,68.23,65.41,67.52,67.74,245.09,151.02,66.11,71.46,68.66,66.27,66.31,66.17,249.25,145.86,62.46,0.8,0.15
746,23.872,0.152801,-0.261022,-0.073114,1,AVOID_RIGHT,68.06,67.06,63.77,67.9,67.35,246.51,147.95,66.35,69.38,65.31,61.3,68.46,66.77,248.64,143.34,66.72,0.8,0.15
747,23.904,0.153122,-0.261046,-0.080542,1,AVOID_RIGHT,69.39,66.89,65.33,69.33,66.46,244.79,145.18,66.49,71.39,66.64,67.68,71.48,65.13,242.2,141.02,66.7,0.8,0.15
748,23.936,0.153378,-0.261068,-0.090445,1,AVOID_RIGHT,68.15,67.15,67.65,68.61,66.48,247.23,146.39,67.56,66.3,67.55,71.13,67.53,66.5,250.88,148.21,69.17,0.8,0.15
749,23.968,0.153699,-0.261099,-0.097872,1,AVOID_RIGHT,66.78,66.73,64.89,67.51,69.16,248.57,145.88,67.92,64.72,66.09,60.74,65.87,73.19,250.59,145.11,68.45,0.8,0.15
750,24.0,0.154019,-0.261131,-0.105299,1,AVOID_RIGHT,65.97,69.9,65.19,66.41,68.18,249.55,143.07,64.05,64.74,74.65,65.64,64.76,66.71,251.02,138.85,58.26,0.8,0.15
751,24.032,0.154339,-0.261166,-0.112727,1,AVOID_RIGHT,64.7,67.92,66.26,66.91,66.27,252.06,141.49,63.66,62.8,64.94,67.88,67.66,63.41,255.84,139.12,63.06,0.6,-0.6
752,24.064,0.154339,-0.261166,-0.127581,1,AVOID_RIGHT,66.3,66.78,67.01,66.62,66.2,252.01,138.65,65.44,68.71,65.07,68.14,66.19,66.08,251.94,134.39,68.11,0.6,-0.6
753,24.096,0.154275,-0.261158,-0.144912,1,AVOID_RIGHT,67.12,66.97,66.41,65.96,67.4,250.84,135.62,66.76,68.35,67.25,65.5,64.97,69.21,249.07,131.07,68.74,0.6,-0.6
754,24.128,0.154275,-0.261158,-0.159766,1,AVOID_RIGHT,65.86,67.57,67.99,68.61,66.76,252.88,132.68,68.17,63.96,68.48,70.36,72.58,65.8,255.94,128.27,70.29,0.6,-0.6
755,24.16,0.154275,-0.261158,-0.174621,1,AVOID_RIGHT,68.8,66.93,66.03,67.64,67.05,254.81,130.89,67.84,73.2,65.98,63.09,66.19,67.49,257.71,128.19,67.35,0.6,-0.6
756,24.192,0.154338,-0.261169,-0.191951,1,AVOID_RIGHT,68.0,67.53,64.55,67.87,66.38,260.2,123.88,68.12,66.8,68.43,62.33,68.21,65.38,268.29,113.36,68.53,0.6,-0.6
757,24.224,0.154338,-0.261169,-0.206806,1,AVOID_RIGHT,67.82,67.19,66.31,66.18,66.53,259.02,122.4,68.26,67.55,66.68,68.95,63.64,66.75,257.24,120.2,68.49,0.6,-0.6
758,24.256,0.154338,-0.261169,-0.221661,1,AVOID_RIGHT,65.93,66.29,66.68,66.89,68.3,259.8,102.33,69.93,63.1,64.95,67.23,67.96,70.96,260.99,72.23,72.43,0.6,-0.6
759,24.288,0.154338,-0.261169,-0.236515,1,AVOID_RIGHT,67.96,65.47,64.51,67.02,66.51,264.41,88.94,71.45,71.0,64.24,61.24,67.21,63.82,271.32,68.85,73.73,0.6,-0.6
760,24.32,0.154338,-0.261169,-0.25137,1,AVOID_RIGHT,65.88,64.75,65.62,66.74,66.51,260.63,80.6,70.02,62.76,63.65,67.28,66.33,66.51,254.96,68.09,67.88,0.6,-0.6
761,24.352,0.154338,-0.261169,-0.266224,1,AVOID_RIGHT,66.63,66.56,66.0,66.86,67.87,255.02,74.63,67.84,67.75,69.27,66.57,67.04,69.9,246.6,65.67,64.56,0.6,-0.6
762,24.384,0.154338,-0.261169,-0.281079,1,AVOID_RIGHT,65.93,66.3,66.93,66.61,67.51,256.2,71.65,66.38,64.89,65.92,68.32,66.24,66.97,257.96,67.17,64.19,0.6,-0.6
763,24.416,0.154338,-0.261169,-0.295934,1,AVOID_RIGHT,67.6,67.26,67.66,65.14,67.22,255.97,69.17,66.67,70.1,68.71,68.77,62.92,66.79,255.63,65.46,67.11,0.6,-0.6
764,24.448,0.154338,-0.261169,-0.310788,1,AVOID_RIGHT,65.45,66.58,67.84,68.52,66.28,253.38,69.28,67.92,62.22,65.56,68.09,73.59,64.86,249.5,69.45,69.79,0.6,-0.6
765,24.48,0.154338,-0.261169,-0.325643,1,AVOID_RIGHT,65.69,66.13,68.97,65.3,67.27,252.52,70.15,67.23,66.06,65.44,70.68,60.48,68.77,251.23,71.45,66.2,0.6,-0.6
766,24.512,0.154338,-0.261169,-0.340498,1,AVOID_RIGHT,67.9,68.01,68.42,66.05,68.25,250.75,70.4,69.24,71.21,70.83,67.58,67.17,69.72,248.1,70.78,72.26,0.6,-0.6
767,24.544,0.154338,-0.261169,-0.355352,1,AVOID_RIGHT,66.84,67.92,67.78,68.75,68.51,249.33,69.73,69.22,65.25,67.8,66.82,72.79,68.9,247.19,68.72,69.2,0.8,0.15
768,24.576,0.154579,-0.26126,-0.365255,1,AVOID_RIGHT,68.27,68.17,68.13,67.95,66.03,247.75,66.08,68.0,70.41,68.55,68.65,66.74,62.31,245.38,60.61,66.17,0.8,0.15
769,24.608,0.154879,-0.261376,-0.372683,1,AVOID_RIGHT,68.97,66.98,65.73,68.12,64.97,243.47,66.12,68.3,70.03,65.2,62.14,68.38,63.38,237.05,66.17,68.75,0.8,0.15
770,24.64,0.155179,-0.261494,-0.38011,1,AVOID_RIGHT,67.64,67.28,67.64,69.84,64.68,246.06,64.89,66.73,65.65,67.72,70.51,72.43,64.26,249.95,63.05,64.36,0.8,0.15
771,24.672,0.155477,-0.261615,-0.387537,1,AVOID_RIGHT,70.36,66.3,65.98,67.35,67.25,239.21,65.39,67.16,74.44,64.82,63.49,63.62,71.09,228.92,66.14,67.81,0.8,0.15
772,24.704,0.155774,-0.261738,-0.399916,1,AVOID_RIGHT,69.81,68.39,66.12,66.66,67.13,237.33,68.1,67.97,68.99,71.53,66.33,65.62,66.95,234.51,72.17,69.19,0.8,0.15
773,24.736,0.15607,-0.261865,-0.407343,1,AVOID_RIGHT,69.57,66.24,66.89,66.9,68.1,234.73,68.45,66.57,69.21,63.01,68.05,67.26,69.55,230.82,68.97,64.47,0.8,0.15
774,24.768,0.156365,-0.261993,-0.414771,1,AVOID_RIGHT,65.72,65.5,66.59,65.98,67.18,235.49,66.18,67.73,59.95,64.4,66.15,64.6,65.81,236.64,62.78,69.47,0.8,0.15
775,24.8,0.15666,-0.262124,-0.422198,1,AVOID_RIGHT,64.67,65.67,66.98,68.35,67.55,236.37,66.82,69.18,63.1,65.93,67.56,71.89,68.11,237.68,67.78,71.36,0.8,0.15
776,24.832,0.156953,-0.262257,-0.429625,1,AVOID_RIGHT,63.14,68.19,65.08,68.37,72.89,238.45,66.16,67.66,60.83,71.96,62.22,68.4,80.9,241.57,65.16,65.37,0.8,0.15
777,24.864,0.157186,-0.262366,-0.439528,1,AVOID_RIGHT,64.69,66.47,65.18,68.77,74.54,235.56,68.6,68.97,67.02,63.89,65.34,69.36,77.01,231.22,72.26,70.94,0.8,0.15
778,24.896,0.157477,-0.262504,-0.446956,1,AVOID_RIGHT,67.25,68.05,66.42,67.82,78.62,229.74,68.93,70.63,71.1,70.43,68.27,66.4,84.75,221.0,69.43,73.13,0.8,0.15
779,24.928,0.157767,-0.262644,-0.454383,1,AVOID_RIGHT,67.14,69.03,66.61,69.14,80.55,223.79,66.25,69.72,66.96,70.49,66.9,71.13,83.45,214.87,62.23,68.35,0.8,0.15
780,24.96,0.158055,-0.262786,-0.46181,1,AVOID_RIGHT,66.84,69.58,67.11,66.24,83.38,226.38,68.8,67.37,66.39,70.4,67.87,61.9,87.62,230.26,72.62,63.83,0.8,0.15
781,24.992,0.158285,-0.262902,-0.471713,1,AVOID_RIGHT,66.77,68.13,66.84,65.97,87.45,225.41,67.3,67.68,66.68,65.96,66.44,65.55,93.56,223.96,65.06,68.15,0.8,0.15
782,25.024,0.158571,-0.263049,-0.479141,1,AVOID_RIGHT,67.31,68.32,68.13,67.59,92.5,222.12,66.7,66.6,68.11,68.6,70.05,70.04,100.06,217.19,65.79,64.98,0.8,0.15
783,25.056,0.158856,-0.263199,-0.486568,1,AVOID_RIGHT,68.2,69.49,68.57,66.44,96.68,219.42,67.7,64.55,69.53,71.25,69.23,64.72,102.96,215.37,69.2,61.48,0.8,0.15
784,25.088,0.15914,-0.26335,-0.493995,1,AVOID_RIGHT,68.49,68.08,67.92,65.68,96.52,218.44,66.76,66.57,68.93,65.95,66.94,64.53,96.27,216.97,65.35,69.59,0.8,0.15
785,25.12,0.159423,-0.263505,-0.506374,1,AVOID_RIGHT,68.67,68.01,67.62,65.35,100.45,213.9,65.83,67.41,68.93,67.92,67.17,64.86,106.34,207.1,64.43,68.66,0.8,0.15
786,25.152,0.159704,-0.263662,-0.513801,1,AVOID_RIGHT,69.31,65.83,67.84,67.62,102.05,212.25,67.32,67.34,70.28,62.57,68.17,71.02,104.45,209.76,69.55,67.24,0.8,0.15
787,25.184,0.159983,-0.263821,-0.521229,1,AVOID_RIGHT,69.09,66.08,66.91,65.63,103.62,212.97,67.91,64.57,68.76,66.44,65.51,62.65,105.96,214.05,68.79,60.42,0.8,0.15
788,25.216,0.160262,-0.263982,-0.528656,1,AVOID_RIGHT,69.46,66.21,65.66,68.02,103.53,210.49,66.87,64.66,70.02,66.4,63.8,71.59,103.39,206.78,65.32,64.8,0.8,0.15
789,25.248,0.160484,-0.264113,-0.538559,1,AVOID_RIGHT,69.74,67.14,65.66,65.11,104.62,205.41,69.02,66.71,70.16,68.55,65.66,60.75,106.25,197.8,72.23,69.78,0.8,0.15
790,25.28,0.160759,-0.264279,-0.545986,1,AVOID_RIGHT,66.67,66.4,64.86,65.7,106.82,204.26,69.91,66.11,62.05,65.28,63.66,66.58,110.12,202.52,71.24,65.2,0.8,0.15
791,25.312,0.161034,-0.264448,-0.553414,1,AVOID_RIGHT,67.44,67.17,66.13,67.91,109.14,202.98,68.88,67.18,68.61,68.32,68.03,71.24,112.62,201.07,67.35,68.8,0.8,0.15
792,25.344,0.161307,-0.264618,-0.560841,1,AVOID_RIGHT,64.9,68.68,66.72,66.02,109.43,199.28,66.69,66.45,61.08,70.94,67.61,63.17,109.87,193.72,63.4,65.35,0.8,0.15
793,25.376,0.161579,-0.26479,-0.568268,1,AVOID_RIGHT,67.58,69.06,67.67,67.65,111.0,199.91,64.59,66.42,71.6,69.64,69.09,70.1,113.36,200.86,61.44,66.38,0.8,0.15
794,25.408,0.161795,-0.26493,-0.578171,1,AVOID_RIGHT,67.67,68.61,69.21,69.56,110.74,194.12,66.93,66.86,67.82,67.94,71.53,72.42,110.35,185.44,70.44,67.52,0.8,0.15
795,25.44,0.162064,-0.265106,-0.585599,1,AVOID_RIGHT,67.6,65.5,66.85,70.6,116.17,190.79,64.95,64.6,67.5,60.83,63.3,72.16,124.32,185.8,61.99,61.21,0.8,0.15
796,25.472,0.162332,-0.265285,-0.593026,1,FOLLOWING,67.74,64.83,66.25,68.95,115.62,189.86,65.38,65.67,67.95,63.82,65.36,66.48,114.79,188.47,66.02,67.28,-3.14,3.14
797,25.504,0.162332,-0.265285,-0.513801,1,FOLLOWING,67.45,67.04,65.18,68.9,107.58,192.92,68.35,67.04,67.01,70.35,63.58,68.83,95.53,197.5,72.8,69.08,-3.14,3.14
798,25.536,0.162332,-0.265285,-0.434577,1,FOLLOWING,63.2,67.1,66.35,68.1,91.08,196.62,66.69,68.25,56.82,67.19,68.09,66.9,66.33,202.17,64.21,70.07,-3.14,3.14
799,25.568,0.162332,-0.265285,-0.355352,1,FOLLOWING,63.98,65.88,66.92,66.79,83.12,204.38,68.1,67.22,65.14,64.04,67.77,64.82,71.17,216.01,70.2,65.68,-3.14,3.14
800,25.6,0.162332,-0.265285,-0.276128,1,FOLLOWING,66.77,65.03,65.89,67.73,76.66,211.84,67.96,65.72,70.96,63.76,64.34,69.14,66.97,223.03,67.77,63.46,-3.14,3.14
801,25.632,0.162332,-0.265285,-0.196903,1,FOLLOWING,68.9,66.41,65.81,65.55,73.27,214.53,69.07,66.98,72.09,68.48,65.7,62.29,68.19,218.58,70.72,68.87,-3.14,3.14
802,25.664,0.162395,-0.265295,-0.120154,1,FOLLOWING,68.69,66.65,65.91,64.38,70.22,217.03,67.64,70.98,68.38,67.02,66.05,62.63,65.64,220.77,65.51,76.97,-3.14,3.14
803,25.696,0.162395,-0.265295,-0.040929,1,FOLLOWING,68.74,69.87,67.26,64.28,68.62,212.98,99.11,69.52,68.82,74.68,69.29,64.13,66.21,206.9,146.32,67.34,-2.6957,3.14
804,25.728,0.162524,-0.265296,0.033344,1,FOLLOWING,70.16,69.88,67.14,66.46,67.84,210.77,122.41,71.57,72.29,69.91,66.96,69.73,66.68,207.46,157.34,74.65,-2.2703,3.14
805,25.76,0.162781,-0.265278,0.102665,1,FOLLOWING,71.17,70.06,66.91,65.99,65.64,204.49,148.71,67.9,72.69,70.32,66.56,65.27,62.33,195.08,188.16,62.39,-1.8786,3.14
806,25.792,0.163227,-0.265218,0.164559,1,AVOID_RIGHT,67.56,66.74,67.8,63.65,66.31,194.92,169.29,69.49,62.16,61.75,69.15,60.14,67.33,180.55,200.18,71.88,0.8,0.15
807,25.824,0.163482,-0.265178,0.154656,1,AVOID_RIGHT,65.32,64.75,66.86,65.33,68.49,190.81,179.48,68.52,61.96,61.77,65.45,67.84,71.76,184.66,194.76,67.06,0.8,0.15
808,25.856,0.1638,-0.265129,0.147229,1,AVOID_RIGHT,68.13,63.59,66.95,64.91,68.16,197.2,187.73,69.52,72.35,61.85,67.07,64.29,67.67,206.78,200.1,71.03,0.8,0.15
809,25.888,0.164118,-0.265083,0.139802,1,AVOID_RIGHT,68.47,65.53,68.34,67.89,70.7,198.6,192.8,69.95,68.98,68.45,70.43,72.37,74.49,200.69,200.41,70.6,0.8,0.15
810,25.92,0.164437,-0.265039,0.132374,1,AVOID_RIGHT,68.28,66.14,67.69,65.6,68.68,200.3,198.18,70.54,68.0,67.04,66.71,62.15,65.66,202.85,206.24,71.43,0.8,0.15
811,25.952,0.164693,-0.265007,0.122471,1,AVOID_RIGHT,68.99,66.34,67.98,68.18,67.83,201.52,196.6,69.06,70.05,66.64,68.43,72.06,66.55,203.35,194.23,66.83,0.8,0.15
812,25.984,0.165012,-0.264969,0.115044,1,AVOID_RIGHT,67.94,65.36,69.28,67.59,66.55,201.76,193.66,66.2,66.37,63.89,71.23,66.7,64.63,202.12,189.24,61.91,0.8,0.15
813,26.016,0.165332,-0.264933,0.107617,1,AVOID_RIGHT,66.34,67.33,67.3,66.89,67.7,206.97,194.82,63.34,63.94,70.28,64.32,65.84,69.43,214.78,196.57,59.06,0.8,0.15
814,26.048,0.165652,-0.264899,0.100189,1,AVOID_RIGHT,64.99,68.77,68.33,66.53,70.05,207.94,197.16,64.42,62.97,70.92,69.89,65.99,73.58,209.41,200.66,66.04,0.8,0.15
815,26.08,0.165908,-0.264875,0.090286,1,AVOID_RIGHT,65.07,67.68,67.81,64.97,66.63,210.24,195.05,65.43,65.18,66.04,67.01,62.62,61.48,213.69,191.9,66.95,0.8,0.15
816,26.112,0.166229,-0.264847,0.082859,1,AVOID_RIGHT,67.04,69.82,66.96,64.16,67.16,212.33,190.46,66.83,69.99,73.04,65.68,62.95,67.97,215.48,183.57,68.93,0.8,0.15
817,26.144,0.166614,-0.264817,0.072956,1,AVOID_RIGHT,66.38,69.93,65.86,62.55,67.06,215.71,189.42,66.73,65.38,70.1,64.22,60.12,66.91,220.78,187.86,66.58,0.8,0.15
818,26.176,0.166935,-0.264795,0.065529,1,AVOID_RIGHT,64.59,71.14,68.15,65.11,65.75,217.67,186.42,68.09,61.92,72.95,71.59,68.95,63.78,220.61,181.92,70.13,0.8,0.15
819,26.208,0.167256,-0.264775,0.058101,1,AVOID_RIGHT,66.24,69.87,68.59,67.33,66.47,219.28,180.58,66.1,68.72,67.96,69.26,70.67,67.56,221.68,171.82,63.13,0.8,0.15
820,26.24,0.167514,-0.264761,0.048198,1,AVOID_RIGHT,66.76,65.86,68.4,66.27,66.13,218.75,181.99,65.86,67.55,59.86,68.12,64.66,65.61,217.96,184.11,65.49,0.8,0.15
821,26.272,0.167835,-0.264747,0.040771,1,AVOID_RIGHT,66.62,65.97,67.62,65.47,66.36,224.09,182.43,64.62,66.4,66.13,66.43,64.29,66.7,232.1,183.09,62.77,0.8,0.15
822,26.304,0.168157,-0.264735,0.033344,1,AVOID_RIGHT,65.51,65.86,67.72,66.27,67.89,225.34,183.85,65.35,63.85,65.69,67.89,67.48,70.2,227.21,185.98,66.45,0.8,0.15
823,26.336,0.168478,-0.264725,0.025916,1,AVOID_RIGHT,68.16,66.74,69.74,66.66,67.79,228.62,181.03,65.22,72.13,68.07,72.75,67.23,67.63,233.53,176.8,65.01,0.8,0.15
824,26.368,0.168736,-0.26472,0.016013,1,AVOID_RIGHT,65.4,67.74,70.08,65.89,69.2,230.35,177.61,64.72,61.26,69.24,70.61,64.75,71.32,232.96,172.48,63.97,0.8,0.15
825,26.4,0.169058,-0.264716,0.008586,1,AVOID_RIGHT,69.23,66.45,67.78,68.47,69.58,232.46,174.93,65.31,74.96,64.51,64.33,72.32,70.15,235.63,170.9,66.21,0.8,0.15
826,26.432,0.169379,-0.264715,0.001159,1,AVOID_RIGHT,69.58,67.5,66.56,68.85,66.76,230.5,172.17,64.39,70.12,69.07,64.72,69.43,62.53,227.56,168.04,63.01,0.8,0.15
827,26.464,0.169701,-0.264715,-0.006269,1,AVOID_RIGHT,69.94,67.4,66.93,68.53,67.69,230.47,168.45,65.34,70.47,67.26,67.48,68.04,69.09,230.42,162.86,66.76,0.8,0.15
828,26.496,0.169959,-0.264718,-0.016172,1,AVOID_RIGHT,70.94,66.83,67.28,68.23,66.92,231.52,125.91,67.84,72.44,65.96,67.8,67.78,65.76,233.1,62.11,71.59,0.8,0.15
829,26.528,0.170281,-0.264725,-0.023599,1,AVOID_RIGHT,70.17,67.22,66.44,68.46,68.28,234.32,101.45,68.59,69.0,67.8,65.19,68.81,70.32,238.52,64.75,69.71,0.8,0.15
830,26.56,0.170602,-0.264733,-0.031026,1,AVOID_RIGHT,67.7,67.15,66.17,68.71,65.99,237.87,88.97,68.56,64.01,67.05,65.77,69.08,62.55,243.19,70.26,68.51,0.8,0.15
831,26.592,0.170988,-0.264747,-0.040929,1,AVOID_RIGHT,66.12,69.11,66.17,70.35,68.01,241.77,80.4,68.59,63.75,72.06,66.17,72.82,71.04,247.62,67.55,68.63,0.8,0.15
832,26.624,0.171245,-0.264759,-0.050833,1,AVOID_RIGHT,68.55,67.44,64.65,67.36,65.02,239.91,75.55,67.24,72.19,64.93,62.37,62.86,60.54,237.11,68.26,65.23,0.8,0.15
833,26.656,0.171567,-0.264777,-0.05826,1,AVOID_RIGHT,69.65,68.13,65.5,66.79,63.5,243.73,72.39,65.31,71.3,69.15,66.77,65.95,61.22,249.47,67.65,62.41,0.8,0.15
834,26.688,0.171888,-0.264797,-0.065687,1,AVOID_RIGHT,68.48,69.26,66.69,67.15,63.7,246.92,70.79,66.06,66.73,70.97,68.47,67.67,64.0,251.69,68.39,67.19,0.8,0.15
835,26.72,0.172209,-0.264819,-0.073114,1,AVOID_RIGHT,67.91,70.08,66.76,67.74,62.41,250.46,69.58,67.51,67.05,71.29,66.88,68.64,60.46,255.77,67.76,69.68,0.6,-0.6
836,26.752,0.172209,-0.264819,-0.087969,1,AVOID_RIGHT,67.97,69.88,69.08,67.24,62.58,250.61,66.7,67.69,68.05,69.59,72.55,66.5,62.83,250.83,62.38,67.96,0.6,-0.6
837,26.784,0.172209,-0.264819,-0.102824,1,AVOID_RIGHT,65.67,70.37,66.78,68.05,64.12,250.54,67.66,70.04,62.22,71.11,63.34,69.26,66.44,250.43,69.11,73.56,0.6,-0.6
838,26.816,0.172209,-0.264819,-0.117678,1,AVOID_RIGHT,65.45,70.85,66.25,66.5,65.96,255.02,67.2,71.25,65.11,71.57,65.45,64.17,68.73,261.75,66.5,73.07,0.6,-0.6
839,26.848,0.172209,-0.264819,-0.132533,1,AVOID_RIGHT,65.23,69.53,67.12,65.97,66.6,258.18,68.57,69.78,64.9,67.54,68.42,65.19,67.54,262.93,70.64,67.58,0.6,-0.6
840,26.88,0.172145,-0.26481,-0.149863,1,AVOID_RIGHT,67.74,68.88,68.08,66.14,66.18,257.37,67.47,69.03,71.52,67.9,69.53,66.39,65.55,256.14,65.82,67.91,0.6,-0.6
841,26.912,0.172145,-0.26481,-0.164718,1,AVOID_RIGHT,67.1,67.72,68.2,68.51,64.85,259.12,66.64,69.9,66.12,65.98,68.37,72.05,62.85,261.75,65.38,71.19,0.6,-0.6
842,26.944,0.172145,-0.26481,-0.179573,1,AVOID_RIGHT,67.91,67.37,69.82,67.72,66.9,260.6,66.33,68.85,69.12,66.85,72.24,66.55,69.98,262.82,65.87,67.28,0.6,-0.6
843,26.976,0.172145,-0.26481,-0.194427,1,AVOID_RIGHT,66.28,68.31,69.75,69.24,68.45,261.72,67.44,67.14,63.84,69.72,69.65,71.51,70.77,263.4,69.09,64.58,0.6,-0.6
844,27.008,0.172145,-0.26481,-0.209282,1,AVOID_RIGHT,66.7,67.41,70.49,69.63,66.49,261.35,68.02,64.51,67.32,66.07,71.61,70.22,63.55,260.8,68.9,60.57,0.6,-0.6
845,27.04,0.172145,-0.26481,-0.224136,1,AVOID_RIGHT,64.95,68.52,69.2,67.75,68.09,255.36,67.8,63.72,62.34,70.19,67.26,64.93,70.5,246.37,67.46,62.53,0.6,-0.6
846,27.072,0.172208,-0.264825,-0.241467,1,AVOID_RIGHT,66.13,69.27,68.79,66.46,69.56,257.7,66.65,65.97,67.9,70.39,68.19,64.53,71.75,261.22,64.92,69.35,0.6,-0.6
847,27.104,0.172208,-0.264825,-0.256321,1,AVOID_RIGHT,65.94,67.65,69.21,65.45,67.74,258.43,68.94,66.82,65.64,65.23,69.84,63.92,65.01,259.53,72.38,68.11,0.6,-0.6
848,27.136,0.172208,-0.264825,-0.271176,1,AVOID_RIGHT,66.47,68.14,70.02,67.88,68.24,257.73,70.38,65.7,67.27,68.86,71.22,71.53,68.99,256.68,72.55,64.02,0.6,-0.6
849,27.168,0.172208,-0.264825,-0.286031,1,AVOID_RIGHT,67.47,67.66,70.44,68.06,69.32,260.05,68.96,63.93,68.98,66.94,71.07,68.32,70.94,263.52,66.81,61.28,0.6,-0.6
850,27.2,0.172208,-0.264825,-0.300885,1,AVOID_RIGHT,65.93,69.32,68.39,68.65,68.13,254.84,68.97,66.21,63.61,71.82,65.32,69.54,66.34,247.03,68.98,69.62,0.6,-0.6
851,27.232,0.172208,-0.264825,-0.31574,1,AVOID_RIGHT,68.94,68.38,70.31,67.27,66.57,254.63,67.93,65.87,73.46,66.98,73.19,65.21,64.24,254.32,66.38,65.37,0.6,-0.6
852,27.264,0.172208,-0.264825,-0.330594,1,AVOID_RIGHT,67.61,66.25,70.69,65.76,65.36,251.06,69.62,68.23,65.62,63.05,71.27,63.49,63.54,245.71,72.14,71.77,0.6,-0.6
853,27.296,0.172208,-0.264825,-0.345449,1,AVOID_RIGHT,67.78,64.25,65.99,65.89,66.83,251.1,68.93,66.37,68.03,61.26,58.93,66.08,69.04,251.15,67.89,63.58,0.6,-0.6
854,27.328,0.172208,-0.264825,-0.360304,1,AVOID_RIGHT,68.36,65.84,65.59,67.89,67.19,254.13,68.08,67.85,69.22,68.22,64.99,70.9,67.73,258.68,66.82,70.07,0.6,-0.6
855,27.36,0.172208,-0.264825,-0.375158,1,AVOID_RIGHT,69.73,67.81,66.32,68.26,68.75,252.35,66.23,68.61,71.78,70.76,67.41,68.81,71.08,249.67,63.46,69.75,0.6,-0.6
856,27.392,0.172208,-0.264825,-0.390013,1,AVOID_RIGHT,68.31,70.29,68.04,68.13,67.27,245.85,67.96,69.87,66.19,74.01,70.62,67.94,65.06,236.11,70.55,71.76,0.8,0.15
857,27.424,0.172446,-0.264924,-0.399916,1,AVOID_RIGHT,68.94,72.46,68.03,68.82,66.76,240.79,67.01,66.13,69.89,75.73,68.01,69.85,66.0,233.2,65.6,60.52,0.8,0.15
858,27.456,0.172742,-0.26505,-0.407343,1,AVOID_RIGHT,67.48,72.89,68.24,70.91,64.3,238.36,64.91,66.99,65.28,73.53,68.56,74.06,60.6,234.72,61.74,68.28,0.8,0.15
859,27.488,0.173037,-0.265179,-0.414771,1,AVOID_RIGHT,68.61,70.05,66.65,69.5,63.7,237.13,65.23,65.27,70.3,65.79,64.27,67.37,62.81,235.29,65.71,62.68,0.8,0.15
860,27.52,0.173331,-0.26531,-0.422198,1,AVOID_RIGHT,68.37,66.88,67.32,65.1,68.04,234.36,65.77,64.04,68.01,62.13,68.33,58.49,74.54,230.2,66.58,62.2,0.8,0.15
861,27.552,0.173565,-0.265416,-0.432101,1,AVOID_RIGHT,66.11,68.48,65.74,66.87,69.07,234.84,66.67,63.53,62.71,70.88,63.36,69.52,70.62,235.57,68.03,62.76,0.8,0.15
862,27.584,0.173915,-0.26558,-0.442004,1,AVOID_RIGHT,67.29,68.5,67.41,68.37,72.34,232.5,65.88,64.42,69.07,68.54,69.92,70.63,77.23,228.99,64.69,65.75,0.8,0.15
863,27.616,0.174206,-0.265719,-0.449431,1,AVOID_RIGHT,65.48,69.1,69.04,67.98,75.67,232.79,66.26,68.34,62.75,69.99,71.48,67.38,80.66,233.23,66.84,74.24,0.8,0.15
864,27.648,0.174495,-0.265859,-0.456859,1,AVOID_RIGHT,66.08,67.89,67.84,66.3,77.19,231.55,67.04,68.6,66.99,66.09,66.04,63.79,79.48,229.7,68.2,68.99,0.8,0.15
865,27.68,0.174725,-0.265974,-0.466762,1,AVOID_RIGHT,69.34,66.87,66.5,66.77,79.56,229.02,68.04,68.49,74.24,65.33,64.5,67.48,83.12,225.21,69.55,68.32,0.8,0.15
866,27.712,0.175012,-0.26612,-0.474189,1,AVOID_RIGHT,69.3,65.94,69.8,69.48,84.32,227.97,66.87,66.92,69.22,64.56,74.75,73.55,91.45,226.41,65.1,64.57,0.8,0.15
867,27.744,0.175298,-0.266268,-0.481616,1,AVOID_RIGHT,68.29,66.98,68.68,67.13,87.29,228.51,68.08,65.63,66.79,68.54,66.99,63.61,91.74,229.33,69.9,63.7,0.8,0.15
868,27.776,0.175583,-0.266418,-0.489044,1,AVOID_RIGHT,67.05,67.17,68.05,69.16,91.53,225.03,68.38,65.7,65.18,67.45,67.11,72.2,97.89,219.8,68.83,65.81,0.8,0.15
869,27.808,0.175866,-0.26657,-0.496471,1,AVOID_RIGHT,64.05,68.65,69.6,68.95,93.84,222.68,68.24,66.55,59.55,70.88,71.92,68.63,97.31,219.14,68.02,67.82,0.8,0.15
870,27.84,0.176092,-0.266694,-0.506374,1,AVOID_RIGHT,65.7,67.22,69.17,68.33,96.78,220.79,69.38,65.62,68.18,65.06,68.53,67.41,101.18,217.96,71.11,64.22,0.8,0.15
871,27.872,0.176373,-0.266851,-0.513801,1,AVOID_RIGHT,66.02,68.07,67.45,65.97,98.04,214.13,70.47,66.67,66.51,69.36,64.88,62.44,99.95,204.13,72.09,68.25,0.8,0.15
872,27.904,0.176653,-0.267011,-0.521229,1,AVOID_RIGHT,63.48,69.2,67.88,68.91,100.82,215.27,68.19,68.33,59.66,70.88,68.51,73.31,104.99,216.99,64.77,70.83,0.8,0.15
873,27.936,0.176931,-0.267172,-0.528656,1,AVOID_RIGHT,64.85,69.47,67.29,67.08,105.48,211.07,68.83,68.97,66.9,69.89,66.41,64.33,112.47,204.78,69.79,69.93,0.8,0.15
874,27.968,0.177153,-0.267303,-0.538559,1,AVOID_RIGHT,64.41,70.18,67.57,65.62,106.26,213.58,68.27,68.15,63.76,71.24,67.99,63.44,107.43,217.34,67.44,66.92,0.8,0.15
875,28.0,0.177483,-0.267503,-0.548462,1,AVOID_RIGHT,64.89,71.95,65.94,65.83,104.74,206.84,65.78,67.56,65.61,74.6,63.5,66.15,102.45,196.73,62.04,66.68,0.8,0.15
876,28.032,0.177757,-0.267671,-0.555889,1,AVOID_RIGHT,66.34,70.76,67.9,70.8,107.05,204.87,66.44,67.98,68.51,68.98,70.85,78.24,110.52,201.92,67.44,68.6,0.8,0.15
877,28.064,0.17803,-0.267842,-0.563317,1,AVOID_RIGHT,67.61,68.85,67.51,71.0,110.25,203.57,65.92,69.22,69.51,65.99,66.93,71.32,115.05,201.63,65.14,71.08,0.8,0.15
878,28.096,0.178247,-0.267981,-0.57322,1,AVOID_RIGHT,69.06,67.57,67.14,69.09,110.58,199.33,65.8,66.9,71.23,65.65,66.58,66.23,111.08,192.97,65.61,63.43,0.8,0.15
879,28.128,0.178517,-0.268156,-0.580647,1,AVOID_RIGHT,66.31,65.58,66.2,69.26,112.9,199.83,67.69,63.95,62.2,62.59,64.78,69.5,116.38,200.58,70.54,59.52,0.8,0.15
880,28.16,0.178785,-0.268334,-0.588074,1,AVOID_RIGHT,67.53,65.73,67.87,69.51,110.68,196.15,67.49,66.42,69.36,65.97,70.39,69.88,107.35,190.64,67.18,70.11,0.8,0.15
881,28.192,0.179053,-0.268513,-0.595502,1,AVOID_RIGHT,66.16,64.45,68.58,69.87,111.11,194.4,66.72,64.8,64.11,62.53,69.65,70.41,111.75,191.77,65.57,62.38,0.8,0.15
882,28.224,0.179265,-0.268659,-0.605405,1,AVOID_RIGHT,65.88,66.35,68.27,67.41,110.13,193.92,66.36,66.58,65.45,69.2,67.8,63.74,108.66,193.19,65.81,69.24,0.8,0.15
883,28.256,0.179529,-0.268843,-0.612832,1,AVOID_RIGHT,64.11,65.23,68.98,68.71,111.48,193.68,65.05,69.26,61.46,63.54,70.04,70.65,113.51,193.33,63.09,73.27,0.8,0.15
884,28.288,0.179792,-0.269029,-0.620259,1,AVOID_RIGHT,65.75,65.43,66.28,69.63,113.72,185.62,64.51,70.19,68.21,65.74,62.23,71.01,117.08,173.52,63.69,71.6,0.8,0.15
885,28.32,0.180053,-0.269217,-0.627687,1,FOLLOWING,64.59,65.97,66.32,66.55,114.28,182.95,66.05,71.39,62.84,66.78,66.38,61.94,115.11,178.94,68.36,73.19,-3.14,3.14
886,28.352,0.180053,-0.269217,-0.548462,1,FOLLOWING,64.11,66.77,67.77,67.22,108.72,188.71,65.66,70.38,63.39,67.98,69.94,68.23,100.39,197.37,65.07,68.87,-3.14,3.14
887,28.384,0.180053,-0.269217,-0.469238,1,FOLLOWING,64.77,65.83,68.56,67.28,94.71,195.71,66.07,67.6,65.78,64.42,69.74,67.36,73.7,206.21,66.69,63.43,-3.14,3.14
888,28.416,0.180053,-0.269217,-0.390013,1,FOLLOWING,64.42,67.96,68.0,65.03,85.42,206.92,66.66,66.54,63.9,71.16,67.17,61.66,71.47,223.73,67.54,64.95,-3.14,3.14
889,28.448,0.180053,-0.269217,-0.310788,1,FOLLOWING,67.75,68.43,66.15,65.64,80.52,213.74,68.37,66.75,72.75,69.12,63.36,66.56,73.16,223.97,70.94,67.06,-3.14,3.14
890,28.48,0.180053,-0.269217,-0.231564,1,FOLLOWING,67.64,64.59,65.83,68.23,75.59,217.83,67.33,66.79,67.47,58.85,65.36,72.12,68.19,223.97,65.76,66.85,-3.14,3.14
891,28.512,0.17999,-0.269205,-0.154815,1,FOLLOWING,68.99,66.42,66.15,67.64,70.95,218.92,67.14,65.97,71.02,69.17,66.62,66.74,64.0,220.56,66.85,64.75,-3.14,3.14
892,28.544,0.17999,-0.269205,-0.07559,1,FOLLOWING,68.82,66.7,66.99,67.8,70.21,218.37,67.76,70.08,68.57,67.1,68.24,68.05,69.09,217.54,68.7,76.24,-3.14,3.14
893,28.576,0.180054,-0.269207,0.00611,1,FOLLOWING,69.76,65.87,68.52,70.2,65.93,213.43,66.5,69.38,71.16,64.64,70.82,73.81,59.52,206.03,64.6,68.33,-3.14,3.14
894,28.608,0.180054,-0.269207,0.085335,1,FOLLOWING,69.11,65.42,67.58,69.02,66.76,209.53,66.07,69.21,68.14,64.74,66.18,67.25,68.01,203.68,65.43,68.95,-2.8978,3.14
895,28.64,0.180182,-0.269191,0.159608,1,FOLLOWING,67.74,67.61,67.36,68.9,66.4,199.02,119.34,68.76,65.68,70.91,67.03,68.72,65.87,183.25,199.24,68.1,-2.4727,3.14
896,28.672,0.180371,-0.269154,0.231405,1,AVOID_RIGHT,68.6,70.98,68.59,68.98,67.44,183.51,159.81,66.96,69.9,76.04,70.43,69.09,68.98,160.25,220.51,64.25,0.8,0.15
897,28.704,0.180622,-0.269096,0.221502,1,AVOID_RIGHT,67.22,67.39,69.99,68.65,66.95,176.26,181.97,65.46,65.13,62.0,72.08,68.15,66.22,165.38,215.22,63.22,0.8,0.15
898,28.736,0.180936,-0.269027,0.214075,1,AVOID_RIGHT,66.88,68.14,66.51,70.34,69.07,176.39,193.95,63.59,66.39,69.26,61.3,72.89,72.25,176.59,211.91,60.79,0.8,0.15
899,28.768,0.181251,-0.268959,0.206647,1,AVOID_RIGHT,65.95,68.97,68.22,69.73,67.82,177.46,200.44,63.87,64.54,70.22,70.77,68.8,65.94,179.07,210.19,64.28,0.8,0.15
900,28.8,0.181566,-0.268894,0.19922,1,AVOID_RIGHT,64.88,67.46,68.03,69.67,68.14,181.55,205.21,64.15,63.27,65.18,67.75,69.59,68.62,187.68,212.37,64.58,0.8,0.15
901,28.832,0.181882,-0.268833,0.186841,1,AVOID_RIGHT,64.83,67.91,70.47,69.46,65.66,183.03,211.32,63.17,64.77,68.58,74.13,69.13,61.95,185.25,220.48,61.7,0.8,0.15
902,28.864,0.182199,-0.268774,0.179414,1,AVOID_RIGHT,65.1,66.26,69.05,70.3,64.43,186.18,150.47,66.74,65.51,63.78,66.91,71.56,62.57,190.9,59.19,72.09,0.8,0.15
903,28.896,0.182515,-0.268718,0.171987,1,AVOID_RIGHT,67.6,65.98,68.16,67.74,66.53,188.68,118.48,65.76,71.35,65.58,66.83,63.9,69.69,192.44,70.51,64.3,0.8,0.15
904,28.928,0.182833,-0.268664,0.164559,1,AVOID_RIGHT,68.17,66.49,68.34,66.26,67.09,186.94,97.54,67.14,69.02,67.26,68.62,64.05,67.93,184.32,66.12,69.22,0.8,0.15
905,28.96,0.183087,-0.268623,0.154656,1,AVOID_RIGHT,65.56,66.68,68.07,67.13,68.16,190.85,86.94,65.03,61.64,66.96,67.65,68.44,69.77,196.71,71.03,61.86,0.8,0.15
906,28.992,0.183405,-0.268575,0.147229,1,AVOID_RIGHT,67.37,66.81,68.64,68.76,66.39,195.13,79.63,66.05,70.09,67.0,69.49,71.19,63.73,201.55,68.67,67.57,0.8,0.15
907,29.024,0.183724,-0.268529,0.139802,1,AVOID_RIGHT,66.53,67.2,67.89,70.05,66.68,196.83,75.81,66.09,65.27,67.78,66.78,71.98,67.12,199.39,70.09,66.16,0.8,0.15
908,29.056,0.184043,-0.268485,0.132374,1,AVOID_RIGHT,65.7,67.48,67.18,67.48,64.68,199.25,74.11,66.33,64.47,67.92,66.1,63.64,61.68,202.86,71.55,66.68,0.8,0.15
909,29.088,0.184298,-0.268452,0.122471,1,AVOID_RIGHT,66.04,66.41,66.8,67.96,66.25,201.16,71.15,65.43,66.54,64.8,66.23,68.68,68.59,204.03,66.72,64.1,0.8,0.15
910,29.12,0.184618,-0.268414,0.115044,1,AVOID_RIGHT,66.65,69.45,66.82,64.88,67.47,198.86,69.1,66.09,67.57,74.01,66.85,60.25,69.3,195.42,66.03,67.06,0.8,0.15
911,29.152,0.184937,-0.268378,0.107617,1,AVOID_RIGHT,66.93,67.76,65.05,66.33,67.43,203.26,68.03,66.18,67.35,65.22,62.41,68.5,67.38,209.86,66.42,66.31,0.8,0.15
912,29.184,0.185258,-0.268345,0.100189,1,AVOID_RIGHT,66.01,65.99,66.39,67.63,67.42,210.01,67.5,67.87,64.61,63.35,68.41,69.58,67.4,220.14,66.7,70.4,0.8,0.15
913,29.216,0.185514,-0.26832,0.090286,1,AVOID_RIGHT,67.8,65.79,65.54,66.67,66.19,213.94,68.74,67.59,70.5,65.48,64.27,65.24,64.33,219.84,70.59,67.18,0.8,0.15
914,29.248,0.185899,-0.268288,0.080383,1,AVOID_RIGHT,66.96,65.67,65.78,67.89,66.54,219.61,66.32,68.37,65.71,65.5,66.13,69.73,67.06,228.12,62.68,69.54,0.8,0.15
915,29.28,0.18622,-0.268263,0.072956,1,AVOID_RIGHT,65.04,64.42,66.54,69.16,66.13,222.25,65.92,68.71,62.14,62.55,67.68,71.05,65.51,226.19,65.33,69.23,0.8,0.15
916,29.312,0.186541,-0.268241,0.065529,1,AVOID_RIGHT,64.06,67.54,65.9,66.82,65.85,220.15,67.18,66.65,62.6,72.2,64.95,63.31,65.43,217.02,69.08,63.56,0.8,0.15
917,29.344,0.186862,-0.268221,0.058101,1,FOLLOWING,64.08,66.23,63.1,66.87,67.56,224.38,67.07,66.98,64.11,64.28,58.9,66.94,70.13,230.73,66.89,67.48,-3.14,3.14
918,29.376,0.186862,-0.268221,0.137326,1,FOLLOWING,65.3,69.16,66.81,64.88,67.19,216.23,66.88,66.42,67.11,73.55,72.37,61.9,66.63,203.99,66.61,65.59,-2.9258,3.14
919,29.408,0.186862,-0.268221,0.211599,1,FOLLOWING,66.19,67.81,66.12,67.73,66.7,208.68,67.45,69.03,67.54,65.79,65.09,72.01,65.98,197.36,68.31,72.95,-2.4947,3.14
920,29.44,0.187049,-0.268173,0.283396,1,FOLLOWING,65.56,68.8,64.38,70.02,67.52,200.56,142.46,67.55,64.61,70.3,61.76,73.46,68.74,188.38,254.96,65.33,-2.087,3.14
921,29.472,0.187416,-0.268054,0.347766,1,AVOID_RIGHT,69.04,66.03,66.94,69.45,66.95,186.67,201.75,68.85,74.25,61.87,70.79,68.6,66.09,165.83,290.68,70.81,0.8,0.15
922,29.504,0.187719,-0.267945,0.340339,1,AVOID_RIGHT,69.38,65.62,68.9,69.77,67.86,178.32,235.2,67.83,69.89,65.0,71.84,70.25,69.24,165.81,285.39,66.3,0.8,0.15
923,29.536,0.188023,-0.267839,0.332912,1,AVOID_RIGHT,68.66,64.47,68.22,69.06,67.64,173.06,255.21,67.99,67.57,62.75,67.19,67.98,67.31,165.16,285.23,68.24,0.6,-0.6
924,29.568,0.188023,-0.267839,0.318057,1,AVOID_RIGHT,66.93,66.59,68.0,66.56,68.44,174.88,268.26,67.82,64.35,69.76,67.67,62.81,69.63,177.62,287.84,67.56,0.6,-0.6
925,29.6,0.188023,-0.267839,0.303202,1,AVOID_RIGHT,67.46,66.75,65.54,66.77,65.9,177.39,273.02,63.72,68.25,67.0,61.85,67.08,62.09,181.15,280.16,57.56,0.6,-0.6
926,29.632,0.188023,-0.267839,0.288348,1,AVOID_RIGHT,65.1,66.66,66.66,66.52,66.15,182.54,269.45,66.36,61.56,66.52,68.33,66.15,66.53,190.27,264.08,70.34,0.6,-0.6
927,29.664,0.188023,-0.267839,0.273493,1,AVOID_RIGHT,65.38,64.86,66.38,65.53,64.32,189.49,185.73,68.28,65.81,62.16,65.97,64.04,61.58,199.9,60.15,71.16,0.8,0.15
928,29.696,0.188271,-0.26777,0.26359,1,AVOID_RIGHT,65.36,64.76,68.17,67.66,63.65,188.64,138.12,68.68,65.31,64.6,70.84,70.87,62.64,187.36,66.71,69.27,0.8,0.15
929,29.728,0.188582,-0.267688,0.256163,1,AVOID_RIGHT,63.6,66.19,68.25,66.68,64.25,191.38,110.23,67.99,60.97,68.34,68.38,65.2,65.16,195.5,68.38,66.97,0.8,0.15
930,29.76,0.188894,-0.267607,0.248736,1,AVOID_RIGHT,65.4,67.56,68.58,67.75,64.73,198.64,90.63,66.98,68.08,69.62,69.06,69.35,65.44,209.53,61.24,65.46,0.8,0.15
931,29.792,0.189206,-0.267529,0.241308,1,AVOID_RIGHT,67.83,67.7,66.98,66.38,64.55,204.35,83.36,68.56,71.49,67.92,64.59,64.33,64.27,212.91,72.45,70.92,0.8,0.15
932,29.824,0.189519,-0.267453,0.233881,1,AVOID_RIGHT,68.46,66.27,67.33,64.95,63.91,203.61,76.54,68.66,69.41,64.11,67.85,62.81,62.95,202.51,66.31,68.8,0.8,0.15
933,29.856,0.18977,-0.267395,0.223978,1,AVOID_RIGHT,66.21,67.24,68.77,63.64,65.68,207.41,75.32,69.02,62.83,68.7,70.92,61.68,68.35,213.11,73.5,69.57,0.8,0.15
934,29.888,0.190084,-0.267325,0.216551,1,AVOID_RIGHT,66.47,68.04,66.96,65.95,65.43,212.38,71.15,68.91,66.85,69.22,64.25,69.4,65.05,219.83,64.88,68.75,0.8,0.15
935,29.92,0.190461,-0.267244,0.206647,1,AVOID_RIGHT,64.87,68.57,68.18,66.19,64.8,217.43,68.86,67.08,62.47,69.37,70.01,66.55,63.86,225.0,65.43,64.34,0.8,0.15
936,29.952,0.190777,-0.267179,0.19922,1,AVOID_RIGHT,64.82,68.61,67.33,66.81,64.91,218.46,68.08,67.83,64.75,68.66,66.05,67.74,65.07,220.02,66.92,68.95,0.8,0.15
937,29.984,0.191029,-0.267129,0.189317,1,AVOID_RIGHT,65.93,68.31,66.3,67.28,65.59,220.01,66.8,67.85,67.59,67.86,64.76,67.98,66.62,222.32,64.88,67.88,0.8,0.15
938,30.016,0.191346,-0.26707,0.18189,1,AVOID_RIGHT,66.52,65.85,66.04,66.1,67.48,223.77,64.87,67.88,67.4,62.16,65.65,64.35,70.3,229.41,61.97,67.92,0.8,0.15
939,30.048,0.191662,-0.267013,0.174462,1,AVOID_RIGHT,69.18,65.3,66.16,64.73,67.94,229.36,64.66,68.28,73.17,64.47,66.35,62.66,68.63,237.75,64.34,68.89,0.8,0.15
940,30.08,0.19198,-0.266958,0.167035,1,AVOID_RIGHT,70.1,65.82,65.52,64.7,68.84,232.03,66.72,67.65,71.47,66.61,64.56,64.67,70.18,236.04,69.81,66.69,0.8,0.15
941,30.112,0.192234,-0.266916,0.157132,1,AVOID_RIGHT,69.92,66.8,64.96,65.98,69.11,236.94,65.93,67.84,69.64,68.27,64.11,67.89,69.52,244.3,64.75,68.13,0.8,0.15
942,30.144,0.192552,-0.266867,0.149705,1,AVOID_RIGHT,68.33,66.97,66.55,63.95,69.55,239.41,66.2,67.79,65.94,67.22,68.93,60.9,70.21,243.12,66.6,67.71,0.8,0.15
943,30.176,0.19287,-0.26682,0.142277,1,AVOID_RIGHT,66.74,66.55,66.71,64.84,67.18,238.94,67.84,68.64,64.37,65.92,66.95,66.17,63.62,238.24,70.29,69.91,0.8,0.15
944,30.208,0.193189,-0.266776,0.13485,1,AVOID_RIGHT,66.09,65.46,67.26,67.01,68.83,249.12,68.99,68.78,65.12,63.83,68.09,70.26,71.32,264.4,70.73,68.99,0.8,0.15
945,30.24,0.193444,-0.266743,0.124947,1,AVOID_RIGHT,67.0,66.48,69.32,65.31,67.92,255.05,69.12,69.53,68.35,68.0,72.41,62.77,66.56,263.93,69.3,70.67,0.6,-0.6
946,30.272,0.193444,-0.266743,0.110092,1,AVOID_RIGHT,69.95,67.38,68.73,63.65,68.3,252.26,69.12,68.62,74.38,68.74,67.85,61.14,68.87,248.07,69.14,67.25,0.6,-0.6
947,30.304,0.193444,-0.266743,0.095238,1,AVOID_RIGHT,68.33,69.27,68.42,64.93,68.08,256.55,68.75,67.6,65.89,72.1,67.96,66.85,67.74,262.99,68.18,66.06,0.6,-0.6
948,30.336,0.193508,-0.266737,0.077907,1,AVOID_RIGHT,66.97,71.0,68.97,64.65,67.91,267.55,68.57,69.38,64.93,73.59,69.79,64.23,67.65,284.06,68.3,72.04,0.6,-0.6
949,30.368,0.193508,-0.266737,0.063053,1,AVOID_RIGHT,69.13,71.17,69.49,65.38,68.88,270.94,68.53,66.82,72.38,71.43,70.26,66.47,70.34,276.02,68.47,63.0,0.6,-0.6
950,30.4,0.193508,-0.266737,0.048198,1,AVOID_RIGHT,69.92,70.19,66.33,68.82,69.0,274.1,66.4,66.07,71.09,68.72,61.59,73.99,69.18,278.83,63.21,64.94,0.6,-0.6
951,30.432,0.193508,-0.266737,0.033344,1,AVOID_RIGHT,66.93,71.55,66.84,68.16,67.94,277.3,68.01,64.92,62.44,73.59,67.6,67.18,66.35,282.1,70.43,63.19,0.6,-0.6
952,30.464,0.193508,-0.266737,0.018489,1,AVOID_RIGHT,67.59,70.03,68.24,68.73,67.85,281.53,69.75,64.72,68.59,67.74,70.35,69.57,67.72,287.87,72.35,64.43,0.6,-0.6
953,30.496,0.193508,-0.266737,0.003634,1,AVOID_RIGHT,68.18,68.87,66.71,66.78,65.28,283.24,67.73,69.59,69.05,67.13,64.42,63.85,61.43,285.8,64.69,76.89,0.6,-0.6
954,30.528,0.193508,-0.266737,-0.01122,1,AVOID_RIGHT,69.35,67.83,66.19,64.21,64.66,282.2,66.78,66.39,71.11,66.27,65.41,60.36,63.72,280.66,65.36,61.59,0.6,-0.6
955,30.56,0.193508,-0.266737,-0.026075,1,AVOID_RIGHT,68.97,68.02,66.68,64.8,63.95,286.39,67.08,67.2,68.41,68.31,67.41,65.7,62.9,292.68,67.53,68.42,0.6,-0.6
956,30.592,0.193508,-0.266737,-0.040929,1,AVOID_RIGHT,67.47,65.49,66.1,66.09,65.73,289.65,66.06,64.55,65.21,61.68,65.22,68.03,68.39,294.54,64.52,60.57,0.6,-0.6
957,30.624,0.193508,-0.266737,-0.055784,1,AVOID_RIGHT,67.54,66.86,67.12,67.21,66.28,290.27,65.05,64.83,67.66,68.92,68.64,68.88,67.12,291.19,63.54,65.24,0.6,-0.6
958,30.656,0.193508,-0.266737,-0.070639,1,AVOID_RIGHT,67.53,66.14,68.49,65.76,67.64,293.33,64.44,67.97,67.5,65.06,70.55,63.59,69.68,297.92,63.52,72.69,0.6,-0.6
959,30.688,0.193508,-0.266737,-0.085493,1,AVOID_RIGHT,67.8,65.04,66.29,66.51,67.25,298.93,68.27,67.41,68.21,63.4,63.0,67.63,66.66,307.33,74.01,66.56,0.6,-0.6
960,30.72,0.193508,-0.266737,-0.100348,1,AVOID_RIGHT,68.92,63.9,65.81,67.72,67.07,301.38,68.26,66.47,70.61,62.18,65.09,69.54,66.81,305.06,68.24,65.06,0.6,-0.6
961,30.752,0.193508,-0.266737,-0.115203,1,AVOID_RIGHT,67.66,65.13,65.97,67.99,67.16,299.9,68.6,65.04,65.75,66.98,66.21,68.39,67.3,297.68,69.12,62.89,0.6,-0.6
962,30.784,0.193508,-0.266737,-0.130057,1,AVOID_RIGHT,67.3,66.79,66.3,66.18,66.48,305.04,68.14,65.26,66.77,69.28,66.8,63.46,65.45,312.76,67.43,65.6,0.6,-0.6
963,30.816,0.193445,-0.266728,-0.147388,1,AVOID_RIGHT,69.59,68.12,65.98,66.41,68.3,306.55,65.98,63.42,73.02,70.11,65.49,66.75,71.03,308.81,62.75,60.65,0.6,-0.6
964,30.848,0.193445,-0.266728,-0.162242,1,AVOID_RIGHT,69.82,69.04,69.64,69.23,67.67,307.59,66.18,64.76,70.17,70.43,75.12,73.46,66.73,309.15,66.47,66.77,0.6,-0.6
965,30.88,0.193445,-0.266728,-0.177097,1,AVOID_RIGHT,67.12,68.2,67.62,70.13,67.93,309.09,68.16,66.68,63.07,66.92,64.6,71.49,68.32,311.34,71.13,69.57,0.6,-0.6
966,30.912,0.193508,-0.26674,-0.194427,1,AVOID_RIGHT,66.74,68.05,66.82,69.34,66.9,307.2,68.1,68.17,66.18,67.84,65.63,68.16,65.35,304.37,68.01,70.39,0.6,-0.6
967,30.944,0.193508,-0.26674,-0.209282,1,AVOID_RIGHT,66.17,67.52,66.44,68.81,65.54,312.54,68.01,67.52,65.3,66.73,65.85,68.0,63.49,320.54,67.87,66.55,0.6,-0.6
968,30.976,0.193508,-0.26674,-0.224136,1,AVOID_RIGHT,69.33,64.73,68.44,67.75,66.05,311.67,67.49,67.73,74.09,60.54,71.46,66.16,66.82,310.36,66.73,68.04,0.6,-0.6
969,31.008,0.193508,-0.26674,-0.238991,1,AVOID_RIGHT,67.46,65.48,68.93,65.35,64.34,312.99,66.5,69.05,64.64,66.61,69.67,61.75,61.78,314.97,65.01,71.03,0.6,-0.6
970,31.04,0.193508,-0.26674,-0.253846,1,AVOID_RIGHT,66.73,65.4,67.95,65.67,65.93,309.45,67.82,67.99,65.64,65.28,66.47,66.14,68.31,304.14,69.79,66.41,0.6,-0.6
971,31.072,0.193508,-0.26674,-0.2687,1,AVOID_RIGHT,67.93,66.38,68.54,67.07,66.07,307.4,66.66,69.34,69.74,67.85,69.43,69.18,66.29,304.33,64.92,71.37,0.6,-0.6
972,31.104,0.193508,-0.26674,-0.283555,1,AVOID_RIGHT,68.08,67.66,67.56,65.47,68.43,309.48,69.15,69.63,68.29,69.57,66.08,63.06,71.96,312.58,72.89,70.06,0.6,-0.6
973,31.136,0.193508,-0.26674,-0.298409,1,AVOID_RIGHT,66.7,69.64,65.97,67.18,66.78,306.15,68.05,68.56,64.62,72.61,63.6,69.74,64.31,301.16,66.39,66.95,0.6,-0.6
974,31.168,0.193508,-0.26674,-0.313264,1,AVOID_RIGHT,66.51,69.46,67.69,67.32,66.97,304.66,66.47,68.72,66.22,69.2,70.28,67.52,67.25,302.44,64.1,68.95,0.6,-0.6
975,31.2,0.193508,-0.26674,-0.328119,1,AVOID_RIGHT,66.08,68.09,67.67,67.72,67.07,308.4,66.25,67.11,65.43,66.03,67.64,68.33,67.23,314.0,65.91,64.71,0.6,-0.6
976,31.232,0.193508,-0.26674,-0.342973,1,AVOID_RIGHT,64.04,66.3,67.16,68.97,66.52,307.66,66.08,68.44,61.0,63.62,66.38,70.84,65.69,306.54,65.82,70.43,0.6,-0.6
977,31.264,0.193508,-0.26674,-0.357828,1,AVOID_RIGHT,65.61,65.52,67.13,69.45,66.09,304.59,65.59,68.29,67.95,64.33,67.09,70.18,65.45,300.0,64.86,68.06,0.6,-0.6
978,31.296,0.193508,-0.26674,-0.372683,1,AVOID_RIGHT,67.02,67.51,66.15,67.49,66.49,310.19,68.75,69.07,69.13,70.49,64.69,64.55,67.1,318.59,73.5,70.24,0.6,-0.6
979,31.328,0.193508,-0.26674,-0.387537,1,AVOID_RIGHT,65.1,67.14,66.26,66.36,67.24,308.52,66.74,68.79,62.23,66.59,66.41,64.65,68.36,306.0,63.72,68.37,0.6,-0.6
980,31.36,0.193449,-0.266715,-0.404868,1,AVOID_RIGHT,67.8,69.07,66.11,67.22,73.62,303.06,68.35,67.82,71.86,71.97,65.89,68.51,83.19,294.88,70.78,66.36,0.6,-0.6
981,31.392,0.193449,-0.266715,-0.419722,1,AVOID_RIGHT,67.63,68.35,66.36,67.65,77.03,300.01,67.66,65.06,67.38,67.28,66.73,68.29,82.14,295.43,66.62,60.92,0.6,-0.6
982,31.424,0.193449,-0.266715,-0.434577,1,AVOID_RIGHT,67.67,68.12,67.55,68.87,81.84,298.98,66.75,65.37,67.73,67.76,69.34,70.71,89.07,297.44,65.38,65.83,0.6,-0.6
983,31.456,0.193507,-0.266743,-0.451907,1,AVOID_RIGHT,66.63,68.54,67.54,69.5,87.98,294.36,66.47,67.02,65.06,69.19,67.53,70.44,97.17,287.42,66.05,69.51,0.6,-0.6
984,31.488,0.193507,-0.266743,-0.466762,1,AVOID_RIGHT,67.73,68.22,67.27,68.53,93.81,202.14,68.06,66.45,69.38,67.74,66.87,67.07,102.57,63.81,70.44,65.59,0.8,0.15
985,31.52,0.193794,-0.266889,-0.474189,1,AVOID_RIGHT,69.35,67.96,66.81,68.71,99.36,147.56,68.64,65.77,71.78,67.56,66.11,68.99,107.69,65.69,69.51,64.74,0.8,0.15
986,31.552,0.194079,-0.267037,-0.481616,1,AVOID_RIGHT,70.28,65.71,67.44,68.93,101.65,114.98,68.51,68.74,71.67,62.33,68.38,69.25,105.07,66.1,68.33,73.19,0.8,0.15
987,31.584,0.194364,-0.267187,-0.489044,1,AVOID_RIGHT,70.76,64.99,67.56,67.43,105.45,94.19,67.38,70.39,71.49,63.92,67.75,65.17,111.15,63.01,65.68,72.86,0.8,0.15
988,31.616,0.194591,-0.267309,-0.498947,1,AVOID_RIGHT,68.24,64.49,64.99,68.97,103.63,82.58,67.72,70.17,64.47,63.74,61.14,71.27,100.9,65.17,68.23,69.85,0.8,0.15
989,31.648,0.194873,-0.267464,-0.506374,1,AVOID_RIGHT,69.26,66.14,67.25,70.15,106.66,74.25,65.4,69.47,70.77,68.61,70.64,71.94,111.21,61.76,61.93,68.42,0.8,0.15
990,31.68,0.195154,-0.267621,-0.513801,1,AVOID_RIGHT,69.62,67.74,67.41,70.42,104.19,72.93,64.83,69.97,70.16,70.15,67.65,70.83,100.48,70.94,63.96,70.72,0.8,0.15
991,31.712,0.195433,-0.26778,-0.521229,1,AVOID_RIGHT,69.24,66.58,66.24,70.34,108.92,69.72,66.95,68.39,68.67,64.84,64.49,70.22,116.02,64.9,70.13,66.02,0.8,0.15
992,31.744,0.195656,-0.26791,-0.531132,1,AVOID_RIGHT,68.34,64.27,66.29,66.87,111.52,69.9,67.53,67.82,67.0,60.81,66.35,61.65,115.42,70.19,68.4,66.95,0.8,0.15
993,31.776,0.195933,-0.268074,-0.538559,1,AVOID_RIGHT,67.04,65.98,69.33,65.29,108.72,68.26,66.5,70.12,65.08,68.54,73.88,62.94,104.53,65.78,64.95,73.56,0.8,0.15
994,31.808,0.196209,-0.26824,-0.545986,1,AVOID_RIGHT,67.27,67.43,68.75,65.64,108.58,69.22,68.13,68.86,67.61,69.6,67.89,66.17,108.36,70.68,70.58,66.97,0.8,0.15
995,31.84,0.196483,-0.268408,-0.553414,1,AVOID_RIGHT,68.44,70.75,65.73,67.28,109.78,67.37,68.58,68.38,70.2,75.73,61.19,69.74,111.58,64.6,69.26,67.67,0.8,0.15
996,31.872,0.196701,-0.268544,-0.563317,1,AVOID_RIGHT,66.31,70.29,65.6,67.98,111.79,68.32,67.83,67.96,63.11,69.6,65.42,69.02,114.81,69.75,66.7,67.34,0.8,0.15
997,31.904,0.197027,-0.268752,-0.57322,1,AVOID_RIGHT,66.66,69.29,66.45,66.08,112.83,68.85,66.72,67.57,67.19,67.79,67.72,63.23,114.4,69.65,65.06,66.98,0.8,0.15
998,31.936,0.197297,-0.268928,-0.580647,1,AVOID_RIGHT,67.04,67.98,67.21,66.04,115.24,66.3,64.5,67.0,67.62,66.03,68.36,65.98,118.84,62.47,61.18,66.15,0.8,0.15
999,31.968,0.197565,-0.269105,-0.588074,1,AVOID_RIGHT,68.36,69.18,68.96,65.93,118.07,66.0,65.27,66.75,70.33,70.98,71.58,65.76,122.32,65.56,66.43,66.37,0.8,0.15
1000,32.0,0.197779,-0.269249,-0.597978,1,AVOID_RIGHT,65.69,72.06,66.93,66.07,120.65,65.37,68.17,65.65,61.69,76.38,63.88,66.28,124.51,64.41,72.51,64.01,0.8,0.15
1001,32.032,0.198044,-0.269431,-0.605405,1,AVOID_RIGHT,65.71,69.29,67.94,65.28,119.5,67.96,68.07,66.24,65.75,65.12,69.45,64.08,117.77,71.86,67.93,67.11,0.8,0.15
1002,32.064,0.198308,-0.269616,-0.612832,1,AVOID_RIGHT,68.11,70.83,68.34,66.45,123.04,69.0,68.61,65.78,71.71,73.16,68.94,68.2,128.35,70.54,69.41,65.1,0.8,0.15
1003,32.096,0.198571,-0.269802,-0.620259,1,AVOID_RIGHT,66.2,67.16,69.46,67.27,121.42,67.86,69.23,66.22,63.32,61.65,71.13,68.5,118.99,66.15,70.17,66.87,0.8,0.15
1004,32.128,0.198832,-0.26999,-0.627687,1,AVOID_RIGHT,67.94,67.46,67.49,65.77,126.74,68.81,67.6,66.82,70.56,67.92,64.55,63.52,134.71,70.25,65.16,67.72,0.8,0.15
1005,32.16,0.199039,-0.270142,-0.63759,1,AVOID_RIGHT,67.01,66.32,69.63,66.29,126.22,67.38,66.39,64.67,65.62,64.6,72.84,67.08,125.44,65.23,64.58,61.46,0.8,0.15
1006,32.192,0.199297,-0.270334,-0.645017,1,AVOID_RIGHT,67.92,67.71,67.44,69.68,129.27,67.41,67.34,64.76,69.29,69.79,64.16,74.76,133.86,67.45,68.77,64.88,0.8,0.15
1007,32.224,0.199554,-0.270529,-0.652444,1,AVOID_RIGHT,68.35,65.82,66.81,69.06,127.58,67.99,65.62,67.38,68.98,62.99,65.87,68.12,125.04,68.87,63.04,71.31,0.8,0.15
1008,32.256,0.199809,-0.270725,-0.659872,1,AVOID_RIGHT,67.74,67.85,66.96,65.84,129.78,66.73,63.3,66.94,66.84,70.88,67.18,61.02,133.07,64.83,59.81,66.27,0.8,0.15
1009,32.288,0.200011,-0.270884,-0.669775,1,AVOID_RIGHT,65.13,68.41,67.02,65.61,133.19,67.25,67.96,65.67,61.22,69.26,67.11,65.25,138.31,68.02,74.94,63.77,0.8,0.15
1010,32.32,0.200313,-0.271125,-0.679678,1,AVOID_RIGHT,67.76,68.48,65.58,66.45,136.23,67.01,65.15,66.95,71.71,68.57,63.42,67.71,140.79,66.66,60.93,68.86,0.8,0.15
1011,32.352,0.200563,-0.271329,-0.687105,1,AVOID_RIGHT,68.31,67.09,66.12,66.52,135.32,66.73,65.41,67.21,69.14,65.01,66.92,66.62,133.95,66.32,65.8,67.6,0.8,0.15
1012,32.384,0.200811,-0.271534,-0.694533,1,AVOID_RIGHT,66.51,67.57,66.07,66.24,135.67,69.57,65.99,65.4,63.81,68.3,65.99,65.84,136.2,73.82,66.85,62.68,0.8,0.15
1013,32.416,0.201008,-0.271699,-0.704436,1,FOLLOWING,65.62,68.11,63.5,67.0,135.29,68.57,68.18,67.0,64.29,68.9,59.65,68.14,134.73,67.08,71.48,69.4,-3.14,3.14
1014,32.448,0.201008,-0.271699,-0.625211,1,FOLLOWING,65.75,68.54,67.27,66.75,128.73,69.03,69.3,68.12,65.95,69.19,72.91,66.38,118.89,69.71,70.98,69.81,-3.14,3.14
1015,32.48,0.201008,-0.271699,-0.545986,1,FOLLOWING,65.1,66.69,67.21,67.85,120.79,67.97,68.67,66.01,64.11,63.92,67.13,69.49,108.89,66.38,67.72,62.83,-3.14,3.14
1016,32.512,0.201008,-0.271699,-0.466762,1,FOLLOWING,68.46,65.44,66.38,69.56,104.31,69.37,67.01,65.3,73.49,63.58,65.13,72.13,79.58,71.48,64.52,64.25,-3.14,3.14
1017,32.544,0.201008,-0.271699,-0.387537,1,FOLLOWING,66.87,64.73,67.03,70.66,89.43,69.01,68.88,65.35,64.49,63.65,68.01,72.3,67.12,68.46,71.7,65.43,-3.14,3.14
1018,32.576,0.201008,-0.271699,-0.308313,1,FOLLOWING,66.76,65.02,69.76,70.36,79.19,67.79,69.03,63.53,66.61,65.46,73.85,69.91,63.83,65.97,69.26,60.79,-3.14,3.14
1019,32.608,0.201008,-0.271699,-0.229088,1,FOLLOWING,67.52,66.57,68.16,67.48,76.94,145.32,67.56,65.82,68.66,68.89,65.75,63.17,73.57,261.61,65.34,69.26,-3.14,3.14
1020,32.64,0.201008,-0.271699,-0.149863,1,FOLLOWING,66.62,65.28,67.37,68.14,73.09,187.0,66.02,66.03,65.27,63.35,66.19,69.13,67.3,249.53,63.71,66.33,-3.14,3.14
1021,32.672,0.201008,-0.271699,-0.070639,1,FOLLOWING,67.83,67.01,67.48,68.92,70.4,207.83,67.07,65.07,69.65,69.61,67.65,70.08,66.38,239.07,68.64,63.62,-3.14,3.14
1022,32.704,0.201008,-0.271699,0.008586,1,FOLLOWING,67.43,66.68,67.02,67.08,66.7,217.51,67.61,64.98,66.84,66.18,66.31,64.32,61.14,232.03,68.42,64.85,-3.14,3.14
1023,32.736,0.201008,-0.271699,0.087811,1,FOLLOWING,67.92,66.93,66.56,69.13,68.03,218.09,67.78,67.49,68.65,67.3,65.88,72.21,70.02,218.96,68.03,71.26,-3.14,3.14
1024,32.768,0.201008,-0.271699,0.167035,1,FOLLOWING,67.58,68.63,68.58,66.26,68.47,212.01,67.94,67.7,67.06,71.19,71.62,61.96,69.13,202.89,68.18,68.0,-3.14,3.14
1025,32.8,0.201008,-0.271699,0.24626,1,FOLLOWING,66.65,69.57,68.41,66.64,69.89,201.27,66.54,64.9,65.26,70.97,68.14,67.2,72.02,185.15,64.43,60.71,-3.1359,3.14
1026,32.832,0.201008,-0.271699,0.325484,1,FOLLOWING,66.72,68.46,65.39,65.48,69.51,181.84,64.12,64.57,66.83,66.79,60.86,63.75,68.93,152.69,60.49,64.07,-2.6761,3.14
1027,32.864,0.201128,-0.271654,0.399757,1,FOLLOWING,65.68,67.79,64.38,65.17,67.38,168.54,65.74,65.26,64.12,66.78,62.87,64.71,64.19,148.6,68.17,66.31,-2.2512,3.14
1028,32.896,0.20142,-0.271519,0.466603,1,FOLLOWING,66.87,66.77,66.0,65.33,68.17,152.47,67.89,66.33,68.67,65.24,68.42,65.57,69.34,128.37,71.11,67.93,-1.8779,3.14
1029,32.928,0.201759,-0.271334,0.530973,1,FOLLOWING,64.86,68.13,65.72,65.26,66.36,137.38,66.68,64.11,61.83,70.17,65.3,65.16,63.65,114.75,64.88,60.77,-1.5211,3.14
1030,32.96,0.20225,-0.271026,0.587916,1,AVOID_RIGHT,65.88,66.9,65.64,66.7,64.89,124.33,166.9,66.79,67.42,65.05,65.52,68.86,62.69,104.75,317.23,70.82,0.8,0.15
1031,32.992,0.202519,-0.270849,0.580489,1,AVOID_RIGHT,65.92,66.35,67.75,66.5,65.45,122.04,234.17,66.66,65.99,65.54,70.91,66.19,66.29,118.61,335.07,66.47,0.8,0.15
1032,33.024,0.202789,-0.270673,0.573061,1,AVOID_RIGHT,67.33,65.44,67.5,65.2,66.48,121.59,271.0,66.97,69.44,64.08,67.14,63.26,68.02,120.92,326.25,67.43,0.6,-0.6
1033,33.056,0.202789,-0.270673,0.558207,1,AVOID_RIGHT,65.53,67.81,68.99,65.23,65.26,119.69,189.33,67.42,62.84,71.35,71.22,65.27,63.42,116.84,66.82,68.11,0.8,0.15
1034,33.088,0.203008,-0.270538,0.548304,1,AVOID_RIGHT,65.5,69.04,66.57,67.68,67.19,121.2,140.17,66.21,65.44,70.89,62.93,71.35,70.09,123.47,66.43,64.39,0.8,0.15
1035,33.12,0.203283,-0.270371,0.540876,1,AVOID_RIGHT,67.5,70.05,66.9,65.56,66.62,121.18,111.0,63.72,70.51,71.57,67.41,62.37,65.76,121.14,67.25,59.98,0.8,0.15
1036,33.152,0.203559,-0.270207,0.533449,1,AVOID_RIGHT,64.81,70.0,67.95,64.44,66.57,125.03,94.2,66.02,60.77,69.93,69.51,62.76,66.49,130.82,69.0,69.46,0.8,0.15
1037,33.184,0.203837,-0.270044,0.526022,1,AVOID_RIGHT,67.24,67.96,67.03,63.83,66.78,125.86,83.27,67.29,70.89,64.89,65.67,62.91,67.11,127.11,66.88,69.19,0.8,0.15
1038,33.216,0.20406,-0.269916,0.516119,1,AVOID_RIGHT,66.76,66.6,69.71,65.19,68.8,128.84,75.26,68.51,66.05,64.57,73.73,67.22,71.82,133.3,63.24,70.36,0.8,0.15
1039,33.248,0.204341,-0.269758,0.508691,1,AVOID_RIGHT,67.69,66.24,68.8,64.47,67.22,129.97,71.84,68.37,69.07,65.71,67.43,63.4,64.84,131.65,66.71,68.15,0.8,0.15
1040,33.28,0.204623,-0.269602,0.501264,1,AVOID_RIGHT,65.17,68.08,69.89,62.76,65.88,131.61,69.09,68.88,61.41,70.83,71.53,60.2,63.88,134.07,64.97,69.64,0.8,0.15
1041,33.312,0.204906,-0.269449,0.493837,1,AVOID_RIGHT,66.92,67.07,69.43,66.26,68.48,135.32,67.36,66.18,69.54,65.56,68.75,71.5,72.37,140.88,64.77,62.13,0.8,0.15
1042,33.344,0.20519,-0.269298,0.481458,1,AVOID_RIGHT,68.33,66.16,66.38,67.57,67.9,140.05,64.74,66.39,70.43,64.79,61.79,69.55,67.04,147.14,60.82,66.71,0.8,0.15
1043,33.376,0.205476,-0.26915,0.474031,1,AVOID_RIGHT,66.47,65.86,67.13,65.72,67.85,143.65,64.83,68.56,63.69,65.41,68.26,62.93,67.78,149.06,64.97,71.8,0.8,0.15
1044,33.408,0.205763,-0.269004,0.466603,1,AVOID_RIGHT,65.22,66.25,67.42,65.93,65.85,149.31,66.23,70.21,63.33,66.85,67.84,66.26,62.84,157.79,68.33,72.69,0.8,0.15
1045,33.44,0.206051,-0.26886,0.459176,1,AVOID_RIGHT,65.01,66.47,68.17,66.91,67.44,148.93,68.84,69.45,64.7,66.78,69.31,68.39,69.82,148.36,72.76,68.31,0.8,0.15
1046,33.472,0.206282,-0.268747,0.449273,1,AVOID_RIGHT,67.35,67.51,69.32,65.21,66.41,153.28,68.11,67.92,70.87,69.07,71.05,62.65,64.88,159.8,67.02,65.63,0.8,0.15
1047,33.504,0.206572,-0.268609,0.441846,1,AVOID_RIGHT,67.06,66.53,70.0,67.53,64.09,155.14,66.19,69.27,66.62,65.06,71.01,71.0,60.61,157.93,63.31,71.3,0.8,0.15
1048,33.536,0.206864,-0.268472,0.434418,1,AVOID_RIGHT,65.91,68.29,69.37,68.64,62.79,161.39,67.51,66.59,64.18,70.94,68.44,70.3,60.83,170.77,69.48,62.56,0.8,0.15
1049,33.568,0.207156,-0.268338,0.426991,1,AVOID_RIGHT,66.95,67.54,69.82,66.19,61.66,169.19,66.36,70.04,68.5,66.41,70.48,62.51,59.96,180.87,64.63,75.22,0.8,0.15
1050,33.6,0.20745,-0.268206,0.419564,1,AVOID_RIGHT,67.85,67.25,68.56,65.15,65.98,174.57,65.46,69.1,69.2,66.83,66.69,63.59,72.45,182.64,64.12,67.68,0.8,0.15
1051,33.632,0.207685,-0.268102,0.409661,1,AVOID_RIGHT,66.78,68.24,68.8,65.62,66.13,180.51,66.45,68.52,65.17,69.73,69.16,66.32,66.36,189.44,67.93,67.67,0.8,0.15
1052,33.664,0.207981,-0.267975,0.402233,1,AVOID_RIGHT,67.31,66.43,69.17,67.41,68.86,186.18,67.84,67.68,68.12,63.72,69.72,70.1,72.97,194.67,69.94,66.42,0.8,0.15
1053,33.696,0.208278,-0.26785,0.394806,1,AVOID_RIGHT,66.83,65.94,70.25,68.17,69.06,191.84,66.06,66.55,66.11,65.19,71.87,69.31,69.35,200.35,63.38,64.85,0.8,0.15
1054,33.728,0.208575,-0.267727,0.387379,1,AVOID_RIGHT,70.85,63.03,68.12,67.46,66.99,198.59,65.29,66.94,76.87,58.67,64.92,66.4,63.89,208.7,64.12,67.52,0.8,0.15
1055,33.76,0.208874,-0.267607,0.375,1,AVOID_RIGHT,69.12,66.48,66.97,69.78,64.62,200.99,65.48,65.85,66.53,71.66,65.26,73.26,61.07,204.58,65.76,64.22,0.8,0.15
1056,33.792,0.209174,-0.267491,0.367572,1,AVOID_RIGHT,69.63,65.33,66.27,69.6,64.65,203.26,67.23,67.51,70.39,63.59,65.22,69.33,64.7,206.67,69.85,70.0,0.8,0.15
1057,33.824,0.209475,-0.267376,0.360145,1,AVOID_RIGHT,68.04,66.5,67.85,69.05,66.1,211.43,66.83,67.23,65.66,68.27,70.22,68.23,68.28,223.7,66.23,66.81,0.8,0.15
1058,33.856,0.209776,-0.267264,0.352718,1,AVOID_RIGHT,66.53,65.13,68.18,63.86,66.2,213.13,68.02,65.02,64.26,63.08,68.68,56.07,66.35,215.67,69.81,61.71,0.8,0.15
1059,33.888,0.210018,-0.267176,0.342815,1,AVOID_RIGHT,66.45,67.07,68.42,65.38,66.08,221.3,66.81,66.84,66.34,69.98,68.78,67.65,65.89,233.55,65.0,69.58,0.8,0.15
1060,33.92,0.210322,-0.267069,0.335387,1,AVOID_RIGHT,67.09,66.21,67.68,64.7,65.03,220.45,67.17,68.14,68.04,64.92,66.58,63.68,63.45,219.19,67.71,70.08,0.8,0.15
1061,33.952,0.210626,-0.266964,0.32796,1,AVOID_RIGHT,66.71,66.17,66.2,65.68,65.94,226.99,65.04,69.66,66.13,66.11,63.97,67.15,67.3,236.79,61.84,71.94,0.8,0.15
1062,33.984,0.210931,-0.266862,0.320533,1,FOLLOWING,67.16,68.09,68.36,66.46,64.8,229.89,63.87,66.57,67.83,70.98,71.59,67.64,63.09,234.24,62.11,61.93,-3.14,3.14
1063,34.016,0.210931,-0.266862,0.399757,1,FOLLOWING,67.71,67.77,65.6,65.09,64.17,223.59,64.33,66.0,68.54,67.28,61.48,63.03,63.23,214.14,65.03,65.15,-2.7745,3.14
1064,34.048,0.211048,-0.266807,0.474031,1,FOLLOWING,67.63,68.6,67.01,67.59,63.52,213.92,64.12,65.63,67.5,69.84,69.11,71.33,62.54,199.43,63.81,65.07,-2.3502,3.14
1065,34.08,0.211273,-0.266682,0.543352,1,FOLLOWING,67.13,68.67,65.51,68.49,66.19,190.79,65.15,66.62,66.39,68.79,63.26,69.85,70.19,156.09,66.7,68.1,-1.9606,3.14
1066,34.112,0.211597,-0.266472,0.607722,1,FOLLOWING,65.67,67.47,66.31,67.43,68.67,171.99,65.94,66.82,63.48,65.67,67.5,65.83,72.39,143.78,67.11,67.13,-1.6051,3.14
1067,34.144,0.212011,-0.266165,0.667141,1,FOLLOWING,67.5,67.65,66.61,67.91,69.11,151.3,65.71,66.11,70.24,67.92,67.06,68.63,69.77,120.28,65.37,65.05,-1.2833,3.14
1068,34.176,0.212455,-0.265794,0.724083,1,FOLLOWING,68.44,66.95,65.1,69.45,69.28,137.85,98.52,68.17,69.84,65.9,62.83,71.77,69.54,117.67,147.73,71.25,-0.9774,3.14
1069,34.208,0.212973,-0.265311,0.776074,1,AVOID_RIGHT,69.56,67.75,69.15,67.1,68.67,127.72,223.88,69.11,71.26,68.94,75.23,63.58,67.75,112.52,411.91,70.51,0.8,0.15
1070,34.24,0.213158,-0.265132,0.766171,1,AVOID_RIGHT,66.95,68.32,68.6,67.63,69.13,117.17,244.68,68.56,63.02,69.18,67.78,68.43,69.83,101.35,275.87,67.75,0.8,0.15
1071,34.272,0.213391,-0.264909,0.758744,1,AVOID_RIGHT,67.28,69.52,67.65,69.71,68.28,114.67,232.23,68.65,67.78,71.32,66.22,72.82,67.01,110.91,213.55,68.78,0.8,0.15
1072,34.304,0.213672,-0.264645,0.748841,1,AVOID_RIGHT,69.18,69.18,67.3,67.5,66.94,112.09,207.16,69.55,72.02,68.67,66.77,64.18,64.92,108.23,169.56,70.89,0.8,0.15
1073,34.336,0.213909,-0.264427,0.741414,1,AVOID_RIGHT,69.15,69.63,67.11,66.8,65.71,111.45,178.34,69.72,69.1,70.3,66.82,65.76,63.88,110.48,135.11,69.98,0.8,0.15
1074,34.368,0.2141,-0.264254,0.731511,1,AVOID_RIGHT,68.74,68.57,67.53,67.35,66.7,113.38,152.5,67.0,68.14,66.98,68.16,68.16,68.18,116.29,113.74,62.93,0.8,0.15
1075,34.4,0.21434,-0.26404,0.724083,1,AVOID_RIGHT,68.02,66.94,67.75,67.53,65.67,123.63,129.45,66.52,66.94,64.5,68.08,67.8,64.12,139.01,94.88,65.78,0.8,0.15
1076,34.432,0.214582,-0.263828,0.716656,1,AVOID_RIGHT,65.28,66.52,66.11,69.22,66.94,123.37,104.29,67.46,61.18,65.89,63.64,71.77,68.84,122.98,66.56,68.87,0.8,0.15
1077,34.464,0.214825,-0.263617,0.709229,1,AVOID_RIGHT,64.18,69.17,65.13,69.06,70.6,127.13,88.63,65.93,62.54,73.15,63.67,68.82,76.1,132.76,65.13,63.64,0.8,0.15
1078,34.496,0.215022,-0.26345,0.699326,1,AVOID_RIGHT,65.03,68.28,67.07,69.22,69.18,134.39,79.6,68.89,66.31,66.95,69.98,69.47,67.06,145.3,66.05,73.32,0.8,0.15
1079,34.528,0.215269,-0.263244,0.691898,1,AVOID_RIGHT,66.46,66.07,67.56,69.25,70.17,138.58,78.06,68.68,68.59,62.74,68.29,69.28,71.66,144.86,75.76,68.37,0.8,0.15
1080,34.56,0.215517,-0.26304,0.684471,1,AVOID_RIGHT,65.12,66.64,65.76,67.14,68.19,141.36,77.63,67.17,63.12,67.5,63.07,63.98,65.22,145.52,76.99,64.91,0.8,0.15
1081,34.592,0.215767,-0.262837,0.677044,1,AVOID_RIGHT,65.41,68.44,65.0,68.27,70.63,145.27,74.25,67.41,65.83,71.15,63.84,69.96,74.29,151.14,69.17,67.78,0.8,0.15
1082,34.624,0.216019,-0.262636,0.669616,1,AVOID_RIGHT,66.05,66.42,65.61,67.0,70.82,152.18,70.17,68.61,67.03,63.37,66.53,65.1,71.1,162.55,64.05,70.4,0.8,0.15
1083,34.656,0.216222,-0.262478,0.659713,1,AVOID_RIGHT,66.55,67.73,66.14,67.32,68.92,161.42,69.79,67.26,67.3,69.7,66.95,67.81,66.07,175.29,69.23,65.23,0.8,0.15
1084,34.688,0.216477,-0.262281,0.652286,1,AVOID_RIGHT,69.8,67.54,66.2,69.73,69.08,165.1,67.66,65.91,74.66,67.27,66.28,73.34,69.31,170.63,64.46,63.89,0.8,0.15
1085,34.72,0.216785,-0.262048,0.642383,1,AVOID_RIGHT,69.27,66.73,68.15,69.13,66.71,171.05,67.81,65.66,68.48,65.51,71.08,68.22,63.16,179.97,68.04,65.29,0.8,0.15
1086,34.752,0.217043,-0.261856,0.634956,1,AVOID_RIGHT,68.87,68.67,69.31,66.55,66.19,178.97,67.95,64.42,68.28,71.59,71.05,62.69,65.41,190.85,68.17,62.55,0.8,0.15
1087,34.784,0.217251,-0.261705,0.625052,1,AVOID_RIGHT,68.72,67.6,68.12,66.19,67.25,183.47,67.48,64.93,68.49,66.0,66.33,65.64,68.85,190.22,66.76,65.7,0.8,0.15
1088,34.816,0.217513,-0.261517,0.617625,1,AVOID_RIGHT,68.09,68.71,68.48,68.69,68.98,194.9,68.37,65.46,67.13,70.37,69.02,72.45,71.58,212.04,69.71,66.24,0.8,0.15
1089,34.848,0.217776,-0.261332,0.610198,1,FOLLOWING,68.63,65.79,68.73,69.06,69.96,202.25,69.3,66.57,69.43,61.41,69.1,69.62,71.41,213.27,70.69,68.25,-1.9507,3.14
1090,34.88,0.218085,-0.261101,0.674568,1,FOLLOWING,65.36,67.24,70.82,69.86,67.75,191.22,68.83,65.66,60.45,69.41,73.97,71.06,64.44,174.68,68.12,64.29,-1.5965,3.14
1091,34.912,0.218478,-0.260767,0.733986,1,FOLLOWING,66.64,67.0,66.29,65.93,68.24,177.61,67.67,67.28,68.57,66.66,59.48,60.02,68.99,157.2,65.93,69.71,-1.2762,3.14
1092,34.944,0.218897,-0.260367,0.790929,1,FOLLOWING,64.51,66.28,63.51,68.6,67.49,160.94,84.2,69.08,61.31,65.2,59.36,72.6,66.37,135.93,109.0,71.78,-0.972,3.14
1093,34.976,0.219381,-0.259851,0.84292,1,FOLLOWING,61.84,65.87,64.23,68.22,68.12,143.13,122.26,68.62,57.83,65.24,65.3,67.65,69.05,116.42,179.35,67.94,-0.7007,3.14
1094,35.008,0.219923,-0.259213,0.88996,1,AVOID_RIGHT,63.79,63.54,67.42,68.32,66.94,129.03,193.38,68.26,66.71,60.05,72.2,68.47,65.18,107.89,300.05,67.73,0.8,0.15
1095,35.04,0.220127,-0.258964,0.882532,1,AVOID_RIGHT,66.49,66.36,67.15,66.1,66.93,120.49,214.92,66.33,70.54,70.6,66.74,62.77,66.9,107.67,247.24,63.43,0.8,0.15
1096,35.072,0.220291,-0.258766,0.872629,1,AVOID_RIGHT,66.76,65.22,66.66,63.99,65.93,120.63,210.88,64.55,67.18,63.5,65.93,60.81,64.44,120.84,204.82,61.88,0.8,0.15
1097,35.104,0.220499,-0.25852,0.865202,1,AVOID_RIGHT,64.9,66.34,66.79,62.94,65.68,120.14,201.31,67.05,62.1,68.02,66.98,61.38,65.31,119.41,186.96,70.79,0.8,0.15
1098,35.136,0.220709,-0.258276,0.857775,1,AVOID_RIGHT,65.64,65.83,67.48,63.65,65.2,122.8,183.21,68.29,66.74,65.06,68.52,64.72,64.47,126.78,156.05,70.16,0.8,0.15
1099,35.168,0.22092,-0.258033,0.850347,1,AVOID_RIGHT,66.66,66.65,66.8,64.61,65.05,125.97,166.32,67.45,68.19,67.88,65.79,66.03,64.82,130.73,140.98,66.18,0.8,0.15
1100,35.2,0.221091,-0.25784,0.840444,1,AVOID_RIGHT,66.6,65.98,66.12,66.41,65.08,133.91,151.27,67.05,66.51,64.98,65.09,69.11,65.13,145.81,128.71,66.45,0.8,0.15
1101,35.232,0.221306,-0.257601,0.833017,1,AVOID_RIGHT,65.51,65.84,67.03,67.17,65.99,139.93,136.43,66.8,63.89,65.63,68.39,68.33,67.36,148.96,114.16,66.42,0.8,0.15
1102,35.264,0.221524,-0.257364,0.82559,1,AVOID_RIGHT,65.76,63.97,66.31,67.86,65.26,142.37,125.97,66.22,66.13,61.18,65.24,68.9,64.16,146.03,110.28,65.35,0.8,0.15
1103,35.296,0.221743,-0.257128,0.818162,1,AVOID_RIGHT,65.46,65.58,64.96,67.17,65.64,146.78,113.43,66.77,65.02,67.98,62.94,66.14,66.2,153.39,94.61,67.58,0.8,0.15
1104,35.328,0.221964,-0.256895,0.805784,1,AVOID_RIGHT,64.57,64.13,68.01,67.72,66.71,155.59,97.19,67.88,63.23,61.96,72.57,68.54,68.32,168.81,72.85,69.55,0.8,0.15
1105,35.36,0.222188,-0.256664,0.798356,1,AVOID_RIGHT,62.26,65.45,66.44,69.22,68.37,166.83,83.53,68.39,58.8,67.41,64.08,71.46,70.87,183.69,63.03,69.15,0.8,0.15
1106,35.392,0.222414,-0.256434,0.790929,1,AVOID_RIGHT,65.72,67.9,65.54,70.39,68.61,179.88,74.73,67.41,70.91,71.58,64.19,72.16,68.95,199.46,61.54,65.93,0.8,0.15
1107,35.424,0.222641,-0.256206,0.783502,1,AVOID_RIGHT,67.21,67.34,66.13,70.53,68.72,186.63,70.41,69.01,69.44,66.51,67.02,70.73,68.89,196.75,63.93,71.42,0.8,0.15
1108,35.456,0.222824,-0.256025,0.773599,1,AVOID_RIGHT,66.41,66.06,67.32,69.3,68.1,195.2,67.06,71.42,65.22,64.13,69.11,67.46,67.17,208.05,62.05,75.03,0.8,0.15
1109,35.488,0.223055,-0.255801,0.766171,1,AVOID_RIGHT,66.41,68.6,67.58,71.36,66.02,205.97,67.11,68.2,66.41,72.41,67.96,74.44,62.9,222.14,67.17,63.37,0.8,0.15
1110,35.52,0.223288,-0.255579,0.758744,1,AVOID_RIGHT,64.98,67.26,68.96,69.9,67.17,214.62,64.75,67.93,62.83,65.26,71.03,67.72,68.89,227.6,61.22,67.53,0.8,0.15
1111,35.552,0.223522,-0.255358,0.751317,1,AVOID_RIGHT,67.33,67.49,66.67,68.68,66.52,223.66,67.96,65.84,70.86,67.83,63.25,66.85,65.54,237.23,72.76,62.71,0.8,0.15
1112,35.584,0.223758,-0.255139,0.743889,1,AVOID_RIGHT,68.14,66.0,68.01,67.25,68.04,233.13,67.86,66.46,69.34,63.77,70.01,65.09,70.33,247.33,67.71,67.38,0.8,0.15
1113,35.616,0.223949,-0.254966,0.733986,1,AVOID_RIGHT,71.02,65.44,68.27,68.82,68.19,241.99,68.01,65.6,75.36,64.6,68.65,71.19,68.41,255.29,68.24,64.31,0.8,0.15
1114,35.648,0.224188,-0.254751,0.726559,1,AVOID_RIGHT,70.66,67.74,67.87,66.96,68.6,251.87,67.79,68.27,70.11,71.2,67.28,64.16,69.2,266.69,67.46,72.29,0.6,-0.6
1115,35.68,0.224188,-0.254751,0.711704,1,AVOID_RIGHT,66.9,70.28,68.53,64.88,65.91,269.41,69.78,68.43,61.27,74.09,69.52,61.76,61.88,295.72,72.76,68.67,0.6,-0.6
1116,35.712,0.224188,-0.254751,0.69685,1,AVOID_RIGHT,64.48,69.01,68.3,64.5,66.88,287.32,69.4,66.81,60.84,67.11,67.94,63.92,68.33,314.19,68.83,64.37,0.6,-0.6
1117,35.744,0.224188,-0.254751,0.681995,1,AVOID_RIGHT,67.22,69.67,69.68,66.42,68.05,301.21,69.68,65.78,71.34,70.65,71.74,69.31,69.8,322.04,70.11,64.23,0.6,-0.6
1118,35.776,0.224239,-0.254711,0.664665,1,AVOID_RIGHT,66.66,67.26,67.71,65.57,68.28,317.38,66.06,65.45,65.8,63.66,64.76,64.3,68.62,341.65,60.62,64.96,0.6,-0.6
1119,35.808,0.224239,-0.254711,0.64981,1,AVOID_RIGHT,67.36,68.05,67.55,68.27,69.31,330.23,65.26,63.89,68.43,69.23,67.32,72.31,70.85,349.5,64.07,61.54,0.6,-0.6
1120,35.84,0.224239,-0.254711,0.634956,1,AVOID_RIGHT,66.19,67.0,68.01,67.15,69.43,347.01,65.43,65.71,64.43,65.43,68.69,65.46,69.61,372.19,65.68,68.45,0.6,-0.6
1121,35.872,0.224239,-0.254711,0.620101,1,AVOID_RIGHT,66.42,67.3,65.75,66.13,68.78,358.25,65.51,65.28,66.78,67.74,62.36,64.6,67.82,375.09,65.64,64.63,0.6,-0.6
1122,35.904,0.224239,-0.254711,0.605246,1,AVOID_RIGHT,68.28,66.28,65.63,64.18,69.25,378.56,66.15,65.19,71.07,64.77,65.46,61.26,69.94,409.04,67.11,65.05,0.6,-0.6
1123,35.936,0.224239,-0.254711,0.590392,1,AVOID_RIGHT,71.07,65.78,65.58,64.44,69.5,409.12,67.33,63.96,75.24,65.02,65.51,64.84,69.87,454.95,69.11,62.13,0.6,-0.6
1124,35.968,0.224185,-0.254746,0.573061,1,AVOID_RIGHT,72.42,64.77,63.8,65.81,68.85,438.64,68.57,65.56,74.44,63.25,61.13,67.87,67.87,482.94,70.43,67.95,0.6,-0.6
1125,36.0,0.224185,-0.254746,0.558207,1,AVOID_RIGHT,69.86,67.44,65.54,67.36,69.1,471.1,68.29,67.44,66.01,71.44,68.15,69.68,69.47,519.78,67.85,70.26,0.6,-0.6
1126,36.032,0.224185,-0.254746,0.543352,1,AVOID_RIGHT,67.96,66.84,66.5,68.49,67.03,506.89,67.96,66.41,65.12,65.95,67.94,70.19,63.93,560.57,67.47,64.87,0.3,-0.7
1127,36.064,0.22413,-0.254779,0.530973,1,AVOID_RIGHT,67.09,66.07,67.65,67.87,68.43,533.64,68.64,68.38,65.79,64.9,69.39,66.93,70.52,573.78,69.66,71.33,0.3,-0.7
1128,36.096,0.223963,-0.254876,0.518594,1,AVOID_RIGHT,67.61,67.35,67.84,64.88,68.9,557.28,66.62,67.23,68.39,69.28,68.12,60.41,69.62,592.73,63.59,65.5,0.3,-0.7
1129,36.128,0.223906,-0.254908,0.506216,1,AVOID_RIGHT,67.24,66.24,70.25,67.32,68.28,596.75,65.83,69.36,66.68,64.56,73.86,70.96,67.35,655.96,64.65,72.57,0.3,-0.7
1130,36.16,0.223737,-0.255,0.493837,1,AVOID_RIGHT,65.98,66.25,64.97,68.06,67.43,645.56,66.75,71.92,64.09,66.27,57.05,69.18,66.16,718.79,68.12,75.74,0.3,-0.7
1131,36.192,0.22368,-0.25503,0.481458,1,AVOID_RIGHT,66.18,66.06,63.69,66.76,69.26,687.12,66.03,72.96,66.47,65.78,61.78,64.8,72.01,749.47,64.94,74.52,0.3,-0.7
1132,36.224,0.223508,-0.255119,0.469079,1,AVOID_RIGHT,66.21,65.33,64.6,66.41,67.48,753.0,66.61,72.11,66.25,64.24,65.96,65.89,64.81,851.81,67.48,70.83,0.3,-0.7
1133,36.256,0.223393,-0.255176,0.454224,1,AVOID_RIGHT,68.46,66.73,64.24,64.15,68.39,809.74,66.4,71.18,71.84,68.83,63.7,60.76,69.74,894.85,66.1,69.8,0.3,-0.7
1134,36.288,0.223277,-0.255232,0.444321,1,AVOID_RIGHT,66.82,64.84,65.69,67.39,69.66,850.74,62.64,69.38,64.36,62.0,67.87,72.26,71.58,912.25,57.0,66.67,0.3,-0.7
1135,36.32,0.223161,-0.255287,0.429467,1,AVOID_RIGHT,66.0,64.78,66.31,66.33,70.53,898.71,63.34,68.38,64.77,64.69,67.24,64.73,71.82,970.66,64.4,66.88,0.3,-0.7
1136,36.352,0.223043,-0.25534,0.419564,1,AVOID_RIGHT,67.88,64.78,68.09,64.72,67.02,958.51,65.27,66.71,70.7,64.79,70.76,62.3,61.76,1048.22,68.17,64.22,0.3,-0.7
1137,36.384,0.222925,-0.255391,0.404709,1,AVOID_RIGHT,67.14,66.88,67.58,65.92,69.09,1011.55,64.98,67.26,66.04,70.03,66.82,67.73,72.19,1091.1,64.55,68.08,0.3,-0.7
1138,36.416,0.222807,-0.255441,0.394806,1,AVOID_RIGHT,66.62,66.55,65.7,66.58,68.36,1072.34,64.61,68.98,65.84,66.06,62.88,67.58,67.28,1163.52,64.06,71.56,0.3,-0.7
1139,36.448,0.222687,-0.25549,0.379951,1,AVOID_RIGHT,65.13,66.96,67.09,68.44,67.85,1129.94,66.6,67.91,62.9,67.57,69.18,71.23,67.07,1216.34,69.59,66.31,0.3,-0.7
1140,36.48,0.222508,-0.25556,0.367572,1,AVOID_RIGHT,66.87,67.32,69.15,68.81,66.85,1170.02,66.43,67.25,69.48,67.87,72.23,69.37,65.35,1230.15,66.18,66.25,0.3,-0.7
1141,36.512,0.222448,-0.255583,0.355194,1,AVOID_RIGHT,67.84,67.91,68.5,68.47,66.6,1223.78,66.61,65.29,69.28,68.79,67.52,67.96,66.23,1304.41,66.88,62.35,0.3,-0.7
1142,36.544,0.222266,-0.255649,0.342815,1,AVOID_RIGHT,69.13,68.49,67.89,67.53,65.95,1265.79,64.87,67.41,71.08,69.37,66.98,66.1,64.96,1328.81,62.26,70.6,0.3,-0.7
1143,36.576,0.222205,-0.25567,0.330436,1,AVOID_RIGHT,69.08,68.64,67.41,67.67,63.8,1296.68,64.33,66.31,69.0,68.85,66.69,67.89,60.58,1343.02,63.51,64.65,0.3,-0.7
1144,36.608,0.222083,-0.255711,0.315581,1,AVOID_RIGHT,66.52,68.59,67.12,66.74,65.65,1340.25,66.26,68.14,62.69,68.52,66.68,65.34,68.44,1405.6,69.17,70.89,0.3,-0.7
1145,36.64,0.221961,-0.255751,0.305678,1,AVOID_RIGHT,65.01,67.37,67.13,66.23,67.93,1388.65,66.85,66.93,62.74,65.54,67.13,65.46,71.34,1461.24,67.73,65.1,0.3,-0.7
1146,36.672,0.221838,-0.255788,0.290824,1,AVOID_RIGHT,66.25,69.58,67.72,68.09,69.88,1430.08,65.67,67.72,68.12,72.89,68.6,70.89,72.82,1492.24,63.9,68.92,0.3,-0.7
1147,36.704,0.221652,-0.255843,0.278445,1,AVOID_RIGHT,66.9,70.06,67.14,68.58,71.09,1467.76,63.73,69.1,67.87,70.78,66.28,69.31,72.9,1524.27,60.83,71.17,0.3,-0.7
1148,36.736,0.22159,-0.25586,0.266066,1,AVOID_RIGHT,65.14,68.6,64.94,68.0,69.97,1502.21,65.31,69.07,62.5,66.4,61.64,67.15,68.3,1553.89,67.68,69.03,0.3,-0.7
1149,36.768,0.221404,-0.25591,0.253687,1,AVOID_RIGHT,65.1,66.34,65.48,67.43,69.88,1529.08,65.6,68.81,65.04,62.95,66.29,66.58,69.74,1569.38,66.03,68.42,0.3,-0.7
1150,36.8,0.221341,-0.255925,0.241308,1,AVOID_RIGHT,64.19,66.46,66.22,66.03,69.31,1559.08,66.59,65.62,62.84,66.63,67.32,63.93,68.45,1604.08,68.08,60.83,0.3,-0.7
1151,36.832,0.221153,-0.25597,0.228929,1,AVOID_RIGHT,65.36,66.74,67.81,67.48,67.22,1535.85,64.76,65.68,67.12,67.18,70.19,69.64,64.1,1501.02,62.02,65.77,0.3,-0.7
1152,36.864,0.221091,-0.255985,0.216551,1,AVOID_RIGHT,64.11,65.67,69.04,65.74,67.15,1463.82,66.96,66.46,62.23,64.06,70.89,63.12,67.05,1355.77,70.25,67.64,0.3,-0.7
1153,36.896,0.220902,-0.256025,0.204172,1,AVOID_RIGHT,64.62,65.22,69.16,66.69,69.42,1340.94,67.63,66.67,65.4,64.53,69.34,68.13,72.82,1156.62,68.65,66.98,0.3,-0.7
1154,36.928,0.220776,-0.25605,0.189317,1,AVOID_RIGHT,67.91,66.44,69.02,64.91,70.15,1212.0,67.44,66.68,72.83,68.28,68.8,62.25,71.26,1018.6,67.16,66.69,0.3,-0.7
1155,36.96,0.220649,-0.256074,0.179414,1,AVOID_RIGHT,67.22,66.02,69.29,64.9,69.03,1058.4,67.85,66.43,66.2,65.38,69.71,64.88,67.36,827.99,68.45,66.05,0.3,-0.7
1156,36.992,0.220522,-0.256096,0.164559,1,AVOID_RIGHT,67.39,64.72,68.97,63.19,66.67,888.96,68.67,68.39,67.64,62.79,68.5,60.61,63.12,634.81,69.91,71.33,0.3,-0.7
1157,37.024,0.220395,-0.256116,0.154656,1,AVOID_RIGHT,67.6,66.13,70.07,64.11,69.58,745.02,67.0,67.87,67.91,68.23,71.71,65.49,73.94,529.12,64.5,67.08,0.3,-0.7
1158,37.056,0.220268,-0.256135,0.139802,1,AVOID_RIGHT,66.17,66.62,67.06,65.35,67.69,651.56,66.9,68.49,64.04,67.35,62.54,67.2,64.85,511.37,66.75,69.43,0.3,-0.7
1159,37.088,0.22014,-0.256152,0.129899,1,AVOID_RIGHT,64.17,67.55,69.93,67.67,65.88,564.23,65.0,68.65,61.15,68.94,74.24,71.16,63.18,433.22,62.16,68.89,0.3,-0.7
1160,37.12,0.220012,-0.256168,0.115044,1,AVOID_RIGHT,65.78,68.23,70.8,68.2,65.23,489.05,64.48,69.01,68.2,69.26,72.1,68.99,64.25,376.28,63.7,69.54,0.6,-0.6
1161,37.152,0.220012,-0.256168,0.100189,1,AVOID_RIGHT,66.68,65.4,69.68,68.2,64.63,427.74,65.38,67.35,68.04,61.16,68.01,68.2,63.72,335.79,66.72,64.86,0.6,-0.6
1162,37.184,0.220012,-0.256168,0.085335,1,AVOID_RIGHT,66.11,64.37,66.42,66.51,66.54,375.95,63.98,69.42,65.25,62.81,61.53,63.97,69.42,298.26,61.89,72.51,0.6,-0.6
1163,37.216,0.220012,-0.256168,0.07048,1,AVOID_RIGHT,67.2,62.64,67.5,66.73,66.4,326.74,65.37,67.15,68.82,60.05,69.12,67.07,66.19,252.93,67.45,63.76,0.6,-0.6
1164,37.248,0.220012,-0.256168,0.055626,1,AVOID_RIGHT,65.08,65.12,68.28,64.0,66.28,282.71,64.58,66.8,61.89,68.84,69.45,59.9,66.09,216.66,63.4,66.27,0.6,-0.6
1165,37.28,0.220012,-0.256168,0.040771,1,AVOID_RIGHT,66.23,64.71,65.88,63.41,67.48,244.39,67.26,66.16,67.96,64.1,62.28,62.53,69.28,186.91,71.28,65.2,0.8,0.15
1166,37.312,0.220334,-0.256156,0.033344,1,AVOID_RIGHT,66.36,65.61,64.24,64.83,67.46,211.71,66.33,68.55,66.56,66.96,61.79,66.95,67.44,162.69,64.93,72.14,0.8,0.15
1167,37.344,0.220591,-0.256149,0.023441,1,AVOID_RIGHT,67.93,64.76,66.16,67.96,69.21,186.32,66.8,68.72,70.29,63.48,69.03,72.65,71.84,148.23,67.5,68.96,0.8,0.15
1168,37.376,0.220913,-0.256143,0.016013,1,AVOID_RIGHT,66.34,65.67,67.11,68.48,69.21,163.74,65.32,67.5,63.94,67.03,68.55,69.27,69.21,129.87,63.11,65.66,0.8,0.15
1169,37.408,0.221299,-0.256138,0.00611,1,AVOID_RIGHT,63.89,66.0,67.0,68.39,68.48,144.86,67.49,67.15,60.22,66.5,66.83,68.26,67.39,116.55,70.73,66.64,0.8,0.15
1170,37.44,0.221621,-0.256137,-0.001317,1,AVOID_RIGHT,65.79,65.52,67.56,67.6,68.0,130.26,71.29,67.93,68.65,64.8,68.39,66.41,67.29,108.35,76.99,69.09,0.8,0.15
1171,37.472,0.221879,-0.256139,-0.01122,1,AVOID_RIGHT,66.96,63.96,67.12,66.58,66.58,111.85,70.68,65.85,68.7,61.61,66.47,65.05,64.43,84.24,69.77,62.74,0.8,0.15
1172,37.504,0.2222,-0.256144,-0.018648,1,AVOID_RIGHT,68.02,65.07,65.46,66.16,69.27,96.06,68.03,65.23,69.61,66.74,62.96,65.54,73.32,72.37,64.05,64.3,0.8,0.15
1173,37.536,0.222522,-0.256151,-0.026075,1,AVOID_RIGHT,67.68,66.61,66.48,64.66,70.89,83.78,67.32,66.73,67.18,68.92,68.02,62.39,73.32,65.37,66.25,68.98,0.8,0.15
1174,37.568,0.222844,-0.256161,-0.033502,1,AVOID_RIGHT,67.89,63.95,66.55,66.62,68.18,79.54,67.77,69.56,68.2,59.97,66.65,69.56,64.1,73.17,68.45,73.8,0.8,0.15
1175,37.6,0.223101,-0.256171,-0.043405,1,AVOID_RIGHT,66.55,65.22,66.67,66.45,68.37,74.32,69.08,68.19,64.53,67.12,66.85,66.21,68.65,66.5,71.04,66.14,0.8,0.15
1176,37.632,0.223423,-0.256186,-0.050833,1,AVOID_RIGHT,66.12,65.52,68.48,65.46,67.43,70.34,69.47,67.52,65.48,65.98,71.2,63.97,66.03,64.35,70.06,66.52,0.8,0.15
1177,37.664,0.223744,-0.256203,-0.05826,1,AVOID_RIGHT,68.12,66.48,70.47,63.47,67.87,69.41,67.3,67.52,71.12,67.91,73.45,60.48,68.53,68.03,64.04,67.52,0.8,0.15
1178,37.696,0.224065,-0.256223,-0.065687,1,AVOID_RIGHT,69.04,66.89,69.57,65.11,69.36,68.67,67.76,68.49,70.43,67.51,68.23,67.56,71.6,67.54,68.45,69.93,0.8,0.15
1179,37.728,0.224322,-0.256241,-0.07559,1,AVOID_LEFT,66.97,68.44,68.95,66.37,67.57,66.96,66.41,68.01,63.86,70.75,68.01,68.26,64.89,64.41,64.37,67.29,0.15,0.8
1180,37.76,0.224707,-0.256269,-0.065687,1,AVOID_RIGHT,64.54,68.56,67.64,65.17,68.59,65.77,67.58,67.3,60.9,68.74,65.68,63.37,70.11,63.97,69.34,66.25,0.8,0.15
1181,37.792,0.224964,-0.256287,-0.07559,1,AVOID_RIGHT,64.93,68.27,67.01,67.76,67.99,68.86,65.65,69.07,65.5,67.84,66.05,71.66,67.09,73.5,62.76,71.72,0.8,0.15
1182,37.824,0.225285,-0.256312,-0.083018,1,AVOID_RIGHT,65.15,66.01,66.9,66.08,71.66,69.82,65.47,69.46,65.48,62.61,66.75,63.57,77.16,71.26,65.2,70.05,0.8,0.15
1183,37.856,0.225606,-0.25634,-0.090445,1,AVOID_RIGHT,67.87,66.96,66.94,66.38,71.46,66.82,67.47,70.49,71.95,68.38,66.99,66.83,71.17,62.32,70.48,72.04,0.8,0.15
1184,37.888,0.225926,-0.25637,-0.097872,1,AVOID_RIGHT,64.53,66.35,68.31,67.54,73.36,67.38,67.68,65.93,59.53,65.45,70.36,69.29,76.21,68.22,67.98,59.09,0.8,0.15
1185,37.92,0.226182,-0.256397,-0.107775,1,AVOID_RIGHT,64.55,65.13,68.74,66.45,69.58,65.29,65.63,65.39,64.58,63.29,69.38,64.8,63.92,62.16,62.57,64.57,0.8,0.15
1186,37.952,0.226566,-0.25644,-0.117678,1,AVOID_LEFT,64.69,67.58,70.23,65.41,70.42,64.89,65.74,65.21,64.89,71.26,72.47,63.87,71.68,64.28,65.89,64.93,0.15,0.8
1187,37.984,0.226822,-0.256469,-0.107775,1,AVOID_RIGHT,66.49,68.5,67.93,65.74,70.54,66.34,68.44,65.57,69.18,69.88,64.48,66.22,70.72,68.52,72.49,66.12,0.8,0.15
1188,38.016,0.227142,-0.256505,-0.115203,1,AVOID_RIGHT,67.35,68.81,66.79,66.34,70.06,67.57,66.92,67.26,68.65,69.28,65.07,67.25,69.35,69.41,64.64,69.8,0.8,0.15
1189,38.048,0.227461,-0.256543,-0.12263,1,AVOID_LEFT,65.34,69.16,66.24,68.01,67.08,66.64,62.79,66.63,62.31,69.68,65.43,70.51,62.61,65.25,56.6,65.68,0.15,0.8
1190,38.08,0.227781,-0.256581,-0.115203,1,AVOID_LEFT,65.66,66.74,68.15,67.59,66.7,66.67,63.93,64.69,66.15,63.12,71.01,66.95,66.12,66.72,65.63,61.78,0.15,0.8
1191,38.112,0.228101,-0.256617,-0.107775,1,AVOID_LEFT,66.45,68.57,67.52,70.12,65.43,64.31,64.67,65.56,67.62,71.3,66.57,73.92,63.53,60.76,65.79,66.87,0.15,0.8
1192,38.144,0.228421,-0.256651,-0.100348,1,AVOID_LEFT,66.33,68.45,67.78,69.88,66.79,66.83,67.93,67.27,66.17,68.28,68.18,69.53,68.83,70.63,72.82,69.83,0.15,0.8
1193,38.176,0.228741,-0.256682,-0.092921,1,AVOID_LEFT,64.62,68.89,68.03,68.89,66.61,66.57,68.52,67.09,62.06,69.54,68.41,67.39,66.35,66.18,69.42,66.83,0.15,0.8
1194,38.208,0.228998,-0.256704,-0.083018,1,AVOID_RIGHT,64.28,69.03,67.53,69.75,68.32,65.72,69.49,67.73,63.77,69.25,66.77,71.05,70.88,64.44,70.94,68.69,0.8,0.15
1195,38.24,0.229318,-0.256732,-0.090445,1,AVOID_RIGHT,66.47,69.18,68.18,67.93,67.98,67.6,68.7,69.23,69.76,69.4,69.16,65.2,67.47,70.41,67.51,71.48,0.8,0.15
1196,38.272,0.229639,-0.256763,-0.097872,1,AVOID_RIGHT,65.05,67.25,67.4,67.48,69.23,67.87,70.07,68.95,62.92,64.34,66.23,66.8,71.12,68.29,72.12,68.53,0.8,0.15
1197,38.304,0.229959,-0.256796,-0.110251,1,AVOID_RIGHT,67.25,68.53,68.51,67.22,69.01,69.35,70.6,67.86,70.54,70.46,70.18,66.84,68.68,71.55,71.39,66.22,0.8,0.15
1198,38.336,0.230279,-0.256833,-0.117678,1,AVOID_RIGHT,67.7,66.7,67.84,67.05,68.72,67.75,70.18,67.08,68.37,63.94,66.83,66.79,68.29,65.36,69.56,65.91,0.8,0.15
1199,38.368,0.230598,-0.256872,-0.125106,1,AVOID_RIGHT,68.78,67.34,68.91,67.39,67.54,69.86,66.94,70.31,70.39,68.3,70.52,67.9,65.75,73.03,62.07,75.16,0.8,0.15
1200,38.4,0.230917,-0.256913,-0.132533,1,AVOID_LEFT,67.72,67.8,66.99,67.47,65.93,69.17,64.62,68.46,66.14,68.5,64.1,67.59,63.51,68.14,61.15,65.68,0.15,0.8
1201,38.432,0.231236,-0.256954,-0.125106,1,AVOID_LEFT,69.78,68.98,67.8,66.92,65.59,69.22,66.98,69.31,72.87,70.74,69.03,66.09,65.09,69.28,70.51,70.59,0.15,0.8
1202,38.464,0.231492,-0.256985,-0.115203,1,AVOID_RIGHT,67.84,67.86,67.33,64.74,65.57,67.93,66.63,69.0,64.92,66.19,66.61,61.46,65.54,65.99,66.12,68.52,0.8,0.15
1203,38.496,0.231812,-0.257023,-0.12263,1,AVOID_LEFT,67.28,67.53,68.63,67.07,66.19,65.67,68.79,66.91,66.45,67.04,70.57,70.57,67.12,62.28,72.03,63.78,0.15,0.8
1204,38.528,0.232131,-0.257061,-0.115203,1,AVOID_LEFT,67.85,67.35,68.74,66.85,67.63,65.95,67.7,67.62,68.7,67.07,68.91,66.53,69.8,66.37,66.07,68.69,0.15,0.8
1205,38.56,0.232451,-0.257097,-0.107775,1,AVOID_LEFT,68.54,68.72,69.72,65.92,67.42,67.14,67.65,68.39,69.57,70.77,71.19,64.53,67.11,68.92,67.56,69.54,0.15,0.8
1206,38.592,0.232771,-0.257131,-0.100348,1,AVOID_LEFT,67.73,70.41,70.23,66.64,67.3,66.12,67.39,67.28,66.51,72.94,71.0,67.73,67.12,64.6,67.0,65.62,0.15,0.8
1207,38.624,0.233027,-0.257155,-0.090445,1,AVOID_LEFT,67.86,68.51,68.61,66.98,67.79,68.3,65.39,67.1,68.06,65.68,66.17,67.5,68.53,71.56,62.4,66.83,0.15,0.8
1208,38.656,0.233348,-0.257183,-0.083018,1,AVOID_LEFT,66.74,71.08,69.31,68.21,66.38,67.76,66.15,65.74,65.07,74.93,70.36,70.04,64.26,66.94,67.29,63.71,0.15,0.8
1209,38.688,0.233669,-0.257209,-0.07559,1,FOLLOWING,66.7,69.45,67.4,70.88,68.23,66.89,70.69,64.41,66.63,67.02,64.55,74.9,71.02,65.58,77.5,62.4,-3.14,3.14
1210,38.72,0.233669,-0.257209,0.003634,1,FOLLOWING,66.74,68.52,66.34,70.54,66.73,65.47,69.08,64.05,66.79,67.13,64.74,70.03,64.46,63.34,66.67,63.51,-3.14,3.14
1211,38.752,0.233669,-0.257209,0.082859,1,FOLLOWING,66.85,67.87,66.76,68.85,66.87,63.94,67.3,65.87,67.02,66.89,67.38,66.31,67.09,61.66,64.62,68.61,-3.14,3.14
1212,38.784,0.233669,-0.257209,0.162084,1,FOLLOWING,67.2,68.16,65.78,69.19,64.92,72.97,65.32,66.13,67.73,68.6,64.3,69.69,61.99,86.51,62.36,66.52,-3.14,3.14
1213,38.816,0.233669,-0.257209,0.241308,1,FOLLOWING,64.85,66.27,67.9,68.99,66.64,94.83,63.94,68.62,61.32,63.42,71.08,68.69,69.22,127.63,61.87,72.36,-3.14,3.14
1214,38.848,0.233669,-0.257209,0.320533,1,FOLLOWING,66.14,67.45,68.27,68.92,67.61,127.87,66.15,68.52,68.08,69.23,68.82,68.83,69.06,177.42,69.46,68.37,-3.14,3.14
1215,38.88,0.233669,-0.257209,0.399757,1,FOLLOWING,64.55,66.55,67.48,67.66,68.08,181.21,66.62,69.13,62.16,65.2,66.31,65.76,68.79,261.21,67.32,70.05,-3.14,3.14
1216,38.912,0.233669,-0.257209,0.478982,1,AVOID_RIGHT,68.69,66.45,65.93,66.49,68.65,258.66,66.26,66.54,74.91,66.29,63.6,64.74,69.5,374.83,65.73,62.65,0.6,-0.6
1217,38.944,0.233669,-0.257209,0.464127,1,AVOID_RIGHT,68.57,67.36,67.92,66.72,65.68,296.59,67.29,68.65,68.4,68.72,70.9,67.06,61.22,353.5,68.82,71.81,0.6,-0.6
1218,38.976,0.233669,-0.257209,0.449273,1,AVOID_RIGHT,67.48,67.2,68.12,66.71,67.24,314.5,65.96,64.43,65.84,66.96,68.43,66.7,69.58,341.36,63.96,58.12,0.6,-0.6
1219,39.008,0.233669,-0.257209,0.434418,1,AVOID_RIGHT,64.97,68.33,68.26,66.22,67.29,316.33,65.6,63.42,61.2,70.03,68.46,65.5,67.37,319.06,65.07,61.89,0.6,-0.6
1220,39.04,0.233669,-0.257209,0.419564,1,AVOID_RIGHT,68.07,68.06,69.47,64.18,67.28,306.92,67.89,67.19,72.72,67.67,71.28,61.12,67.26,292.82,71.31,72.85,0.6,-0.6
1221,39.072,0.233669,-0.257209,0.404709,1,AVOID_RIGHT,67.85,67.82,68.32,65.24,67.36,287.62,67.9,68.46,67.52,67.45,66.61,66.82,67.48,258.67,67.93,70.36,0.6,-0.6
1222,39.104,0.233669,-0.257209,0.389854,1,AVOID_RIGHT,67.96,65.8,67.19,64.32,67.96,271.91,66.29,66.03,68.13,62.78,65.5,62.95,68.87,248.34,63.88,62.4,0.6,-0.6
1223,39.136,0.233729,-0.257185,0.372524,1,AVOID_RIGHT,67.42,68.44,67.17,65.07,66.75,258.98,67.4,68.88,66.61,72.39,67.15,66.2,64.94,239.59,69.05,73.15,0.6,-0.6
1224,39.168,0.233669,-0.257208,0.355194,1,AVOID_RIGHT,64.88,66.28,65.77,65.24,66.3,244.42,67.51,68.13,61.08,63.04,63.67,65.48,65.63,222.58,67.68,67.02,0.8,0.15
1225,39.2,0.233971,-0.257097,0.347766,1,AVOID_RIGHT,66.2,68.0,64.65,69.5,68.15,234.38,68.35,68.18,68.18,70.59,62.98,75.91,70.92,219.31,69.61,68.24,0.8,0.15
1226,39.232,0.234274,-0.256988,0.340339,1,AVOID_RIGHT,66.46,67.3,65.84,69.73,67.48,216.83,68.32,68.41,66.84,66.24,67.63,70.07,66.48,190.5,68.28,68.77,0.8,0.15
1227,39.264,0.234578,-0.256882,0.332912,1,AVOID_RIGHT,65.5,64.91,66.96,68.43,68.43,200.39,69.11,67.56,64.07,61.32,68.63,66.47,69.86,175.74,70.3,66.27,0.8,0.15
1228,39.296,0.234882,-0.256778,0.325484,1,AVOID_RIGHT,66.66,66.23,67.17,67.28,68.36,184.83,67.76,66.97,68.38,68.21,67.48,65.55,68.25,161.49,65.73,66.1,0.8,0.15
1229,39.328,0.235126,-0.256697,0.315581,1,AVOID_RIGHT,67.78,68.53,65.43,66.08,66.2,171.55,68.61,67.09,69.46,71.99,62.84,64.27,62.95,151.63,69.9,67.25,0.8,0.15
1230,39.36,0.235433,-0.256598,0.308154,1,AVOID_RIGHT,70.55,70.16,66.91,65.44,68.14,160.29,69.13,66.49,74.71,72.59,69.11,64.48,71.06,143.4,69.89,65.61,0.8,0.15
1231,39.392,0.23574,-0.256501,0.300727,1,AVOID_RIGHT,71.13,67.23,67.01,65.95,68.85,153.68,68.35,65.53,72.0,62.83,67.17,66.72,69.91,143.78,67.18,64.09,0.8,0.15
1232,39.424,0.236048,-0.256407,0.293299,1,AVOID_RIGHT,68.29,67.64,67.68,67.24,67.99,146.71,66.64,66.0,64.02,68.26,68.69,69.16,66.71,136.25,64.07,66.69,0.8,0.15
1233,39.456,0.236294,-0.256334,0.283396,1,AVOID_RIGHT,65.34,66.41,67.97,66.51,66.8,134.47,67.19,66.49,60.93,64.58,68.4,65.42,65.01,116.11,68.02,67.24,0.8,0.15
1234,39.488,0.236604,-0.256245,0.275969,1,AVOID_RIGHT,66.67,66.04,69.25,66.19,66.96,123.76,69.04,69.16,68.67,65.49,71.16,65.72,67.21,107.69,71.8,73.16,0.8,0.15
1235,39.52,0.236914,-0.256159,0.268542,1,AVOID_RIGHT,66.92,67.2,69.45,64.18,66.23,117.09,68.31,66.51,67.29,68.94,69.76,61.17,65.14,107.1,67.21,62.53,0.8,0.15
1236,39.552,0.237224,-0.256074,0.261114,1,AVOID_RIGHT,66.91,67.44,65.97,64.28,67.53,114.91,67.31,65.74,66.89,67.8,60.73,64.42,69.47,111.63,65.81,64.6,0.8,0.15
1237,39.584,0.237536,-0.255993,0.248736,1,AVOID_RIGHT,67.69,67.92,67.72,64.65,67.94,111.71,68.39,65.35,68.85,68.63,70.34,65.22,68.57,106.9,70.01,64.77,0.8,0.15
1238,39.616,0.237848,-0.255915,0.241308,1,AVOID_RIGHT,67.03,67.8,65.6,65.4,66.69,107.89,66.47,67.44,66.04,67.62,62.42,66.51,64.8,102.17,63.6,70.58,0.8,0.15
1239,39.648,0.238161,-0.255839,0.233881,1,AVOID_RIGHT,65.73,67.13,65.48,64.0,67.36,100.63,67.8,67.19,63.77,66.11,65.31,61.91,68.38,89.75,69.8,66.81,0.8,0.15
1240,39.68,0.238474,-0.255766,0.226454,1,AVOID_RIGHT,67.0,68.43,68.67,68.3,64.09,91.92,67.93,66.9,68.91,70.4,73.45,74.75,59.18,78.86,68.13,66.46,0.8,0.15
1241,39.712,0.238725,-0.255709,0.216551,1,AVOID_RIGHT,65.84,65.29,67.27,66.88,66.02,83.77,65.16,65.86,64.11,60.58,65.18,64.76,68.91,71.54,61.0,64.31,0.8,0.15
1242,39.744,0.23904,-0.255641,0.209123,1,AVOID_RIGHT,64.63,65.72,67.88,67.09,67.88,77.47,66.0,64.65,62.81,66.36,68.79,67.39,70.66,68.01,67.26,62.84,0.8,0.15
1243,39.776,0.239355,-0.255576,0.201696,1,AVOID_RIGHT,64.51,65.22,71.31,65.48,67.94,72.3,67.59,66.14,64.33,64.46,76.46,63.07,68.04,64.55,69.97,68.36,0.8,0.15
1244,39.808,0.239671,-0.255512,0.194269,1,AVOID_RIGHT,64.15,67.04,70.29,66.3,66.81,71.35,69.19,67.6,63.61,69.76,68.75,67.54,65.1,69.93,71.6,69.8,0.8,0.15
1245,39.84,0.239987,-0.255452,0.186841,1,AVOID_RIGHT,64.4,68.44,68.3,65.78,67.73,67.08,70.36,69.86,64.78,70.54,65.31,64.98,69.1,60.67,72.12,73.24,0.8,0.15
1246,39.872,0.24024,-0.255405,0.176938,1,AVOID_RIGHT,62.63,66.25,66.64,64.92,68.35,63.83,69.89,67.57,59.96,62.96,64.16,63.63,69.29,58.96,69.19,64.14,0.8,0.15
1247,39.904,0.240557,-0.255349,0.169511,1,AVOID_RIGHT,64.58,65.31,66.14,64.91,69.33,66.94,70.63,67.51,67.5,63.91,65.39,64.9,70.79,71.61,71.74,67.42,0.8,0.15
1248,39.936,0.240874,-0.255296,0.162084,1,AVOID_RIGHT,65.29,66.97,66.34,68.04,68.13,65.3,69.24,66.2,66.37,69.45,66.65,72.74,66.33,62.85,67.15,64.22,0.8,0.15
1249,39.968,0.241192,-0.255246,0.154656,1,AVOID_RIGHT,65.66,65.98,66.32,66.69,67.49,69.87,68.96,67.65,66.21,64.5,66.29,64.66,66.54,76.73,68.54,69.83,0.8,0.15
1250,40.0,0.241511,-0.255198,0.142277,1,AVOID_RIGHT,65.84,67.63,65.59,68.72,67.92,68.94,68.51,66.35,66.11,70.1,64.5,71.77,68.56,67.53,67.85,64.4,0.8,0.15
1251,40.032,0.241829,-0.255154,0.13485,1,AVOID_LEFT,67.79,68.4,67.54,68.82,68.91,68.05,66.88,66.92,70.71,69.56,70.46,68.98,70.4,66.72,64.43,67.76,0.15,0.8
1252,40.064,0.242084,-0.255118,0.144753,1,AVOID_LEFT,66.01,70.4,67.02,70.81,68.63,65.98,68.44,67.56,63.35,73.41,66.24,73.78,68.21,62.88,70.77,68.53,0.15,0.8
1253,40.096,0.242403,-0.25507,0.152181,1,FOLLOWING,66.81,67.75,65.13,68.37,67.15,67.46,66.72,67.08,68.0,63.77,62.3,64.7,64.93,69.68,64.14,66.36,-3.14,3.14
1254,40.128,0.242403,-0.25507,0.231405,1,FOLLOWING,69.39,67.64,65.38,69.25,65.36,66.62,66.04,66.4,73.25,67.47,65.76,70.58,62.67,65.37,65.02,65.38,-3.14,3.14
1255,40.16,0.242403,-0.25507,0.31063,1,FOLLOWING,69.37,66.21,64.66,68.8,67.14,78.29,67.11,65.73,69.34,64.06,63.59,68.13,69.8,95.78,68.71,64.73,-3.14,3.14
1256,40.192,0.242403,-0.25507,0.389854,1,FOLLOWING,68.13,63.56,64.29,69.57,65.9,97.24,66.84,64.21,66.27,59.6,63.73,70.73,64.04,125.67,66.44,61.93,-3.14,3.14
1257,40.224,0.242403,-0.25507,0.469079,1,FOLLOWING,68.36,63.76,64.13,68.36,66.98,117.4,68.69,66.67,68.71,64.07,63.9,66.55,68.6,147.64,71.47,70.36,-3.14,3.14
1258,40.256,0.242403,-0.25507,0.548304,1,FOLLOWING,66.68,66.49,64.77,65.65,65.57,154.78,67.89,64.83,64.16,70.59,65.74,61.59,63.45,210.84,66.69,62.07,-3.14,3.14
1259,40.288,0.242403,-0.25507,0.627528,1,FOLLOWING,68.71,67.87,64.86,67.33,64.43,199.72,70.7,65.05,71.76,69.94,65.0,69.86,62.72,267.14,74.91,65.39,-3.14,3.14
1260,40.32,0.242403,-0.25507,0.706753,1,AVOID_RIGHT,68.6,68.24,65.12,65.77,66.99,255.33,70.09,65.63,68.43,68.8,65.51,63.41,70.84,338.75,69.18,66.49,0.6,-0.6
1261,40.352,0.242403,-0.25507,0.691898,1,AVOID_RIGHT,66.93,67.76,67.19,67.31,66.98,286.1,69.03,66.72,64.43,67.03,70.3,69.63,66.96,332.25,67.42,68.36,0.6,-0.6
1262,40.384,0.242403,-0.25507,0.677044,1,AVOID_RIGHT,66.79,67.85,66.52,66.23,70.31,296.63,67.51,67.3,66.57,67.99,65.52,64.61,75.31,312.43,65.23,68.18,0.6,-0.6
1263,40.416,0.242453,-0.25503,0.659713,1,AVOID_RIGHT,65.12,70.66,68.17,66.29,67.64,293.69,67.52,68.73,62.62,74.87,70.64,66.37,63.63,289.28,67.54,70.88,0.6,-0.6
1264,40.448,0.242453,-0.25503,0.644859,1,AVOID_RIGHT,66.28,70.47,67.53,67.36,66.34,287.58,65.64,68.69,68.02,70.18,66.58,68.96,64.39,278.42,62.81,68.63,0.6,-0.6
1265,40.48,0.242453,-0.25503,0.630004,1,AVOID_RIGHT,66.88,70.35,69.69,67.21,65.85,282.68,63.5,69.04,67.77,70.17,72.93,66.99,65.12,275.32,60.3,69.56,0.6,-0.6
1266,40.512,0.242453,-0.25503,0.615149,1,AVOID_RIGHT,67.6,71.01,67.46,66.28,67.07,274.62,64.65,67.31,68.68,72.0,64.11,64.88,68.91,262.52,66.38,64.7,0.6,-0.6
1267,40.544,0.242453,-0.25503,0.600295,1,AVOID_RIGHT,67.02,72.14,68.81,67.06,64.84,264.29,65.41,66.76,66.16,73.83,70.84,68.23,61.48,248.8,66.55,65.94,0.6,-0.6
1268,40.576,0.242453,-0.25503,0.58544,1,AVOID_RIGHT,66.87,69.99,69.48,66.61,67.21,247.6,64.66,65.98,66.64,66.76,70.49,65.94,70.76,222.58,63.52,64.81,0.8,0.15
1269,40.608,0.242668,-0.254889,0.575537,1,AVOID_RIGHT,63.78,71.36,65.65,65.41,66.43,235.63,65.55,66.36,59.15,73.42,59.9,63.59,65.26,217.67,66.88,66.93,0.8,0.15
1270,40.64,0.242939,-0.254715,0.56811,1,AVOID_RIGHT,65.55,72.71,64.12,65.63,67.57,223.29,67.8,66.89,68.22,74.74,61.82,65.97,69.28,204.78,71.18,67.68,0.8,0.15
1271,40.672,0.243211,-0.254543,0.560682,1,AVOID_RIGHT,64.41,68.25,65.52,65.08,68.36,218.9,67.52,68.52,62.68,61.56,67.63,64.26,69.54,212.32,67.11,70.96,0.8,0.15
1272,40.704,0.243484,-0.254372,0.553255,1,AVOID_RIGHT,64.45,67.31,67.37,63.46,68.37,210.1,67.84,67.38,64.51,65.9,70.15,61.04,68.38,196.89,68.33,65.67,0.8,0.15
1273,40.736,0.243704,-0.254238,0.543352,1,AVOID_RIGHT,66.36,65.96,67.59,64.82,69.62,195.12,67.09,68.67,69.23,63.93,67.92,66.85,71.51,172.66,65.95,70.6,0.8,0.15
1274,40.768,0.24398,-0.254073,0.535925,1,AVOID_RIGHT,67.24,66.08,69.42,68.41,68.62,186.9,68.07,67.94,68.57,66.27,72.17,73.79,67.11,174.57,69.53,66.85,0.8,0.15
1275,40.8,0.244257,-0.25391,0.528497,1,AVOID_RIGHT,66.4,64.31,68.76,67.45,68.71,177.51,68.68,66.98,65.14,61.66,67.77,66.02,68.84,163.41,69.6,65.53,0.8,0.15
1276,40.832,0.244536,-0.253748,0.52107,1,AVOID_RIGHT,64.7,64.48,67.07,68.9,66.42,171.76,66.9,67.23,62.16,64.73,64.52,71.06,62.99,163.14,64.23,67.61,0.8,0.15
1277,40.864,0.24476,-0.253621,0.511167,1,AVOID_RIGHT,65.71,65.75,68.65,70.34,68.47,162.69,65.59,70.44,67.21,67.65,71.01,72.52,71.54,149.09,63.63,75.26,0.8,0.15
1278,40.896,0.245098,-0.253434,0.501264,1,AVOID_RIGHT,66.85,67.41,67.78,68.93,70.99,156.45,66.71,65.99,68.56,69.91,66.48,66.81,74.78,147.08,68.38,59.32,0.8,0.15
1279,40.928,0.24538,-0.25328,0.493837,1,AVOID_RIGHT,66.63,68.36,69.56,67.47,69.12,155.85,68.29,68.83,66.3,69.77,72.24,65.27,66.31,154.97,70.66,73.09,0.8,0.15
1280,40.96,0.245664,-0.253129,0.486409,1,AVOID_RIGHT,66.61,69.99,70.23,68.15,69.87,150.61,68.52,69.34,66.58,72.44,71.22,69.16,70.99,142.75,68.88,70.1,0.8,0.15
1281,40.992,0.24595,-0.252979,0.478982,1,AVOID_RIGHT,65.74,71.3,69.81,69.18,70.46,139.97,68.45,65.02,64.44,73.26,69.2,70.73,71.34,124.0,68.35,58.55,0.8,0.15
1282,41.024,0.246179,-0.252862,0.469079,1,AVOID_RIGHT,68.06,69.33,70.23,66.0,69.95,134.88,69.88,65.51,71.52,66.39,70.85,61.23,69.2,127.25,72.03,66.24,0.8,0.15
1283,41.056,0.246466,-0.252718,0.461652,1,AVOID_RIGHT,67.95,69.06,70.5,66.69,67.64,133.2,67.79,64.83,67.79,68.64,70.9,67.72,64.16,130.68,64.64,63.8,0.8,0.15
1284,41.088,0.246755,-0.252575,0.454224,1,AVOID_RIGHT,66.71,66.45,68.89,67.79,68.57,127.65,69.39,65.06,64.86,62.53,66.47,69.45,69.96,119.33,71.78,65.41,0.8,0.15
1285,41.12,0.247045,-0.252435,0.446797,1,AVOID_RIGHT,67.12,66.56,68.0,66.97,67.46,122.51,69.69,65.47,67.74,66.72,66.67,65.73,65.8,114.79,70.15,66.1,0.8,0.15
1286,41.152,0.247277,-0.252325,0.436894,1,AVOID_RIGHT,66.44,66.56,69.79,66.24,66.89,119.51,68.11,67.45,65.4,66.57,72.47,65.14,66.03,115.02,65.72,70.42,0.8,0.15
1287,41.184,0.24757,-0.25219,0.429467,1,AVOID_RIGHT,66.18,65.96,69.24,68.41,67.24,117.8,69.18,69.68,65.8,65.06,68.43,71.67,67.77,115.23,70.79,73.03,0.8,0.15
1288,41.216,0.247863,-0.252057,0.422039,1,AVOID_RIGHT,64.81,66.75,68.82,67.24,66.62,115.4,67.61,69.31,62.76,67.92,68.17,65.49,65.7,111.81,65.27,68.75,0.8,0.15
1289,41.248,0.248157,-0.251926,0.414612,1,AVOID_RIGHT,65.62,67.15,66.9,68.2,67.7,110.36,65.01,65.1,66.84,67.75,64.04,69.64,69.32,102.81,61.1,58.8,0.8,0.15
1290,41.28,0.248393,-0.251824,0.404709,1,AVOID_RIGHT,65.45,67.7,65.89,66.88,64.97,107.29,66.76,65.94,65.19,68.54,64.36,64.89,60.86,102.67,69.38,67.2,0.8,0.15
1291,41.312,0.248749,-0.251673,0.394806,1,AVOID_RIGHT,67.55,67.3,66.97,67.65,67.03,100.71,68.82,66.93,70.69,66.68,68.6,68.81,70.12,90.86,71.9,68.4,0.8,0.15
1292,41.344,0.249046,-0.251551,0.387379,1,AVOID_RIGHT,65.4,67.27,67.71,65.07,65.83,92.69,67.61,66.64,62.17,67.22,68.83,61.2,64.04,80.66,65.81,66.21,0.8,0.15
1293,41.376,0.249345,-0.25143,0.379951,1,AVOID_RIGHT,65.35,68.68,67.53,65.19,67.43,87.06,67.73,65.47,65.28,70.79,67.26,65.37,69.82,78.6,67.92,63.72,0.8,0.15
1294,41.408,0.249584,-0.251336,0.370048,1,AVOID_RIGHT,64.7,66.63,67.87,66.57,68.42,80.41,69.21,66.68,63.73,63.56,68.39,68.65,69.91,70.43,71.41,68.48,0.8,0.15
1295,41.44,0.249885,-0.251221,0.362621,1,AVOID_RIGHT,64.96,66.71,66.12,66.04,70.45,77.28,72.0,66.54,65.36,66.84,63.49,65.25,73.49,72.58,76.2,66.34,0.8,0.15
1296,41.472,0.250186,-0.251108,0.355194,1,AVOID_RIGHT,63.92,66.74,65.08,68.14,70.15,71.97,69.54,65.98,62.36,66.77,63.51,71.3,69.7,64.0,65.84,65.14,0.8,0.15
1297,41.504,0.250488,-0.250997,0.347766,1,FOLLOWING,65.74,67.7,67.04,68.41,69.09,70.64,66.78,65.42,68.46,69.13,69.99,68.8,67.5,68.65,62.63,64.57,-3.14,3.14
1298,41.536,0.250488,-0.250997,0.426991,1,FOLLOWING,67.25,65.93,66.07,68.11,69.09,79.7,69.77,68.35,69.52,63.29,64.6,67.67,69.09,93.28,74.27,72.76,-3.14,3.14
1299,41.568,0.250488,-0.250997,0.506216,1,FOLLOWING,68.06,68.63,67.08,66.59,69.14,93.17,69.3,67.18,69.27,72.67,68.6,64.32,69.21,113.37,68.58,65.43,-3.14,3.14
1300,41.6,0.250488,-0.250997,0.58544,1,FOLLOWING,66.98,68.42,67.6,63.8,69.24,108.23,66.84,70.44,65.35,68.11,68.37,59.61,69.39,130.82,63.17,75.31,-3.14,3.14
1301,41.632,0.250488,-0.250997,0.664665,1,FOLLOWING,66.41,69.24,67.02,65.59,68.53,129.35,67.53,68.36,65.55,70.46,66.16,68.27,67.46,161.04,68.55,65.26,-3.14,3.14
1302,41.664,0.250488,-0.250997,0.743889,1,FOLLOWING,63.19,69.88,66.6,67.28,66.92,159.75,69.55,67.23,58.36,70.84,65.98,69.82,64.5,205.33,72.57,65.54,-3.14,3.14
1303,41.696,0.250488,-0.250997,0.823114,1,FOLLOWING,64.55,68.34,67.66,67.43,68.95,195.49,69.96,68.35,66.6,66.04,69.24,67.65,71.99,249.11,70.58,70.01,-3.0776,3.14
1304,41.728,0.25053,-0.250948,0.899863,1,FOLLOWING,64.95,66.84,69.8,67.75,69.18,230.76,70.88,67.78,65.54,64.59,73.0,68.23,69.52,283.67,72.26,66.94,-2.6361,3.14
1305,41.76,0.250606,-0.250844,0.974136,1,FOLLOWING,68.43,69.56,67.92,68.74,68.4,237.58,69.44,68.79,73.64,73.64,65.09,70.23,67.24,247.8,67.28,70.31,-2.2127,3.14
1306,41.792,0.250778,-0.250572,1.040982,2,FOLLOWING,67.51,68.7,69.07,67.5,67.99,213.37,69.0,68.85,66.13,67.42,70.8,65.64,67.37,177.05,68.34,68.93,2.751,3.14
1307,41.824,0.25175,-0.248903,1.045933,2,FOLLOWING,66.22,69.9,70.42,69.16,67.07,213.99,68.31,67.38,64.29,71.7,72.45,71.66,65.69,214.91,67.28,65.19,2.7791,3.14
1308,41.856,0.252714,-0.24723,1.050885,2,FOLLOWING,67.25,71.11,70.32,68.11,68.15,242.17,68.84,65.41,68.81,72.92,70.17,66.54,69.77,284.45,69.62,62.44,2.8073,3.14
1309,41.888,0.253669,-0.245551,1.055836,2,AVOID_RIGHT,66.53,68.26,68.06,66.81,69.95,263.47,68.42,67.68,65.45,63.99,64.68,64.86,72.64,295.41,67.8,71.1,0.6,-0.6
1310,41.92,0.253637,-0.245607,1.038506,2,AVOID_RIGHT,66.08,67.28,68.49,65.35,70.18,268.13,67.81,68.86,65.39,65.81,69.14,63.17,70.53,275.13,66.88,70.64,0.6,-0.6
1311,41.952,0.253637,-0.245607,1.023651,2,AVOID_RIGHT,64.92,69.44,66.45,65.31,66.51,272.71,66.1,67.97,63.18,72.68,63.38,65.24,61.01,279.57,63.54,66.63,0.6,-0.6
1312,41.984,0.253637,-0.245607,1.008797,2,AVOID_RIGHT,67.21,68.49,65.88,66.08,64.62,273.67,65.83,66.82,70.66,67.07,65.03,67.24,61.78,275.11,65.42,65.1,0.6,-0.6
1313,42.016,0.253671,-0.245553,0.991466,2,AVOID_RIGHT,69.28,67.37,65.54,65.94,66.76,270.6,66.36,66.45,72.37,65.69,65.03,65.74,69.97,266.01,67.17,65.9,0.6,-0.6
1314,42.048,0.253671,-0.245553,0.976612,2,AVOID_RIGHT,67.12,67.16,64.26,67.03,66.32,263.66,68.07,65.68,63.87,66.83,62.35,68.65,65.67,253.25,70.64,64.53,0.6,-0.6
1315,42.08,0.253671,-0.245553,0.961757,2,AVOID_RIGHT,67.29,67.32,65.68,65.9,64.15,259.26,68.35,66.77,67.55,67.57,67.8,64.22,60.88,252.66,68.76,68.41,0.6,-0.6
1316,42.112,0.253671,-0.245553,0.946902,2,AVOID_RIGHT,65.42,68.68,67.47,68.55,65.25,252.89,68.38,65.25,62.61,70.72,70.17,72.51,66.92,243.34,68.43,62.96,0.6,-0.6
1317,42.144,0.253671,-0.245553,0.932048,2,AVOID_RIGHT,64.76,67.83,68.48,68.63,64.7,249.1,69.25,67.02,63.77,66.56,69.98,68.75,63.88,243.41,70.54,69.69,0.8,0.15
1318,42.176,0.253864,-0.245295,0.924621,2,AVOID_RIGHT,66.54,66.3,67.09,66.23,65.87,235.47,70.26,65.67,69.2,63.99,65.0,62.62,67.63,215.02,71.79,63.65,0.8,0.15
1319,42.208,0.254059,-0.245039,0.917193,2,AVOID_RIGHT,68.74,67.93,67.69,65.74,68.16,231.93,70.5,65.55,72.05,70.37,68.6,65.01,71.59,226.62,70.85,65.35,0.8,0.15
1320,42.24,0.254217,-0.244835,0.90729,2,AVOID_RIGHT,67.26,67.18,67.7,64.26,69.72,226.12,69.94,65.66,65.02,66.07,67.71,62.05,72.05,217.41,69.11,65.83,0.8,0.15
1321,42.272,0.254416,-0.244583,0.899863,2,AVOID_RIGHT,68.1,66.24,66.03,65.19,67.99,222.85,67.81,66.18,69.37,64.82,63.52,66.57,65.39,217.94,64.61,66.96,0.8,0.15
1322,42.304,0.254617,-0.244331,0.892436,2,AVOID_RIGHT,67.15,67.64,66.1,65.79,67.24,219.62,69.63,68.02,65.71,69.76,66.2,66.69,66.12,214.77,72.36,70.79,0.8,0.15
1323,42.336,0.25482,-0.244081,0.885008,2,AVOID_RIGHT,68.55,65.0,69.03,68.34,66.4,215.04,68.94,67.72,70.67,61.03,73.44,72.16,65.13,208.16,67.89,67.26,0.8,0.15
1324,42.368,0.254984,-0.243883,0.875105,2,AVOID_RIGHT,67.81,67.07,69.38,69.54,65.15,211.56,67.35,67.91,66.7,70.18,69.9,71.35,63.29,206.35,64.98,68.19,0.8,0.15
1325,42.4,0.255191,-0.243637,0.867678,2,AVOID_RIGHT,67.96,66.07,67.08,68.34,64.93,201.77,67.77,65.95,68.17,64.56,63.62,66.54,64.59,187.08,68.4,63.02,0.8,0.15
1326,42.432,0.2554,-0.243392,0.860251,2,AVOID_RIGHT,67.29,67.46,67.2,65.08,66.86,198.48,67.54,68.44,66.29,69.56,67.39,60.19,69.76,193.55,67.2,72.17,0.8,0.15
1327,42.464,0.255611,-0.243149,0.852823,2,AVOID_RIGHT,67.76,67.39,68.82,65.45,64.61,193.71,66.28,69.02,68.46,67.28,71.26,65.99,61.24,186.55,64.38,69.88,0.8,0.15
1328,42.496,0.255824,-0.242908,0.840444,2,AVOID_RIGHT,68.09,66.32,67.49,67.35,67.89,186.29,66.25,67.56,68.58,64.71,65.48,70.21,72.79,175.16,66.22,65.37,0.8,0.15
1329,42.528,0.25604,-0.242669,0.833017,2,AVOID_RIGHT,68.01,65.78,69.28,66.23,67.91,184.3,66.22,68.87,67.91,64.97,71.97,64.54,67.95,181.32,66.17,70.84,0.8,0.15
1330,42.56,0.256257,-0.242431,0.82559,2,AVOID_RIGHT,70.2,66.77,68.17,68.84,68.27,180.41,69.68,68.02,73.48,68.27,66.52,72.77,68.81,174.57,74.86,66.75,0.8,0.15
1331,42.592,0.256476,-0.242196,0.818162,2,AVOID_RIGHT,68.32,66.44,69.78,67.94,68.32,174.43,67.03,67.95,65.49,65.93,72.18,66.59,68.4,165.46,63.05,67.83,0.8,0.15
1332,42.624,0.256697,-0.241962,0.810735,2,AVOID_RIGHT,67.16,67.76,70.15,67.55,65.89,170.33,67.5,67.71,65.42,69.75,70.72,66.95,62.24,164.17,68.21,67.35,0.8,0.15
1333,42.656,0.256875,-0.241776,0.800832,2,AVOID_RIGHT,67.96,70.11,69.08,66.7,66.22,169.94,66.64,68.08,69.16,73.64,67.47,65.44,66.73,169.36,65.35,68.65,0.8,0.15
1334,42.688,0.2571,-0.241546,0.793405,2,AVOID_RIGHT,67.69,69.86,68.05,67.33,67.4,166.94,69.76,67.61,67.29,69.49,66.5,68.27,69.17,162.44,74.43,66.9,0.8,0.15
1335,42.72,0.257327,-0.241317,0.785977,2,AVOID_RIGHT,67.37,68.07,68.86,67.52,65.68,161.95,70.63,70.34,66.9,65.39,70.09,67.82,63.11,154.48,71.95,74.44,0.8,0.15
1336,42.752,0.257555,-0.24109,0.77855,2,AVOID_RIGHT,68.06,67.14,65.62,68.83,66.56,158.48,69.36,67.15,69.09,65.75,60.75,70.8,67.87,153.26,67.44,62.36,0.8,0.15
1337,42.784,0.257739,-0.24091,0.768647,2,AVOID_RIGHT,66.22,67.17,65.75,69.15,67.28,155.81,69.3,67.3,63.47,67.21,65.94,69.63,68.36,151.81,69.23,67.53,0.8,0.15
1338,42.816,0.257971,-0.240687,0.76122,2,AVOID_RIGHT,67.05,66.07,65.25,67.78,67.95,148.41,66.46,64.34,68.28,64.41,64.49,65.73,68.97,137.31,62.2,59.89,0.8,0.15
1339,42.848,0.258205,-0.240466,0.753792,2,AVOID_RIGHT,67.3,66.78,66.97,69.87,67.96,145.49,64.87,65.06,67.67,67.86,69.55,73.0,67.97,141.11,62.49,66.14,0.8,0.15
1340,42.88,0.258441,-0.240247,0.746365,2,AVOID_RIGHT,68.86,67.36,68.38,67.57,68.17,141.23,65.19,63.0,71.21,68.22,70.49,64.13,68.48,134.83,65.68,59.9,0.8,0.15
1341,42.912,0.258678,-0.24003,0.733986,2,AVOID_RIGHT,68.32,67.72,66.67,67.47,65.96,141.48,65.74,63.11,67.52,68.26,64.12,67.31,62.65,141.87,66.57,63.28,0.8,0.15
1342,42.944,0.258918,-0.239815,0.726559,2,AVOID_RIGHT,67.34,67.88,67.07,68.47,65.87,138.5,64.42,63.99,65.88,68.11,67.67,69.96,65.72,134.02,62.43,65.31,0.8,0.15
1343,42.976,0.25916,-0.239602,0.719132,2,AVOID_RIGHT,67.11,69.28,65.3,68.65,67.85,130.72,63.79,66.71,66.77,71.39,62.65,68.92,70.82,119.05,62.84,70.8,0.8,0.15
1344,43.008,0.259403,-0.239391,0.711704,2,AVOID_RIGHT,68.49,68.0,65.83,68.55,66.15,122.98,66.48,67.74,70.55,66.08,66.62,68.4,63.6,111.38,70.52,69.27,0.8,0.15
1345,43.04,0.259598,-0.239224,0.701801,2,AVOID_RIGHT,67.69,67.39,67.93,69.22,67.24,123.73,68.35,67.73,66.48,66.48,71.08,70.23,68.88,124.85,71.16,67.71,0.8,0.15
1346,43.072,0.259845,-0.239017,0.694374,2,FOLLOWING,69.18,65.8,68.62,66.81,69.59,122.29,67.13,68.03,71.43,63.42,69.66,63.18,73.11,120.14,65.31,68.49,0.7238,3.14
1347,43.104,0.260822,-0.238179,0.724083,2,FOLLOWING,70.55,66.23,66.24,68.56,67.96,116.97,65.77,65.57,72.6,66.88,62.66,71.2,65.52,108.98,63.72,61.87,0.8936,3.14
1348,43.136,0.261773,-0.237311,0.753792,2,FOLLOWING,69.33,65.61,65.89,67.18,65.42,120.53,66.23,64.99,67.51,64.68,65.36,65.1,61.6,125.86,66.92,64.12,1.0636,3.14
1349,43.168,0.262794,-0.23633,0.77855,2,FOLLOWING,66.31,66.36,64.18,67.04,68.96,118.96,67.54,66.03,61.77,67.48,61.63,66.83,74.27,116.62,69.51,67.6,1.2047,3.14
1350,43.2,0.26379,-0.235323,0.803308,2,FOLLOWING,67.54,65.9,65.01,67.49,66.08,119.98,66.05,68.68,69.38,65.22,66.25,68.16,61.75,121.52,63.81,72.66,1.3461,3.14
1351,43.232,0.264806,-0.234246,0.82559,2,FOLLOWING,68.89,66.77,66.67,66.53,67.79,120.66,65.9,69.82,70.93,68.07,69.17,65.08,70.35,121.68,65.67,71.51,1.4731,3.14
1352,43.264,0.265798,-0.233147,0.847872,2,FOLLOWING,66.67,68.61,66.06,67.29,66.68,121.88,66.33,68.54,63.32,71.38,65.13,68.44,65.02,123.71,66.99,66.63,1.6003,3.14
1353,43.296,0.266808,-0.231978,0.867678,2,FOLLOWING,67.18,67.24,68.45,67.02,67.04,122.03,64.21,70.07,67.95,65.17,72.03,66.62,67.59,122.24,61.04,72.37,1.7132,3.14
1354,43.328,0.267838,-0.230741,0.885008,2,FOLLOWING,66.51,67.18,68.42,66.98,63.78,123.98,66.1,66.51,65.51,67.09,68.39,66.92,58.87,126.9,68.94,61.16,1.8117,3.14
1355,43.36,0.268846,-0.229487,0.902339,2,FOLLOWING,69.54,65.7,68.39,69.17,64.15,121.72,67.92,68.74,74.09,63.49,68.33,72.46,64.72,118.35,70.64,72.1,1.9104,3.14
1356,43.392,0.269874,-0.228166,0.917193,2,FOLLOWING,68.68,66.4,67.2,67.62,63.56,121.11,66.74,67.63,67.4,67.44,65.41,65.29,62.67,120.19,64.98,65.96,1.9949,3.14
1357,43.424,0.270881,-0.22683,0.932048,2,FOLLOWING,68.5,67.52,68.3,66.85,65.63,120.36,66.14,67.17,68.22,69.19,69.97,65.69,68.74,119.23,65.25,66.48,2.0794,3.14
1358,43.456,0.271909,-0.225428,0.944427,2,FOLLOWING,68.19,69.95,68.19,66.52,66.54,118.36,67.0,68.45,67.73,73.6,68.02,66.02,67.89,115.36,68.28,70.36,2.1496,3.14
1359,43.488,0.272919,-0.224014,0.956806,2,FOLLOWING,70.47,68.58,67.3,65.99,66.58,117.64,67.48,67.86,73.9,66.53,65.96,65.21,66.64,116.55,68.2,66.98,2.2199,3.14
1360,43.52,0.273912,-0.222587,0.969184,2,FOLLOWING,67.22,67.82,68.47,69.06,65.67,115.09,65.57,68.9,62.35,66.68,70.22,73.66,64.3,111.27,62.7,70.47,2.2904,3.14
1361,43.552,0.274924,-0.221096,0.979087,2,FOLLOWING,68.09,67.77,68.02,70.31,67.96,116.4,65.99,69.04,69.4,67.7,67.34,72.18,71.41,118.35,66.62,69.26,2.3465,3.14
1362,43.584,0.275922,-0.219595,0.988991,2,FOLLOWING,67.14,66.81,68.23,69.88,66.61,112.74,67.59,68.87,65.72,65.36,68.55,69.24,64.57,107.26,70.01,68.61,2.4027,3.14
1363,43.616,0.276905,-0.218085,0.998894,2,FOLLOWING,68.58,66.46,70.57,70.45,67.47,111.66,67.73,67.36,70.73,65.95,74.07,71.3,68.77,110.03,67.94,65.09,2.459,3.14
1364,43.648,0.277873,-0.216564,1.008797,2,FOLLOWING,67.64,67.05,69.84,68.25,65.73,111.51,65.27,67.92,66.23,67.94,68.75,64.96,63.12,111.28,61.57,68.77,2.5153,3.14
1365,43.68,0.278862,-0.214981,1.016224,2,FOLLOWING,68.08,66.35,68.22,68.2,65.89,108.49,64.04,67.33,68.74,65.3,65.79,68.13,66.12,103.98,62.19,66.43,2.5574,3.14
1366,43.712,0.279839,-0.21339,1.023651,2,FOLLOWING,68.46,67.99,67.52,65.45,64.72,105.28,66.51,66.14,69.05,70.44,66.47,61.32,62.97,100.46,70.21,64.36,2.5995,3.14
1367,43.744,0.280804,-0.211793,1.031079,2,FOLLOWING,66.53,68.34,65.77,66.78,65.71,104.22,68.12,64.62,63.62,68.86,63.15,68.77,67.18,102.64,70.53,62.35,2.6417,3.14
1368,43.776,0.281793,-0.210134,1.03603,2,FOLLOWING,67.71,65.68,68.44,68.77,67.2,101.45,66.43,65.64,69.49,61.69,72.45,71.75,69.44,97.29,63.9,67.16,2.6696,3.14
1369,43.808,0.282738,-0.208524,1.043457,2,FOLLOWING,65.04,67.36,69.23,68.3,65.66,98.68,65.35,64.32,61.04,69.89,70.4,67.59,63.34,94.53,63.73,62.35,2.7119,3.14
1370,43.84,0.283706,-0.206853,1.048409,2,FOLLOWING,66.56,68.51,68.57,68.61,67.79,93.96,64.99,66.44,68.82,70.23,67.59,69.09,70.99,86.88,64.44,69.62,2.7399,3.14
1371,43.872,0.284665,-0.205177,1.053361,2,FOLLOWING,66.61,67.59,66.72,67.0,67.95,92.2,65.81,68.2,66.7,66.2,63.95,64.58,68.18,89.55,67.04,70.83,2.768,3.14
1372,43.904,0.285616,-0.203496,1.058312,2,FOLLOWING,64.46,68.0,68.63,66.63,67.7,88.91,69.17,66.89,61.23,68.62,71.49,66.06,67.33,83.97,74.22,64.92,2.796,3.14
1373,43.936,0.286592,-0.201756,1.060788,2,FOLLOWING,64.97,70.26,69.21,67.11,66.39,84.64,66.04,65.91,65.72,73.65,70.09,67.83,64.43,78.23,61.34,64.44,2.8098,3.14
1374,43.968,0.287531,-0.200068,1.065739,2,FOLLOWING,65.98,71.32,68.33,67.22,67.49,82.77,65.84,66.01,67.49,72.9,67.01,67.39,69.12,79.97,65.53,66.17,2.8379,3.14
1375,44.0,0.288461,-0.198376,1.070691,2,FOLLOWING,65.11,68.62,68.38,66.16,67.83,77.95,67.82,66.93,63.82,64.58,68.46,64.57,68.35,70.72,70.79,68.31,2.8661,3.14
1376,44.032,0.289416,-0.196624,1.073167,2,FOLLOWING,64.86,66.18,66.57,65.52,67.56,75.65,66.22,66.81,64.49,62.51,63.85,64.55,67.15,72.21,63.83,66.62,2.88,3.14
1377,44.064,0.290366,-0.194869,1.075642,2,FOLLOWING,66.49,67.1,64.96,66.67,65.49,71.61,67.43,66.75,68.94,68.48,62.55,68.41,62.39,65.54,69.25,66.65,2.8939,3.14
1378,44.096,0.29128,-0.193168,1.080594,2,FOLLOWING,66.24,68.74,64.26,66.19,65.51,68.44,68.2,68.1,65.85,71.2,63.21,65.47,65.54,63.7,69.35,70.12,2.9222,3.14
1379,44.128,0.292217,-0.191406,1.08307,2,FOLLOWING,67.73,65.35,66.76,66.54,65.83,68.86,66.17,67.3,69.98,60.26,70.5,67.05,66.31,69.47,63.14,66.1,2.9362,3.14
1380,44.16,0.29315,-0.189642,1.085546,2,FOLLOWING,68.96,66.18,66.76,64.42,66.72,69.42,65.63,66.46,70.81,67.44,66.76,61.24,68.05,70.27,64.81,65.2,2.9502,3.14
1381,44.192,0.294078,-0.187876,1.088021,2,FOLLOWING,66.24,64.66,67.25,65.07,67.05,67.72,65.36,66.12,62.15,62.37,67.98,66.05,67.55,65.17,64.95,65.61,2.9642,3.14
1382,44.224,0.295003,-0.186107,1.090497,2,FOLLOWING,68.04,65.1,65.71,67.35,66.43,68.27,65.29,65.61,70.73,65.75,63.41,70.78,65.49,69.1,65.2,64.85,2.9782,3.14
1383,44.256,0.295922,-0.184336,1.092973,2,FOLLOWING,67.25,66.22,68.92,65.76,65.82,67.89,64.58,65.63,66.07,67.9,73.74,63.37,64.91,67.32,63.51,65.66,2.9923,3.14
1384,44.288,0.29687,-0.182507,1.092973,2,FOLLOWING,69.49,66.74,66.03,66.01,66.54,67.5,63.33,66.59,72.85,67.53,61.68,66.38,67.63,66.92,61.46,68.03,2.992,3.14
1385,44.32,0.297785,-0.180734,1.095449,2,FOLLOWING,66.46,65.54,66.7,65.88,65.0,67.86,63.51,63.5,61.93,63.75,67.71,65.7,62.68,68.39,63.77,58.86,3.0061,3.14
1386,44.352,0.298696,-0.178959,1.097924,2,FOLLOWING,66.0,65.48,66.94,66.01,68.68,67.07,65.63,64.42,65.3,65.39,67.31,66.21,74.2,65.9,68.82,65.79,3.0202,3.14
1387,44.384,0.299634,-0.177125,1.097924,2,FOLLOWING,67.55,65.02,66.65,64.36,68.59,64.69,65.65,65.86,69.87,64.32,66.2,61.88,68.46,61.12,65.67,68.04,3.02,3.14
1388,44.416,0.300541,-0.175347,1.1004,2,FOLLOWING,68.64,64.98,68.04,66.25,66.44,65.15,67.13,67.68,70.29,64.93,70.13,69.09,63.2,65.83,69.35,70.4,3.0341,3.14
1389,44.448,0.301443,-0.173567,1.102876,2,FOLLOWING,69.38,65.54,67.62,65.97,67.24,65.86,65.27,67.29,70.48,66.39,67.0,65.56,68.45,66.94,62.48,66.7,3.0483,3.14
1390,44.48,0.302372,-0.171729,1.102876,2,FOLLOWING,68.54,65.34,67.85,67.22,64.61,67.26,65.76,69.5,67.27,65.05,68.18,69.09,60.66,69.36,66.5,72.82,3.0481,3.14
1391,44.512,0.30327,-0.169947,1.105352,2,FOLLOWING,68.68,63.98,66.83,65.72,66.01,69.13,65.88,68.94,68.89,61.93,65.31,63.46,68.11,71.93,66.07,68.09,3.0623,3.14
1392,44.544,0.304194,-0.168106,1.105352,2,FOLLOWING,67.09,66.21,69.0,69.24,66.24,66.16,68.4,69.1,64.71,69.57,72.25,74.51,66.59,61.71,72.16,69.34,3.0622,3.14
1393,44.576,0.305119,-0.166265,1.105352,2,FOLLOWING,67.12,65.2,70.68,68.25,67.12,66.13,66.74,68.07,67.15,63.68,73.19,66.77,68.44,66.08,64.27,66.54,3.062,3.14
1394,44.608,0.306012,-0.164481,1.107827,2,FOLLOWING,67.31,63.48,70.12,65.9,66.14,67.02,66.84,69.52,67.6,60.91,69.27,62.39,64.68,68.36,66.99,71.69,3.0763,3.14
1395,44.64,0.306932,-0.162638,1.107827,2,FOLLOWING,65.77,63.3,67.15,66.32,65.51,66.11,67.52,69.06,63.47,63.03,62.69,66.95,64.57,64.75,68.53,68.37,3.0761,3.14
1396,44.672,0.307852,-0.160795,1.107827,2,FOLLOWING,65.15,63.79,66.54,68.93,64.94,67.97,67.23,69.22,64.22,64.52,65.63,72.84,64.07,70.76,66.81,69.47,3.076,3.14
1397,44.704,0.308741,-0.159009,1.110303,2,FOLLOWING,63.71,65.37,65.48,66.05,67.22,66.8,68.63,69.06,61.55,67.73,63.9,61.74,70.64,65.04,70.73,68.82,3.0903,3.14
1398,44.736,0.309657,-0.157163,1.110303,2,FOLLOWING,66.11,65.89,68.11,66.4,66.97,67.69,66.04,69.06,69.72,66.68,72.06,66.91,66.6,69.03,62.16,69.05,3.0902,3.14
1399,44.768,0.310572,-0.155318,1.110303,2,FOLLOWING,65.97,63.39,69.85,65.22,66.42,66.7,66.5,67.58,65.76,59.64,72.45,63.47,65.59,65.2,67.19,65.36,3.0901,3.14
1400,44.8,0.31143,-0.153588,1.110303,2,FOLLOWING,66.5,63.97,69.2,63.79,64.19,66.89,68.89,68.82,67.29,64.84,68.21,61.65,60.85,67.18,72.47,70.67,3.09,3.14
1401,44.832,0.312345,-0.151743,1.110303,2,FOLLOWING,66.91,64.76,68.39,62.98,66.83,68.4,67.98,68.84,67.53,65.95,67.19,61.76,70.78,70.66,66.61,68.87,3.0899,3.14
1402,44.864,0.313261,-0.149898,1.110303,2,FOLLOWING,66.34,66.15,68.75,64.15,66.04,67.49,66.8,69.02,65.49,68.23,69.29,65.9,64.87,66.13,65.04,69.29,3.0898,3.14
1403,44.896,0.314176,-0.148052,1.110303,2,FOLLOWING,66.76,64.62,66.39,66.1,65.59,65.75,63.91,70.49,67.39,62.33,62.84,69.04,64.9,63.15,59.57,72.7,3.0896,3.14
1404,44.928,0.315061,-0.146264,1.112779,2,FOLLOWING,65.67,66.11,63.59,67.41,64.83,65.26,65.97,66.49,64.04,68.36,59.39,69.36,63.7,64.51,69.07,60.5,3.1039,3.14
1405,44.96,0.315972,-0.144416,1.112779,2,FOLLOWING,66.45,65.22,65.32,70.39,66.12,62.84,69.71,66.94,67.63,63.87,67.91,74.87,68.04,59.22,75.31,67.6,3.1039,3.14
1406,44.992,0.316882,-0.142569,1.112779,2,FOLLOWING,67.44,65.94,66.26,71.44,66.7,64.15,70.71,66.26,68.92,67.02,67.68,73.01,67.57,66.11,72.22,65.24,3.1038,3.14
1407,45.024,0.317793,-0.140721,1.112779,2,FOLLOWING,66.57,66.74,65.49,69.59,65.86,64.93,71.22,67.03,65.26,67.95,64.33,66.82,64.61,66.1,71.98,68.18,3.1037,3.14
1408,45.056,0.318704,-0.138873,1.112779,2,FOLLOWING,65.05,66.35,66.42,69.81,66.36,66.54,69.72,66.59,62.77,65.75,67.82,70.13,67.12,68.96,67.46,65.92,3.1036,3.14
1409,45.088,0.319584,-0.137083,1.115255,2,FOLLOWING,66.58,68.34,65.67,66.97,68.28,67.24,66.46,66.42,68.88,71.33,64.55,62.71,71.16,68.29,61.59,66.17,3.1179,3.14
1410,45.12,0.32049,-0.135233,1.115255,2,FOLLOWING,67.86,67.37,68.56,66.95,68.84,67.49,65.42,63.11,69.77,65.92,72.88,66.92,69.68,67.85,63.84,58.15,3.1179,3.14
1411,45.152,0.321396,-0.133383,1.115255,2,FOLLOWING,69.29,67.62,68.71,66.0,68.84,66.09,62.87,64.12,71.44,67.99,68.93,64.57,68.82,63.99,59.04,65.64,3.1178,3.14
1412,45.184,0.322303,-0.131533,1.115255,2,FOLLOWING,68.83,66.94,68.67,63.23,67.9,67.31,65.67,64.97,68.15,65.93,68.63,59.06,66.49,69.14,69.86,66.25,3.1178,3.14
1413,45.216,0.323209,-0.129683,1.115255,2,FOLLOWING,69.01,67.22,69.39,66.27,65.84,65.28,67.08,63.94,69.27,67.62,70.46,70.84,62.75,62.23,69.2,62.39,3.1178,3.14
1414,45.248,0.324115,-0.127834,1.115255,2,FOLLOWING,68.23,67.13,69.01,66.44,65.43,65.77,67.51,66.15,67.06,67.01,68.45,66.68,64.81,66.51,68.16,69.47,3.1177,3.14
1415,45.28,0.325021,-0.125984,1.115255,2,FOLLOWING,68.19,67.23,69.12,67.2,67.29,65.98,65.18,66.92,68.14,67.37,69.29,68.35,70.07,66.31,61.69,68.07,3.1177,3.14
1416,45.312,0.325897,-0.124191,1.117731,2,FOLLOWING,68.26,67.87,70.41,67.33,67.09,62.84,66.16,69.33,68.37,68.84,72.34,67.53,66.79,58.14,67.62,72.94,3.132,3.14
1417,45.344,0.326799,-0.122339,1.117731,2,FOLLOWING,68.06,68.58,70.47,65.92,66.03,64.69,67.13,68.56,67.75,69.63,70.57,63.8,64.44,67.47,68.58,67.4,3.132,3.14
1418,45.376,0.3277,-0.120487,1.117731,2,FOLLOWING,68.36,69.81,71.06,64.99,69.52,67.14,66.27,69.15,68.82,71.67,71.94,63.58,74.75,70.8,64.98,70.04,3.132,3.14
1419,45.408,0.328602,-0.118635,1.117731,2,FOLLOWING,68.24,70.75,67.02,63.67,67.37,66.67,66.54,67.13,68.06,72.15,60.96,61.69,64.15,65.97,66.94,64.1,3.1319,3.14
1420,45.44,0.329504,-0.116783,1.117731,2,FOLLOWING,68.06,70.65,68.09,65.15,65.8,63.19,67.21,67.13,67.79,70.5,69.69,67.38,63.44,57.98,68.21,67.14,3.1319,3.14
1421,45.472,0.330405,-0.114931,1.117731,2,FOLLOWING,66.12,66.95,66.37,68.01,66.57,63.94,67.39,68.67,63.21,61.39,63.8,72.31,67.72,65.06,67.68,70.96,3.1319,3.14
1422,45.504,0.331307,-0.113079,1.117731,2,FOLLOWING,66.46,68.49,65.9,67.66,68.46,63.6,67.69,67.75,66.98,70.8,65.18,67.14,71.31,63.08,68.14,66.38,3.1319,3.14
1423,45.536,0.332209,-0.111227,1.117731,2,FOLLOWING,66.3,68.4,64.28,65.95,69.89,65.46,65.86,68.26,66.07,68.26,61.86,63.37,72.04,68.26,63.11,69.04,3.1319,3.14
1424,45.568,0.33311,-0.109375,1.117731,2,FOLLOWING,66.24,68.78,65.75,64.03,69.51,63.33,65.37,68.56,66.15,69.34,67.96,61.16,68.94,60.14,64.64,69.0,3.1319,3.14
1425,45.6,0.334012,-0.107523,1.117731,2,FOLLOWING,65.71,68.0,67.14,66.27,68.94,66.31,67.57,65.17,64.9,66.84,69.21,69.64,68.09,70.77,70.87,60.08,3.1318,3.14
1426,45.632,0.334913,-0.105671,1.117731,2,FOLLOWING,66.06,67.47,66.47,66.75,70.12,67.04,67.57,65.07,66.59,66.67,65.48,67.46,71.88,68.15,67.58,64.92,3.1318,3.14
1427,45.664,0.335815,-0.103819,1.117731,2,FOLLOWING,70.01,68.04,68.34,68.02,68.83,68.11,70.55,65.23,75.93,68.9,71.13,69.93,66.9,69.7,75.02,65.49,3.1318,3.14
1428,45.696,0.336717,-0.101967,1.117731,2,FOLLOWING,68.25,67.84,67.13,66.02,70.63,68.74,71.24,64.82,65.63,67.54,65.32,63.02,73.32,69.69,72.26,64.19,3.1318,3.14
1429,45.728,0.337618,-0.100115,1.117731,2,FOLLOWING,68.98,66.66,66.76,66.16,69.73,67.92,69.81,67.2,70.08,64.9,66.21,66.37,68.38,66.68,67.66,70.78,3.1318,3.14
1430,45.76,0.33852,-0.098263,1.117731,2,FOLLOWING,68.12,68.61,67.36,68.24,67.5,67.33,67.96,67.45,66.83,71.53,68.27,71.36,64.16,66.46,65.19,67.83,3.1318,3.14
1431,45.792,0.339422,-0.096411,1.117731,2,FOLLOWING,66.64,69.41,70.38,69.43,66.78,66.88,65.59,66.49,64.42,70.61,74.91,71.21,65.71,66.19,62.03,65.04,3.1317,3.14
1432,45.824,0.340323,-0.094558,1.117731,2,FOLLOWING,67.02,69.51,69.33,69.09,66.3,67.78,66.35,66.07,67.59,69.66,67.75,68.57,65.58,69.14,67.49,65.44,3.1317,3.14
1433,45.856,0.341225,-0.092706,1.117731,2,FOLLOWING,66.64,68.56,65.85,69.14,67.05,66.31,67.41,68.62,66.07,67.15,60.63,69.22,68.17,64.09,68.99,72.46,3.1317,3.14
1434,45.888,0.342096,-0.090911,1.120206,2,FOLLOWING,65.63,68.76,66.87,67.46,67.02,68.6,67.83,68.07,64.12,69.05,68.39,64.95,66.99,72.03,68.47,67.23,3.14,3.1339
1435,45.92,0.342993,-0.089057,1.120206,2,FOLLOWING,65.39,66.58,67.36,67.48,67.03,67.79,67.95,68.06,65.03,63.31,68.1,67.5,67.04,66.59,68.12,68.06,3.14,3.1339
1436,45.952,0.34389,-0.087203,1.120206,2,FOLLOWING,66.14,69.02,69.61,67.98,65.51,64.28,67.34,66.91,67.27,72.68,72.98,68.72,63.22,59.02,66.42,65.18,3.14,3.1339
1437,45.984,0.344787,-0.085348,1.120206,2,FOLLOWING,66.54,65.89,67.78,66.96,66.31,63.0,68.95,68.57,67.14,61.2,65.04,65.45,67.51,61.07,71.37,71.05,3.14,3.1339
1438,46.016,0.345684,-0.083494,1.120206,2,FOLLOWING,65.74,65.47,67.45,65.02,66.7,62.8,70.46,68.34,64.55,64.85,66.94,62.1,67.29,62.5,72.72,68.0,3.14,3.1339
1439,46.048,0.346581,-0.08164,1.120206,2,FOLLOWING,67.16,67.33,68.69,65.51,67.01,66.09,69.36,67.96,69.29,70.1,70.57,66.24,67.47,71.03,67.72,67.38,3.14,3.1339
1440,46.08,0.347479,-0.079786,1.120206,2,FOLLOWING,67.77,67.19,70.5,66.22,66.1,65.32,68.46,66.25,68.67,66.99,73.21,67.3,64.75,64.16,67.1,63.68,3.14,3.1339
1441,46.112,0.348376,-0.077931,1.120206,2,FOLLOWING,66.58,68.52,67.62,67.44,67.35,66.64,67.44,68.91,64.81,70.51,63.29,69.26,69.21,68.63,65.9,72.9,3.14,3.1338
1442,46.144,0.349273,-0.076077,1.120206,2,FOLLOWING,68.31,65.37,69.5,66.63,67.2,67.04,69.96,70.16,70.9,60.64,72.33,65.41,66.97,67.64,73.75,72.04,3.14,3.1338
1443,46.176,0.35017,-0.074223,1.120206,2,FOLLOWING,68.36,62.01,69.4,66.41,67.34,66.41,67.68,68.67,68.44,56.98,69.25,66.09,67.56,65.45,64.27,66.43,3.14,3.1338
1444,46.208,0.351067,-0.072369,1.120206,2,FOLLOWING,66.81,61.59,67.76,67.49,67.12,66.76,68.86,67.72,64.49,60.95,65.29,69.1,66.78,67.28,70.61,66.3,3.14,3.1338
1445,46.24,0.351964,-0.070515,1.120206,2,FOLLOWING,66.95,65.89,66.88,65.98,65.94,66.99,70.36,67.42,67.14,72.34,65.58,63.71,64.16,67.35,72.61,66.98,3.14,3.1338
1446,46.272,0.352835,-0.068719,1.117731,2,FOLLOWING,66.51,67.09,64.84,65.8,64.36,69.87,69.87,66.8,65.85,68.9,61.78,65.53,61.99,74.19,69.13,65.85,3.1318,3.14
1447,46.304,0.353737,-0.066867,1.117731,2,FOLLOWING,67.29,69.32,66.51,67.29,63.18,66.46,70.34,66.52,68.46,72.68,69.02,69.53,61.4,61.35,71.04,66.12,3.1318,3.14
1448,46.336,0.354638,-0.065015,1.117731,2,FOLLOWING,67.48,69.45,66.66,65.96,65.47,67.5,71.89,66.62,67.77,69.63,66.89,63.96,68.9,69.06,74.23,66.76,3.1318,3.14
1449,46.368,0.35554,-0.063163,1.117731,2,FOLLOWING,66.48,67.56,68.05,67.73,67.75,67.03,67.82,65.34,64.97,64.74,70.14,70.39,71.18,66.33,61.72,63.43,3.1318,3.14
1450,46.4,0.356442,-0.061311,1.117731,2,FOLLOWING,66.52,69.42,67.2,68.01,66.38,67.18,66.51,66.16,66.58,72.22,65.92,68.44,64.31,67.41,64.53,67.4,3.1318,3.14
1451,46.432,0.357343,-0.059459,1.117731,2,FOLLOWING,66.74,69.65,66.23,67.69,66.78,68.34,64.27,66.34,67.08,69.99,64.79,67.19,67.4,70.07,60.92,66.59,3.1318,3.14
1452,46.464,0.358245,-0.057607,1.117731,2,FOLLOWING,67.46,67.79,64.92,69.51,66.9,68.09,63.72,68.74,68.54,65.0,62.96,72.24,67.07,67.73,62.89,72.35,3.1317,3.14
1453,46.496,0.359147,-0.055755,1.117731,2,FOLLOWING,65.46,67.68,67.59,66.96,67.99,65.79,67.95,67.47,62.45,67.52,71.58,63.13,69.63,62.32,74.29,65.56,3.1317,3.14
1454,46.528,0.360048,-0.053903,1.117731,2,FOLLOWING,67.97,68.18,68.5,68.53,68.6,66.65,69.46,64.97,71.74,68.93,69.88,70.88,69.51,67.95,71.72,61.23,3.1317,3.14
1455,46.56,0.36095,-0.052051,1.117731,2,FOLLOWING,66.36,65.95,66.8,69.25,68.92,69.54,70.56,66.8,63.94,62.61,64.24,70.35,69.41,73.87,72.22,69.54,3.1317,3.14
1456,46.592,0.361851,-0.050199,1.117731,2,FOLLOWING,67.86,68.09,66.8,68.71,68.46,66.92,69.07,65.9,70.13,71.29,66.79,67.9,67.76,62.99,66.83,64.55,3.1317,3.14
1457,46.624,0.362753,-0.048347,1.117731,2,FOLLOWING,68.25,68.21,67.64,68.52,67.8,68.94,69.88,66.51,68.83,68.4,68.9,68.22,66.81,71.98,71.09,67.42,3.1316,3.14
1458,46.656,0.363655,-0.046495,1.117731,2,FOLLOWING,67.39,71.63,68.36,68.08,68.18,69.63,69.17,66.07,66.1,76.76,69.45,67.42,68.76,70.67,68.11,65.43,3.1316,3.14
1459,46.688,0.364556,-0.044643,1.117731,2,FOLLOWING,67.37,69.62,64.72,66.52,65.82,71.03,68.72,66.08,67.34,66.61,59.25,64.19,62.28,73.13,68.03,66.1,3.1316,3.14
1460,46.72,0.365458,-0.042791,1.117731,2,FOLLOWING,64.9,68.56,65.72,65.49,66.84,68.87,65.71,65.74,61.18,66.97,67.23,63.95,68.36,65.63,61.19,65.22,3.1316,3.14
1461,46.752,0.366329,-0.040996,1.120206,2,FOLLOWING,64.65,67.35,66.71,67.2,67.28,70.36,65.69,65.78,64.27,65.54,68.19,69.76,67.95,72.6,65.67,65.84,3.14,3.1341
1462,46.784,0.367226,-0.039142,1.120206,2,FOLLOWING,65.62,66.89,67.04,67.39,67.81,71.14,66.88,65.22,67.07,66.2,67.52,67.67,68.61,72.31,68.66,64.38,3.14,3.134
1463,46.816,0.368123,-0.037287,1.120206,2,FOLLOWING,67.78,65.38,68.74,67.41,68.58,70.27,64.66,65.66,71.03,63.11,71.3,67.44,69.73,68.97,61.34,66.31,3.14,3.134
1464,46.848,0.36902,-0.035433,1.120206,2,FOLLOWING,66.71,66.2,66.87,67.2,66.9,69.2,65.14,70.22,65.1,67.42,64.07,66.89,64.38,67.6,65.86,77.07,3.14,3.134
1465,46.88,0.369917,-0.033579,1.120206,2,FOLLOWING,67.94,66.83,67.48,67.65,67.24,65.91,64.83,68.39,69.78,67.79,68.39,68.33,67.76,60.98,64.37,65.63,3.14,3.134
1466,46.912,0.370815,-0.031725,1.120206,2,FOLLOWING,66.61,67.18,65.67,67.18,67.85,66.15,66.87,66.97,64.62,67.69,62.95,66.46,68.75,66.51,69.93,64.83,3.14,3.134
1467,46.944,0.371712,-0.02987,1.120206,2,FOLLOWING,69.11,65.66,67.14,68.7,66.73,68.09,65.54,68.24,72.87,63.38,69.34,71.0,65.06,70.99,63.55,70.15,3.14,3.134
1468,46.976,0.372609,-0.028016,1.120206,2,FOLLOWING,68.84,66.71,66.48,67.38,63.98,68.95,66.15,69.09,68.42,68.28,65.5,65.41,59.85,70.26,67.06,70.38,3.14,3.134
1469,47.008,0.373506,-0.026162,1.120206,2,FOLLOWING,69.4,65.62,67.15,67.33,65.65,67.99,69.09,66.65,70.25,64.0,68.16,67.24,68.16,66.55,73.5,62.98,3.14,3.1339
1470,47.04,0.374403,-0.024308,1.120206,2,FOLLOWING,68.94,68.19,65.9,65.49,64.72,65.24,66.44,65.01,68.25,72.04,64.02,62.73,63.32,61.12,62.47,62.54,3.14,3.1339
1471,47.072,0.3753,-0.022453,1.120206,2,FOLLOWING,66.74,67.67,66.98,66.07,65.79,65.8,64.97,67.89,63.43,66.89,68.6,66.94,67.4,66.64,62.77,72.23,3.14,3.1339
1472,47.104,0.376197,-0.020599,1.120206,2,FOLLOWING,67.89,66.17,67.54,68.75,65.41,67.47,66.44,68.94,69.63,63.92,68.38,72.78,64.84,69.98,68.63,70.5,3.14,3.1339
1473,47.136,0.377094,-0.018745,1.120206,2,FOLLOWING,68.33,68.89,67.02,68.53,65.31,67.74,66.38,68.79,68.99,72.98,66.23,68.21,65.16,68.13,66.3,68.58,3.14,3.1339
1474,47.168,0.377991,-0.016891,1.120206,2,FOLLOWING,68.7,66.6,66.85,67.63,67.31,67.08,65.2,69.73,69.26,63.15,66.6,66.26,70.3,66.1,63.43,71.14,3.14,3.1339
1475,47.2,0.378888,-0.015036,1.120206,2,FOLLOWING,67.47,63.51,64.59,68.07,68.59,65.11,64.96,69.94,65.62,58.87,61.19,68.73,70.52,62.16,64.59,70.24,3.14,3.1339
1476,47.232,0.379785,-0.013182,1.120206,2,FOLLOWING,66.45,64.37,66.16,66.87,65.86,65.16,68.03,67.68,64.92,65.66,68.53,65.07,61.76,65.22,72.63,64.3,3.14,3.1338
1477,47.264,0.380682,-0.011328,1.120206,2,FOLLOWING,67.26,63.13,64.2,68.59,67.36,65.46,66.29,68.58,68.48,61.27,61.26,71.16,69.6,65.91,63.69,69.92,3.14,3.1338
1478,47.296,0.381579,-0.009474,1.120206,2,FOLLOWING,69.3,62.93,63.95,68.3,69.82,65.13,66.0,68.37,72.36,62.63,63.57,67.86,73.51,64.65,65.57,68.05,3.14,3.1338
1479,47.328,0.38245,-0.007678,1.117731,2,FOLLOWING,69.0,63.58,65.92,66.88,68.45,64.64,67.2,68.48,68.55,64.57,68.87,64.74,66.4,63.91,69.0,68.66,3.1318,3.14
1480,47.36,0.383352,-0.005826,1.117731,2,FOLLOWING,68.76,64.0,66.32,66.39,66.61,66.19,66.46,66.51,68.41,64.62,66.92,65.66,63.86,68.51,65.33,63.54,3.1318,3.14
1481,47.392,0.384254,-0.003974,1.117731,2,FOLLOWING,68.14,64.91,65.79,66.85,66.08,64.26,66.24,68.36,67.2,66.28,64.98,67.54,65.29,61.37,65.92,71.15,3.1318,3.14
1482,47.424,0.385155,-0.002122,1.117731,2,FOLLOWING,68.31,64.76,65.3,69.22,66.87,67.95,67.96,66.94,68.58,64.55,64.56,72.77,68.06,73.47,70.54,64.8,3.1318,3.14
1483,47.456,0.386057,-0.00027,1.117731,2,FOLLOWING,69.14,65.99,64.3,68.72,64.36,67.59,66.71,66.4,70.37,67.83,62.8,67.98,60.6,67.06,64.83,65.6,3.1317,3.14
1484,47.488,0.386959,0.001582,1.117731,2,FOLLOWING,68.63,66.0,66.09,70.09,64.83,65.93,66.31,67.27,67.88,66.0,68.79,72.13,65.53,63.43,65.71,68.58,3.1317,3.14
1485,47.52,0.38786,0.003434,1.117731,2,FOLLOWING,68.07,67.52,67.06,68.89,66.46,66.38,69.45,68.04,67.23,69.8,68.52,67.1,68.9,67.05,74.16,69.2,3.1317,3.14
1486,47.552,0.388762,0.005286,1.117731,2,FOLLOWING,68.3,66.76,66.07,67.29,65.85,68.1,68.73,67.05,68.64,65.63,64.57,64.88,64.95,70.68,67.65,65.57,3.1317,3.14
1487,47.584,0.389664,0.007138,1.117731,2,FOLLOWING,67.71,68.55,64.66,67.66,66.6,67.82,67.52,66.68,66.83,71.23,62.55,68.21,67.72,67.41,65.71,66.12,3.1317,3.14
1488,47.616,0.390565,0.00899,1.117731,2,FOLLOWING,68.74,67.57,64.4,66.5,66.69,67.08,68.07,68.27,70.27,66.1,64.0,64.77,66.82,65.97,68.91,70.65,3.1316,3.14
1489,47.648,0.391467,0.010842,1.117731,2,FOLLOWING,66.48,66.76,66.22,66.22,67.84,67.31,66.34,65.11,63.1,65.55,68.95,65.8,69.58,67.65,63.74,60.38,3.1316,3.14
1490,47.68,0.392368,0.012694,1.117731,2,FOLLOWING,67.61,65.14,66.93,68.03,69.11,65.81,66.15,67.4,69.3,62.71,68.01,70.74,71.02,63.56,65.86,70.82,3.1316,3.14
1491,47.712,0.39327,0.014546,1.117731,2,FOLLOWING,67.14,67.07,67.82,67.57,68.42,65.9,66.51,68.54,66.45,69.96,69.15,66.89,67.38,66.04,67.06,70.25,3.1316,3.14
1492,47.744,0.394141,0.016341,1.120206,2,FOLLOWING,68.62,67.19,66.94,67.51,66.7,67.71,65.41,67.92,70.84,67.39,65.63,67.43,64.12,70.43,63.76,67.0,3.14,3.1341
1493,47.776,0.395038,0.018195,1.120206,2,FOLLOWING,68.01,67.68,64.58,66.7,66.69,69.62,65.05,66.88,67.1,68.41,61.05,65.49,66.68,72.48,64.5,65.32,3.14,3.134
1494,47.808,0.395935,0.02005,1.120206,2,FOLLOWING,65.69,68.79,64.78,67.24,66.21,67.95,65.43,67.05,62.19,70.45,65.07,68.05,65.48,65.44,66.01,67.31,3.14,3.134
1495,47.84,0.396833,0.021904,1.120206,2,FOLLOWING,65.71,65.58,66.43,65.67,66.31,66.24,64.74,65.33,65.74,60.76,68.91,63.31,66.45,63.67,63.69,62.75,3.14,3.134
1496,47.872,0.39773,0.023758,1.120206,2,FOLLOWING,65.75,65.66,66.26,65.29,67.64,65.47,66.05,65.86,65.82,65.79,65.99,64.71,69.64,64.32,68.03,66.65,3.14,3.134
1497,47.904,0.398627,0.025612,1.120206,2,FOLLOWING,66.14,65.64,67.11,68.56,66.16,64.86,66.83,65.53,66.72,65.6,68.39,73.47,63.94,63.95,67.99,65.03,3.14,3.134
1498,47.936,0.399524,0.027467,1.120206,2,FOLLOWING,65.9,63.77,67.99,69.01,65.1,66.21,68.47,63.59,65.55,60.97,69.3,69.68,63.5,68.23,70.93,60.67,3.14,3.134
1499,47.968,0.400421,0.029321,1.120206,2,FOLLOWING,66.11,65.0,66.87,69.74,66.72,67.07,66.56,65.54,66.42,66.84,65.19,70.83,69.15,68.36,63.7,68.46,3.14,3.134
1500,48.0,0.401318,0.031175,1.120206,2,FOLLOWING,65.33,65.83,66.98,66.86,66.72,66.1,67.98,67.07,64.15,67.07,67.14,62.54,66.72,64.64,70.1,69.36,3.14,3.1339
1501,48.032,0.402215,0.033029,1.120206,2,FOLLOWING,68.22,64.21,67.8,64.43,67.06,64.58,67.15,68.31,72.57,61.79,69.04,60.79,67.59,62.31,65.89,70.19,3.14,3.1339
1502,48.064,0.403112,0.034884,1.120206,2,FOLLOWING,65.93,67.7,70.48,64.75,65.95,65.88,67.17,65.54,62.49,72.93,74.51,65.23,64.28,67.83,67.2,61.39,3.14,3.1339
1503,48.096,0.404009,0.036738,1.120206,2,FOLLOWING,67.34,70.19,69.61,66.64,67.49,66.44,68.57,65.84,69.47,73.92,68.29,69.48,69.8,67.27,70.67,66.29,3.14,3.1339
1504,48.128,0.404906,0.038592,1.120206,2,FOLLOWING,66.26,70.62,71.43,65.85,66.93,65.04,70.51,66.23,64.63,71.28,74.16,64.65,66.1,62.94,73.43,66.81,3.14,3.1339
1505,48.16,0.405803,0.040446,1.120206,2,FOLLOWING,67.08,70.61,68.18,64.64,70.31,67.79,69.05,67.39,68.31,70.6,63.32,62.84,75.38,71.9,66.86,69.14,3.14,3.1339
1506,48.192,0.4067,0.042301,1.120206,2,FOLLOWING,66.41,67.23,69.23,67.55,69.19,68.05,66.64,68.09,65.4,62.17,70.8,71.92,67.51,68.44,63.03,69.13,3.14,3.1338
1507,48.224,0.407597,0.044155,1.120206,2,FOLLOWING,66.4,68.93,68.73,67.38,67.79,70.24,64.07,66.24,66.38,71.47,67.99,67.13,65.68,73.54,60.22,63.48,3.14,3.1338
1508,48.256,0.408494,0.046009,1.120206,2,FOLLOWING,65.36,68.55,67.78,66.46,65.39,68.73,64.57,65.34,63.8,67.98,66.34,65.07,61.8,66.47,65.32,63.98,3.14,3.1338
1509,48.288,0.409391,0.047863,1.120206,2,FOLLOWING,66.56,68.78,67.22,65.86,67.05,69.1,68.0,67.43,68.35,69.13,66.38,64.96,69.52,69.65,73.14,70.57,3.14,3.1338
1510,48.32,0.410288,0.049718,1.120206,2,FOLLOWING,65.66,68.37,68.72,65.95,66.35,65.24,67.03,68.06,64.31,67.76,70.98,66.08,65.31,59.45,65.57,69.0,3.14,3.1338
1511,48.352,0.41116,0.051513,1.117731,2,FOLLOWING,67.54,67.64,68.29,67.39,66.13,67.12,67.93,66.78,70.37,66.53,67.64,69.56,65.79,69.94,69.28,64.86,3.1319,3.14
1512,48.384,0.412061,0.053365,1.117731,2,FOLLOWING,67.99,64.69,65.9,64.7,66.58,67.64,66.16,67.5,68.65,60.27,62.33,60.66,67.25,68.42,63.51,68.59,3.1318,3.14
1513,48.416,0.412963,0.055217,1.117731,2,FOLLOWING,66.2,66.39,67.4,65.66,66.12,66.39,67.37,68.34,63.52,68.95,69.65,67.11,65.44,64.52,69.18,69.59,3.1318,3.14
1514,48.448,0.413865,0.057069,1.117731,2,FOLLOWING,66.48,67.03,69.77,65.98,65.89,66.66,64.96,64.86,66.9,67.99,73.31,66.46,65.55,67.05,61.35,59.65,3.1318,3.14
1515,48.48,0.414766,0.058921,1.117731,2,FOLLOWING,66.62,66.97,66.61,66.78,65.62,64.61,69.41,65.41,66.85,66.89,61.89,67.97,65.21,61.54,76.08,66.23,3.1318,3.14
1516,48.512,0.415668,0.060773,1.117731,2,FOLLOWING,68.02,65.5,67.89,65.45,64.19,64.22,67.65,66.12,70.1,63.29,69.8,63.47,62.04,63.63,65.02,67.2,3.1317,3.14
1517,48.544,0.416569,0.062625,1.117731,2,FOLLOWING,69.69,66.25,67.44,68.17,65.98,66.45,66.89,68.05,72.21,67.38,66.76,72.25,68.68,69.8,65.74,70.94,3.1317,3.14
1518,48.576,0.417471,0.064477,1.117731,2,FOLLOWING,70.43,66.89,65.78,67.24,67.72,65.98,66.87,66.0,71.54,67.84,63.29,65.85,70.33,65.27,66.83,62.91,3.1317,3.14
1519,48.608,0.418373,0.066329,1.117731,2,FOLLOWING,70.86,66.2,65.11,66.74,68.87,66.5,70.1,66.22,71.51,65.18,64.12,65.99,70.58,67.28,74.96,66.54,3.1317,3.14
1520,48.64,0.419274,0.068181,1.117731,2,FOLLOWING,68.29,64.98,66.28,66.48,67.7,68.63,68.44,64.13,64.44,63.14,68.03,66.1,65.94,71.83,65.94,60.99,3.1317,3.14
1521,48.672,0.420176,0.070033,1.117731,2,FOLLOWING,65.64,67.41,65.45,68.48,67.47,69.89,69.4,67.27,61.67,71.05,64.21,71.48,67.13,71.78,70.85,71.98,3.1316,3.14
1522,48.704,0.421078,0.071885,1.117731,2,FOLLOWING,66.63,68.02,65.27,68.4,68.6,68.82,68.74,65.77,68.1,68.93,65.0,68.28,70.28,67.22,67.75,63.52,3.1316,3.14
1523,48.736,0.421979,0.073737,1.117731,2,FOLLOWING,67.51,65.98,65.48,69.33,67.33,69.06,70.21,65.69,68.84,62.93,65.8,70.73,65.44,69.4,72.41,65.57,3.1316,3.14
1524,48.768,0.422881,0.075589,1.117731,2,FOLLOWING,68.66,67.84,66.6,66.08,69.47,67.74,69.72,64.67,70.37,70.61,68.27,61.2,72.67,65.77,68.97,63.15,3.1316,3.14
1525,48.8,0.423752,0.077384,1.120206,2,FOLLOWING,67.77,64.99,66.42,65.95,68.44,68.2,70.0,64.9,66.44,60.73,66.16,65.76,66.9,68.9,70.42,65.25,3.14,3.1341
1526,48.832,0.424649,0.079239,1.120206,2,FOLLOWING,66.69,64.02,67.77,67.72,66.84,67.49,70.26,65.95,65.07,62.55,69.8,70.38,64.45,66.41,70.67,67.53,3.14,3.1341
1527,48.864,0.425546,0.081093,1.120206,2,FOLLOWING,65.84,67.34,68.91,66.01,67.6,67.38,69.34,65.76,64.58,72.32,70.62,63.45,68.73,67.21,67.95,65.48,3.14,3.134
1528,48.896,0.426443,0.082947,1.120206,2,FOLLOWING,66.01,67.26,66.51,65.67,68.73,66.25,66.47,66.72,66.26,67.14,62.92,65.16,70.43,64.57,62.18,68.15,3.14,3.134
1529,48.928,0.42734,0.084801,1.120206,2,FOLLOWING,67.52,67.93,67.94,69.46,67.19,65.23,65.76,66.88,69.79,68.93,70.07,75.13,64.89,63.69,64.69,67.13,3.14,3.134
1530,48.96,0.428237,0.086656,1.120206,2,FOLLOWING,70.12,68.68,67.22,69.65,66.37,66.29,65.87,66.12,74.03,69.8,66.15,69.95,65.13,67.89,66.03,64.99,3.14,3.134
1531,48.992,0.429134,0.08851,1.120206,2,FOLLOWING,69.6,69.07,68.77,68.42,69.54,66.43,68.41,65.34,68.83,69.66,71.08,66.58,74.29,66.64,72.23,64.17,3.14,3.134
1532,49.024,0.430032,0.090364,1.120206,2,FOLLOWING,68.27,67.86,68.01,69.99,67.17,65.4,68.48,64.81,66.26,66.04,66.87,72.35,63.62,63.86,68.58,64.0,3.14,3.134
1533,49.056,0.430929,0.092218,1.120206,2,FOLLOWING,67.97,69.33,67.04,68.09,68.15,66.87,69.43,64.96,67.52,71.55,65.58,65.24,69.63,69.06,70.84,65.19,3.14,3.1339
1534,49.088,0.431826,0.094073,1.120206,2,FOLLOWING,67.75,68.34,68.22,65.96,68.54,68.38,67.61,62.91,67.42,66.86,69.99,62.76,69.12,70.65,64.89,59.83,3.14,3.1339
1535,49.12,0.432723,0.095927,1.120206,2,FOLLOWING,67.02,69.11,68.12,68.12,68.33,68.0,65.54,63.98,65.92,70.26,67.97,71.36,68.01,67.43,62.43,65.59,3.14,3.1339
1536,49.152,0.43362,0.097781,1.120206,2,FOLLOWING,67.35,69.07,67.43,66.74,67.51,68.65,67.17,67.46,67.85,69.0,66.4,64.68,66.29,69.62,69.61,72.68,3.14,3.1339
1537,49.184,0.434517,0.099635,1.120206,2,FOLLOWING,67.01,70.21,69.06,69.03,67.44,68.54,69.6,67.36,66.51,71.94,71.5,72.46,67.33,68.37,73.24,67.22,3.14,3.1339
1538,49.216,0.435414,0.10149,1.120206,2,FOLLOWING,66.96,68.38,66.44,67.8,66.86,66.8,70.79,68.16,66.87,65.62,62.52,65.95,65.98,64.19,72.57,69.35,3.14,3.1339
1539,49.248,0.436311,0.103344,1.120206,2,FOLLOWING,66.17,69.06,65.57,68.42,66.07,66.44,67.34,68.66,64.98,70.08,64.27,69.35,64.89,65.91,62.18,69.41,3.14,3.1338
1540,49.28,0.437208,0.105198,1.120206,2,FOLLOWING,66.16,68.87,65.43,67.85,65.16,65.46,66.93,67.07,66.14,68.6,65.21,67.0,63.8,63.98,66.32,64.68,3.14,3.1338
1541,49.312,0.438105,0.107052,1.120206,2,FOLLOWING,69.69,66.51,64.63,68.31,65.39,66.38,66.87,68.15,74.98,62.95,63.43,69.01,65.73,67.76,66.79,69.77,3.14,3.1338
1542,49.344,0.439002,0.108907,1.120206,2,FOLLOWING,69.45,67.58,65.5,68.05,67.02,65.56,66.64,65.57,69.1,69.2,66.79,67.65,69.48,64.34,66.29,61.69,3.14,3.1338
1543,49.376,0.439873,0.110702,1.117731,2,FOLLOWING,67.21,67.89,67.45,69.2,69.93,63.6,65.97,65.12,63.83,68.35,70.37,70.92,74.29,60.67,64.96,64.46,3.1318,3.14
1544,49.408,0.440775,0.112554,1.117731,2,FOLLOWING,68.02,66.89,66.92,68.69,68.94,64.9,66.89,66.49,69.25,65.39,66.12,67.94,67.45,66.85,68.26,68.54,3.1318,3.14
1545,49.44,0.441677,0.114406,1.117731,2,FOLLOWING,68.45,67.55,65.99,68.04,67.69,64.14,67.93,68.34,69.09,68.54,64.6,67.06,65.81,63.0,69.49,71.12,3.1318,3.14
1546,49.472,0.442578,0.116258,1.117731,2,FOLLOWING,69.26,67.64,66.52,70.38,69.18,64.05,66.67,65.23,70.48,67.77,67.3,73.89,71.43,63.91,64.77,60.57,3.1318,3.14
1547,49.504,0.44348,0.11811,1.117731,2,FOLLOWING,68.19,69.91,67.49,67.76,68.07,64.91,66.54,68.44,66.58,73.31,68.96,63.82,66.4,66.21,66.35,73.26,3.1317,3.14
1548,49.536,0.444382,0.119962,1.117731,2,FOLLOWING,67.88,67.78,67.08,66.96,67.72,66.2,67.08,66.57,67.42,64.59,66.46,65.77,67.19,68.14,67.89,63.75,3.1317,3.14
1549,49.568,0.445283,0.121814,1.117731,2,FOLLOWING,64.69,66.09,68.91,65.7,67.75,64.94,67.42,66.77,59.91,63.54,71.66,63.8,67.81,63.04,67.93,67.07,3.1317,3.14
1550,49.6,0.446185,0.123666,1.117731,2,FOLLOWING,63.61,69.04,69.63,69.21,67.13,65.13,66.58,66.47,61.99,73.48,70.71,74.48,66.18,65.43,65.32,66.03,3.1317,3.14
1551,49.632,0.447086,0.125518,1.117731,2,FOLLOWING,64.52,68.72,72.37,66.82,66.66,65.65,66.44,67.91,65.89,68.23,76.47,63.23,65.97,66.42,66.23,70.07,3.1317,3.14
1552,49.664,0.447988,0.12737,1.117731,2,FOLLOWING,66.28,66.93,71.61,65.61,67.45,67.43,67.11,67.81,68.93,64.25,70.47,63.81,68.63,70.1,68.12,67.65,3.1316,3.14
1553,49.696,0.44889,0.129222,1.117731,2,FOLLOWING,67.33,66.12,69.24,66.21,66.29,68.23,66.58,66.94,68.9,64.91,65.69,67.11,64.56,69.44,65.77,65.65,3.1316,3.14
1554,49.728,0.449791,0.131074,1.117731,2,FOLLOWING,68.92,66.79,67.93,66.82,67.46,67.96,66.97,65.92,71.31,67.79,65.96,67.72,69.2,67.55,67.56,64.38,3.1316,3.14
1555,49.76,0.450693,0.132926,1.117731,2,FOLLOWING,67.91,66.59,66.47,64.97,69.98,68.58,68.28,66.3,66.39,66.29,64.28,62.19,73.77,69.52,70.25,66.86,3.1316,3.14
1556,49.792,0.451564,0.134721,1.120206,2,FOLLOWING,68.64,68.91,65.73,67.62,66.91,69.28,65.46,63.55,69.73,72.39,64.61,71.6,62.31,70.33,61.23,59.43,3.14,3.1341
1557,49.824,0.452461,0.136576,1.120206,2,FOLLOWING,68.92,67.14,65.49,67.47,67.22,66.0,66.35,64.95,69.36,64.48,65.12,67.24,67.67,61.08,67.7,67.05,3.14,3.1341
1558,49.856,0.453358,0.13843,1.120206,2,FOLLOWING,66.6,65.83,68.81,67.98,64.04,66.16,67.66,65.49,63.11,63.87,73.79,68.74,59.26,66.39,69.63,66.29,3.14,3.134
1559,49.888,0.454255,0.140284,1.120206,2,FOLLOWING,65.22,65.05,68.32,65.51,67.83,66.93,68.42,65.61,63.16,63.87,67.58,61.8,73.51,68.1,69.55,65.81,3.14,3.134
1560,49.92,0.455152,0.142138,1.120206,2,FOLLOWING,65.26,67.73,67.19,65.96,68.61,67.42,70.25,67.61,65.31,71.74,65.5,66.63,69.78,68.15,73.0,70.6,3.14,3.134
1561,49.952,0.45605,0.143993,1.120206,2,FOLLOWING,67.64,68.25,67.91,68.71,67.99,67.38,69.97,66.56,71.23,69.03,68.99,72.84,67.06,67.32,69.54,64.99,3.14,3.134
1562,49.984,0.456947,0.145847,1.120206,2,FOLLOWING,67.39,67.26,68.5,68.39,67.47,69.57,69.51,66.44,67.01,65.78,69.37,67.92,66.7,72.85,68.82,66.27,3.14,3.134
1563,50.016,0.457844,0.147701,1.120206,2,FOLLOWING,67.47,66.29,69.11,69.44,67.32,70.1,66.94,67.19,67.59,64.83,70.04,71.0,67.08,70.9,63.09,68.3,3.14,3.134
1564,50.048,0.458741,0.149555,1.120206,2,FOLLOWING,67.98,67.94,67.27,69.7,68.34,68.8,66.97,66.55,68.74,70.41,64.5,70.08,69.87,66.85,67.02,65.6,3.14,3.1339
1565,50.08,0.459638,0.15141,1.120206,2,FOLLOWING,67.39,67.75,66.38,68.94,68.22,69.98,67.44,67.61,66.51,67.47,65.06,67.79,68.04,71.75,68.13,69.19,3.14,3.1339
1566,50.112,0.460535,0.153264,1.120206,2,FOLLOWING,67.56,66.98,65.93,69.22,68.46,67.56,65.14,67.28,67.81,65.83,65.25,69.64,68.82,63.92,61.7,66.79,3.14,3.1339
1567,50.144,0.461432,0.155118,1.120206,2,FOLLOWING,68.23,67.3,66.64,69.47,69.32,68.51,65.11,69.16,69.23,67.78,67.71,69.85,70.62,69.93,65.06,71.99,3.14,3.1339
1568,50.176,0.462329,0.156972,1.120206,2,FOLLOWING,68.93,67.73,66.53,66.06,69.4,70.23,65.57,68.15,69.98,68.36,66.35,60.94,69.51,72.81,66.25,66.63,3.14,3.1339
1569,50.208,0.463226,0.158827,1.120206,2,FOLLOWING,68.19,66.26,66.36,66.78,65.88,69.04,64.02,67.65,67.08,64.07,66.1,67.85,60.6,67.25,61.69,66.89,3.14,3.1338
1570,50.24,0.464123,0.160681,1.120206,2,FOLLOWING,71.05,67.36,69.28,66.93,65.66,69.7,64.58,67.18,75.34,68.99,73.67,67.16,65.33,70.7,65.44,66.48,3.14,3.1338
1571,50.272,0.46502,0.162535,1.120206,2,FOLLOWING,68.65,68.13,68.26,66.93,67.94,71.71,64.85,67.16,65.05,69.3,66.74,66.93,71.38,74.72,65.24,67.12,3.14,3.1338
1572,50.304,0.465917,0.164389,1.120206,2,FOLLOWING,64.34,64.52,69.37,68.69,68.46,68.61,63.12,68.0,57.86,59.1,71.04,71.32,69.23,63.95,60.54,69.26,3.14,3.1338
1573,50.336,0.466814,0.166244,1.120206,2,FOLLOWING,64.41,67.67,67.68,69.0,67.55,67.5,64.07,70.49,64.53,72.4,65.15,69.46,66.18,65.83,65.49,74.24,3.14,3.1338
1574,50.368,0.467711,0.168098,1.120206,2,FOLLOWING,67.27,66.53,66.08,69.82,67.7,67.84,66.15,69.62,71.56,64.83,63.68,71.06,67.92,68.35,69.27,68.31,3.14,3.1337
1575,50.4,0.468582,0.169893,1.117731,2,FOLLOWING,65.75,67.02,65.98,71.57,68.75,66.98,66.32,69.36,63.46,67.76,65.84,74.19,70.33,65.69,66.58,68.97,3.1319,3.14
1576,50.432,0.469484,0.171745,1.117731,2,FOLLOWING,67.57,68.12,66.34,70.63,68.16,66.52,67.75,68.47,70.31,69.76,66.86,69.22,67.27,65.84,69.9,67.13,3.1319,3.14
1577,50.464,0.470386,0.173597,1.117731,2,FOLLOWING,64.97,70.69,68.89,67.89,66.39,66.34,68.48,68.65,61.07,74.54,72.73,63.78,63.75,66.07,69.56,68.92,3.1318,3.14
1578,50.496,0.471287,0.175449,1.117731,2,FOLLOWING,64.61,67.72,67.99,67.21,68.05,66.1,69.61,69.39,64.08,63.27,66.63,66.19,70.52,65.73,71.3,70.51,3.1318,3.14
1579,50.528,0.472189,0.177301,1.117731,2,FOLLOWING,65.17,68.15,68.2,67.57,70.17,66.2,67.5,67.34,66.0,68.79,68.52,68.11,73.36,66.34,64.34,64.27,3.1318,3.14
1580,50.56,0.473091,0.179153,1.117731,2,FOLLOWING,64.57,67.31,67.93,67.62,70.55,65.49,70.65,67.85,63.67,66.06,67.53,67.69,71.12,64.44,75.37,68.61,3.1318,3.14
1581,50.592,0.473992,0.181005,1.117731,2,FOLLOWING,65.54,66.86,67.57,66.85,68.38,67.57,69.3,68.42,66.99,66.17,67.03,65.69,65.14,70.69,67.28,69.28,3.1317,3.14
1582,50.624,0.474894,0.182857,1.117731,2,FOLLOWING,65.52,67.89,68.66,64.43,67.75,67.27,66.81,68.87,65.49,69.44,70.29,60.79,66.79,66.82,63.08,69.55,3.1317,3.14
1583,50.656,0.475796,0.184709,1.117731,2,FOLLOWING,67.79,67.67,66.65,65.11,67.56,70.24,66.34,66.88,71.2,67.34,63.64,66.12,67.27,74.7,65.63,63.88,3.1317,3.14
1584,50.688,0.476697,0.186561,1.117731,2,FOLLOWING,68.51,68.09,68.41,66.64,66.56,70.72,67.61,66.85,69.6,68.72,71.05,68.93,65.06,71.43,69.51,66.81,3.1316,3.14
1585,50.72,0.477599,0.188413,1.117731,2,FOLLOWING,67.59,66.38,65.62,66.14,66.48,66.37,68.66,67.61,66.2,63.82,61.42,65.41,66.35,59.84,70.23,68.75,3.1316,3.14
1586,50.752,0.478501,0.190265,1.117731,2,FOLLOWING,68.06,65.0,65.7,66.54,68.25,66.04,66.8,68.36,68.77,62.93,65.84,67.12,70.91,65.55,64.01,69.48,3.1316,3.14
1587,50.784,0.479402,0.192117,1.117731,2,FOLLOWING,68.3,63.47,67.29,68.42,68.22,64.94,66.6,69.08,68.67,61.16,69.68,71.25,68.18,63.29,66.3,70.17,3.1316,3.14
1588,50.816,0.480304,0.193969,1.117731,2,FOLLOWING,64.65,67.32,67.82,68.39,68.55,67.47,64.59,70.71,59.17,73.11,68.62,68.34,69.05,71.26,61.57,73.15,3.1315,3.14
1589,50.848,0.481175,0.195764,1.120206,2,FOLLOWING,66.26,69.38,66.05,68.02,68.48,67.97,67.78,69.81,68.67,72.46,63.38,67.47,68.38,68.71,72.57,68.47,3.14,3.1341
1590,50.88,0.482072,0.197619,1.120206,2,FOLLOWING,63.62,66.71,65.58,67.69,67.25,66.26,67.6,70.76,59.67,62.7,64.87,67.2,65.4,63.7,67.32,72.19,3.14,3.1341
1591,50.912,0.482969,0.199473,1.120206,2,FOLLOWING,65.39,67.18,66.68,63.83,67.76,67.02,68.39,67.43,68.05,67.88,68.34,58.03,68.53,68.17,69.57,62.44,3.14,3.1341
1592,50.944,0.483866,0.201327,1.120206,2,FOLLOWING,64.53,66.33,67.27,63.1,67.25,66.94,66.45,69.28,63.24,65.05,68.16,62.01,66.48,66.81,63.54,72.05,3.14,3.134
1593,50.976,0.484763,0.203181,1.120206,2,FOLLOWING,64.94,65.42,68.19,64.53,68.09,68.23,68.4,68.62,65.56,64.05,69.57,66.68,69.36,70.16,71.33,67.62,3.14,3.134
1594,51.008,0.48566,0.205036,1.120206,2,FOLLOWING,63.99,68.36,67.98,65.28,67.83,68.77,68.98,66.95,62.56,72.77,67.66,66.4,67.43,69.6,69.86,64.44,3.14,3.134
1595,51.04,0.486557,0.20689,1.120206,2,FOLLOWING,64.47,68.53,68.25,64.36,66.66,67.73,66.7,66.26,65.2,68.79,68.65,62.98,64.91,66.16,63.29,65.22,3.14,3.134
1596,51.072,0.487454,0.208744,1.120206,2,FOLLOWING,66.44,67.75,68.62,67.54,67.24,66.84,66.74,67.08,69.38,66.58,69.18,72.3,68.1,65.51,66.81,68.31,3.14,3.134
1597,51.104,0.488351,0.210598,1.120206,2,FOLLOWING,67.3,67.73,67.01,69.39,67.62,65.93,69.37,65.74,68.6,67.7,64.59,72.16,68.19,64.57,73.31,63.74,3.14,3.1339
1598,51.136,0.489249,0.212453,1.120206,2,FOLLOWING,68.13,69.2,65.68,67.32,67.52,68.04,69.28,65.97,69.38,71.4,63.68,64.22,67.37,71.2,69.14,66.31,3.14,3.1339
1599,51.168,0.490146,0.214307,1.120206,2,FOLLOWING,66.15,70.81,64.54,65.29,67.75,67.61,71.19,66.72,63.18,73.22,62.85,62.25,68.1,66.96,74.05,67.83,3.14,3.1339
1600,51.2,0.491043,0.216161,1.120206,2,FOLLOWING,67.65,67.76,67.8,66.37,67.83,68.5,68.01,66.79,69.9,63.18,72.67,67.98,67.94,69.84,63.25,66.9,3.14,3.1339
1601,51.232,0.49194,0.218015,1.120206,2,FOLLOWING,67.89,66.25,67.73,65.94,65.61,66.9,68.81,69.17,68.25,63.99,67.62,65.31,62.29,64.51,70.02,72.73,3.14,3.1339
1602,51.264,0.492837,0.21987,1.120206,2,FOLLOWING,69.67,65.87,64.69,66.0,65.52,67.84,68.83,67.75,72.35,65.31,60.13,66.08,65.38,69.26,68.85,65.63,3.14,3.1338
1603,51.296,0.493734,0.221724,1.120206,2,FOLLOWING,69.01,64.76,65.12,68.38,67.1,67.97,66.76,68.05,68.01,63.1,65.76,71.95,69.46,68.16,63.66,68.49,3.14,3.1338
1604,51.328,0.494631,0.223578,1.120206,2,FOLLOWING,66.19,64.82,65.88,67.87,67.3,68.85,69.03,67.08,61.95,64.91,67.02,67.11,67.61,70.16,72.43,65.62,3.14,3.1338
1605,51.36,0.495528,0.225432,1.120206,2,FOLLOWING,66.3,66.71,68.63,67.61,66.82,68.81,67.59,65.38,66.47,69.54,72.77,67.22,66.1,68.74,65.43,62.83,3.14,3.1338
1606,51.392,0.496425,0.227287,1.120206,2,FOLLOWING,67.54,68.34,66.34,68.05,67.82,65.09,69.49,65.29,69.41,70.78,62.89,68.7,69.31,59.51,72.34,65.16,3.14,3.1337
1607,51.424,0.497296,0.229082,1.117731,2,FOLLOWING,65.31,68.69,65.55,66.1,67.81,67.17,70.31,63.37,61.97,69.22,64.38,63.18,67.81,70.3,71.54,60.49,3.1319,3.14
1608,51.456,0.498198,0.230934,1.117731,2,FOLLOWING,67.04,68.55,67.36,66.03,66.58,65.7,66.52,68.6,69.63,68.34,70.07,65.92,64.73,63.5,60.83,76.45,3.1319,3.14
1609,51.488,0.499099,0.232786,1.117731,2,FOLLOWING,66.15,66.4,64.75,69.33,67.32,68.4,66.55,69.27,64.82,63.18,60.83,74.28,68.43,72.44,66.6,70.28,3.1318,3.14
1610,51.52,0.500001,0.234638,1.117731,2,FOLLOWING,66.68,67.67,66.37,69.01,64.84,66.37,67.12,66.67,67.46,69.58,68.81,68.54,61.13,63.34,67.97,62.76,3.1318,3.14
1611,51.552,0.500903,0.23649,1.117731,2,FOLLOWING,64.72,67.45,66.81,70.02,67.91,64.03,65.78,67.82,61.78,67.12,67.47,71.54,72.51,60.51,63.76,69.55,3.1318,3.14
1612,51.584,0.501804,0.238342,1.117731,2,FOLLOWING,65.83,68.3,69.58,68.3,69.63,65.37,68.39,67.79,67.51,69.58,73.73,65.72,72.22,67.37,72.31,67.74,3.1317,3.14
1613,51.616,0.502706,0.240194,1.117731,2,FOLLOWING,64.99,68.14,65.85,66.64,67.42,64.98,68.51,67.63,63.71,67.89,60.27,64.16,64.1,64.4,68.68,67.4,3.1317,3.14
1614,51.648,0.503608,0.242046,1.117731,2,FOLLOWING,65.78,67.89,64.82,66.49,67.62,65.2,68.19,68.6,66.96,67.53,63.27,66.25,67.92,65.53,67.73,70.04,3.1317,3.14
1615,51.68,0.504509,0.243898,1.117731,2,FOLLOWING,67.13,65.94,65.94,64.46,65.92,64.54,68.93,69.69,69.16,63.0,67.61,61.42,63.36,63.55,70.04,71.33,3.1316,3.14
1616,51.712,0.505411,0.24575,1.117731,2,FOLLOWING,71.02,67.37,67.98,64.46,65.99,66.1,67.14,67.59,76.86,69.51,71.04,64.45,66.1,68.43,64.46,64.45,3.1316,3.14
1617,51.744,0.506313,0.247602,1.117731,2,FOLLOWING,72.46,69.71,67.23,65.4,67.68,66.45,65.32,69.3,74.63,73.22,66.12,66.81,70.22,66.97,62.58,71.85,3.1316,3.14
1618,51.776,0.507214,0.249454,1.117731,2,FOLLOWING,70.0,68.53,67.28,65.3,67.48,68.04,67.68,70.13,66.29,66.76,67.36,65.14,67.17,70.42,71.22,71.37,3.1315,3.14
1619,51.808,0.508116,0.251306,1.117731,2,FOLLOWING,68.75,69.4,67.36,65.15,68.38,67.48,66.26,68.87,66.89,70.7,67.47,64.92,69.75,66.66,64.12,66.98,3.1315,3.14
1620,51.84,0.508987,0.253101,1.120206,2,FOLLOWING,69.77,66.36,69.56,67.09,65.37,68.81,66.64,68.07,71.3,61.81,72.87,70.01,60.85,70.8,67.21,66.88,3.14,3.1341
1621,51.872,0.509884,0.254956,1.120206,2,FOLLOWING,68.09,65.81,68.36,69.28,65.31,68.62,67.99,68.7,65.58,64.98,66.57,72.55,65.23,68.33,70.03,69.65,3.14,3.1341
1622,51.904,0.510781,0.25681,1.120206,2,FOLLOWING,67.76,64.77,68.57,67.66,67.1,67.25,66.89,68.13,67.26,63.22,68.87,65.24,69.79,65.2,65.24,67.27,3.14,3.1341
1623,51.936,0.511678,0.258664,1.120206,2,FOLLOWING,64.99,62.51,67.87,68.59,68.63,66.3,66.05,68.29,60.84,59.12,66.83,69.99,70.92,64.87,64.78,68.52,3.14,3.1341
1624,51.968,0.512575,0.260518,1.120206,2,FOLLOWING,64.62,66.21,68.19,68.17,67.76,68.79,65.71,66.84,64.07,71.77,68.67,67.54,66.45,72.53,65.21,64.66,3.14,3.134
1625,52.0,0.513472,0.262373,1.120206,2,FOLLOWING,64.25,65.76,70.94,65.52,66.98,68.97,65.23,65.54,63.69,65.08,75.07,61.53,65.81,69.23,64.5,63.58,3.14,3.134
1626,52.032,0.514369,0.264227,1.120206,2,FOLLOWING,65.65,68.13,69.42,66.53,67.77,68.58,67.98,67.12,67.75,71.67,67.14,68.06,68.97,68.01,72.11,69.5,3.14,3.134
1627,52.064,0.515267,0.266081,1.120206,2,FOLLOWING,66.29,65.92,67.71,65.8,68.43,66.11,68.3,66.98,67.25,62.62,65.13,64.7,69.41,62.4,68.78,66.77,3.14,3.134
1628,52.096,0.516164,0.267935,1.120206,2,FOLLOWING,67.43,64.99,68.0,67.11,69.19,65.15,69.07,67.14,69.13,63.58,68.45,69.08,70.33,63.71,70.22,67.39,3.14,3.1339
1629,52.128,0.517061,0.26979,1.120206,2,FOLLOWING,69.88,64.99,66.08,68.28,69.25,66.84,66.02,66.51,73.56,64.99,63.2,70.03,69.35,69.36,61.45,65.55,3.14,3.1339
1630,52.16,0.517958,0.271644,1.120206,2,FOLLOWING,70.46,64.51,68.17,68.58,67.98,65.61,65.62,66.02,71.34,63.79,71.3,69.02,66.08,63.77,65.02,65.28,3.14,3.1339
1631,52.192,0.518855,0.273498,1.120206,2,FOLLOWING,67.47,66.38,69.14,68.31,68.86,66.42,68.09,65.45,62.98,69.2,70.61,67.92,70.16,67.65,71.81,64.61,3.14,3.1339
1632,52.224,0.519752,0.275352,1.120206,2,FOLLOWING,67.58,66.38,68.39,68.09,70.8,66.25,66.21,66.86,67.75,66.38,67.27,67.77,73.72,65.98,63.38,68.96,3.14,3.1338
1633,52.256,0.520649,0.277207,1.120206,2,FOLLOWING,68.97,65.68,66.44,67.55,70.55,64.85,66.54,67.2,71.06,64.63,63.5,66.74,70.17,62.75,67.03,67.71,3.14,3.1338
1634,52.288,0.521546,0.279061,1.120206,2,FOLLOWING,66.1,66.62,68.77,71.74,71.28,67.52,67.89,73.15,61.8,68.03,72.26,78.03,72.37,71.54,69.93,82.07,3.14,3.1338
1635,52.32,0.522443,0.280915,1.120206,2,FOLLOWING,66.31,65.56,70.22,70.0,68.18,65.78,67.61,80.8,66.62,63.96,72.4,67.4,63.53,63.17,67.18,92.27,3.14,3.1338
1636,52.352,0.52334,0.282769,1.120206,2,FOLLOWING,66.03,65.03,68.38,68.17,68.54,66.55,65.73,87.49,65.62,64.25,65.62,65.43,69.09,67.69,62.9,97.53,3.14,3.1337
1637,52.384,0.524237,0.284624,1.120206,2,FOLLOWING,66.02,67.03,69.3,69.02,68.15,67.35,68.04,91.72,66.01,70.02,70.67,70.28,67.55,68.56,71.52,98.08,3.14,3.1337
1638,52.416,0.525134,0.286478,1.120206,2,FOLLOWING,65.07,67.96,68.78,67.29,67.27,68.66,71.84,98.76,63.64,69.37,68.01,64.7,65.95,70.61,77.52,109.32,3.14,3.1337
1639,52.448,0.526005,0.288273,1.117731,2,AVOID_RIGHT,68.13,67.17,67.75,65.26,69.76,66.23,79.76,101.63,72.71,65.97,66.19,62.22,73.49,62.59,91.65,105.93,0.8,0.15
1640,52.48,0.526147,0.288562,1.110303,2,AVOID_RIGHT,65.13,67.2,66.27,64.68,68.34,66.03,87.68,107.95,60.65,67.25,64.06,63.82,66.22,65.72,99.55,117.42,0.8,0.15
1641,52.512,0.526291,0.28885,1.102876,2,AVOID_RIGHT,66.46,69.14,67.78,66.92,66.78,67.34,91.84,111.94,68.44,72.04,70.04,70.28,64.45,69.32,98.08,117.93,0.8,0.15
1642,52.544,0.526438,0.289136,1.095449,2,AVOID_RIGHT,66.18,66.71,69.17,66.27,66.96,68.43,94.69,113.36,65.77,63.08,71.26,65.3,67.23,70.07,98.96,115.49,0.8,0.15
1643,52.576,0.526616,0.289479,1.085546,2,AVOID_RIGHT,65.05,64.26,70.2,66.11,68.6,67.42,96.22,113.92,63.36,60.59,71.73,65.88,71.05,65.9,98.52,114.74,0.8,0.15
1644,52.608,0.526737,0.289706,1.075642,2,AVOID_RIGHT,66.45,64.96,66.5,66.03,69.21,68.06,98.4,115.88,68.56,66.01,60.95,65.9,70.14,69.02,101.66,118.83,0.8,0.15
1645,52.64,0.526891,0.289989,1.068215,2,AVOID_RIGHT,66.64,65.05,66.62,65.61,68.95,67.5,103.38,116.34,66.91,65.19,66.79,64.99,68.55,66.66,110.86,117.04,0.8,0.15
1646,52.672,0.527047,0.29027,1.060788,2,AVOID_RIGHT,66.74,66.87,66.81,65.12,66.89,67.63,106.58,118.35,66.9,69.6,67.1,64.38,63.81,67.83,111.38,121.35,0.8,0.15
1647,52.704,0.527206,0.290551,1.053361,2,AVOID_RIGHT,66.26,68.39,66.56,66.37,68.22,67.96,108.7,121.86,65.54,70.66,66.19,68.26,70.21,68.46,111.88,127.14,0.8,0.15
1648,52.736,0.527334,0.290774,1.043457,2,AVOID_RIGHT,64.62,66.41,65.79,67.59,67.54,67.42,112.65,119.83,62.17,63.44,64.63,69.4,66.51,66.62,118.57,116.78,0.8,0.15
1649,52.768,0.527497,0.291051,1.03603,2,AVOID_RIGHT,65.02,65.14,66.58,66.5,68.09,67.53,113.86,121.79,65.63,63.23,67.76,64.88,68.93,67.69,115.69,124.72,0.8,0.15
1650,52.8,0.527662,0.291328,1.028603,2,AVOID_RIGHT,65.9,64.54,67.4,66.9,69.01,66.36,115.37,122.26,67.21,63.64,68.65,67.49,70.39,64.6,117.64,122.98,0.8,0.15
1651,52.832,0.527829,0.291603,1.021176,2,AVOID_RIGHT,66.64,63.01,67.41,66.06,67.86,65.71,114.7,120.36,67.76,60.71,67.43,64.8,66.14,64.75,113.69,117.5,0.8,0.15
1652,52.864,0.527965,0.291821,1.011272,2,AVOID_RIGHT,67.16,63.84,66.9,63.79,67.58,64.45,113.11,122.63,67.93,65.09,66.12,60.39,67.16,62.56,110.72,126.04,0.8,0.15
1653,52.896,0.528137,0.292094,1.003845,2,AVOID_RIGHT,65.96,65.13,66.74,65.14,69.01,65.84,114.37,122.9,64.16,67.08,66.49,67.16,71.14,67.92,116.27,123.3,0.8,0.15
1654,52.928,0.52831,0.292364,0.996418,2,AVOID_RIGHT,67.42,68.76,68.06,65.8,70.57,66.69,116.25,127.4,69.62,74.19,70.06,66.78,72.91,67.96,119.06,134.14,0.8,0.15
1655,52.96,0.528486,0.292634,0.988991,2,AVOID_RIGHT,69.45,67.84,67.87,65.17,68.88,66.85,118.36,130.0,72.5,66.47,67.58,64.23,66.35,67.1,121.52,133.92,0.8,0.15
1656,52.992,0.528665,0.292902,0.976612,2,AVOID_RIGHT,68.78,70.34,68.07,65.6,68.85,68.38,115.64,129.31,67.76,74.08,68.36,66.25,68.82,70.66,111.57,128.27,0.8,0.15
1657,53.024,0.528846,0.293168,0.969184,2,AVOID_RIGHT,68.97,67.24,68.36,65.16,67.22,67.5,115.79,128.84,69.26,62.6,68.79,64.49,64.76,66.19,116.01,128.14,0.8,0.15
1658,53.056,0.529029,0.293432,0.961757,2,AVOID_RIGHT,66.98,68.32,67.59,63.83,66.64,64.82,117.73,127.09,63.99,69.95,66.43,61.84,65.79,60.79,120.64,124.45,0.8,0.15
1659,53.088,0.529214,0.293696,0.95433,2,AVOID_RIGHT,67.81,69.92,68.75,66.61,67.0,63.88,122.95,130.59,69.05,72.31,70.5,70.78,67.52,62.48,130.78,135.84,0.8,0.15
1660,53.12,0.529401,0.293958,0.946902,2,AVOID_RIGHT,65.88,67.77,67.86,66.02,67.85,66.29,127.96,133.77,63.0,64.56,66.52,65.13,69.13,69.9,135.48,138.54,0.8,0.15
1661,53.152,0.529553,0.294166,0.936999,2,AVOID_RIGHT,67.27,64.22,68.04,64.95,68.24,65.86,130.54,132.04,69.35,58.89,68.32,63.35,68.83,65.22,134.41,129.44,0.8,0.15
1662,53.184,0.529744,0.294425,0.929572,2,AVOID_RIGHT,67.83,65.55,69.22,66.59,66.9,69.17,130.12,136.64,68.66,67.54,70.97,69.04,64.89,74.14,129.48,143.55,0.8,0.15
1663,53.216,0.529938,0.294682,0.922145,2,AVOID_RIGHT,63.99,67.98,67.24,69.25,66.53,66.93,131.62,136.86,58.24,71.63,64.28,73.25,65.97,63.56,133.88,137.17,0.8,0.15
1664,53.248,0.530133,0.294938,0.914717,2,AVOID_RIGHT,65.8,68.76,66.86,66.7,68.49,66.65,135.01,134.1,68.51,69.93,66.29,62.87,71.44,66.22,140.1,129.96,0.8,0.15
1665,53.28,0.530291,0.295141,0.904814,2,AVOID_RIGHT,67.09,67.78,66.34,65.92,67.02,68.51,134.51,136.05,69.03,66.31,65.56,64.74,64.82,71.3,133.76,138.99,0.8,0.15
1666,53.312,0.530491,0.295393,0.897387,2,AVOID_RIGHT,70.88,69.27,66.83,65.13,67.28,66.92,136.12,138.38,76.56,71.51,67.57,63.95,67.65,64.55,138.53,141.87,0.8,0.15
1667,53.344,0.530693,0.295644,0.88996,2,AVOID_RIGHT,69.03,70.18,66.24,64.49,68.73,67.13,139.88,140.51,66.25,71.53,65.35,63.52,70.9,67.43,145.51,143.7,0.8,0.15
1668,53.376,0.530896,0.295893,0.882532,2,AVOID_RIGHT,67.12,68.24,69.19,65.93,70.09,67.83,140.16,141.42,64.26,65.34,73.61,68.1,72.13,68.89,140.6,142.79,0.8,0.15
1669,53.408,0.531102,0.296141,0.870154,2,AVOID_RIGHT,67.23,70.16,67.89,66.86,69.06,66.69,144.29,137.98,67.38,73.03,65.96,68.27,67.52,64.97,150.48,132.82,0.8,0.15
1670,53.44,0.531311,0.296386,0.862726,2,AVOID_RIGHT,64.33,71.4,68.47,66.98,66.72,66.33,146.67,138.99,59.98,73.27,69.34,67.15,63.21,65.78,150.23,140.52,0.8,0.15
1671,53.472,0.531521,0.29663,0.855299,2,AVOID_RIGHT,69.2,72.51,67.96,66.58,68.22,65.35,147.36,142.57,76.52,74.17,67.19,65.99,70.48,63.88,148.39,147.93,0.8,0.15
1672,53.504,0.531733,0.296872,0.847872,2,AVOID_RIGHT,67.31,71.42,65.68,67.79,67.87,66.85,153.69,141.76,64.46,69.79,62.25,69.59,67.33,69.11,163.19,140.54,0.8,0.15
1673,53.536,0.531904,0.297064,0.837969,2,AVOID_RIGHT,69.58,70.67,66.1,68.23,67.21,66.74,157.33,145.82,73.0,69.53,66.74,68.9,66.23,66.56,162.8,151.92,0.8,0.15
1674,53.568,0.53212,0.297302,0.830541,2,AVOID_RIGHT,71.72,67.45,66.09,68.69,66.7,68.03,159.58,148.15,74.93,62.63,66.06,69.38,65.94,69.97,162.95,151.65,0.8,0.15
1675,53.6,0.532338,0.297539,0.823114,2,AVOID_RIGHT,69.7,68.79,66.39,69.61,68.34,65.08,161.69,146.55,66.68,70.79,66.84,71.0,70.81,60.66,164.84,144.15,0.8,0.15
1676,53.632,0.532558,0.297774,0.815687,2,AVOID_RIGHT,71.16,68.3,67.29,68.57,67.86,65.2,162.23,147.54,73.35,67.57,68.65,67.0,67.14,65.39,163.04,149.03,0.8,0.15
1677,53.664,0.532779,0.298008,0.808259,2,AVOID_RIGHT,68.41,69.12,67.02,66.2,66.96,69.09,165.81,146.22,64.28,70.36,66.61,62.64,65.6,74.92,171.18,144.23,0.8,0.15
1678,53.696,0.532958,0.298193,0.798356,2,AVOID_RIGHT,69.34,67.13,65.69,65.51,67.66,66.26,170.92,146.72,70.74,64.15,63.69,64.47,68.7,62.01,178.59,147.48,0.8,0.15
1679,53.728,0.533184,0.298423,0.790929,2,AVOID_RIGHT,68.63,67.65,67.12,68.97,68.23,68.08,174.13,147.36,67.58,68.43,69.27,74.16,69.09,70.82,178.95,148.32,0.8,0.15
1680,53.76,0.533411,0.298651,0.783502,2,AVOID_RIGHT,70.38,67.78,67.11,66.63,67.61,68.85,178.51,146.94,73.0,67.98,67.1,63.12,66.68,70.01,185.08,146.31,0.8,0.15
1681,53.792,0.53364,0.298877,0.776074,2,AVOID_RIGHT,67.23,67.75,68.73,67.63,68.4,68.79,180.3,148.51,62.51,67.71,71.17,69.13,69.59,68.71,182.99,150.87,0.8,0.15
1682,53.824,0.533871,0.299101,0.763696,2,AVOID_RIGHT,66.42,69.06,70.31,64.71,65.88,67.62,184.08,148.17,65.2,71.02,72.67,60.34,62.09,65.86,189.75,147.66,0.8,0.15
1683,53.856,0.534104,0.299323,0.756268,2,AVOID_RIGHT,67.21,67.93,69.22,63.95,66.02,68.16,191.69,149.83,68.39,66.24,67.58,62.79,66.23,68.96,203.1,152.33,0.8,0.15
1684,53.888,0.534339,0.299543,0.748841,2,AVOID_RIGHT,63.84,65.5,67.61,62.51,66.31,69.7,190.8,152.9,58.78,61.85,65.19,60.36,66.74,72.02,189.47,157.51,0.8,0.15
1685,53.92,0.534576,0.299761,0.741414,2,AVOID_RIGHT,67.22,66.55,68.05,67.56,66.71,67.47,195.1,151.5,72.3,68.13,68.7,75.13,67.31,64.12,201.55,149.39,0.8,0.15
1686,53.952,0.534766,0.299934,0.731511,2,AVOID_RIGHT,67.23,65.9,67.65,68.03,66.02,66.84,197.18,150.39,67.23,64.91,67.06,68.75,64.99,65.91,200.3,148.74,0.8,0.15
1687,53.984,0.535007,0.300148,0.724083,2,AVOID_RIGHT,64.98,65.36,68.24,66.88,68.42,65.79,204.77,152.77,61.62,64.57,69.12,65.15,72.02,64.22,216.15,156.33,0.8,0.15
1688,54.016,0.535249,0.30036,0.716656,2,AVOID_RIGHT,66.21,65.57,67.6,68.33,69.09,68.04,206.95,152.83,68.04,65.87,66.64,70.5,70.09,71.41,210.21,152.93,0.8,0.15
1689,54.048,0.535492,0.300571,0.709229,2,AVOID_RIGHT,66.53,66.54,69.21,66.88,67.91,67.8,208.37,153.74,67.01,68.01,71.62,64.71,66.14,67.45,210.51,155.09,0.8,0.15
1690,54.08,0.535688,0.300738,0.699326,2,AVOID_RIGHT,64.28,66.61,67.34,65.17,67.23,65.27,210.44,153.73,60.91,66.7,64.53,62.6,66.21,61.46,213.53,153.73,0.8,0.15
1691,54.112,0.535935,0.300944,0.691898,2,AVOID_RIGHT,64.63,66.09,66.76,63.99,64.13,65.31,210.47,151.9,65.15,65.32,65.91,62.23,59.49,65.38,210.53,149.14,0.8,0.15
1692,54.144,0.536184,0.301148,0.684471,2,AVOID_RIGHT,65.1,67.81,66.64,64.36,65.25,67.37,213.9,154.21,65.8,70.39,66.45,64.9,66.93,70.46,219.04,157.68,0.8,0.15
1693,54.176,0.536434,0.301351,0.677044,2,AVOID_RIGHT,66.74,69.57,65.89,66.55,65.91,68.46,214.64,152.54,69.2,72.21,64.77,69.85,66.89,70.09,215.75,150.03,0.8,0.15
1694,54.208,0.536686,0.301552,0.669616,2,AVOID_RIGHT,69.51,68.9,66.67,66.88,66.81,66.7,220.72,149.07,73.66,67.9,67.85,67.37,68.15,64.06,229.83,143.87,0.8,0.15
1695,54.24,0.536888,0.30171,0.659713,2,AVOID_RIGHT,66.09,69.14,64.83,67.56,67.07,69.3,222.4,152.11,60.96,69.49,62.06,68.58,67.47,73.21,224.92,156.68,0.8,0.15
1696,54.272,0.537195,0.301946,0.64981,2,AVOID_RIGHT,67.58,68.74,63.1,67.74,66.68,68.55,225.66,154.66,69.82,68.15,60.5,68.0,66.1,67.42,230.55,158.47,0.8,0.15
1697,54.304,0.537452,0.302139,0.642383,2,AVOID_RIGHT,67.53,70.75,64.56,69.24,64.79,71.72,229.65,153.57,67.45,73.77,66.75,71.5,61.95,76.47,235.63,151.94,0.8,0.15
1698,54.336,0.53771,0.302331,0.634956,2,AVOID_RIGHT,68.54,70.08,66.1,67.39,66.81,74.29,232.66,157.0,70.06,69.07,68.4,64.62,69.83,78.14,237.18,162.15,0.8,0.15
1699,54.368,0.537918,0.302483,0.625052,2,AVOID_RIGHT,68.52,68.06,66.0,68.51,66.57,77.8,236.66,153.64,68.5,65.04,65.84,70.2,66.23,83.08,242.66,148.61,0.8,0.15
1700,54.4,0.53818,0.30267,0.617625,2,AVOID_RIGHT,66.63,68.14,66.29,67.86,65.57,83.04,242.46,153.4,63.78,68.26,66.73,66.88,64.06,90.9,251.16,153.04,0.8,0.15
1701,54.432,0.538443,0.302856,0.610198,2,AVOID_RIGHT,67.14,65.47,67.15,69.33,65.6,86.64,247.27,152.5,67.9,61.45,68.43,71.54,65.65,92.04,254.48,151.15,0.8,0.15
1702,54.464,0.538707,0.303039,0.602771,2,AVOID_RIGHT,67.93,64.91,66.52,69.26,67.84,89.57,246.13,151.35,69.13,64.08,65.58,69.14,71.19,93.97,244.42,149.63,0.8,0.15
1703,54.496,0.53892,0.303184,0.592867,2,AVOID_RIGHT,67.51,65.18,67.84,66.27,64.08,95.92,251.12,154.58,66.89,65.58,69.81,61.79,58.44,105.45,258.61,159.43,0.6,-0.6
1704,54.528,0.53892,0.303184,0.578013,2,AVOID_RIGHT,65.92,64.12,69.87,67.48,64.33,100.06,260.62,156.79,63.53,62.54,72.93,69.3,64.7,106.27,274.86,160.11,0.6,-0.6
1705,54.56,0.53892,0.303184,0.563158,2,AVOID_RIGHT,64.96,63.25,70.16,64.15,66.4,106.03,266.76,155.92,63.51,61.93,70.6,59.15,69.52,114.99,275.98,154.61,0.6,-0.6
1706,54.592,0.53892,0.303184,0.548304,2,AVOID_RIGHT,63.57,63.32,69.56,66.95,67.6,108.6,265.7,152.35,61.49,63.44,68.65,71.15,69.39,112.46,264.12,146.99,0.6,-0.6
1707,54.624,0.53892,0.303184,0.533449,2,AVOID_RIGHT,64.76,68.88,68.71,67.16,66.53,111.76,264.01,153.14,66.55,77.22,67.45,67.48,64.94,116.49,261.48,154.34,0.6,-0.6
1708,54.656,0.53892,0.303184,0.518594,2,AVOID_RIGHT,67.29,70.23,69.0,66.05,66.54,114.77,261.06,145.83,71.07,72.25,69.44,64.39,66.55,119.3,256.64,134.86,0.6,-0.6
1709,54.688,0.53892,0.303184,0.50374,2,AVOID_RIGHT,68.16,70.27,70.81,67.75,66.19,112.76,260.84,142.11,69.47,70.32,73.51,70.3,65.67,109.75,260.5,136.52,0.6,-0.6
1710,54.72,0.538977,0.303215,0.486409,2,AVOID_RIGHT,66.84,68.23,68.6,69.64,66.86,114.71,262.76,139.49,64.87,65.18,65.29,72.47,67.86,117.64,265.65,135.57,0.6,-0.6
1711,54.752,0.538977,0.303215,0.471555,2,AVOID_RIGHT,66.6,68.5,70.05,69.11,68.27,118.06,260.17,135.2,66.24,68.91,72.22,68.31,70.38,123.07,256.27,128.76,0.6,-0.6
1712,54.784,0.538977,0.303215,0.4567,2,AVOID_RIGHT,66.22,69.28,69.59,67.5,67.96,115.09,261.48,129.81,65.66,70.45,68.89,65.08,67.49,110.65,263.46,121.73,0.6,-0.6
1713,54.816,0.538977,0.303215,0.441846,2,AVOID_RIGHT,65.85,68.69,68.79,67.19,67.22,118.53,260.42,126.7,65.28,67.81,67.6,66.74,66.11,123.68,258.82,122.04,0.6,-0.6
1714,54.848,0.538977,0.303215,0.426991,2,AVOID_RIGHT,65.32,68.3,66.31,66.85,67.69,122.08,260.14,121.6,64.54,67.72,62.59,66.34,68.4,127.42,259.72,113.95,0.6,-0.6
1715,54.88,0.538977,0.303215,0.412136,2,AVOID_RIGHT,65.79,70.34,66.51,68.91,68.6,123.13,254.98,120.87,66.5,73.38,66.81,72.0,69.96,124.7,247.25,119.77,0.6,-0.6
1716,54.912,0.538977,0.303215,0.397282,2,AVOID_RIGHT,65.93,69.53,63.44,66.42,66.85,127.64,253.75,117.19,66.15,68.33,58.84,62.69,64.22,134.41,251.91,111.66,0.6,-0.6
1717,54.944,0.538977,0.303215,0.382427,2,AVOID_RIGHT,68.57,67.74,65.7,67.82,66.38,130.48,251.9,117.84,72.53,65.04,69.08,69.92,65.67,134.73,249.11,118.83,0.6,-0.6
1718,54.976,0.538977,0.303215,0.367572,2,AVOID_RIGHT,67.2,68.52,65.86,67.61,65.8,136.08,249.36,116.21,65.15,69.7,66.1,67.3,64.93,144.49,245.56,113.76,0.8,0.15
1719,55.008,0.539218,0.303306,0.357669,2,AVOID_RIGHT,65.52,67.46,68.39,66.43,68.85,135.14,245.22,114.59,62.99,65.85,72.19,64.65,73.42,133.73,239.0,112.15,0.8,0.15
1720,55.04,0.539519,0.303418,0.350242,2,AVOID_RIGHT,64.66,68.46,68.9,67.84,69.62,140.33,248.64,116.01,63.38,69.96,69.67,69.96,70.77,148.11,253.77,118.15,0.8,0.15
1721,55.072,0.539822,0.303527,0.342815,2,AVOID_RIGHT,66.66,68.32,69.13,67.05,70.91,145.56,249.48,116.41,69.65,68.1,69.47,65.86,72.86,153.42,250.74,117.0,0.8,0.15
1722,55.104,0.540126,0.303634,0.335387,2,AVOID_RIGHT,69.37,69.45,65.71,66.77,66.92,145.87,252.03,112.89,73.43,71.15,60.59,66.35,60.94,146.32,255.85,107.63,0.6,-0.6
1723,55.136,0.540126,0.303634,0.320533,2,AVOID_RIGHT,68.48,67.51,65.8,66.65,67.94,145.47,249.62,111.75,67.14,64.6,65.94,66.46,69.45,144.88,246.01,110.03,0.8,0.15
1724,55.168,0.54037,0.303714,0.31063,2,AVOID_RIGHT,68.36,66.27,65.68,68.24,67.32,148.74,254.16,110.01,68.19,64.4,65.5,70.64,66.4,153.64,260.96,107.4,0.6,-0.6
1725,55.2,0.54037,0.303714,0.295775,2,AVOID_RIGHT,65.47,67.57,65.1,65.53,67.23,153.88,254.7,107.18,61.13,69.51,64.23,61.46,67.08,161.6,255.51,102.94,0.6,-0.6
1726,55.232,0.540432,0.303732,0.278445,2,AVOID_RIGHT,63.65,67.64,64.41,66.95,68.86,156.44,251.75,105.62,60.91,67.76,63.37,69.08,71.32,160.27,247.34,103.29,0.6,-0.6
1727,55.264,0.540432,0.303732,0.26359,2,AVOID_RIGHT,63.16,68.75,64.3,67.05,69.17,160.44,249.59,103.39,62.42,70.41,64.13,67.21,69.63,166.43,246.33,100.03,0.8,0.15
1728,55.296,0.540743,0.303815,0.256163,2,AVOID_RIGHT,64.48,67.06,66.69,67.97,69.13,161.02,248.48,101.85,66.46,64.54,70.28,69.34,69.08,161.9,246.83,99.53,0.8,0.15
1729,55.328,0.541055,0.303895,0.248736,2,AVOID_RIGHT,67.83,66.81,69.16,69.3,67.39,164.97,244.6,101.07,72.86,66.42,72.87,71.3,64.77,170.89,238.78,99.9,0.8,0.15
1730,55.36,0.541305,0.303957,0.238832,2,AVOID_RIGHT,67.49,68.77,69.08,68.99,67.16,168.59,246.38,97.07,66.98,71.72,68.97,68.51,66.81,174.01,249.05,91.07,0.8,0.15
1731,55.392,0.541618,0.304032,0.231405,2,AVOID_RIGHT,68.13,67.28,70.37,68.84,65.68,173.04,243.29,95.37,69.08,65.04,72.3,68.61,63.46,179.73,238.64,92.83,0.8,0.15
1732,55.424,0.541931,0.304105,0.223978,2,AVOID_RIGHT,69.3,64.42,69.5,67.88,66.37,181.9,244.06,97.19,71.07,60.13,68.2,66.43,67.41,195.19,245.22,99.92,0.8,0.15
1733,55.456,0.542245,0.304175,0.216551,2,AVOID_RIGHT,67.83,65.65,69.16,66.15,68.22,182.65,246.05,95.25,65.63,67.49,68.64,63.56,70.99,183.78,249.04,92.34,0.8,0.15
1734,55.488,0.542497,0.304229,0.206647,2,AVOID_RIGHT,65.84,63.94,68.75,66.61,65.77,185.66,245.24,93.22,62.86,61.38,68.14,67.29,62.09,190.16,244.02,90.16,0.8,0.15
1735,55.52,0.542812,0.304294,0.19922,2,AVOID_RIGHT,64.86,66.4,66.47,66.97,67.71,189.37,247.98,89.48,63.38,70.09,63.05,67.52,70.62,194.95,252.08,83.88,0.8,0.15
1736,55.552,0.543128,0.304357,0.191793,2,AVOID_RIGHT,67.16,65.02,65.34,64.2,67.05,194.09,243.34,86.08,70.62,62.95,63.64,60.05,66.06,201.17,236.4,80.97,0.8,0.15
1737,55.584,0.543444,0.304417,0.184366,2,AVOID_RIGHT,65.48,65.07,67.68,66.27,67.68,197.41,241.97,84.33,62.97,65.13,71.19,69.38,68.62,202.4,239.9,81.7,0.8,0.15
1738,55.616,0.543761,0.304475,0.176938,2,AVOID_RIGHT,65.18,65.22,66.42,64.97,68.82,195.0,243.16,76.08,64.72,65.45,64.54,63.01,70.54,191.39,244.95,63.71,0.8,0.15
1739,55.648,0.544015,0.304519,0.167035,2,AVOID_RIGHT,64.03,68.09,63.76,63.44,67.85,196.02,244.4,74.18,62.3,72.41,59.76,61.16,66.4,197.54,246.26,71.32,0.8,0.15
1740,55.68,0.544396,0.304581,0.157132,2,AVOID_RIGHT,66.09,68.03,65.99,64.06,67.71,197.33,244.03,72.56,69.19,67.94,69.33,64.99,67.48,199.3,243.47,70.15,0.8,0.15
1741,55.712,0.544714,0.30463,0.149705,2,AVOID_RIGHT,67.51,66.61,66.47,66.15,66.69,199.63,244.69,70.57,69.64,64.48,67.21,69.28,65.16,203.07,245.67,67.57,0.8,0.15
1742,55.744,0.545032,0.304677,0.142277,2,AVOID_RIGHT,66.46,65.98,66.81,66.78,67.96,205.82,240.35,69.91,64.89,65.02,67.3,67.73,69.88,215.12,233.84,68.93,0.8,0.15
1743,55.776,0.545287,0.304712,0.132374,2,AVOID_RIGHT,65.91,67.54,68.18,66.35,66.25,208.53,238.66,67.77,65.09,69.88,70.24,65.69,63.68,212.59,236.13,64.56,0.8,0.15
1744,55.808,0.545606,0.304754,0.124947,2,AVOID_RIGHT,65.97,69.79,67.94,65.8,66.97,215.14,240.73,66.1,66.04,73.16,67.59,64.97,68.05,225.05,243.83,63.59,0.8,0.15
1745,55.84,0.545926,0.304793,0.11752,2,AVOID_RIGHT,66.25,66.68,66.91,66.28,67.67,215.92,239.07,66.73,66.69,62.02,65.35,67.0,68.72,217.1,236.59,67.68,0.8,0.15
1746,55.872,0.546246,0.304829,0.110092,2,AVOID_RIGHT,67.25,67.88,69.85,65.37,67.71,222.35,236.89,63.5,68.75,69.68,74.26,64.01,67.77,231.99,233.63,58.66,0.8,0.15
1747,55.904,0.546502,0.304856,0.100189,2,AVOID_RIGHT,67.17,67.67,68.54,65.83,66.84,222.58,237.01,62.57,67.06,67.35,66.58,66.52,65.53,222.91,237.2,61.17,0.8,0.15
1748,55.936,0.546822,0.304887,0.092762,2,AVOID_RIGHT,67.77,68.17,66.55,65.64,68.3,225.59,235.78,64.3,68.67,68.92,63.57,65.36,70.49,230.11,233.94,66.9,0.8,0.15
1749,55.968,0.547143,0.304916,0.085335,2,AVOID_RIGHT,68.34,68.57,66.2,66.33,68.27,228.8,237.45,64.68,69.18,69.16,65.68,67.36,68.24,233.62,239.94,65.24,0.8,0.15
1750,56.0,0.547463,0.304942,0.077907,2,AVOID_RIGHT,66.24,66.66,65.83,66.54,66.19,235.24,238.3,65.81,63.09,63.79,65.26,66.87,63.07,244.89,239.59,67.51,0.8,0.15
1751,56.032,0.54772,0.304961,0.068004,2,AVOID_RIGHT,67.35,65.85,64.99,66.78,65.74,238.8,234.05,63.82,69.03,64.63,63.74,67.12,65.06,244.14,227.66,60.83,0.8,0.15
1752,56.064,0.548041,0.304982,0.060577,2,AVOID_RIGHT,65.85,66.52,66.36,67.84,65.56,239.7,229.9,64.49,63.6,67.53,68.41,69.44,65.29,241.06,223.69,65.49,0.8,0.15
1753,56.096,0.548427,0.305003,0.050674,2,AVOID_RIGHT,67.21,64.79,65.7,65.85,67.07,244.34,231.51,65.14,69.25,62.19,64.72,62.86,69.32,251.3,233.91,66.13,0.8,0.15
1754,56.128,0.548749,0.305018,0.043247,2,AVOID_RIGHT,68.48,67.77,64.43,66.69,67.03,253.49,227.57,64.55,70.38,72.25,62.51,67.94,66.97,267.21,221.65,63.66,0.6,-0.6
1755,56.16,0.548749,0.305018,0.028392,2,AVOID_RIGHT,65.77,67.88,65.69,68.1,66.32,259.78,227.49,65.47,61.72,68.05,67.59,70.22,65.26,269.21,227.37,66.85,0.6,-0.6
1756,56.192,0.548749,0.305018,0.013537,2,AVOID_RIGHT,65.74,66.98,67.25,68.05,67.82,259.5,222.14,66.32,65.69,65.62,69.59,67.97,70.07,259.09,214.11,67.59,0.6,-0.6
1757,56.224,0.548749,0.305018,-0.001317,2,AVOID_RIGHT,68.6,68.04,67.88,67.97,67.02,263.93,220.1,66.93,72.9,69.63,68.83,67.85,65.82,270.57,217.04,67.86,0.6,-0.6
1758,56.256,0.548749,0.305018,-0.016172,2,AVOID_RIGHT,68.25,70.64,67.85,68.18,66.17,266.51,215.0,67.48,67.71,74.54,67.79,68.49,64.91,270.37,207.35,68.3,0.6,-0.6
1759,56.288,0.548684,0.30502,-0.033502,2,AVOID_RIGHT,69.19,71.77,64.89,66.39,66.27,265.85,212.46,65.96,70.61,73.46,60.46,63.71,66.4,264.85,208.64,63.67,0.6,-0.6
1760,56.32,0.548684,0.30502,-0.048357,2,AVOID_RIGHT,66.62,69.12,66.86,69.91,68.76,271.63,207.7,66.49,62.76,65.14,69.8,75.18,72.5,280.3,200.56,67.28,0.6,-0.6
1761,56.352,0.548684,0.30502,-0.063211,2,AVOID_RIGHT,68.45,69.49,67.8,68.01,67.74,273.34,200.97,68.13,71.19,70.06,69.21,65.17,66.22,275.9,190.87,70.59,0.6,-0.6
1762,56.384,0.548684,0.30502,-0.078066,2,AVOID_RIGHT,67.61,67.81,66.59,69.15,67.04,277.57,193.99,69.68,66.35,65.29,64.77,70.87,65.98,283.92,183.52,72.01,0.6,-0.6
1763,56.416,0.548684,0.30502,-0.092921,2,AVOID_RIGHT,65.98,67.61,67.84,67.78,65.7,280.47,190.65,69.21,63.54,67.31,69.72,65.71,63.69,284.83,185.66,68.51,0.6,-0.6
1764,56.448,0.548684,0.30502,-0.107775,2,AVOID_RIGHT,67.09,69.04,69.02,68.41,65.17,283.61,182.36,67.48,68.76,71.18,70.79,69.35,64.38,288.31,169.92,64.88,0.6,-0.6
1765,56.48,0.548684,0.30502,-0.12263,2,AVOID_RIGHT,66.47,65.47,65.33,66.07,65.27,286.53,177.49,65.83,65.52,60.1,59.79,62.56,65.42,290.91,170.18,63.36,0.6,-0.6
1766,56.512,0.548684,0.30502,-0.137484,2,AVOID_RIGHT,66.29,67.35,66.01,66.71,66.55,286.66,173.66,66.38,66.03,70.18,67.05,67.68,68.48,286.85,167.92,67.21,0.6,-0.6
1767,56.544,0.548684,0.30502,-0.152339,2,AVOID_RIGHT,66.86,68.03,65.62,65.89,64.62,285.79,167.86,65.1,67.73,69.04,65.04,64.65,61.73,284.49,159.16,63.18,0.6,-0.6
1768,56.576,0.548684,0.30502,-0.167194,2,AVOID_RIGHT,64.63,69.93,67.43,67.32,65.51,292.63,163.28,67.56,61.28,72.8,70.14,69.46,66.84,302.89,156.4,71.24,0.6,-0.6
1769,56.608,0.548684,0.30502,-0.182048,2,AVOID_RIGHT,66.45,69.8,66.12,64.82,64.89,290.83,159.18,67.74,69.19,69.59,64.16,61.08,63.96,288.14,153.04,68.03,0.6,-0.6
1770,56.64,0.548747,0.305008,-0.199379,2,AVOID_RIGHT,66.8,70.63,64.8,68.6,65.65,290.78,151.49,64.5,67.32,71.88,62.81,74.26,66.78,290.71,139.95,59.62,0.6,-0.6
1771,56.672,0.548747,0.305008,-0.214233,2,AVOID_RIGHT,67.76,71.19,64.89,66.14,66.35,292.37,147.05,65.14,69.19,72.03,65.02,62.45,67.4,294.74,140.39,66.11,0.6,-0.6
1772,56.704,0.548747,0.305008,-0.229088,2,AVOID_RIGHT,67.06,67.66,65.18,66.6,68.36,294.12,143.3,63.8,66.01,62.37,65.63,67.28,71.38,296.75,137.67,61.8,0.6,-0.6
1773,56.736,0.548747,0.305008,-0.243943,2,AVOID_RIGHT,66.45,68.27,66.78,67.21,68.57,295.81,140.51,64.49,65.53,69.17,69.18,68.12,68.89,298.35,136.32,65.53,0.6,-0.6
1774,56.768,0.548747,0.305008,-0.258797,2,AVOID_RIGHT,69.37,68.47,65.86,67.63,67.09,301.53,134.97,64.69,73.75,68.77,64.47,68.26,64.85,310.11,126.67,64.98,0.6,-0.6
1775,56.8,0.548747,0.305008,-0.273652,2,AVOID_RIGHT,67.97,68.45,65.88,67.09,66.34,300.23,133.91,64.79,65.86,68.43,65.91,66.29,65.23,298.28,132.31,64.95,0.6,-0.6
1776,56.832,0.548747,0.305008,-0.288506,2,AVOID_RIGHT,66.54,68.39,65.3,66.76,67.57,298.13,124.78,67.59,64.4,68.3,64.43,66.27,69.41,294.99,111.08,71.79,0.6,-0.6
1777,56.864,0.548686,0.305026,-0.305837,2,AVOID_RIGHT,67.07,68.98,64.81,66.35,69.12,298.49,118.12,69.42,67.87,69.86,64.07,65.72,71.45,299.02,108.14,72.16,0.6,-0.6
1778,56.896,0.548686,0.305026,-0.320691,2,AVOID_RIGHT,67.99,69.1,65.87,65.83,68.51,302.68,117.7,68.38,69.36,69.29,67.47,65.04,67.58,308.97,117.08,66.83,0.6,-0.6
1779,56.928,0.548686,0.305026,-0.335546,2,AVOID_RIGHT,68.68,67.95,64.14,66.25,68.72,300.61,113.7,67.78,69.71,66.21,61.55,66.89,69.05,297.49,107.7,66.88,0.6,-0.6
1780,56.96,0.548686,0.305026,-0.350401,2,AVOID_RIGHT,68.62,66.03,65.62,65.85,67.57,298.55,114.16,67.47,68.53,63.15,67.84,65.23,65.85,295.46,114.83,67.01,0.6,-0.6
1781,56.992,0.548686,0.305026,-0.365255,2,AVOID_RIGHT,67.08,67.88,66.88,63.34,66.19,295.42,108.73,68.62,64.76,70.67,68.78,59.58,64.11,290.72,100.59,70.34,0.6,-0.6
1782,57.024,0.548686,0.305026,-0.38011,2,AVOID_RIGHT,66.38,69.63,64.42,66.48,65.03,289.86,93.45,69.96,65.35,72.26,60.73,71.2,63.3,281.53,70.52,71.97,0.6,-0.6
1783,57.056,0.548686,0.305026,-0.394964,2,AVOID_RIGHT,66.37,69.27,66.65,65.73,66.52,290.15,81.43,69.89,66.34,68.72,70.01,64.6,68.76,290.59,63.4,69.79,0.6,-0.6
1784,57.088,0.548686,0.305026,-0.409819,2,AVOID_RIGHT,64.61,66.98,68.1,66.36,66.26,283.92,75.61,71.16,61.98,63.54,70.28,67.3,65.87,274.57,66.87,73.05,0.6,-0.6
1785,57.12,0.548686,0.305026,-0.424674,2,AVOID_RIGHT,62.88,67.67,65.7,66.94,62.74,285.36,72.37,68.82,60.29,68.71,62.09,67.8,57.45,287.51,67.52,65.31,0.6,-0.6
1786,57.152,0.548686,0.305026,-0.439528,2,AVOID_RIGHT,65.52,66.15,65.6,63.95,64.32,285.89,70.26,71.25,69.47,63.87,65.46,59.48,66.71,286.7,67.09,74.9,0.6,-0.6
1787,57.184,0.548744,0.304998,-0.456859,2,AVOID_RIGHT,69.3,65.17,64.7,65.88,71.11,282.36,70.73,68.89,74.97,63.71,63.35,68.77,81.29,277.06,71.44,65.34,0.6,-0.6
1788,57.216,0.548744,0.304998,-0.471713,2,AVOID_RIGHT,67.24,65.89,68.96,64.3,81.42,280.37,70.07,66.76,64.15,66.97,75.35,61.94,96.87,277.39,69.07,63.57,0.6,-0.6
1789,57.248,0.548744,0.304998,-0.486568,2,AVOID_RIGHT,66.05,67.5,66.82,67.89,87.48,276.75,68.89,66.7,64.27,69.91,63.62,73.28,96.59,271.31,67.12,66.61,0.6,-0.6
1790,57.28,0.548744,0.304998,-0.501423,2,AVOID_RIGHT,65.56,66.9,67.68,69.02,93.16,275.09,68.97,66.34,64.83,66.0,68.96,70.72,101.68,272.61,69.1,65.79,0.6,-0.6
1791,57.312,0.548744,0.304998,-0.516277,2,AVOID_RIGHT,67.39,65.86,68.9,68.9,96.45,273.82,69.92,66.25,70.13,64.3,70.74,68.7,101.37,271.92,71.33,66.13,0.6,-0.6
1792,57.344,0.548744,0.304998,-0.531132,2,AVOID_RIGHT,67.21,68.64,66.51,68.12,98.75,270.61,67.65,67.74,66.94,72.8,62.92,66.97,102.21,265.79,64.25,69.98,0.6,-0.6
1793,57.376,0.548744,0.304998,-0.545986,2,AVOID_RIGHT,68.42,68.24,68.15,66.23,104.28,267.81,68.55,66.35,70.22,67.64,70.6,63.38,112.58,263.61,69.91,64.25,0.6,-0.6
1794,57.408,0.548689,0.305032,-0.563317,2,AVOID_RIGHT,68.21,68.97,68.0,68.1,106.8,262.87,68.0,67.28,67.91,70.08,67.78,70.9,110.58,255.45,67.16,68.68,0.6,-0.6
1795,57.44,0.548689,0.305032,-0.578171,2,AVOID_RIGHT,69.33,69.75,68.34,67.08,110.23,260.85,69.25,67.2,71.01,70.91,68.85,65.55,115.38,257.83,71.13,67.07,0.6,-0.6
1796,57.472,0.548689,0.305032,-0.593026,2,AVOID_RIGHT,67.66,69.88,67.2,68.27,112.81,257.61,69.36,66.69,65.14,70.07,65.5,70.05,116.68,252.75,69.53,65.94,0.6,-0.6
1797,57.504,0.548689,0.305032,-0.607881,2,AVOID_RIGHT,67.98,68.59,68.32,69.13,115.67,248.36,66.75,67.06,68.48,66.66,70.01,70.43,119.97,234.49,62.84,67.6,0.8,0.15
1798,57.536,0.548953,0.304848,-0.615308,2,AVOID_RIGHT,67.61,69.74,67.04,68.43,114.53,247.68,68.26,69.02,67.05,71.46,65.11,67.37,112.8,246.67,70.52,71.96,0.8,0.15
1799,57.568,0.549215,0.304661,-0.622735,2,AVOID_RIGHT,67.01,71.31,66.74,66.93,118.84,241.56,69.66,68.62,66.11,73.66,66.3,64.67,125.32,232.37,71.75,68.02,0.8,0.15
1800,57.6,0.549475,0.304472,-0.630163,2,AVOID_RIGHT,68.04,69.18,65.54,68.32,119.05,239.36,67.76,68.61,69.59,65.99,63.74,70.4,119.35,236.07,64.93,68.59,0.8,0.15
1801,57.632,0.549683,0.304319,-0.640066,2,AVOID_RIGHT,67.84,69.11,65.79,71.29,126.81,232.53,69.68,69.35,67.53,69.0,66.17,75.76,138.44,222.29,72.56,70.46,0.8,0.15
1802,57.664,0.54994,0.304126,-0.647493,2,AVOID_RIGHT,69.72,65.53,67.75,70.1,125.26,229.86,67.14,68.73,72.53,60.17,70.68,68.31,122.95,225.86,63.33,67.81,0.8,0.15
1803,57.696,0.550247,0.303892,-0.657396,2,AVOID_RIGHT,69.61,65.88,69.4,68.73,125.31,228.3,66.42,67.96,69.46,66.41,71.87,66.68,125.38,225.96,65.33,66.81,0.8,0.15
1804,57.728,0.550501,0.303694,-0.664823,2,AVOID_RIGHT,68.96,67.39,66.46,68.89,126.85,225.3,67.44,67.57,67.98,69.66,62.06,69.13,129.16,220.81,68.98,66.99,0.8,0.15
1805,57.76,0.550703,0.303534,-0.674726,2,AVOID_RIGHT,68.33,67.52,64.35,70.09,128.02,227.89,67.57,65.24,67.37,67.72,61.17,71.9,129.79,231.78,67.76,61.74,0.8,0.15
1806,57.792,0.550954,0.303332,-0.682154,2,AVOID_RIGHT,68.35,67.55,65.72,69.75,132.2,222.83,69.06,66.04,68.39,67.59,67.79,69.24,138.47,215.24,71.31,67.24,0.8,0.15
1807,57.824,0.551203,0.303128,-0.689581,2,AVOID_RIGHT,67.92,67.75,65.16,69.27,129.83,218.04,67.67,67.56,67.28,68.06,64.32,68.55,126.27,210.85,65.58,69.83,0.8,0.15
1808,57.856,0.55145,0.302923,-0.697008,2,AVOID_RIGHT,66.49,66.28,62.55,66.83,130.93,215.81,67.11,68.98,64.33,64.07,58.64,63.17,132.59,212.47,66.27,71.11,0.8,0.15
1809,57.888,0.551647,0.302756,-0.706911,2,AVOID_RIGHT,67.48,66.19,63.4,65.2,133.33,214.3,67.02,68.48,68.98,66.05,64.66,62.77,136.93,212.02,66.88,67.73,0.8,0.15
1810,57.92,0.551891,0.302547,-0.714339,2,AVOID_RIGHT,67.41,66.45,65.06,67.42,131.75,208.68,68.42,69.27,67.3,66.84,67.56,70.74,129.37,200.26,70.51,70.45,0.8,0.15
1811,57.952,0.552133,0.302335,-0.721766,2,AVOID_RIGHT,65.6,68.14,65.34,67.06,134.24,206.52,66.1,68.38,62.89,70.68,65.75,66.51,137.97,203.28,62.61,67.05,0.8,0.15
1812,57.984,0.552374,0.302121,-0.729193,2,AVOID_RIGHT,66.43,64.94,66.43,65.15,135.02,202.1,66.04,66.25,67.68,60.14,68.06,62.28,136.19,195.47,65.95,63.06,0.8,0.15
1813,58.016,0.552613,0.301906,-0.736621,2,AVOID_RIGHT,68.34,65.68,66.29,67.57,136.73,198.03,67.77,67.84,71.19,66.8,66.08,71.2,139.3,191.93,70.37,70.23,0.8,0.15
1814,58.048,0.552803,0.301732,-0.746524,2,AVOID_RIGHT,70.82,65.39,65.06,68.03,139.99,193.48,66.64,67.06,74.54,64.96,63.21,68.71,144.89,186.64,64.95,65.89,0.8,0.15
1815,58.08,0.553038,0.301513,-0.753951,2,AVOID_RIGHT,70.62,66.54,65.11,69.14,141.49,191.93,67.41,70.0,70.31,68.27,65.18,70.81,143.73,189.61,68.57,74.4,0.8,0.15
1816,58.112,0.553319,0.301247,-0.763854,2,AVOID_RIGHT,68.09,67.87,65.02,67.45,140.74,187.02,66.91,71.38,64.31,69.86,64.88,64.92,139.61,179.66,66.14,73.46,0.8,0.15
1817,58.144,0.55355,0.301023,-0.771281,2,AVOID_RIGHT,68.67,67.08,65.82,67.79,142.67,183.75,66.85,70.41,69.54,65.91,67.03,68.3,145.58,178.84,66.76,68.96,0.8,0.15
1818,58.176,0.553734,0.300843,-0.781184,2,AVOID_RIGHT,66.43,68.2,65.93,68.19,144.02,176.92,66.03,72.12,63.07,69.88,66.08,68.78,146.05,166.67,64.79,74.68,0.8,0.15
1819,58.208,0.553962,0.300615,-0.788612,2,AVOID_RIGHT,68.23,68.38,65.49,68.09,145.43,173.76,67.2,71.56,70.93,68.65,64.84,67.94,147.55,169.02,68.96,70.71,0.8,0.15
1820,58.24,0.554188,0.300386,-0.796039,2,AVOID_RIGHT,68.49,66.21,66.1,68.53,146.32,167.67,67.91,68.12,68.89,62.95,67.0,69.19,147.65,158.54,68.96,62.96,0.8,0.15
1821,58.272,0.554412,0.300155,-0.803466,2,AVOID_RIGHT,68.98,65.1,66.4,67.54,144.67,166.55,70.01,67.6,69.7,63.43,66.85,66.05,142.2,164.86,73.16,66.83,0.8,0.15
1822,58.304,0.55459,0.299969,-0.813369,2,AVOID_RIGHT,70.01,64.86,65.53,68.75,143.87,161.62,65.46,66.08,71.56,64.5,64.23,70.56,142.65,154.24,58.64,63.79,0.8,0.15
1823,58.336,0.55481,0.299735,-0.820797,2,AVOID_RIGHT,68.13,64.7,65.44,65.34,148.51,159.52,67.3,65.68,65.3,64.46,65.3,60.24,155.48,156.37,70.05,65.09,0.8,0.15
1824,58.368,0.555029,0.299498,-0.828224,2,AVOID_RIGHT,67.03,66.38,66.39,65.87,149.1,157.33,66.19,67.61,65.38,68.91,67.82,66.67,149.99,154.05,64.53,70.49,0.8,0.15
1825,58.4,0.555245,0.29926,-0.835651,2,AVOID_RIGHT,66.15,67.17,66.2,67.23,151.95,155.46,64.98,68.01,64.83,68.35,65.9,69.26,156.21,152.65,63.16,68.63,0.8,0.15
1826,58.432,0.555417,0.299068,-0.845554,2,FOLLOWING,65.65,68.24,66.13,68.93,151.12,154.21,66.31,66.52,64.9,69.84,66.03,71.48,149.89,152.32,68.31,64.27,-3.14,3.14
1827,58.464,0.555417,0.299068,-0.76633,2,FOLLOWING,66.62,65.99,65.83,68.99,145.13,156.93,66.54,64.41,68.07,62.63,65.37,69.08,136.13,161.0,66.88,61.25,-3.14,3.14
1828,58.496,0.555417,0.299068,-0.687105,2,FOLLOWING,66.41,66.13,67.8,67.33,131.38,169.65,67.87,64.92,66.1,66.33,70.77,64.83,110.75,188.75,69.86,65.68,-3.14,3.14
1829,58.528,0.555417,0.299068,-0.607881,2,FOLLOWING,66.8,65.98,66.11,70.19,122.74,183.37,67.25,66.77,67.38,65.75,63.58,74.48,109.8,203.94,66.34,69.55,-3.14,3.14
1830,58.56,0.555417,0.299068,-0.528656,2,FOLLOWING,67.66,67.59,64.87,69.36,106.55,198.86,66.91,67.69,68.94,70.01,63.01,68.11,82.25,222.1,66.41,69.07,-3.14,3.14
1831,58.592,0.555417,0.299068,-0.449431,2,FOLLOWING,67.86,67.16,65.98,67.75,89.74,209.58,66.29,67.96,68.18,66.52,67.63,65.34,64.52,225.65,65.36,68.37,-3.14,3.14
1832,58.624,0.555417,0.299068,-0.370207,2,FOLLOWING,67.4,67.47,66.12,66.23,82.09,215.3,67.96,67.23,66.7,67.94,66.32,63.94,70.63,223.89,70.46,66.13,-3.14,3.14
1833,58.656,0.555417,0.299068,-0.290982,2,FOLLOWING,69.97,70.08,66.68,66.3,77.13,223.1,68.6,67.44,73.83,74.0,67.54,66.41,69.69,234.8,69.56,67.75,-3.14,3.14
1834,58.688,0.555417,0.299068,-0.211758,2,FOLLOWING,69.53,68.33,66.96,68.67,72.71,225.76,87.48,67.56,68.87,65.69,67.36,72.24,66.08,229.75,115.8,67.75,-3.14,3.14
1835,58.72,0.55548,0.299057,-0.135009,2,FOLLOWING,67.76,71.83,67.16,68.6,69.29,222.84,110.92,66.64,65.1,77.09,67.46,68.49,64.15,218.45,146.09,65.26,-3.14,3.14
1836,58.752,0.55548,0.299057,-0.055784,2,FOLLOWING,69.2,69.75,65.14,66.95,66.39,219.91,127.84,69.18,71.37,66.64,62.11,64.47,62.04,215.53,153.21,72.99,-3.14,3.14
1837,58.784,0.55548,0.299057,0.023441,2,AVOID_RIGHT,68.17,68.75,64.56,66.19,67.48,215.04,157.16,68.86,66.61,67.26,63.69,65.06,69.11,207.73,201.14,68.38,0.8,0.15
1838,58.816,0.555802,0.299064,0.016013,2,AVOID_RIGHT,66.1,66.62,66.18,67.09,68.39,210.69,169.19,68.02,63.0,63.41,68.6,68.43,69.76,204.17,187.23,66.75,0.8,0.15
1839,58.848,0.556124,0.299068,0.008586,2,AVOID_RIGHT,67.36,68.47,66.03,67.09,70.23,212.49,177.49,68.15,69.25,71.24,65.8,67.08,73.0,215.19,189.96,68.36,0.8,0.15
1840,58.88,0.556446,0.299069,0.001159,2,AVOID_RIGHT,64.85,66.66,66.71,66.64,70.22,210.46,174.16,66.95,61.08,63.95,67.73,65.96,70.2,207.41,169.16,65.15,0.8,0.15
1841,58.912,0.556703,0.299068,-0.008744,2,AVOID_RIGHT,65.26,67.02,69.54,63.16,69.67,212.81,173.96,64.93,65.88,67.57,73.8,57.95,68.84,216.33,173.65,61.9,0.8,0.15
1842,58.944,0.557025,0.299064,-0.016172,2,AVOID_RIGHT,66.29,66.89,67.58,65.15,65.62,212.83,178.03,67.39,67.84,66.69,64.63,68.14,59.56,212.87,184.14,71.08,0.8,0.15
1843,58.976,0.557347,0.299058,-0.023599,2,AVOID_RIGHT,67.41,65.87,66.88,66.12,66.54,215.21,177.19,69.42,69.09,64.33,65.82,67.57,67.91,218.78,175.94,72.46,0.8,0.15
1844,59.008,0.557669,0.299049,-0.031026,2,AVOID_RIGHT,67.09,66.96,66.98,66.61,67.27,219.09,172.43,67.24,66.61,68.61,67.14,67.34,68.36,224.9,165.29,63.97,0.8,0.15
1845,59.04,0.557926,0.29904,-0.040929,2,AVOID_RIGHT,66.19,66.29,66.4,67.75,67.25,215.03,169.89,67.09,64.84,65.27,65.52,69.46,67.22,208.94,166.07,66.87,0.8,0.15
1846,59.072,0.558248,0.299025,-0.048357,2,AVOID_RIGHT,64.46,65.28,68.08,67.4,66.05,213.39,172.33,67.47,61.86,63.77,70.61,66.87,64.26,210.94,175.98,68.03,0.8,0.15
1847,59.104,0.558569,0.299009,-0.055784,2,AVOID_RIGHT,63.58,64.33,67.19,63.54,64.81,216.37,169.88,67.11,62.26,62.9,65.86,57.74,62.93,220.83,166.22,66.57,0.8,0.15
1848,59.136,0.55889,0.29899,-0.063211,2,AVOID_RIGHT,64.74,64.51,69.12,64.27,65.82,219.44,166.28,66.47,66.48,64.79,72.01,65.36,67.35,224.04,160.86,65.5,0.8,0.15
1849,59.168,0.559147,0.298972,-0.073114,2,AVOID_RIGHT,64.24,65.46,69.98,66.66,65.5,223.15,164.08,67.74,63.5,66.89,71.28,70.25,65.0,228.72,160.77,69.65,0.8,0.15
1850,59.2,0.559532,0.298942,-0.083018,2,AVOID_RIGHT,65.18,65.02,69.22,67.64,66.92,229.13,160.36,69.28,66.59,64.34,68.08,69.1,69.06,238.1,154.79,71.58,0.8,0.15
1851,59.232,0.559853,0.298914,-0.090445,2,AVOID_RIGHT,65.76,66.45,67.97,66.96,64.03,230.61,158.98,66.85,66.62,68.6,66.09,65.96,59.69,232.82,156.92,63.21,0.8,0.15
1852,59.264,0.560173,0.298884,-0.097872,2,AVOID_RIGHT,65.58,66.27,67.55,67.33,65.56,233.18,158.43,67.59,65.3,65.99,66.91,67.88,67.85,237.03,157.59,68.7,0.8,0.15
1853,59.296,0.560429,0.298857,-0.107775,2,AVOID_RIGHT,64.3,66.12,67.17,66.15,66.48,231.62,154.82,65.99,62.39,65.91,66.6,64.39,67.86,229.28,149.41,63.58,0.8,0.15
1854,59.328,0.560749,0.298822,-0.115203,2,AVOID_RIGHT,64.57,64.99,66.41,66.39,67.85,233.02,153.88,69.17,64.96,63.3,65.28,66.74,69.9,235.12,152.48,73.95,0.8,0.15
1855,59.36,0.561069,0.298783,-0.12263,2,AVOID_RIGHT,63.23,64.71,66.79,65.96,65.2,235.76,153.22,68.8,61.23,64.28,67.35,65.31,61.23,239.87,152.24,68.24,0.8,0.15
1856,59.392,0.561388,0.298743,-0.130057,2,AVOID_RIGHT,65.85,66.65,66.99,67.68,63.16,236.83,149.72,70.48,69.78,69.55,67.3,70.27,60.11,238.45,144.46,73.0,0.8,0.15
1857,59.424,0.561643,0.298708,-0.13996,2,AVOID_RIGHT,64.81,65.56,66.77,65.83,64.72,237.49,149.48,69.66,63.25,63.93,66.43,63.04,67.06,238.47,149.12,68.43,0.8,0.15
1858,59.456,0.561962,0.298662,-0.147388,2,AVOID_RIGHT,66.98,66.15,66.26,68.07,65.71,235.98,150.32,67.67,70.24,67.03,65.5,71.43,67.19,233.71,151.58,64.69,0.8,0.15
1859,59.488,0.56228,0.298614,-0.154815,2,AVOID_RIGHT,65.19,68.87,66.62,67.01,65.81,236.85,149.93,66.89,62.5,72.95,67.15,65.42,65.97,238.17,149.35,65.71,0.8,0.15
1860,59.52,0.562598,0.298563,-0.162242,2,AVOID_RIGHT,66.06,67.16,65.56,69.11,65.25,242.74,142.49,66.75,67.36,64.59,63.97,72.27,64.41,251.57,131.33,66.55,0.8,0.15
1861,59.552,0.562915,0.29851,-0.169669,2,AVOID_RIGHT,65.25,66.07,66.09,70.8,66.45,241.91,141.12,67.13,64.03,64.43,66.89,73.34,68.24,240.66,139.06,67.7,0.8,0.15
1862,59.584,0.563169,0.298465,-0.179573,2,AVOID_RIGHT,65.19,66.67,67.66,70.04,65.83,243.8,139.5,67.32,65.1,67.57,70.02,68.9,64.9,246.63,137.07,67.61,0.8,0.15
1863,59.616,0.563548,0.298394,-0.189476,2,AVOID_RIGHT,65.74,66.24,68.32,69.56,65.57,243.03,142.15,66.34,66.57,65.58,69.32,68.84,65.17,241.89,146.12,64.88,0.8,0.15
1864,59.648,0.563864,0.298332,-0.196903,2,AVOID_RIGHT,66.18,67.39,67.2,69.14,65.49,245.51,111.61,63.98,66.85,69.12,65.52,68.5,65.37,249.22,65.81,60.45,0.8,0.15
1865,59.68,0.56418,0.298268,-0.20433,2,AVOID_RIGHT,65.7,65.71,65.41,69.89,65.99,251.6,94.13,63.61,64.98,63.18,62.72,71.01,66.75,260.75,67.9,63.05,0.6,-0.6
1866,59.712,0.56418,0.298268,-0.219185,2,AVOID_RIGHT,66.62,66.51,64.92,69.34,67.45,248.57,83.35,67.88,68.01,67.72,64.18,68.52,69.63,244.02,67.19,74.28,0.8,0.15
1867,59.744,0.564431,0.298211,-0.229088,2,AVOID_RIGHT,67.36,67.08,66.54,66.96,67.81,249.88,75.68,67.03,68.48,67.92,68.98,63.38,68.36,251.85,64.18,65.76,0.8,0.15
1868,59.776,0.564744,0.298137,-0.236515,2,AVOID_RIGHT,66.54,66.33,67.6,66.94,67.64,253.47,72.42,65.79,65.3,65.21,69.2,66.92,67.39,258.86,67.53,63.93,0.6,-0.6
1869,59.808,0.564744,0.298137,-0.25137,2,AVOID_RIGHT,67.46,68.05,68.36,67.4,67.75,254.01,69.91,63.97,68.84,70.64,69.49,68.1,67.91,254.83,66.15,61.24,0.6,-0.6
1870,59.84,0.564744,0.298137,-0.266224,2,AVOID_RIGHT,70.06,68.57,67.12,66.84,66.66,252.83,68.83,62.47,73.97,69.35,65.25,65.99,65.02,251.06,67.21,60.21,0.6,-0.6
1871,59.872,0.564744,0.298137,-0.281079,2,AVOID_RIGHT,67.32,68.58,66.89,68.04,67.74,251.17,69.69,62.83,63.2,68.6,66.56,69.84,69.36,248.67,70.97,63.39,0.6,-0.6
1872,59.904,0.564744,0.298137,-0.295934,2,AVOID_RIGHT,67.84,69.37,67.29,66.99,67.21,253.73,69.18,66.65,68.61,70.57,67.88,65.42,66.42,257.58,68.42,72.36,0.6,-0.6
1873,59.936,0.564744,0.298137,-0.310788,2,AVOID_RIGHT,66.61,66.13,65.37,67.5,68.67,252.63,71.39,65.11,64.77,61.27,62.49,68.27,70.87,250.99,74.71,62.81,0.6,-0.6
1874,59.968,0.564744,0.298137,-0.325643,2,AVOID_RIGHT,66.6,66.56,65.82,69.92,67.76,253.37,71.21,67.74,66.58,67.21,66.5,73.55,66.38,254.46,70.93,71.68,0.6,-0.6
1875,60.0,0.564744,0.298137,-0.340498,2,AVOID_RIGHT,66.7,64.59,66.56,68.0,69.04,251.3,67.82,66.09,66.86,61.64,67.67,65.11,70.97,248.19,62.75,63.62,0.6,-0.6
1876,60.032,0.564744,0.298137,-0.355352,2,AVOID_RIGHT,66.11,66.43,68.33,66.75,68.39,252.63,68.75,65.84,65.23,69.18,70.99,64.87,67.4,254.64,70.15,65.45,0.6,-0.6
1877,60.064,0.564744,0.298137,-0.370207,2,AVOID_RIGHT,65.95,64.07,67.64,65.38,66.78,251.42,68.18,63.41,65.71,60.53,66.6,63.32,64.36,249.6,67.31,59.77,0.6,-0.6
1878,60.096,0.564744,0.298137,-0.385061,2,AVOID_RIGHT,66.17,67.52,65.85,65.64,67.39,248.76,66.72,63.32,66.5,72.69,63.16,66.05,68.3,244.78,64.54,63.17,0.8,0.15
1879,60.128,0.565041,0.298014,-0.39744,2,AVOID_RIGHT,66.98,68.5,64.04,65.87,66.25,246.3,68.18,67.0,68.18,69.98,61.33,66.22,64.54,242.61,70.38,72.53,0.8,0.15
1880,60.16,0.565338,0.297888,-0.404868,2,AVOID_RIGHT,66.07,66.73,65.61,66.02,67.07,246.99,69.11,67.93,64.71,64.06,67.95,66.23,68.31,248.02,70.5,69.32,0.8,0.15
1881,60.192,0.565633,0.29776,-0.412295,2,AVOID_RIGHT,67.67,64.74,64.83,66.67,66.56,243.88,66.57,68.03,70.09,61.76,63.68,67.66,65.8,239.22,62.77,68.18,0.8,0.15
1882,60.224,0.565927,0.29763,-0.419722,2,AVOID_RIGHT,64.97,65.44,67.69,67.35,65.46,242.56,66.52,68.22,60.91,66.49,71.98,68.37,63.8,240.58,66.44,68.51,0.8,0.15
1883,60.256,0.566162,0.297524,-0.429625,2,AVOID_RIGHT,66.58,67.05,66.3,68.6,65.95,240.39,67.53,66.07,69.0,69.45,64.2,70.47,66.69,237.14,69.04,62.84,0.8,0.15
1884,60.288,0.566454,0.297389,-0.437053,2,AVOID_RIGHT,65.35,69.26,64.73,67.31,69.5,240.49,64.2,65.77,63.51,72.59,62.39,65.37,74.83,240.64,59.21,65.32,0.8,0.15
1885,60.32,0.566745,0.297252,-0.44448,2,AVOID_RIGHT,66.88,70.44,65.93,66.79,67.77,241.4,66.02,65.55,69.17,72.21,67.72,66.02,65.17,242.75,68.76,65.23,0.8,0.15
1886,60.352,0.567035,0.297112,-0.451907,2,AVOID_RIGHT,66.14,68.34,67.14,67.31,66.69,238.25,66.54,67.78,65.04,65.19,68.96,68.09,65.08,233.54,67.32,71.12,0.8,0.15
1887,60.384,0.567266,0.296999,-0.46181,2,AVOID_RIGHT,66.27,67.89,67.2,68.09,69.45,232.66,69.82,66.71,66.47,67.2,67.29,69.26,73.59,224.27,74.75,65.1,0.8,0.15
1888,60.416,0.567554,0.296854,-0.469238,2,AVOID_RIGHT,65.48,66.03,68.68,68.56,68.43,233.5,68.12,66.4,64.3,63.25,70.9,69.26,66.9,234.75,65.56,65.94,0.8,0.15
1889,60.448,0.567841,0.296708,-0.476665,2,AVOID_RIGHT,66.77,68.52,65.8,69.27,67.58,233.49,67.79,66.64,68.71,72.26,61.47,70.34,66.3,233.47,67.31,67.0,0.8,0.15
1890,60.48,0.568126,0.296559,-0.484092,2,AVOID_RIGHT,69.3,66.19,66.27,67.83,66.22,231.97,69.43,66.3,73.1,62.7,66.98,65.67,64.2,229.7,71.87,65.79,0.8,0.15
1891,60.512,0.568353,0.296438,-0.493995,2,AVOID_RIGHT,67.43,66.56,66.4,67.54,66.85,231.27,68.58,66.99,64.62,67.1,66.59,67.12,67.79,230.21,67.31,68.02,0.8,0.15
1892,60.544,0.568692,0.296253,-0.503898,2,AVOID_RIGHT,64.56,67.76,65.93,67.72,68.74,231.33,69.08,67.54,60.24,69.57,65.24,67.99,71.56,231.42,69.82,68.36,0.8,0.15
1893,60.576,0.568974,0.296097,-0.511326,2,AVOID_RIGHT,67.16,66.48,64.93,68.41,70.58,230.29,70.7,63.47,71.08,64.56,63.43,69.43,73.35,228.72,73.14,57.37,0.8,0.15
1894,60.608,0.569254,0.295938,-0.518753,2,AVOID_RIGHT,68.41,68.56,66.4,68.21,72.24,223.29,68.8,65.64,70.27,71.68,68.6,67.92,74.72,212.81,65.95,68.9,0.8,0.15
1895,60.64,0.569533,0.295778,-0.52618,2,AVOID_RIGHT,66.79,69.03,66.46,68.61,74.02,222.38,67.92,65.53,64.38,69.72,66.55,69.19,76.7,221.0,66.59,65.36,0.8,0.15
1896,60.672,0.569755,0.295647,-0.536083,2,AVOID_RIGHT,68.05,68.77,69.22,68.57,79.25,220.84,68.27,65.68,69.93,68.38,73.37,68.52,87.1,218.53,68.81,65.91,0.8,0.15
1897,60.704,0.570031,0.295482,-0.543511,2,AVOID_RIGHT,66.11,70.01,66.19,65.8,83.11,219.91,68.0,64.06,63.2,71.88,61.65,61.64,88.91,218.52,67.59,61.62,0.8,0.15
1898,60.736,0.570306,0.295314,-0.550938,2,AVOID_RIGHT,66.57,67.73,66.06,65.82,83.3,217.22,67.98,64.53,67.26,64.3,65.86,65.84,83.58,213.19,67.96,65.24,0.8,0.15
1899,60.768,0.570579,0.295145,-0.558365,2,AVOID_RIGHT,66.46,66.84,67.17,65.02,87.2,215.71,68.56,64.42,66.3,65.5,68.83,63.82,93.04,213.45,69.43,64.26,0.8,0.15
1900,60.8,0.570797,0.295007,-0.568268,2,AVOID_RIGHT,66.77,67.0,66.02,66.52,92.23,218.07,67.6,66.58,67.23,67.24,64.29,68.77,99.77,221.61,66.15,69.82,0.8,0.15
1901,60.832,0.571068,0.294833,-0.575696,2,AVOID_RIGHT,66.74,63.57,68.22,66.09,94.38,214.23,67.06,66.74,66.7,58.43,71.53,65.45,97.61,208.46,66.26,66.98,0.8,0.15
1902,60.864,0.571337,0.294657,-0.583123,2,AVOID_RIGHT,67.05,64.47,70.48,65.77,97.33,212.75,66.8,67.16,67.52,65.83,73.87,65.3,101.76,210.52,66.4,67.78,0.8,0.15
1903,60.896,0.571605,0.294479,-0.59055,2,AVOID_RIGHT,66.5,63.97,71.39,68.4,100.6,207.69,65.93,66.85,65.67,63.21,72.76,72.33,105.5,200.11,64.64,66.38,0.8,0.15
1904,60.928,0.571818,0.294334,-0.600453,2,AVOID_RIGHT,67.12,64.88,68.47,67.98,100.73,211.88,66.24,68.09,68.05,66.23,64.09,67.36,100.92,218.16,66.71,69.95,0.8,0.15
1905,60.96,0.572136,0.294114,-0.610356,2,AVOID_RIGHT,67.83,65.23,68.27,69.7,102.68,208.65,64.64,66.34,68.9,65.77,67.97,72.28,105.62,203.8,62.24,63.71,0.8,0.15
1906,60.992,0.572399,0.293929,-0.617784,2,AVOID_RIGHT,67.42,64.49,67.64,70.25,105.74,203.73,64.78,67.44,66.8,63.37,66.69,71.08,110.33,196.36,64.99,69.09,0.8,0.15
1907,61.024,0.57266,0.293741,-0.625211,2,FOLLOWING,67.48,65.39,67.46,67.48,105.49,201.21,66.11,68.63,67.56,66.73,67.19,63.32,105.1,197.43,68.11,70.41,-3.14,3.14
1908,61.056,0.57266,0.293741,-0.545986,2,FOLLOWING,65.8,65.24,68.21,68.27,96.28,201.15,69.72,69.33,63.28,65.02,69.33,69.45,82.46,201.06,75.14,70.39,-3.14,3.14
1909,61.088,0.57266,0.293741,-0.466762,2,FOLLOWING,66.47,65.89,66.87,68.3,83.88,208.31,67.53,69.9,67.47,66.86,64.87,68.35,65.29,219.06,64.24,70.76,-3.14,3.14
1910,61.12,0.57266,0.293741,-0.387537,2,FOLLOWING,67.67,65.29,65.48,70.3,79.83,214.05,67.49,70.64,69.48,64.41,63.4,73.29,73.75,222.66,67.43,71.75,-3.14,3.14
1911,61.152,0.57266,0.293741,-0.308313,2,FOLLOWING,70.59,67.19,67.73,70.16,73.67,216.46,68.51,69.67,74.96,70.02,71.09,69.95,64.44,220.07,70.04,68.21,-3.14,3.14
1912,61.184,0.57266,0.293741,-0.229088,2,FOLLOWING,70.03,65.97,68.32,68.75,72.93,217.45,65.62,70.26,69.2,64.14,69.21,66.65,71.82,218.93,61.28,71.15,-3.14,3.14
1913,61.216,0.57266,0.293741,-0.149863,2,FOLLOWING,66.82,66.16,67.18,68.14,72.5,220.97,64.36,70.21,62.0,66.45,65.47,67.22,71.85,226.26,62.47,70.13,-3.14,3.14
1914,61.248,0.572596,0.293749,-0.073114,2,FOLLOWING,65.87,66.67,68.15,66.96,70.87,218.74,65.14,69.39,64.45,67.42,69.61,65.18,68.41,215.4,66.3,68.15,-3.14,3.14
1915,61.28,0.572596,0.293749,0.00611,2,FOLLOWING,65.38,65.27,68.11,66.08,67.11,211.94,111.64,69.64,64.64,63.17,68.04,64.77,61.48,201.72,181.41,70.01,-3.14,3.14
1916,61.312,0.572596,0.293749,0.085335,2,FOLLOWING,66.22,65.1,67.06,65.05,67.98,203.17,145.32,66.73,67.49,64.84,65.49,63.51,69.28,190.01,195.82,62.36,-3.14,3.14
1917,61.344,0.572596,0.293749,0.164559,2,AVOID_RIGHT,65.78,68.52,67.19,66.55,68.12,185.44,177.06,67.32,65.11,73.64,67.39,68.79,68.34,158.86,224.67,68.21,0.8,0.15
1918,61.376,0.572914,0.2938,0.157132,2,AVOID_RIGHT,65.79,68.03,69.28,64.74,68.44,178.54,191.22,69.23,65.8,67.29,72.41,62.02,68.91,168.19,212.46,72.1,0.8,0.15
1919,61.408,0.573232,0.293849,0.149705,2,AVOID_RIGHT,65.22,67.13,67.6,64.7,66.22,180.09,201.53,69.51,64.36,65.79,65.07,64.64,62.9,182.4,216.99,69.93,0.8,0.15
1920,61.44,0.573551,0.293896,0.142277,2,AVOID_RIGHT,62.4,68.76,67.38,65.46,64.41,178.48,209.48,70.34,58.19,71.2,67.05,66.6,61.7,176.06,221.4,71.58,0.8,0.15
1921,61.472,0.573806,0.293931,0.132374,2,AVOID_RIGHT,64.02,66.21,65.68,67.14,63.65,182.21,213.13,67.37,66.45,62.39,63.13,69.67,62.5,187.8,218.61,62.93,0.8,0.15
1922,61.504,0.574125,0.293973,0.124947,2,AVOID_RIGHT,66.78,66.45,65.1,67.57,65.88,182.42,219.53,67.35,70.91,66.81,64.23,68.22,69.23,182.74,229.14,67.31,0.8,0.15
1923,61.536,0.574444,0.294012,0.11752,2,AVOID_RIGHT,65.79,65.8,65.34,66.4,66.36,182.15,218.82,69.14,64.3,64.81,65.71,64.64,67.09,181.74,217.75,71.83,0.8,0.15
1924,61.568,0.574764,0.294048,0.110092,2,AVOID_RIGHT,66.95,64.35,66.15,67.14,66.86,190.21,214.04,69.45,68.7,62.17,67.36,68.24,67.61,202.29,206.88,69.92,0.8,0.15
1925,61.6,0.575148,0.294089,0.100189,2,AVOID_RIGHT,68.75,65.32,66.9,67.11,66.91,194.29,209.09,69.92,71.45,66.78,68.02,67.08,66.99,200.42,201.65,70.62,0.8,0.15
1926,61.632,0.575404,0.294113,0.090286,2,AVOID_RIGHT,67.06,64.95,68.91,67.47,68.09,194.45,206.96,69.35,64.53,64.38,71.94,68.0,69.85,194.69,203.76,68.5,0.8,0.15
1927,61.664,0.575725,0.294141,0.082859,2,AVOID_RIGHT,66.86,64.97,68.57,69.75,65.94,201.23,209.47,71.76,66.54,65.0,68.06,73.16,62.71,211.4,213.24,75.36,0.8,0.15
1928,61.696,0.576046,0.294167,0.075432,2,AVOID_RIGHT,64.43,65.03,68.93,68.47,65.3,202.97,209.19,71.01,60.8,65.14,69.46,66.56,64.34,205.58,208.76,69.89,0.8,0.15
1929,61.728,0.576367,0.29419,0.068004,2,AVOID_RIGHT,63.58,66.47,67.88,68.39,68.28,205.56,213.31,71.34,62.29,68.62,66.32,68.27,72.76,209.46,219.5,71.83,0.8,0.15
1930,61.76,0.576624,0.294206,0.058101,2,AVOID_RIGHT,63.37,66.78,68.46,67.72,69.0,204.71,211.37,68.77,63.06,67.24,69.32,66.7,70.08,203.43,208.45,64.91,0.8,0.15
1931,61.792,0.576945,0.294223,0.050674,2,AVOID_RIGHT,66.83,65.5,67.96,69.43,71.09,207.97,211.1,67.89,72.01,63.58,67.2,72.01,74.22,212.85,210.71,66.58,0.8,0.15
1932,61.824,0.577267,0.294238,0.043247,2,AVOID_RIGHT,68.4,65.49,69.16,68.9,69.78,212.97,211.52,67.35,70.75,65.49,70.95,68.1,67.82,220.48,212.15,66.54,0.8,0.15
1933,61.856,0.577588,0.294251,0.035819,2,AVOID_RIGHT,70.1,63.96,70.14,67.53,68.03,218.53,209.79,67.86,72.67,61.66,71.63,65.47,65.41,226.87,207.19,68.64,0.8,0.15
1934,61.888,0.577846,0.294259,0.025916,2,AVOID_RIGHT,69.39,64.74,69.25,68.76,68.11,217.51,206.97,69.8,68.33,65.9,67.92,70.62,68.22,215.96,202.75,72.7,0.8,0.15
1935,61.92,0.578168,0.294266,0.018489,2,AVOID_RIGHT,65.47,66.18,68.56,68.9,66.91,219.42,153.37,68.65,59.58,68.34,67.53,69.09,65.11,222.3,72.97,66.94,0.8,0.15
1936,61.952,0.578489,0.294271,0.011062,2,AVOID_RIGHT,67.38,66.29,70.04,71.11,69.23,224.73,118.78,68.68,70.25,66.45,72.25,74.44,72.7,232.68,66.89,68.73,0.8,0.15
1937,61.984,0.578811,0.294273,0.003634,2,AVOID_RIGHT,66.25,65.1,67.68,68.96,69.16,221.84,98.2,68.95,64.55,63.33,64.13,65.73,69.07,217.5,67.33,69.34,0.8,0.15
1938,62.016,0.579133,0.294273,-0.008744,2,AVOID_RIGHT,67.8,67.38,67.71,68.44,67.49,226.11,87.67,71.45,70.12,70.8,67.76,67.67,64.97,232.51,71.88,75.22,0.8,0.15
1939,62.048,0.579455,0.294269,-0.016172,2,AVOID_RIGHT,68.37,66.37,68.27,68.14,65.1,230.76,77.34,69.16,69.22,64.86,69.1,67.68,61.52,237.73,61.85,65.72,0.8,0.15
1940,62.08,0.579777,0.294262,-0.023599,2,AVOID_RIGHT,68.65,65.34,67.82,68.79,63.06,231.63,71.83,69.46,69.08,63.79,67.16,69.77,60.0,232.94,63.56,69.9,0.8,0.15
1941,62.112,0.580098,0.294253,-0.031026,2,AVOID_RIGHT,68.19,67.26,67.79,69.03,65.01,235.63,71.79,70.04,67.5,70.15,67.73,69.4,67.95,241.62,71.73,70.91,0.8,0.15
1942,62.144,0.58042,0.294242,-0.038454,2,AVOID_RIGHT,66.86,66.41,67.25,64.83,66.67,236.39,68.76,69.7,64.88,65.14,66.44,58.51,69.17,237.54,64.21,69.19,0.8,0.15
1943,62.176,0.580677,0.294231,-0.048357,2,AVOID_RIGHT,66.36,68.66,66.83,68.18,66.63,236.82,68.8,68.4,65.6,72.04,66.21,73.21,66.56,237.46,68.86,66.44,0.8,0.15
1944,62.208,0.580999,0.294214,-0.055784,2,AVOID_RIGHT,65.29,66.58,66.58,67.0,67.85,239.83,69.47,68.4,63.68,63.45,66.19,65.24,69.69,244.35,70.46,68.41,0.8,0.15
1945,62.24,0.58132,0.294195,-0.063211,2,AVOID_RIGHT,64.89,70.41,64.75,67.81,68.37,240.82,68.15,68.09,64.3,76.15,62.02,69.01,69.15,242.29,66.19,67.62,0.8,0.15
1946,62.272,0.581641,0.294174,-0.070639,2,AVOID_RIGHT,66.97,69.36,67.31,67.51,68.92,244.62,65.93,67.32,70.08,67.8,71.14,67.06,69.74,250.34,62.59,66.17,0.8,0.15
1947,62.304,0.581898,0.294154,-0.080542,2,AVOID_RIGHT,70.31,67.92,67.17,69.74,67.93,244.94,64.63,67.0,75.33,65.75,66.95,73.09,66.45,245.4,62.69,66.52,0.8,0.15
1948,62.336,0.582219,0.294127,-0.087969,2,AVOID_RIGHT,71.2,69.64,66.75,68.62,66.91,253.21,64.93,66.76,72.52,72.23,66.12,66.93,65.37,265.61,65.39,66.41,0.6,-0.6
1949,62.368,0.582219,0.294127,-0.102824,2,AVOID_RIGHT,69.68,67.91,65.3,69.04,65.42,257.84,65.71,67.42,67.4,65.31,63.12,69.67,63.19,264.78,66.86,68.4,0.6,-0.6
1950,62.4,0.582219,0.294127,-0.117678,2,AVOID_RIGHT,69.51,65.95,65.19,67.9,64.06,258.22,66.45,67.23,69.26,63.02,65.03,66.18,62.01,258.78,67.57,66.95,0.6,-0.6
1951,62.432,0.582219,0.294127,-0.132533,2,AVOID_RIGHT,68.01,66.56,65.49,68.22,65.28,261.11,66.24,64.32,65.76,67.47,65.94,68.7,67.11,265.45,65.91,59.96,0.6,-0.6
1952,62.464,0.582282,0.294118,-0.149863,2,AVOID_RIGHT,67.21,65.79,67.22,65.33,65.83,262.06,66.77,67.04,66.01,64.64,69.81,61.01,66.65,263.49,67.57,71.12,0.6,-0.6
1953,62.496,0.582282,0.294118,-0.164718,2,AVOID_RIGHT,64.4,67.64,67.83,66.72,65.93,267.95,68.45,68.51,60.17,70.43,68.75,68.79,66.08,276.78,70.97,70.7,0.6,-0.6
1954,62.528,0.582282,0.294118,-0.179573,2,AVOID_RIGHT,66.8,69.61,67.9,65.94,66.01,266.02,68.03,66.92,70.42,72.56,68.01,64.78,66.15,263.13,67.39,64.55,0.6,-0.6
1955,62.56,0.582282,0.294118,-0.194427,2,AVOID_RIGHT,67.38,68.64,69.21,69.39,67.95,264.25,67.05,66.22,68.23,67.19,71.18,74.56,70.86,261.6,65.58,65.17,0.6,-0.6
1956,62.592,0.582282,0.294118,-0.209282,2,AVOID_RIGHT,69.35,69.19,67.46,68.85,66.68,263.19,68.05,66.26,72.32,70.01,64.82,68.05,64.77,261.61,69.56,66.33,0.6,-0.6
1957,62.624,0.582282,0.294118,-0.224136,2,AVOID_RIGHT,69.82,68.88,65.88,67.76,66.24,266.75,68.23,67.17,70.52,68.42,63.52,66.12,65.58,272.08,68.49,68.52,0.6,-0.6
1958,62.656,0.582282,0.294118,-0.238991,2,AVOID_RIGHT,68.39,66.62,67.1,69.61,66.58,267.74,69.31,68.15,66.25,63.23,68.93,72.39,67.1,269.23,70.92,69.64,0.6,-0.6
1959,62.688,0.582282,0.294118,-0.253846,2,AVOID_RIGHT,69.73,64.12,64.19,70.04,65.25,271.23,68.46,66.73,71.73,60.37,59.83,70.68,63.26,276.46,67.2,64.6,0.6,-0.6
1960,62.72,0.58222,0.294135,-0.271176,2,AVOID_RIGHT,70.05,66.41,64.03,72.29,68.48,269.58,68.76,68.72,70.53,69.84,63.8,75.66,73.31,267.11,69.2,71.7,0.6,-0.6
1961,62.752,0.58222,0.294135,-0.286031,2,AVOID_RIGHT,68.94,68.29,64.03,71.08,68.65,273.79,68.98,68.3,67.28,71.12,64.03,69.28,68.92,280.12,69.31,67.68,0.6,-0.6
1962,62.784,0.58222,0.294135,-0.300885,2,AVOID_RIGHT,67.22,65.62,66.02,70.76,68.99,273.4,67.37,68.15,64.64,61.6,69.0,70.26,69.49,272.81,64.95,67.92,0.6,-0.6
1963,62.816,0.58222,0.294135,-0.31574,2,AVOID_RIGHT,68.29,65.37,68.16,67.6,68.49,271.96,68.39,64.26,69.9,65.0,71.36,62.88,67.75,269.79,69.93,58.42,0.6,-0.6
1964,62.848,0.58222,0.294135,-0.330594,2,AVOID_RIGHT,67.36,64.33,67.17,65.75,69.04,270.96,68.73,66.39,65.95,62.78,65.68,62.98,69.85,269.46,69.25,69.58,0.6,-0.6
1965,62.88,0.58222,0.294135,-0.345449,2,AVOID_RIGHT,66.24,64.92,68.87,65.66,70.53,271.44,65.6,67.34,64.58,65.8,71.43,65.52,72.77,272.16,60.9,68.77,0.6,-0.6
1966,62.912,0.58222,0.294135,-0.360304,2,AVOID_RIGHT,65.81,64.82,68.39,65.62,72.01,273.02,66.65,67.11,65.16,64.66,67.66,65.57,74.23,275.39,68.24,66.76,0.6,-0.6
1967,62.944,0.58222,0.294135,-0.375158,2,AVOID_RIGHT,65.67,67.76,68.11,67.5,71.46,275.18,66.81,64.74,65.47,72.17,67.69,70.33,70.62,278.42,67.03,61.19,0.6,-0.6
1968,62.976,0.58222,0.294135,-0.390013,2,AVOID_RIGHT,64.92,67.64,69.57,68.14,72.17,271.18,67.11,65.18,63.79,67.47,71.77,69.1,73.24,265.19,67.58,65.85,0.6,-0.6
1969,63.008,0.58222,0.294135,-0.404868,2,AVOID_RIGHT,67.52,67.94,67.79,67.59,69.15,270.85,67.51,65.04,71.42,68.37,65.1,66.76,64.63,270.35,68.1,64.81,0.6,-0.6
1970,63.04,0.582279,0.294109,-0.422198,2,AVOID_RIGHT,67.36,64.38,67.87,66.97,68.44,267.97,68.28,65.31,67.11,59.04,67.99,66.04,67.36,263.66,69.44,65.73,0.6,-0.6
1971,63.072,0.582279,0.294109,-0.437053,2,AVOID_RIGHT,66.32,67.44,67.5,65.92,68.46,267.84,69.12,66.4,64.77,72.05,66.96,64.34,68.5,267.64,70.39,68.04,0.6,-0.6
1972,63.104,0.582279,0.294109,-0.451907,2,AVOID_RIGHT,66.84,66.89,69.25,66.23,68.26,266.64,69.3,65.51,67.62,66.05,71.86,66.7,67.96,264.83,69.57,64.18,0.6,-0.6
1973,63.136,0.582279,0.294109,-0.466762,2,AVOID_RIGHT,66.61,67.07,67.2,68.23,69.26,263.2,69.51,67.68,66.26,67.36,64.14,71.22,70.75,258.05,69.83,70.92,0.6,-0.6
1974,63.168,0.582279,0.294109,-0.481616,2,AVOID_RIGHT,66.05,64.14,67.08,66.9,69.72,264.44,70.67,68.78,65.22,59.75,66.9,64.92,70.41,266.29,72.4,70.44,0.6,-0.6
1975,63.2,0.582279,0.294109,-0.496471,2,AVOID_RIGHT,66.92,63.8,68.93,67.99,72.92,264.77,69.38,68.27,68.23,63.28,71.7,69.62,77.71,265.28,67.46,67.51,0.6,-0.6
1976,63.232,0.582279,0.294109,-0.511326,2,AVOID_RIGHT,66.81,65.18,65.66,67.08,77.0,257.61,67.25,67.27,66.63,67.26,60.77,65.72,83.14,246.86,64.06,65.77,0.6,-0.6
1977,63.264,0.582223,0.294141,-0.528656,2,AVOID_RIGHT,65.51,66.68,66.63,65.85,81.7,254.9,68.26,69.03,63.56,68.92,68.09,64.02,88.74,250.83,69.76,71.68,0.6,-0.6
1978,63.296,0.582223,0.294141,-0.543511,2,AVOID_RIGHT,66.35,69.07,66.03,67.59,86.91,253.01,67.89,69.35,67.6,72.65,65.12,70.2,94.74,250.18,67.33,69.84,0.6,-0.6
1979,63.328,0.582223,0.294141,-0.558365,2,AVOID_RIGHT,65.44,68.31,63.84,67.34,90.54,251.15,65.85,71.53,64.08,67.17,60.56,66.96,95.99,248.36,62.79,74.79,0.6,-0.6
1980,63.36,0.582223,0.294141,-0.57322,2,AVOID_RIGHT,67.62,67.26,65.28,66.31,94.82,247.28,66.35,69.5,70.88,65.69,67.43,64.75,101.23,241.47,67.11,66.46,0.8,0.15
1981,63.392,0.582493,0.293965,-0.580647,2,AVOID_RIGHT,69.26,67.49,69.11,66.51,98.67,244.26,68.56,67.65,71.73,67.83,74.85,66.82,104.44,239.72,71.88,64.88,0.8,0.15
1982,63.424,0.582761,0.293788,-0.588074,2,AVOID_RIGHT,68.76,65.8,67.92,68.21,103.53,241.05,67.36,67.4,68.0,63.26,66.14,70.75,110.82,236.25,65.56,67.03,0.8,0.15
1983,63.456,0.583029,0.293608,-0.595502,2,AVOID_RIGHT,69.35,64.24,65.54,68.0,105.73,240.13,67.45,66.34,70.23,61.9,61.98,67.7,109.04,238.73,67.6,64.75,0.8,0.15
1984,63.488,0.583241,0.293463,-0.605405,2,AVOID_RIGHT,66.94,65.84,64.8,67.83,109.12,239.33,68.06,65.29,63.34,68.26,63.67,67.56,114.19,238.14,68.98,63.7,0.8,0.15
1985,63.52,0.583505,0.293279,-0.612832,2,AVOID_RIGHT,64.92,67.47,65.34,68.14,109.76,238.7,66.47,65.51,61.89,69.9,66.16,68.61,110.73,237.74,64.07,65.83,0.8,0.15
1986,63.552,0.58382,0.293055,-0.622735,2,AVOID_RIGHT,65.05,65.76,64.27,67.12,111.58,237.34,66.18,63.68,65.24,63.2,62.67,65.59,114.31,235.31,65.75,60.95,0.8,0.15
1987,63.584,0.58408,0.292866,-0.630163,2,AVOID_RIGHT,66.42,67.24,64.33,67.65,111.83,231.63,64.76,64.72,68.48,69.47,64.41,68.43,112.21,223.07,62.64,66.26,0.8,0.15
1988,63.616,0.584288,0.292713,-0.640066,2,AVOID_RIGHT,66.59,67.18,64.01,67.14,111.7,223.39,65.87,64.95,66.85,67.1,63.54,66.38,111.5,211.03,67.53,65.3,0.8,0.15
1989,63.648,0.584545,0.29252,-0.647493,2,AVOID_RIGHT,66.94,66.96,66.34,65.85,115.34,221.71,67.09,67.26,67.47,66.63,69.82,63.93,120.8,219.2,68.92,70.72,0.8,0.15
1990,63.68,0.584801,0.292325,-0.65492,2,AVOID_RIGHT,63.43,64.7,65.89,67.08,112.68,223.24,66.85,67.88,58.17,61.31,65.23,68.91,108.69,225.53,66.49,68.82,0.8,0.15
1991,63.712,0.585056,0.292128,-0.662348,2,AVOID_RIGHT,68.72,65.23,65.46,67.29,109.47,222.68,68.29,69.06,76.66,66.02,64.81,67.61,104.66,221.84,70.44,70.83,0.8,0.15
1992,63.744,0.585258,0.291969,-0.672251,2,AVOID_RIGHT,68.29,65.97,67.16,68.8,113.02,160.9,67.33,69.41,67.63,67.07,69.71,71.07,118.34,68.24,65.89,69.92,0.8,0.15
1993,63.776,0.585509,0.291767,-0.679678,2,AVOID_RIGHT,67.19,65.69,66.76,68.65,117.09,122.9,68.35,67.16,65.56,65.27,66.16,68.43,123.2,65.89,69.88,63.8,0.8,0.15
1994,63.808,0.585759,0.291564,-0.687105,2,AVOID_RIGHT,68.24,64.09,67.38,67.82,114.5,100.23,70.78,65.63,69.82,61.7,68.31,66.57,110.6,66.22,74.42,63.34,0.8,0.15
1995,63.84,0.586007,0.291359,-0.694533,2,AVOID_RIGHT,68.62,66.15,68.4,67.25,115.9,89.3,68.49,68.56,69.2,69.24,69.92,66.4,118.0,72.9,65.07,72.94,0.8,0.15
1996,63.872,0.586253,0.291152,-0.70196,2,AVOID_RIGHT,65.39,64.81,68.18,69.32,115.27,79.7,67.17,67.27,60.54,62.79,67.86,72.44,114.32,65.3,65.2,65.34,0.8,0.15
1997,63.904,0.586449,0.290985,-0.711863,2,AVOID_RIGHT,67.18,66.71,66.5,66.79,118.58,76.59,68.13,65.99,69.87,69.57,63.97,62.98,123.55,71.92,69.56,64.06,0.8,0.15
1998,63.936,0.586692,0.290774,-0.71929,2,AVOID_RIGHT,68.8,64.52,64.36,66.89,119.46,72.68,69.0,68.11,71.23,61.23,61.16,67.04,120.78,66.83,70.29,71.3,0.8,0.15
1999,63.968,0.586981,0.290518,-0.729193,2,AVOID_RIGHT,68.23,67.65,65.84,65.44,118.5,72.61,69.21,66.12,67.38,72.35,68.06,63.28,117.06,72.49,69.53,63.13,0.8,0.15
2000,64.0,0.58722,0.290303,-0.736621,2,AVOID_RIGHT,66.76,68.87,65.67,64.3,120.32,69.89,68.91,67.52,64.55,70.7,65.4,62.58,123.04,65.82,68.46,69.62,0.8,0.15
2001,64.032,0.58741,0.290129,-0.746524,2,AVOID_RIGHT,65.09,69.83,65.89,66.72,124.15,69.27,68.4,68.9,62.58,71.27,66.22,70.35,129.89,68.33,67.62,70.97,0.8,0.15
2002,64.064,0.587646,0.289909,-0.753951,2,AVOID_RIGHT,67.63,68.28,66.17,66.68,121.68,69.78,66.67,68.8,71.44,65.96,66.59,66.61,117.97,70.56,64.07,68.66,0.8,0.15
2003,64.096,0.587879,0.289688,-0.761378,2,AVOID_RIGHT,67.98,64.37,64.62,66.94,122.91,68.46,69.47,69.03,68.5,58.51,62.31,67.34,124.76,66.47,73.69,69.36,0.8,0.15
2004,64.128,0.588112,0.289465,-0.768806,2,AVOID_RIGHT,67.14,66.98,65.39,68.78,128.56,68.87,69.49,68.21,65.89,70.88,66.53,71.53,137.05,69.49,69.52,66.98,0.8,0.15
2005,64.16,0.588296,0.289285,-0.778709,2,AVOID_RIGHT,69.5,64.63,64.93,70.36,128.61,68.43,69.06,66.16,73.04,61.1,64.23,72.73,128.68,67.77,68.4,63.1,0.8,0.15
2006,64.192,0.588524,0.289058,-0.786136,2,AVOID_RIGHT,69.62,62.23,62.82,67.51,129.14,67.44,67.51,63.66,69.79,58.65,59.67,63.23,129.93,65.96,65.2,59.91,0.8,0.15
2007,64.224,0.588751,0.28883,-0.793563,2,AVOID_RIGHT,69.84,62.7,62.63,68.17,131.58,66.73,68.45,64.85,70.18,63.4,62.35,69.16,135.25,65.67,69.86,66.63,0.8,0.15
2008,64.256,0.588975,0.288599,-0.800991,2,AVOID_RIGHT,68.02,65.59,64.1,67.84,129.15,67.02,67.98,66.98,65.29,69.92,66.31,67.36,125.49,67.45,67.26,70.18,0.8,0.15
2009,64.288,0.589154,0.288414,-0.810894,2,FOLLOWING,66.32,66.43,66.03,66.88,131.13,69.91,68.83,68.33,63.77,67.7,68.91,65.45,134.1,74.24,70.1,70.36,-3.14,3.14
2010,64.32,0.589154,0.288414,-0.731669,2,FOLLOWING,65.89,65.88,65.73,65.24,123.74,70.06,67.06,67.14,65.24,65.05,65.29,62.78,112.65,70.28,64.42,65.35,-3.14,3.14
2011,64.352,0.589154,0.288414,-0.652444,2,FOLLOWING,66.03,67.11,65.5,67.31,119.94,69.2,65.97,65.46,66.24,68.96,65.16,70.43,114.26,67.92,64.33,62.93,-3.14,3.14
2012,64.384,0.589154,0.288414,-0.57322,2,FOLLOWING,66.39,66.96,64.51,68.25,103.54,68.9,66.25,65.17,66.94,66.73,63.02,69.66,78.94,68.44,66.66,64.75,-3.14,3.14
2013,64.416,0.589154,0.288414,-0.493995,2,FOLLOWING,67.17,65.79,64.59,68.62,91.35,125.95,65.15,64.55,68.33,64.04,64.7,69.17,73.06,211.52,63.5,63.6,-3.14,3.14
2014,64.448,0.589154,0.288414,-0.414771,2,FOLLOWING,66.75,67.24,63.51,66.81,80.69,164.35,64.54,64.59,66.11,69.41,61.9,64.1,64.69,221.95,63.62,64.66,-3.14,3.14
2015,64.48,0.589154,0.288414,-0.335546,2,FOLLOWING,66.64,69.5,67.38,67.09,74.46,189.69,64.47,66.32,66.49,72.9,73.17,67.51,65.11,227.71,64.38,68.91,-3.14,3.14
2016,64.512,0.589154,0.288414,-0.256321,2,FOLLOWING,66.21,70.8,67.74,68.44,71.81,198.98,64.36,68.98,65.57,72.76,68.28,70.46,67.85,212.91,64.19,72.97,-3.14,3.14
2017,64.544,0.589217,0.2884,-0.179573,2,FOLLOWING,66.44,67.67,67.34,68.27,69.99,207.89,63.16,70.69,66.77,62.98,66.73,68.01,67.25,221.25,61.36,73.25,-3.14,3.14
2018,64.576,0.589217,0.2884,-0.100348,2,FOLLOWING,69.91,67.39,64.72,68.72,69.22,208.81,63.88,72.04,75.11,66.95,60.8,69.41,68.08,210.21,64.97,74.08,-3.14,3.14
2019,64.608,0.589217,0.2884,-0.021123,2,FOLLOWING,70.75,65.1,65.11,68.17,67.95,205.99,65.57,71.11,72.01,61.66,65.69,67.35,66.04,201.74,68.1,69.71,-3.14,3.14
2020,64.64,0.589217,0.2884,0.058101,2,FOLLOWING,69.06,66.5,65.54,65.97,66.29,196.82,65.5,67.54,66.54,68.6,66.19,62.67,63.8,183.08,65.4,62.18,-3.14,3.14
2021,64.672,0.589217,0.2884,0.137326,2,FOLLOWING,67.76,65.68,67.52,64.15,67.8,182.48,66.28,69.53,65.81,64.46,70.49,61.42,70.07,160.96,67.46,72.51,-3.14,3.14
2022,64.704,0.589217,0.2884,0.216551,2,FOLLOWING,67.12,65.44,66.85,62.77,68.13,170.4,133.52,68.32,66.16,65.07,65.84,60.69,68.62,152.28,234.38,66.5,-2.7745,3.14
2023,64.736,0.589279,0.288416,0.293299,2,AVOID_RIGHT,67.59,64.89,68.13,63.43,67.94,156.0,176.89,69.07,68.3,64.06,70.04,64.42,67.65,134.41,241.94,70.21,0.8,0.15
2024,64.768,0.589649,0.288526,0.283396,2,AVOID_RIGHT,68.65,66.98,66.0,64.55,68.23,149.98,202.57,66.76,70.23,70.12,62.8,66.23,68.67,140.95,241.08,63.3,0.8,0.15
2025,64.8,0.589959,0.288615,0.275969,2,AVOID_RIGHT,68.44,68.36,68.41,66.85,68.96,148.57,225.11,66.69,68.13,70.42,72.02,70.3,70.05,146.45,258.93,66.58,0.8,0.15
2026,64.832,0.590207,0.288684,0.266066,2,AVOID_RIGHT,67.87,66.69,68.5,69.32,70.66,145.63,231.26,64.07,67.02,64.19,68.63,73.04,73.2,141.22,240.48,60.15,0.8,0.15
2027,64.864,0.590517,0.288767,0.258639,2,AVOID_RIGHT,66.06,69.0,69.04,65.2,69.92,144.85,240.88,64.92,63.34,72.47,69.84,59.02,68.8,143.69,255.31,66.19,0.8,0.15
2028,64.896,0.590829,0.288848,0.251211,2,AVOID_RIGHT,65.87,70.64,67.02,63.62,72.53,142.6,245.82,66.29,65.58,73.09,64.0,61.25,76.46,139.22,253.24,68.35,0.8,0.15
2029,64.928,0.591141,0.288927,0.243784,2,AVOID_RIGHT,63.9,68.42,67.28,64.76,71.42,147.61,174.16,65.05,60.94,65.1,67.67,66.48,69.76,155.12,66.66,63.19,0.8,0.15
2030,64.96,0.591391,0.288988,0.233881,2,AVOID_RIGHT,63.68,68.83,66.93,63.87,68.36,151.14,131.57,66.17,63.35,69.44,66.39,62.53,63.76,156.44,67.69,67.86,0.8,0.15
2031,64.992,0.591704,0.289061,0.226454,2,AVOID_RIGHT,65.36,67.18,69.83,64.0,70.75,153.61,108.37,66.76,67.88,64.7,74.19,64.19,74.33,157.32,73.58,67.64,0.8,0.15
2032,65.024,0.592018,0.289132,0.219026,2,AVOID_RIGHT,65.97,66.92,66.36,66.27,69.43,155.26,93.08,67.0,66.89,66.55,61.16,69.68,67.45,157.74,70.14,67.35,0.8,0.15
2033,65.056,0.592333,0.289201,0.211599,2,AVOID_RIGHT,65.79,63.82,67.42,67.2,68.0,159.22,82.0,68.63,65.51,59.15,69.0,68.59,65.86,165.15,65.39,71.07,0.8,0.15
2034,65.088,0.592648,0.289268,0.204172,2,AVOID_RIGHT,66.14,64.75,66.6,67.34,67.03,162.72,77.88,67.61,66.67,66.16,65.37,67.55,65.58,167.97,71.69,66.09,0.8,0.15
2035,65.12,0.5929,0.289319,0.194269,2,AVOID_RIGHT,66.99,64.26,68.15,67.45,65.67,165.55,73.0,67.6,68.25,63.52,70.47,67.62,63.62,169.8,65.69,67.57,0.8,0.15
2036,65.152,0.593216,0.28938,0.186841,2,AVOID_RIGHT,68.97,67.79,69.38,68.21,65.11,167.74,69.39,68.67,71.94,73.09,71.24,69.36,64.27,171.02,63.96,70.29,0.8,0.15
2037,65.184,0.593596,0.289449,0.176938,2,AVOID_RIGHT,69.13,68.05,67.25,67.42,69.57,176.56,68.96,66.09,69.36,68.43,64.06,66.22,76.25,189.79,68.32,62.21,0.8,0.15
2038,65.216,0.593913,0.289505,0.169511,2,AVOID_RIGHT,70.16,67.99,68.68,66.17,69.54,178.35,68.19,67.07,71.72,67.89,70.83,64.31,69.5,181.05,67.02,68.54,0.8,0.15
2039,65.248,0.594167,0.289547,0.159608,2,AVOID_RIGHT,69.28,69.11,65.06,65.59,69.58,182.89,68.85,65.95,67.95,70.8,59.62,64.72,69.64,189.69,69.85,64.27,0.8,0.15
2040,65.28,0.594485,0.289597,0.152181,2,AVOID_RIGHT,64.77,67.21,67.56,65.65,66.61,188.75,67.35,66.89,58.01,64.36,71.31,65.74,62.14,197.53,65.1,68.31,0.8,0.15
2041,65.312,0.594803,0.289645,0.144753,2,AVOID_RIGHT,66.77,67.7,68.68,64.97,64.92,193.93,68.71,64.31,69.78,68.44,70.35,63.94,62.39,201.69,70.76,60.44,0.8,0.15
2042,65.344,0.595122,0.28969,0.137326,2,AVOID_RIGHT,66.81,70.3,66.99,64.78,66.77,198.98,67.27,66.01,66.87,74.2,64.45,64.49,69.54,206.55,65.09,68.56,0.8,0.15
2043,65.376,0.595377,0.289724,0.127423,2,AVOID_RIGHT,68.98,70.79,66.65,65.74,66.46,198.09,67.41,67.97,72.24,71.52,66.16,67.19,66.0,196.77,67.62,70.91,0.8,0.15
2044,65.408,0.595697,0.289764,0.119996,2,FOLLOWING,68.78,69.5,67.29,66.13,67.76,200.27,67.16,69.13,68.48,67.56,68.23,66.72,69.7,203.53,66.79,70.87,-3.14,3.14
2045,65.44,0.595697,0.289764,0.19922,2,FOLLOWING,70.23,69.08,67.31,65.62,68.67,195.88,67.84,68.33,72.42,68.44,67.34,64.86,70.05,189.29,68.85,67.12,-2.9429,3.14
2046,65.472,0.595759,0.289779,0.275969,2,FOLLOWING,68.76,67.03,67.21,67.53,67.91,183.55,67.15,67.09,66.56,63.96,67.07,70.4,66.78,165.06,66.11,65.23,-2.4981,3.14
2047,65.504,0.595943,0.289838,0.347766,2,AVOID_RIGHT,68.22,62.49,67.91,67.22,67.82,168.03,171.87,66.88,67.42,55.67,68.96,66.75,67.69,144.74,328.96,66.56,0.8,0.15
2048,65.536,0.596307,0.289968,0.337863,2,AVOID_RIGHT,69.31,63.63,65.92,67.09,66.7,161.92,229.67,66.73,70.93,65.34,62.94,66.89,65.02,152.76,316.38,66.51,0.8,0.15
2049,65.568,0.596611,0.290073,0.330436,2,AVOID_RIGHT,67.93,65.78,67.52,66.74,68.19,155.08,164.77,66.05,65.87,69.01,69.93,66.22,70.42,144.82,67.42,65.04,0.8,0.15
2050,65.6,0.596855,0.290156,0.320533,2,AVOID_RIGHT,69.86,64.18,67.07,67.04,65.29,156.69,126.51,65.21,72.76,61.78,66.39,67.49,60.95,159.1,69.12,63.96,0.8,0.15
2051,65.632,0.59716,0.290256,0.313106,2,AVOID_RIGHT,70.13,68.55,66.33,67.1,67.63,158.98,102.28,65.97,70.53,75.11,65.22,67.2,71.13,162.43,65.93,67.1,0.8,0.15
2052,65.664,0.597467,0.290354,0.305678,2,AVOID_RIGHT,69.44,67.2,67.26,67.12,66.93,161.12,85.49,64.6,68.4,65.18,68.64,67.15,65.89,164.32,60.32,62.56,0.8,0.15
2053,65.696,0.597774,0.29045,0.298251,2,AVOID_RIGHT,67.33,66.81,65.29,67.43,68.11,163.65,75.76,66.62,64.18,66.21,62.33,67.89,69.88,167.45,61.16,69.64,0.8,0.15
2054,65.728,0.598021,0.290524,0.288348,2,AVOID_RIGHT,66.87,66.21,65.91,67.37,70.05,170.63,73.47,64.2,66.17,65.32,66.85,67.29,72.95,181.09,70.04,60.56,0.8,0.15
2055,65.76,0.59833,0.290615,0.280921,2,AVOID_RIGHT,67.12,63.27,67.41,68.89,69.69,171.15,70.76,66.43,67.49,58.86,69.65,71.17,69.16,171.95,66.7,69.79,0.8,0.15
2056,65.792,0.598639,0.290703,0.273493,2,AVOID_RIGHT,66.16,63.86,67.63,68.76,69.01,176.32,69.24,67.23,64.72,64.74,67.98,68.56,67.99,184.07,66.95,68.43,0.8,0.15
2057,65.824,0.598949,0.290788,0.266066,2,AVOID_RIGHT,65.55,66.04,70.66,66.93,66.22,181.98,67.86,66.03,64.63,69.32,75.2,64.18,62.03,190.46,65.8,64.22,0.8,0.15
2058,65.856,0.59926,0.290872,0.258639,2,AVOID_RIGHT,67.45,65.97,69.59,66.7,65.7,184.44,67.24,65.51,70.31,65.87,67.99,66.37,64.93,188.14,66.32,64.73,0.8,0.15
2059,65.888,0.59951,0.290937,0.248736,2,AVOID_RIGHT,67.61,65.09,69.35,67.33,67.29,192.05,67.05,68.98,67.83,63.75,68.99,68.27,69.67,203.46,66.77,74.19,0.8,0.15
2060,65.92,0.599822,0.291015,0.241308,2,AVOID_RIGHT,65.61,66.95,68.85,65.88,69.26,196.3,66.97,69.56,62.62,69.74,68.1,63.71,72.22,202.68,66.86,70.42,0.8,0.15
2061,65.952,0.600135,0.29109,0.233881,2,AVOID_RIGHT,64.48,69.1,68.01,64.0,69.52,203.18,65.86,67.01,62.78,72.32,66.75,61.17,69.9,213.48,64.19,63.19,0.8,0.15
2062,65.984,0.600511,0.291178,0.223978,2,AVOID_RIGHT,64.27,68.22,65.27,66.06,68.52,208.18,64.87,69.59,63.95,66.89,61.15,69.15,67.02,215.68,63.37,73.47,0.8,0.15
2063,66.016,0.600762,0.291234,0.214075,2,AVOID_RIGHT,63.84,69.98,67.18,69.78,69.68,207.93,68.16,68.99,63.19,72.64,70.06,75.36,71.42,207.56,73.09,68.08,0.8,0.15
2064,66.048,0.601077,0.291301,0.206647,2,FOLLOWING,65.97,69.64,66.22,68.21,69.46,205.59,67.3,67.03,69.18,69.13,64.77,65.85,69.14,202.09,66.03,64.08,-2.9553,3.14
2065,66.08,0.601139,0.291317,0.283396,2,FOLLOWING,66.26,69.2,66.6,67.3,69.18,197.06,67.38,68.22,66.7,68.53,67.17,65.93,68.75,184.25,67.5,70.01,-2.5106,3.14
2066,66.112,0.601323,0.291377,0.355194,2,FOLLOWING,65.4,67.34,64.96,68.93,67.88,189.19,67.48,66.82,64.11,64.55,62.5,71.38,65.95,177.38,67.62,64.73,-2.0957,3.14
2067,66.144,0.60162,0.291499,0.422039,2,FOLLOWING,66.37,68.33,64.9,69.11,68.23,174.85,67.6,67.51,67.83,69.81,64.81,69.38,68.76,153.35,67.79,68.55,-1.7107,3.14
2068,66.176,0.602084,0.291724,0.481458,2,AVOID_RIGHT,67.05,65.7,67.23,67.74,68.67,156.31,208.21,66.73,68.07,61.77,70.73,65.68,69.33,128.49,419.13,65.54,0.8,0.15
2069,66.208,0.60237,0.291872,0.474031,2,AVOID_RIGHT,68.67,66.88,69.48,70.25,66.34,147.97,292.06,65.56,71.1,68.66,72.86,74.03,62.84,135.47,417.82,63.82,0.6,-0.6
2070,66.24,0.60237,0.291872,0.459176,2,AVOID_RIGHT,67.88,68.59,66.11,67.44,67.99,150.54,350.93,68.65,66.7,71.14,61.06,63.22,70.46,154.4,439.25,73.27,0.6,-0.6
2071,66.272,0.60237,0.291872,0.444321,2,AVOID_RIGHT,69.0,66.52,66.68,69.55,69.14,153.21,237.54,69.96,70.68,63.42,67.53,72.71,70.86,157.21,67.46,71.93,0.8,0.15
2072,66.304,0.602603,0.291982,0.434418,2,AVOID_RIGHT,68.2,65.61,65.1,68.35,69.72,155.22,169.79,69.56,66.99,64.24,62.73,66.55,70.58,158.24,68.15,68.97,0.8,0.15
2073,66.336,0.602895,0.292116,0.426991,2,AVOID_RIGHT,68.71,66.06,67.74,67.31,65.69,155.15,127.32,65.82,69.48,66.74,71.71,65.75,59.65,155.05,63.63,60.2,0.8,0.15
2074,66.368,0.603189,0.292248,0.419564,2,AVOID_RIGHT,69.89,64.85,66.7,67.17,66.62,161.03,103.33,67.09,71.67,63.04,65.13,66.96,68.01,169.83,67.35,69.0,0.8,0.15
2075,66.4,0.603483,0.292378,0.412136,2,AVOID_RIGHT,67.66,65.88,68.54,66.27,65.34,160.08,90.35,66.54,64.31,67.42,71.31,64.93,63.42,158.67,70.87,65.7,0.8,0.15
2076,66.432,0.603719,0.29248,0.402233,2,AVOID_RIGHT,66.15,66.67,68.44,66.97,65.33,165.26,80.4,65.23,63.89,67.86,68.28,68.02,65.31,173.03,65.47,63.27,0.8,0.15
2077,66.464,0.604016,0.292605,0.394806,2,AVOID_RIGHT,65.14,66.4,69.48,68.38,64.76,170.45,75.1,66.24,63.63,65.99,71.05,70.49,63.91,178.24,67.15,67.74,0.8,0.15
2078,66.496,0.604314,0.292728,0.387379,2,AVOID_RIGHT,64.03,63.79,68.62,68.49,68.57,175.54,71.86,67.51,62.36,59.88,67.33,68.66,74.28,183.17,67.0,69.42,0.8,0.15
2079,66.528,0.604612,0.292848,0.379951,2,AVOID_RIGHT,65.55,65.71,67.81,69.55,68.54,183.72,70.88,68.37,67.83,68.58,66.59,71.15,68.48,195.99,69.41,69.66,0.8,0.15
2080,66.56,0.604911,0.292966,0.372524,2,AVOID_RIGHT,67.46,65.3,65.55,66.63,66.88,190.02,69.87,68.1,70.33,64.68,62.17,62.24,64.41,199.48,68.35,67.7,0.8,0.15
2081,66.592,0.605152,0.293059,0.362621,2,AVOID_RIGHT,67.88,64.27,64.3,66.22,66.7,198.78,70.07,70.1,68.5,62.72,62.43,65.62,66.43,211.93,70.39,73.1,0.8,0.15
2082,66.624,0.605513,0.293194,0.352718,2,AVOID_RIGHT,67.94,64.06,67.41,68.43,66.84,204.95,70.51,68.76,68.04,63.74,72.07,71.73,67.05,214.21,71.16,66.74,0.8,0.15
2083,66.656,0.605816,0.293304,0.345291,2,AVOID_RIGHT,66.22,67.67,66.48,71.12,66.08,209.71,67.0,67.75,63.64,73.08,65.09,75.16,64.93,216.85,61.73,66.24,0.8,0.15
2084,66.688,0.606119,0.293412,0.337863,2,AVOID_RIGHT,65.63,68.27,65.89,70.28,67.76,211.14,68.41,67.18,64.74,69.17,65.0,69.03,70.27,213.29,70.54,66.32,0.8,0.15
2085,66.72,0.606362,0.293496,0.32796,2,AVOID_RIGHT,66.09,69.0,65.69,68.58,69.14,216.66,68.1,67.31,66.79,70.11,65.4,66.03,71.23,224.94,67.62,67.51,0.8,0.15
2086,66.752,0.606668,0.293599,0.320533,2,AVOID_RIGHT,67.82,71.73,69.15,70.06,67.88,219.56,71.11,64.62,70.4,75.82,74.33,72.28,65.98,223.91,75.62,60.58,0.8,0.15
2087,66.784,0.606973,0.293699,0.313106,2,AVOID_RIGHT,69.54,69.15,66.45,70.77,68.23,218.78,68.78,68.58,72.11,65.27,62.41,71.83,68.76,217.61,65.29,74.52,0.8,0.15
2088,66.816,0.60728,0.293797,0.305678,2,AVOID_RIGHT,67.56,69.06,67.17,71.23,67.29,226.39,67.51,67.01,64.6,68.93,68.25,71.93,65.89,237.79,65.6,64.66,0.8,0.15
2089,66.848,0.607526,0.293873,0.295775,2,AVOID_RIGHT,68.56,70.2,70.04,71.08,64.69,234.79,66.35,65.86,70.06,71.92,74.34,70.86,60.78,247.4,64.62,64.13,0.8,0.15
2090,66.88,0.607834,0.293966,0.288348,2,AVOID_RIGHT,67.78,68.34,67.85,68.35,66.24,243.12,65.76,65.02,66.62,65.55,64.56,64.24,68.56,255.62,64.89,63.78,0.8,0.15
2091,66.912,0.608143,0.294056,0.280921,2,AVOID_RIGHT,67.36,69.55,66.84,68.28,66.88,253.91,62.88,67.39,66.72,71.36,65.33,68.18,67.85,270.09,58.55,70.95,0.6,-0.6
2092,66.944,0.608143,0.294056,0.266066,2,AVOID_RIGHT,66.04,69.71,66.24,68.58,67.0,264.13,63.62,68.65,64.07,69.95,65.33,69.02,67.17,279.46,64.74,70.53,0.6,-0.6
2093,66.976,0.608143,0.294056,0.251211,2,AVOID_RIGHT,65.21,68.2,66.47,67.0,66.51,270.09,65.04,65.79,63.96,65.93,66.81,64.63,65.79,279.03,67.17,61.49,0.6,-0.6
2094,67.008,0.608143,0.294056,0.236357,2,AVOID_RIGHT,63.9,66.69,68.14,66.66,67.5,283.88,64.45,65.1,61.93,64.43,70.64,66.15,68.99,304.57,63.56,64.07,0.6,-0.6
2095,67.04,0.608143,0.294056,0.221502,2,AVOID_RIGHT,65.12,64.76,70.22,66.66,68.68,290.06,65.3,66.65,66.95,61.86,73.35,66.67,70.44,299.32,66.58,68.98,0.6,-0.6
2096,67.072,0.608206,0.29407,0.204172,2,AVOID_RIGHT,66.52,66.97,68.33,66.32,68.47,301.06,65.23,66.43,68.61,70.29,65.48,65.81,68.15,317.58,65.12,66.11,0.6,-0.6
2097,67.104,0.608206,0.29407,0.189317,2,AVOID_RIGHT,64.45,66.32,68.13,68.26,67.18,306.94,65.83,67.26,61.36,65.34,67.83,71.15,65.26,315.75,66.72,68.49,0.6,-0.6
2098,67.136,0.608206,0.29407,0.174462,2,AVOID_RIGHT,66.66,67.88,67.98,69.25,67.84,315.31,68.63,65.88,69.97,70.23,67.75,70.74,68.82,327.86,72.83,63.81,0.6,-0.6
2099,67.168,0.608142,0.294059,0.157132,2,AVOID_RIGHT,67.78,69.49,65.95,68.93,67.14,320.19,68.23,68.19,69.46,71.89,62.92,68.46,66.1,327.5,67.62,71.67,0.6,-0.6
2100,67.2,0.608142,0.294059,0.142277,2,AVOID_RIGHT,69.41,67.58,66.33,67.74,69.72,333.76,67.34,67.33,71.85,64.73,66.9,65.94,73.59,354.11,66.0,66.04,0.6,-0.6
2101,67.232,0.608142,0.294059,0.127423,2,AVOID_RIGHT,67.33,68.69,67.75,66.3,67.96,340.61,65.84,67.57,64.2,70.35,69.87,64.15,65.32,350.89,63.58,67.92,0.6,-0.6
2102,67.264,0.608142,0.294059,0.112568,2,AVOID_RIGHT,67.28,67.01,67.9,67.5,67.02,347.44,66.44,67.43,67.2,64.48,68.13,69.29,65.62,357.68,67.34,67.23,0.6,-0.6
2103,67.296,0.608142,0.294059,0.097714,2,AVOID_RIGHT,68.0,65.65,67.4,67.64,68.3,351.9,67.47,66.17,69.08,63.61,66.64,67.86,70.23,358.6,69.01,64.28,0.6,-0.6
2104,67.328,0.608142,0.294059,0.082859,2,AVOID_RIGHT,69.46,68.38,68.33,68.79,67.52,357.8,66.21,65.9,71.67,72.49,69.73,70.51,66.34,366.64,64.32,65.49,0.6,-0.6
2105,67.36,0.608142,0.294059,0.068004,2,AVOID_RIGHT,68.74,66.93,68.29,67.6,69.48,360.49,66.44,68.21,67.65,64.74,68.24,65.81,72.43,364.53,66.79,71.68,0.6,-0.6
2106,67.392,0.608142,0.294059,0.05315,2,AVOID_RIGHT,68.44,66.16,67.36,67.52,64.49,362.96,67.52,66.88,67.99,65.02,65.95,67.4,57.0,366.66,69.15,64.89,0.6,-0.6
2107,67.424,0.608142,0.294059,0.038295,2,AVOID_RIGHT,67.57,66.18,65.6,68.3,64.85,369.84,67.36,68.55,66.27,66.21,62.97,69.47,65.4,380.18,67.12,71.06,0.6,-0.6
2108,67.456,0.608142,0.294059,0.023441,2,AVOID_RIGHT,66.82,66.06,66.15,67.97,68.35,371.55,65.78,68.24,65.68,65.88,66.97,67.47,73.6,374.1,63.4,67.78,0.6,-0.6
2109,67.488,0.608142,0.294059,0.008586,2,AVOID_RIGHT,64.66,64.95,65.34,68.96,68.56,375.39,66.92,65.63,61.44,63.29,64.12,70.46,68.89,381.16,68.62,61.7,0.6,-0.6
2110,67.52,0.608142,0.294059,-0.006269,2,AVOID_RIGHT,65.27,66.48,67.56,67.38,67.76,384.5,67.5,66.62,66.17,68.78,70.88,64.99,66.56,398.15,68.36,68.11,0.6,-0.6
2111,67.552,0.608142,0.294059,-0.021123,2,AVOID_RIGHT,66.36,67.15,65.75,69.08,68.57,396.99,67.81,66.44,68.01,68.14,63.04,71.63,69.79,415.73,68.28,66.16,0.6,-0.6
2112,67.584,0.608142,0.294059,-0.035978,2,AVOID_RIGHT,67.73,64.76,65.11,65.87,68.71,402.62,66.56,66.09,69.79,61.17,64.16,61.07,68.91,411.07,64.68,65.57,0.6,-0.6
2113,67.616,0.608207,0.294056,-0.053308,2,AVOID_RIGHT,66.98,66.06,67.57,64.61,67.28,412.94,64.92,67.18,65.84,68.0,71.26,62.71,65.13,428.41,62.46,68.82,0.6,-0.6
2114,67.648,0.608207,0.294056,-0.068163,2,AVOID_RIGHT,64.4,67.1,67.88,67.35,68.54,421.48,66.5,69.03,60.53,68.66,68.34,71.46,70.45,434.29,68.87,71.81,0.6,-0.6
2115,67.68,0.608207,0.294056,-0.083018,2,AVOID_RIGHT,66.28,67.84,68.21,67.47,68.16,434.17,67.57,67.9,69.1,68.95,68.71,67.66,67.58,453.22,69.19,66.2,0.6,-0.6
2116,67.712,0.608207,0.294056,-0.097872,2,AVOID_RIGHT,68.22,67.48,70.36,66.15,67.38,438.5,68.01,68.1,71.13,66.95,73.59,64.17,66.21,444.98,68.66,68.4,0.6,-0.6
2117,67.744,0.608143,0.294063,-0.115203,2,AVOID_RIGHT,68.17,68.94,70.25,68.39,65.23,445.99,69.85,67.02,68.09,71.12,70.08,71.76,62.0,457.24,72.62,65.39,0.6,-0.6
2118,67.776,0.608143,0.294063,-0.130057,2,AVOID_RIGHT,69.83,68.29,69.98,67.86,68.48,453.28,72.66,68.41,72.33,67.32,69.58,67.07,73.36,464.2,76.88,70.5,0.6,-0.6
2119,67.808,0.608143,0.294063,-0.144912,2,AVOID_RIGHT,67.78,67.71,69.28,66.87,67.62,455.42,71.35,67.74,64.7,66.83,68.22,65.38,66.32,458.64,69.38,66.73,0.6,-0.6
2120,67.84,0.608143,0.294063,-0.159766,2,AVOID_RIGHT,68.79,67.52,68.95,66.05,66.52,461.76,69.19,67.14,70.32,67.23,68.46,64.81,64.88,471.25,65.95,66.24,0.6,-0.6
2121,67.872,0.608143,0.294063,-0.174621,2,AVOID_RIGHT,68.45,68.69,67.68,66.23,66.17,476.45,68.48,66.18,67.93,70.44,65.78,66.5,65.65,498.48,67.42,64.74,0.6,-0.6
2122,67.904,0.608143,0.294063,-0.189476,2,AVOID_RIGHT,68.65,68.04,67.04,66.11,68.3,482.22,70.06,66.35,68.95,67.08,66.06,65.94,71.48,490.89,72.42,66.6,0.6,-0.6
2123,67.936,0.608143,0.294063,-0.20433,2,AVOID_RIGHT,67.02,66.36,67.23,63.92,69.01,488.01,70.66,65.66,64.57,63.83,67.53,60.63,70.08,496.69,71.57,64.62,0.6,-0.6
2124,67.968,0.608143,0.294063,-0.219185,2,AVOID_RIGHT,68.61,63.94,66.09,64.37,66.96,490.15,70.71,63.88,70.99,60.3,64.38,65.04,63.9,493.36,70.79,61.22,0.6,-0.6
2125,68.0,0.608143,0.294063,-0.234039,2,AVOID_RIGHT,67.19,66.53,67.75,65.84,69.09,487.73,68.78,65.71,65.07,70.43,70.24,68.05,72.29,484.09,65.88,68.45,0.6,-0.6
2126,68.032,0.608143,0.294063,-0.248894,2,AVOID_RIGHT,68.05,66.73,67.38,64.56,70.36,464.72,67.1,70.4,69.33,67.01,66.81,62.65,72.26,430.2,64.57,77.44,0.6,-0.6
2127,68.064,0.608143,0.294063,-0.263749,2,AVOID_RIGHT,66.85,67.23,69.23,64.26,69.11,369.02,67.11,71.47,65.05,67.99,72.01,63.81,67.24,225.48,67.14,73.08,0.6,-0.6
2128,68.096,0.608143,0.294063,-0.278603,2,AVOID_RIGHT,65.09,66.81,67.57,65.16,68.2,268.94,69.71,71.83,62.46,66.19,65.08,66.52,66.83,118.81,73.62,72.38,0.6,-0.6
2129,68.128,0.608143,0.294063,-0.293458,2,AVOID_RIGHT,63.47,65.66,68.52,65.01,67.19,186.89,66.25,71.31,61.03,63.93,69.94,64.78,65.69,63.81,61.05,70.53,0.8,0.15
2130,68.16,0.608512,0.29395,-0.303361,2,AVOID_RIGHT,65.05,67.62,69.97,66.17,68.06,139.13,64.95,70.26,67.42,70.56,72.14,67.9,69.36,67.49,62.99,68.69,0.8,0.15
2131,68.192,0.608757,0.293872,-0.313264,2,AVOID_RIGHT,65.42,70.04,68.99,66.34,67.21,110.3,65.02,68.74,65.99,73.67,67.53,66.61,65.94,67.05,65.14,66.47,0.8,0.15
2132,68.224,0.609063,0.293771,-0.320691,2,AVOID_RIGHT,67.55,67.32,68.05,66.08,68.49,95.69,66.03,68.43,70.73,63.25,66.63,65.69,70.4,73.77,67.53,67.96,0.8,0.15
2133,68.256,0.609368,0.293669,-0.328119,2,AVOID_RIGHT,68.07,67.62,66.86,68.49,66.66,84.04,65.59,68.27,68.86,68.06,65.07,72.11,63.92,66.56,64.94,68.03,0.8,0.15
2134,68.288,0.609672,0.293564,-0.335546,2,AVOID_RIGHT,69.0,67.1,65.29,67.64,67.05,77.7,68.77,67.65,70.38,66.33,62.95,66.35,67.63,68.21,73.54,66.72,0.8,0.15
2135,68.32,0.609915,0.293478,-0.345449,2,AVOID_RIGHT,66.35,67.47,65.64,70.15,67.47,71.92,65.6,67.69,62.38,68.02,66.16,73.92,68.1,63.24,60.85,67.75,0.8,0.15
2136,68.352,0.610217,0.293368,-0.352876,2,AVOID_LEFT,67.17,67.53,65.05,69.63,66.31,68.12,63.09,65.98,68.41,67.63,64.16,68.86,64.58,62.42,59.31,63.43,0.15,0.8
2137,68.384,0.61052,0.293258,-0.345449,2,AVOID_LEFT,69.03,67.66,65.0,69.19,65.79,67.64,64.0,63.37,71.81,67.85,64.94,68.53,64.99,66.92,65.38,59.46,0.15,0.8
2138,68.416,0.610763,0.293172,-0.335546,2,AVOID_LEFT,69.75,66.45,63.63,69.82,67.2,66.46,67.45,65.29,70.84,64.64,61.58,70.75,69.33,64.7,72.61,68.18,0.15,0.8
2139,68.448,0.611067,0.293067,-0.328119,2,AVOID_LEFT,70.62,67.84,65.8,66.71,69.12,65.99,68.71,65.79,71.92,69.92,69.06,62.05,71.99,65.29,70.6,66.52,0.15,0.8
2140,68.48,0.611372,0.292964,-0.320691,2,AVOID_RIGHT,67.3,68.45,65.87,66.52,68.22,67.48,67.46,68.84,62.31,69.36,65.97,66.25,66.89,69.7,65.59,73.41,0.8,0.15
2141,68.512,0.611677,0.292862,-0.328119,2,AVOID_LEFT,66.72,70.14,67.21,69.68,66.68,69.03,68.04,67.19,65.87,72.68,69.21,74.42,64.36,71.36,68.9,64.71,0.15,0.8
2142,68.544,0.611982,0.292759,-0.320691,2,AVOID_LEFT,67.83,69.79,67.2,69.29,70.22,68.46,67.87,65.11,69.5,69.27,67.19,68.71,75.53,67.6,67.63,61.99,0.15,0.8
2143,68.576,0.612288,0.292659,-0.313264,2,AVOID_LEFT,67.74,68.92,69.59,72.11,69.41,67.24,66.95,64.39,67.61,67.61,73.17,76.33,68.19,65.4,65.55,63.3,0.15,0.8
2144,68.608,0.612533,0.292581,-0.303361,2,AVOID_LEFT,68.62,67.82,68.19,70.2,67.26,68.08,65.74,63.91,69.92,66.17,66.08,67.33,64.04,69.34,63.92,63.2,0.15,0.8
2145,68.64,0.612841,0.292486,-0.295934,2,AVOID_LEFT,66.82,68.37,66.18,69.29,68.19,65.71,69.57,61.62,64.12,69.19,63.18,67.93,69.59,62.16,75.33,58.19,0.15,0.8
2146,68.672,0.613211,0.292375,-0.286031,2,AVOID_LEFT,68.56,69.47,64.72,69.87,68.3,66.22,67.11,64.07,71.18,71.12,62.53,70.74,68.47,66.99,63.41,67.74,0.15,0.8
2147,68.704,0.61352,0.292285,-0.278603,2,AVOID_LEFT,69.48,67.18,67.45,68.68,68.66,66.82,67.94,67.25,70.86,63.74,71.53,66.9,69.2,67.72,69.19,72.02,0.15,0.8
2148,68.736,0.613768,0.292216,-0.2687,2,AVOID_LEFT,67.01,66.59,70.75,72.53,69.16,69.2,70.82,65.65,63.29,65.7,75.72,78.3,69.9,72.76,75.14,63.24,0.15,0.8
2149,68.768,0.614078,0.292131,-0.261273,2,AVOID_LEFT,65.39,67.88,70.34,69.68,68.09,67.57,70.1,63.92,62.96,69.83,69.71,65.41,66.49,65.12,69.02,61.34,0.15,0.8
2150,68.8,0.61439,0.292049,-0.253846,2,AVOID_LEFT,69.05,69.75,68.35,69.59,68.04,66.48,69.09,65.88,74.55,72.54,65.36,69.45,67.97,64.86,67.57,68.81,0.15,0.8
2151,68.832,0.614701,0.29197,-0.246418,2,AVOID_LEFT,68.37,67.56,67.36,68.91,67.09,66.64,68.93,66.87,67.35,64.29,65.89,67.9,65.66,66.88,68.7,68.36,0.15,0.8
2152,68.864,0.615014,0.291892,-0.238991,2,AVOID_LEFT,69.41,67.09,69.08,70.55,66.52,68.38,68.84,65.96,70.98,66.37,71.66,73.02,65.67,70.98,68.69,64.61,0.15,0.8
2153,68.896,0.615264,0.291833,-0.229088,2,AVOID_LEFT,65.69,68.78,67.34,67.6,65.06,68.18,67.41,67.94,60.1,71.33,64.74,63.17,62.86,67.9,65.27,70.91,0.15,0.8
2154,68.928,0.615578,0.291761,-0.221661,2,AVOID_LEFT,67.19,68.83,68.05,68.77,66.78,67.12,66.82,66.78,69.45,68.9,69.12,70.53,69.36,65.53,65.93,65.03,0.15,0.8
2155,68.96,0.615892,0.291691,-0.214233,2,AVOID_LEFT,66.66,69.84,65.26,67.0,66.84,64.96,65.46,65.74,65.87,71.35,61.07,64.35,66.94,61.71,63.41,64.18,0.15,0.8
2156,68.992,0.616207,0.291624,-0.206806,2,AVOID_LEFT,67.18,68.11,64.86,68.86,67.06,65.01,65.62,66.99,67.97,65.52,64.27,71.66,67.39,65.1,65.87,68.87,0.15,0.8
2157,69.024,0.616459,0.291572,-0.196903,2,AVOID_LEFT,67.97,68.58,66.93,68.72,68.38,66.82,64.67,68.13,69.15,69.29,70.04,68.49,70.35,69.53,63.24,69.84,0.15,0.8
2158,69.056,0.616775,0.29151,-0.189476,2,FOLLOWING,67.6,65.88,67.6,67.43,66.38,68.06,65.55,69.71,67.04,61.83,68.61,65.49,63.38,69.91,66.88,72.09,-3.14,3.14
2159,69.088,0.616775,0.29151,-0.110251,2,FOLLOWING,67.98,66.65,64.81,68.05,64.73,96.39,65.68,70.14,68.54,67.8,60.63,69.0,62.27,138.89,65.86,70.79,-3.14,3.14
2160,69.12,0.616775,0.29151,-0.031026,2,FOLLOWING,68.69,65.78,68.12,68.15,68.02,200.12,66.25,69.21,69.77,64.48,73.09,68.28,72.95,355.72,67.12,67.8,-3.14,3.14
2161,69.152,0.616775,0.29151,0.048198,2,AVOID_RIGHT,65.39,65.99,67.17,68.65,65.79,272.26,65.99,69.65,60.43,66.31,65.75,69.41,62.44,380.46,65.6,70.3,0.6,-0.6
2162,69.184,0.616775,0.29151,0.033344,2,AVOID_RIGHT,63.95,66.43,66.41,65.7,65.69,323.73,65.81,66.88,61.79,67.08,65.25,61.28,65.55,400.93,65.54,62.74,0.6,-0.6
2163,69.216,0.616775,0.29151,0.018489,2,AVOID_RIGHT,67.4,66.66,66.87,63.76,68.3,353.87,67.07,67.65,72.59,67.01,67.57,60.86,72.21,399.07,68.95,68.79,0.6,-0.6
2164,69.248,0.616775,0.29151,0.003634,2,AVOID_RIGHT,67.77,68.49,66.67,66.38,67.95,374.88,66.76,67.26,68.33,71.23,66.37,70.3,67.44,406.4,66.3,66.67,0.6,-0.6
2165,69.28,0.616775,0.29151,-0.01122,2,AVOID_RIGHT,66.35,66.3,63.56,68.23,68.01,392.96,68.13,68.13,64.22,63.03,58.91,71.01,68.08,420.08,70.19,69.44,0.6,-0.6
2166,69.312,0.616775,0.29151,-0.026075,2,AVOID_RIGHT,67.45,66.63,64.72,68.13,69.09,397.34,68.05,67.77,69.09,67.12,66.46,67.97,70.71,403.92,67.93,67.24,0.6,-0.6
2167,69.344,0.616839,0.291508,-0.043405,2,AVOID_RIGHT,64.2,66.13,67.34,67.43,69.8,370.52,66.82,69.94,59.34,65.37,71.27,66.4,70.87,330.28,64.96,73.18,0.6,-0.6
2168,69.376,0.616839,0.291508,-0.05826,2,AVOID_RIGHT,65.56,66.33,69.15,67.99,67.39,337.16,65.97,69.18,67.58,66.65,71.87,68.82,63.78,287.12,64.7,68.05,0.6,-0.6
2169,69.408,0.616839,0.291508,-0.073114,2,AVOID_RIGHT,65.99,65.22,67.65,66.5,67.65,293.53,66.69,65.75,66.64,63.54,65.4,64.27,68.04,228.08,67.78,60.59,0.6,-0.6
2170,69.44,0.616839,0.291508,-0.087969,2,AVOID_RIGHT,66.39,65.41,66.52,67.69,65.85,250.93,67.7,66.89,67.0,65.7,64.81,69.48,63.14,187.05,69.22,68.59,0.6,-0.6
2171,69.472,0.616839,0.291508,-0.102824,2,AVOID_RIGHT,66.6,65.69,64.84,68.05,66.95,216.18,68.52,67.11,66.9,66.11,62.32,68.59,68.62,164.06,69.74,67.45,0.8,0.15
2172,69.504,0.617159,0.291474,-0.110251,2,AVOID_RIGHT,66.76,65.05,64.21,67.66,68.77,187.45,68.05,66.32,67.01,64.09,63.28,67.09,71.5,144.35,67.36,65.12,0.8,0.15
2173,69.536,0.617415,0.291444,-0.120154,2,AVOID_RIGHT,66.65,64.35,66.54,66.79,68.21,161.82,69.32,66.64,66.48,63.29,70.03,65.49,67.36,123.37,71.22,67.13,0.8,0.15
2174,69.568,0.617735,0.291405,-0.127581,2,AVOID_RIGHT,64.67,66.19,67.0,66.06,67.29,140.82,70.19,66.38,61.7,68.94,67.69,64.97,65.91,109.32,71.49,65.99,0.8,0.15
2175,69.6,0.618054,0.291362,-0.135009,2,AVOID_RIGHT,64.99,68.76,64.93,64.44,66.56,121.91,67.41,70.91,65.48,72.62,61.83,62.01,65.47,93.56,63.24,77.71,0.8,0.15
2176,69.632,0.618372,0.291318,-0.142436,2,AVOID_RIGHT,65.83,68.14,63.95,66.23,67.59,100.17,66.29,69.26,67.09,67.21,62.48,68.91,69.14,67.54,64.61,66.8,0.8,0.15
2177,69.664,0.618627,0.29128,-0.152339,2,AVOID_RIGHT,65.62,68.26,66.45,66.56,66.3,86.88,65.62,71.41,65.31,68.44,70.2,67.05,64.35,66.96,64.6,74.63,0.8,0.15
2178,69.696,0.618945,0.29123,-0.159766,2,AVOID_RIGHT,66.68,68.41,68.44,68.49,66.32,80.1,66.24,68.47,68.26,68.62,71.42,71.4,66.36,69.92,67.17,64.06,0.8,0.15
2179,69.728,0.619263,0.291178,-0.167194,2,AVOID_RIGHT,63.05,68.53,67.81,68.7,65.74,73.98,67.22,66.32,57.61,68.72,66.87,69.02,64.87,64.8,68.68,63.1,0.8,0.15
2180,69.76,0.61958,0.291123,-0.174621,2,AVOID_RIGHT,65.79,69.31,68.34,69.07,69.67,71.08,67.63,66.86,69.89,70.49,69.13,69.63,75.57,66.72,68.25,67.66,0.8,0.15
2181,69.792,0.619896,0.291065,-0.187,2,AVOID_RIGHT,67.45,67.36,66.56,67.42,68.27,70.7,68.49,67.24,69.95,64.44,63.9,64.94,66.17,70.13,69.78,67.81,0.8,0.15
2182,69.824,0.620212,0.291004,-0.194427,2,AVOID_RIGHT,66.6,67.26,68.84,65.31,68.75,67.15,66.86,65.85,65.33,67.1,72.25,62.14,69.46,61.82,64.42,63.78,0.8,0.15
2183,69.856,0.620528,0.290941,-0.201854,2,AVOID_RIGHT,65.65,66.48,65.69,64.5,67.11,67.48,70.01,64.33,64.21,65.31,60.98,63.3,64.66,67.97,74.73,62.04,0.8,0.15
2184,69.888,0.620843,0.290875,-0.209282,2,AVOID_RIGHT,65.9,67.47,65.47,63.02,67.72,67.17,69.17,64.52,66.27,68.97,65.13,60.8,68.62,66.72,67.92,64.82,0.8,0.15
2185,69.92,0.621158,0.290807,-0.216709,2,AVOID_RIGHT,64.49,68.74,64.51,66.37,69.45,67.05,69.56,65.4,62.39,70.63,63.07,71.38,72.04,66.86,70.15,66.7,0.8,0.15
2186,69.952,0.621409,0.29075,-0.226612,2,AVOID_LEFT,66.57,68.7,65.01,64.8,67.35,64.71,66.77,65.4,69.69,68.66,65.76,62.44,64.21,61.21,62.57,65.41,0.15,0.8
2187,69.984,0.621723,0.290679,-0.219185,2,AVOID_RIGHT,65.4,68.84,65.01,65.45,66.57,67.53,67.8,64.07,63.65,69.03,65.0,66.43,65.39,71.76,69.35,62.07,0.8,0.15
2188,70.016,0.622037,0.290608,-0.226612,2,AVOID_LEFT,66.7,69.74,66.81,67.13,65.54,64.37,66.98,63.75,68.64,71.1,69.5,69.66,64.0,59.62,65.74,63.28,0.15,0.8
2189,70.048,0.62235,0.290537,-0.219185,2,AVOID_LEFT,66.79,68.03,65.31,66.8,66.27,65.82,64.7,68.12,66.92,65.47,63.07,66.29,67.35,68.0,61.28,74.67,0.15,0.8
2190,70.08,0.622602,0.290482,-0.209282,2,AVOID_RIGHT,64.46,67.88,64.88,64.85,63.97,65.76,65.27,67.47,60.97,67.65,64.23,61.92,60.54,65.66,66.14,66.49,0.8,0.15
2191,70.112,0.622917,0.290414,-0.216709,2,AVOID_LEFT,65.06,68.67,65.91,64.23,64.77,66.55,64.42,67.2,65.95,69.85,67.46,63.3,65.96,67.74,63.13,66.79,0.15,0.8
2192,70.144,0.623231,0.290346,-0.209282,2,AVOID_LEFT,64.89,69.76,65.14,65.94,65.74,65.58,64.97,65.68,64.65,71.4,63.99,68.51,67.19,64.12,65.8,63.4,0.15,0.8
2193,70.176,0.623546,0.29028,-0.201854,2,AVOID_LEFT,67.15,69.26,63.75,67.28,66.71,67.18,65.93,66.01,70.55,68.51,61.66,69.28,68.18,69.58,67.38,66.51,0.15,0.8
2194,70.208,0.623862,0.290217,-0.194427,2,AVOID_RIGHT,68.24,67.75,64.65,66.48,68.1,68.11,66.79,67.43,69.88,65.47,66.0,65.28,70.17,69.5,68.07,69.56,0.8,0.15
2195,70.24,0.624177,0.290154,-0.201854,2,AVOID_RIGHT,68.6,66.98,67.1,67.45,67.99,68.51,66.95,67.39,69.13,65.82,70.79,68.91,67.83,69.12,67.18,67.33,0.8,0.15
2196,70.272,0.624492,0.290088,-0.209282,2,AVOID_LEFT,68.28,67.8,69.52,68.42,66.44,68.95,66.73,68.79,67.8,69.04,73.14,69.88,64.12,69.62,66.42,70.9,0.15,0.8
2197,70.304,0.624808,0.290022,-0.201854,2,AVOID_LEFT,68.4,66.88,68.81,67.36,66.12,67.58,68.21,66.74,68.57,65.49,67.76,65.77,65.63,65.53,70.42,63.66,0.15,0.8
2198,70.336,0.62506,0.289972,-0.191951,2,AVOID_RIGHT,67.52,66.66,68.28,67.27,68.47,68.6,68.11,66.61,66.19,66.34,67.47,67.14,71.99,70.12,67.96,66.41,0.8,0.15
2199,70.368,0.625376,0.289909,-0.199379,2,AVOID_RIGHT,65.66,68.2,65.08,65.76,69.11,70.72,69.49,67.2,62.87,70.5,60.28,63.49,70.08,73.9,71.56,68.09,0.8,0.15
2200,70.4,0.625628,0.289857,-0.209282,2,FOLLOWING,67.05,65.72,66.82,68.46,69.41,68.49,67.77,68.61,69.15,61.99,69.44,72.52,69.85,65.15,65.18,70.73,-3.14,3.14
2201,70.432,0.625691,0.289846,-0.132533,2,FOLLOWING,68.82,65.14,66.02,67.26,70.2,67.94,67.01,69.17,71.47,64.27,64.81,65.45,71.4,67.12,65.86,70.0,-3.14,3.14
2202,70.464,0.625691,0.289846,-0.053308,2,FOLLOWING,68.47,67.1,66.13,69.55,68.8,69.72,64.83,69.33,67.95,70.05,66.29,72.98,66.68,72.38,61.56,69.58,-3.14,3.14
2203,70.496,0.625691,0.289846,0.025916,2,FOLLOWING,67.71,63.03,67.43,68.89,65.15,93.36,65.54,65.94,66.56,56.92,69.38,67.91,59.67,128.82,66.62,60.86,-3.14,3.14
2204,70.528,0.625691,0.289846,0.105141,2,FOLLOWING,67.7,64.57,67.85,67.29,63.58,141.02,65.09,68.13,67.69,66.89,68.48,64.89,61.24,212.51,64.41,71.4,-3.14,3.14
2205,70.56,0.625691,0.289846,0.184366,2,FOLLOWING,64.5,64.61,65.9,65.4,66.34,224.37,65.9,70.01,59.7,64.66,62.99,62.57,70.47,349.39,67.12,72.84,-3.14,3.14
2206,70.592,0.625691,0.289846,0.26359,2,AVOID_RIGHT,64.71,65.95,66.85,67.31,66.03,259.67,65.6,69.16,65.03,67.97,68.27,70.18,65.56,312.62,65.15,67.87,0.6,-0.6
2207,70.624,0.625691,0.289846,0.248736,2,AVOID_RIGHT,66.57,67.34,66.8,66.57,66.22,280.25,67.25,67.9,69.35,69.43,66.73,65.45,66.51,311.13,69.73,66.02,0.6,-0.6
2208,70.656,0.625691,0.289846,0.233881,2,AVOID_RIGHT,67.13,66.05,66.77,67.64,68.82,303.59,66.51,68.59,67.98,64.11,66.71,69.26,72.71,338.6,65.4,69.61,0.6,-0.6
2209,70.688,0.625691,0.289846,0.219026,2,AVOID_RIGHT,68.76,67.54,66.36,65.49,67.94,314.1,68.2,68.83,71.19,69.78,65.75,62.27,66.63,329.85,70.73,69.19,0.6,-0.6
2210,70.72,0.625691,0.289846,0.204172,2,AVOID_RIGHT,67.05,67.59,66.01,66.35,67.64,330.71,67.13,67.69,64.49,67.67,65.5,67.64,67.18,355.64,65.53,65.98,0.6,-0.6
2211,70.752,0.625691,0.289846,0.189317,2,AVOID_RIGHT,69.1,66.28,67.44,67.77,67.76,337.58,67.28,66.79,72.18,64.31,69.59,69.9,67.95,347.87,67.52,65.45,0.6,-0.6
2212,70.784,0.625691,0.289846,0.174462,2,AVOID_RIGHT,67.05,66.47,70.04,69.0,66.81,332.02,66.15,67.22,63.98,66.75,73.94,70.85,65.38,323.69,64.46,67.85,0.6,-0.6
2213,70.816,0.625691,0.289846,0.159608,2,AVOID_RIGHT,67.96,69.08,68.85,68.93,66.39,321.19,65.43,69.54,69.32,73.0,67.05,68.81,65.77,304.95,64.36,73.02,0.6,-0.6
2214,70.848,0.625691,0.289846,0.144753,2,AVOID_RIGHT,68.69,68.33,69.11,69.11,66.74,300.57,66.1,65.98,69.8,67.21,69.52,69.39,67.26,269.63,67.1,60.64,0.6,-0.6
2215,70.88,0.625691,0.289846,0.129899,2,AVOID_RIGHT,68.58,69.04,68.59,70.46,65.68,278.39,68.12,67.59,68.42,70.1,67.79,72.49,64.1,245.13,71.14,70.01,0.6,-0.6
2216,70.912,0.625691,0.289846,0.115044,2,AVOID_RIGHT,68.47,66.87,66.84,69.6,65.33,255.05,67.92,65.94,68.29,63.63,64.23,68.31,64.8,220.03,67.63,63.46,0.6,-0.6
2217,70.944,0.625691,0.289846,0.100189,2,AVOID_RIGHT,66.23,67.44,68.07,67.33,66.61,232.94,69.01,67.49,62.88,68.28,69.91,63.94,68.52,199.78,70.65,69.81,0.8,0.15
2218,70.976,0.625948,0.289871,0.090286,2,AVOID_RIGHT,66.56,67.03,69.12,69.28,67.12,215.27,68.2,66.31,67.05,66.42,70.69,72.19,67.89,188.78,66.97,64.53,0.8,0.15
2219,71.008,0.626268,0.289899,0.082859,2,AVOID_RIGHT,66.32,68.95,67.57,70.45,68.73,195.4,66.81,65.75,65.96,71.82,65.25,72.21,71.16,165.6,64.73,64.92,0.8,0.15
2220,71.04,0.626589,0.289924,0.075432,2,AVOID_RIGHT,65.19,68.15,67.68,69.33,67.96,178.62,66.55,67.98,63.48,66.96,67.84,67.64,66.79,153.43,66.17,71.32,0.8,0.15
2221,71.072,0.626974,0.289951,0.065529,2,AVOID_RIGHT,67.27,66.58,69.4,68.38,68.28,165.16,67.34,67.34,70.39,64.21,71.99,66.96,68.77,144.99,68.52,66.38,0.8,0.15
2222,71.104,0.627296,0.289971,0.058101,2,AVOID_RIGHT,65.38,64.71,68.64,68.62,66.9,147.8,67.1,67.7,62.56,61.92,67.5,68.99,64.84,121.75,66.74,68.25,0.8,0.15
2223,71.136,0.627553,0.289985,0.048198,2,AVOID_RIGHT,66.08,66.98,67.77,68.86,70.07,135.35,66.16,67.87,67.13,70.38,66.47,69.21,74.81,116.68,64.76,68.13,0.8,0.15
2224,71.168,0.627874,0.289999,0.040771,2,AVOID_RIGHT,66.53,67.68,67.25,67.31,70.9,126.92,66.28,67.77,67.19,68.74,66.47,65.0,72.15,114.28,66.44,67.61,0.8,0.15
2225,71.2,0.628196,0.290011,0.033344,2,AVOID_RIGHT,66.32,63.64,65.93,68.32,69.19,119.04,69.35,68.03,66.01,57.57,63.95,69.83,66.62,107.21,73.96,68.43,0.8,0.15
2226,71.232,0.628518,0.29002,0.025916,2,AVOID_RIGHT,65.84,63.32,64.93,66.53,69.62,110.66,67.8,67.63,65.12,62.85,63.42,63.85,70.27,98.08,65.46,67.03,0.8,0.15
2227,71.264,0.628775,0.290026,0.016013,2,AVOID_RIGHT,67.52,67.23,66.06,67.8,71.46,100.65,66.61,69.65,70.03,73.09,67.77,69.71,74.22,85.65,64.84,72.67,0.8,0.15
2228,71.296,0.629097,0.29003,0.008586,2,AVOID_RIGHT,67.1,67.38,68.84,68.11,70.22,90.64,68.23,69.23,66.47,67.62,72.99,68.58,68.35,75.63,70.66,68.61,0.8,0.15
2229,71.328,0.629419,0.290031,0.001159,2,AVOID_RIGHT,68.16,68.94,67.74,67.4,68.91,81.07,67.12,67.52,69.75,71.26,66.09,66.32,66.96,66.71,65.46,64.96,0.8,0.15
2230,71.36,0.629741,0.290031,-0.006269,2,AVOID_RIGHT,69.04,70.12,67.99,66.65,70.26,75.23,68.36,66.24,70.36,71.9,68.35,65.54,72.29,66.47,70.21,64.33,0.8,0.15
2231,71.392,0.629998,0.290028,-0.016172,2,AVOID_RIGHT,67.98,69.14,67.44,64.14,68.25,70.73,68.92,64.97,66.4,67.67,66.62,60.38,65.23,63.98,69.76,63.05,0.8,0.15
2232,71.424,0.63032,0.290021,-0.023599,2,AVOID_RIGHT,67.97,67.09,66.59,66.33,66.57,69.58,67.52,64.35,67.95,64.02,65.33,69.62,64.04,67.85,65.41,63.42,0.8,0.15
2233,71.456,0.630642,0.290013,-0.031026,2,AVOID_LEFT,68.8,67.14,66.64,66.89,65.24,69.92,67.94,65.17,70.04,67.2,66.7,67.73,63.26,70.42,68.57,66.41,0.15,0.8
2234,71.488,0.630963,0.290004,-0.023599,2,AVOID_RIGHT,65.41,67.92,66.23,66.32,68.3,66.85,69.28,66.86,60.33,69.1,65.63,65.46,72.89,62.26,71.3,69.38,0.8,0.15
2235,71.52,0.631285,0.289995,-0.031026,2,AVOID_RIGHT,66.64,69.06,64.96,67.04,68.72,67.0,67.14,65.69,68.49,70.76,63.05,68.12,69.34,67.21,63.92,63.95,0.8,0.15
2236,71.552,0.631607,0.289984,-0.038454,2,AVOID_LEFT,67.55,69.07,68.37,68.9,66.53,68.15,66.91,67.34,68.92,69.09,73.49,71.68,63.25,69.87,66.57,69.8,0.15,0.8
2237,71.584,0.631928,0.289973,-0.031026,2,AVOID_LEFT,66.94,69.51,64.71,68.64,65.1,67.2,67.21,66.82,66.03,70.17,59.2,68.26,62.94,65.79,67.66,66.05,0.15,0.8
2238,71.616,0.63225,0.289964,-0.023599,2,AVOID_LEFT,68.81,69.04,66.1,68.51,65.95,66.97,66.27,66.9,71.61,68.33,68.2,68.31,67.22,66.62,64.86,67.03,0.15,0.8
2239,71.648,0.632572,0.289957,-0.016172,2,AVOID_LEFT,65.74,68.85,66.15,67.18,66.95,67.22,66.43,66.72,61.14,68.57,66.22,65.19,68.45,67.59,66.67,66.45,0.15,0.8
2240,71.68,0.632829,0.289954,-0.006269,2,AVOID_LEFT,64.38,68.62,67.08,66.35,67.08,67.05,65.63,66.44,62.34,68.28,68.48,65.11,67.27,66.79,64.43,66.02,0.15,0.8
2241,71.712,0.633151,0.289954,0.001159,2,AVOID_RIGHT,65.86,66.68,67.1,67.01,65.82,67.17,68.56,66.62,68.09,63.78,67.13,68.0,63.95,67.36,72.95,66.88,0.8,0.15
2242,71.744,0.633473,0.289953,-0.006269,2,AVOID_LEFT,66.78,68.64,65.44,67.29,65.58,67.17,69.04,65.98,68.17,71.58,62.94,67.71,65.21,67.17,69.76,65.03,0.15,0.8
2243,71.776,0.633795,0.289952,0.001159,2,AVOID_LEFT,69.53,67.93,64.24,68.43,64.98,68.39,68.28,65.94,73.66,66.85,62.44,70.14,64.08,70.21,67.13,65.88,0.15,0.8
2244,71.808,0.634117,0.289954,0.008586,2,AVOID_LEFT,71.53,66.31,64.16,70.84,66.47,66.75,66.33,67.8,74.54,63.89,64.03,74.45,68.72,64.29,63.41,70.58,0.15,0.8
2245,71.84,0.634439,0.289958,0.016013,2,AVOID_LEFT,68.04,66.94,65.42,69.15,67.04,68.32,67.23,66.54,62.8,67.89,67.31,66.63,67.9,70.68,68.57,64.65,0.15,0.8
2246,71.872,0.634696,0.289963,0.025916,2,FOLLOWING,65.29,65.38,66.53,66.87,67.3,68.84,66.92,67.47,61.16,63.04,68.21,63.43,67.68,69.63,66.45,68.88,-3.14,3.14
2247,71.904,0.634696,0.289963,0.105141,2,FOLLOWING,64.46,68.6,67.61,66.71,65.4,75.34,67.77,68.58,63.23,73.43,69.24,66.48,62.56,85.1,69.04,70.25,-3.14,3.14
2248,71.936,0.634696,0.289963,0.184366,2,FOLLOWING,67.33,68.59,67.96,66.75,65.76,91.49,67.38,66.48,71.64,68.59,68.48,66.82,66.29,115.7,66.8,63.34,-3.14,3.14
2249,71.968,0.634696,0.289963,0.26359,2,FOLLOWING,63.56,67.7,68.49,67.33,68.05,125.14,68.74,68.28,57.9,66.36,69.3,68.2,71.49,175.63,70.77,70.96,-3.0215,3.14
2250,72.0,0.634757,0.289982,0.340339,2,FOLLOWING,65.99,68.73,68.04,66.02,68.83,170.27,67.3,69.24,69.65,70.28,67.36,64.06,70.0,237.95,65.15,70.68,-2.5768,3.14
2251,72.032,0.634937,0.290053,0.412136,2,FOLLOWING,66.68,68.02,67.64,66.07,67.79,215.49,68.14,69.21,67.72,66.95,67.03,66.15,66.24,283.32,69.4,69.16,-2.162,3.14
2252,72.064,0.635227,0.290192,0.478982,2,FOLLOWING,68.12,68.51,68.28,65.06,67.04,222.06,66.55,69.05,70.26,69.25,69.24,63.55,65.92,231.92,64.18,68.81,-1.7771,3.14
2253,72.096,0.635621,0.290412,0.540876,2,FOLLOWING,68.74,68.46,68.12,66.94,65.68,218.33,69.27,68.56,69.67,68.39,67.88,69.77,63.63,212.73,73.35,67.83,-1.4218,3.14
2254,72.128,0.636109,0.290724,0.597819,2,FOLLOWING,69.85,67.5,67.08,66.47,65.74,203.18,68.46,69.22,71.51,66.07,65.53,65.75,65.85,180.45,67.24,70.2,-1.0962,3.14
2255,72.16,0.636631,0.291101,0.652286,2,FOLLOWING,68.65,69.12,64.57,66.42,65.93,184.72,67.65,67.72,66.86,71.55,60.8,66.34,66.22,157.04,66.44,65.49,-0.7852,3.14
2256,72.192,0.637233,0.291585,0.701801,2,FOLLOWING,65.72,69.14,65.17,67.31,66.7,169.91,68.21,64.84,61.31,69.18,66.07,68.65,67.84,147.69,69.05,60.52,-0.5036,3.14
2257,72.224,0.637859,0.29214,0.748841,2,FOLLOWING,66.65,67.62,66.41,69.07,65.02,157.01,65.73,68.07,68.04,65.34,68.27,71.72,62.5,137.65,62.02,72.92,-0.2365,3.14
2258,72.256,0.638552,0.292812,0.790929,2,FOLLOWING,68.58,67.65,65.72,66.36,64.01,143.38,66.31,68.17,71.48,67.68,64.68,62.28,62.5,122.95,67.18,68.32,0.0015,3.14
2259,72.288,0.639262,0.293558,0.830541,2,FOLLOWING,68.17,66.39,67.03,66.49,62.7,134.16,67.9,68.65,67.55,64.52,68.99,66.69,60.75,120.32,70.28,69.38,0.2251,3.14
2260,72.32,0.639985,0.29438,0.867678,2,FOLLOWING,64.98,66.5,68.75,64.72,67.46,124.82,68.1,68.51,60.2,66.66,71.34,62.08,74.58,110.81,68.41,68.29,0.4343,3.14
2261,72.352,0.64076,0.295325,0.899863,2,FOLLOWING,64.16,65.69,65.97,65.45,66.33,116.13,67.85,69.0,62.94,64.48,61.79,66.53,64.64,103.09,67.47,69.73,0.6145,3.14
2262,72.384,0.641505,0.296295,0.932048,2,FOLLOWING,65.09,66.61,65.83,65.46,66.01,108.22,68.91,65.66,66.47,67.98,65.62,65.49,65.52,96.35,70.49,60.65,0.7951,3.14
2263,72.416,0.642257,0.29734,0.961757,2,FOLLOWING,67.71,68.57,66.27,64.29,64.31,100.9,69.49,67.87,71.64,71.5,66.94,62.53,61.77,89.93,70.36,71.19,0.9614,3.14
2264,72.448,0.643015,0.298459,0.988991,2,FOLLOWING,66.52,68.98,64.43,66.81,66.28,90.22,70.76,66.22,64.74,69.61,61.66,70.58,69.23,74.19,72.66,63.74,1.1135,3.14
2265,72.48,0.643743,0.299599,1.016224,2,FOLLOWING,66.02,67.77,68.27,67.02,67.85,82.23,73.85,65.21,65.26,65.94,74.03,67.35,70.2,70.25,78.49,63.7,1.266,3.14
2266,72.512,0.644508,0.300866,1.038506,2,FOLLOWING,67.43,69.87,66.08,66.39,64.92,77.65,78.9,65.06,69.55,73.01,62.8,65.45,60.52,70.77,86.49,64.84,1.3896,3.14
2267,72.544,0.645245,0.30215,1.060788,2,FOLLOWING,66.95,67.94,67.63,67.95,63.82,73.17,87.42,67.62,66.24,65.06,69.96,70.29,62.17,66.45,100.2,71.45,1.5136,3.14
2268,72.576,0.645986,0.303506,1.080594,2,FOLLOWING,66.82,65.91,65.78,67.28,65.58,70.48,93.96,67.34,66.61,62.87,63.0,66.28,68.23,66.45,103.77,66.92,1.6233,3.14
2269,72.608,0.6467,0.304876,1.1004,2,FOLLOWING,67.93,63.58,65.98,68.69,65.58,70.93,99.17,66.02,69.59,60.08,66.27,70.81,65.57,71.61,107.0,64.04,1.7334,3.14
2270,72.64,0.647417,0.306316,1.117731,2,FOLLOWING,67.85,65.96,63.92,69.91,68.19,72.68,104.33,69.56,67.75,69.53,60.84,71.73,72.1,75.3,112.07,74.88,1.8292,3.14
2271,72.672,0.648109,0.307769,1.135061,2,FOLLOWING,67.81,63.65,65.56,70.07,67.36,79.32,106.75,68.74,67.75,60.19,68.02,70.31,66.13,89.28,110.37,67.52,1.9253,3.14
2272,72.704,0.648804,0.309292,1.149916,2,FOLLOWING,68.2,64.17,62.95,66.99,68.92,88.38,110.13,67.61,68.78,64.95,59.04,62.37,71.25,101.96,115.21,65.91,2.0072,3.14
2273,72.736,0.649476,0.310824,1.16477,2,FOLLOWING,66.24,65.83,64.76,67.67,69.08,98.0,112.74,69.39,63.3,68.32,67.47,68.69,69.32,112.44,116.65,72.04,2.0894,3.14
2274,72.768,0.650153,0.312425,1.177149,2,FOLLOWING,66.52,67.0,67.27,67.74,69.03,105.03,114.61,67.95,66.95,68.74,71.03,67.86,68.95,115.57,117.42,65.8,2.1574,3.14
2275,72.8,0.65081,0.314034,1.189528,2,FOLLOWING,66.07,66.34,65.07,68.43,68.46,118.58,114.16,68.15,65.39,65.35,61.78,69.45,67.6,138.91,113.49,68.46,2.2256,3.14
2276,72.832,0.651446,0.315652,1.201907,2,FOLLOWING,66.31,64.07,65.29,69.01,66.3,139.12,118.32,68.04,66.68,60.67,65.6,69.88,63.06,169.93,124.56,67.86,2.294,3.14
2277,72.864,0.652067,0.317275,1.209334,2,FOLLOWING,67.66,69.01,67.47,68.79,64.75,188.35,120.09,68.18,69.69,76.42,70.74,68.47,62.44,262.18,122.74,68.4,2.3339,3.14
2278,72.896,0.652696,0.318964,1.219237,2,AVOID_RIGHT,69.32,68.49,68.71,65.68,63.36,301.75,119.57,66.85,71.82,67.7,70.56,61.0,61.27,471.85,118.79,64.85,0.6,-0.6
2279,72.928,0.652696,0.318964,1.204382,2,AVOID_RIGHT,67.62,68.33,68.83,66.49,64.05,404.92,121.27,68.67,65.07,68.1,69.01,67.7,65.08,559.69,123.82,71.41,0.6,-0.6
2280,72.96,0.652696,0.318964,1.189528,2,AVOID_RIGHT,66.12,67.21,68.76,65.83,66.25,470.37,118.35,67.65,63.85,65.53,68.67,64.84,69.56,568.55,113.98,66.11,0.6,-0.6
2281,72.992,0.652696,0.318964,1.174673,2,AVOID_RIGHT,66.3,64.61,68.1,67.54,66.59,509.8,116.68,67.92,66.57,60.7,67.1,70.1,67.09,568.94,114.16,68.32,0.3,-0.7
2282,73.024,0.652646,0.318846,1.16477,2,AVOID_RIGHT,66.11,65.28,68.07,66.92,67.19,533.7,112.07,66.17,65.84,66.28,68.02,65.98,68.1,569.55,105.17,63.54,0.3,-0.7
2283,73.056,0.652594,0.318728,1.149916,2,AVOID_RIGHT,66.76,64.85,63.55,68.81,67.74,544.41,108.93,67.46,67.73,64.2,56.78,71.65,68.56,560.48,104.22,69.41,0.3,-0.7
2284,73.088,0.652541,0.31861,1.140012,2,AVOID_RIGHT,67.22,66.03,67.67,68.75,67.69,550.1,103.98,67.2,67.9,67.8,73.83,68.65,67.62,558.64,96.55,66.81,0.3,-0.7
2285,73.12,0.652486,0.318494,1.125158,2,AVOID_RIGHT,67.51,66.33,67.7,69.88,68.29,547.35,100.99,69.45,67.96,66.79,67.74,71.59,69.2,543.22,96.5,72.81,0.3,-0.7
2286,73.152,0.652402,0.31832,1.112779,2,AVOID_RIGHT,68.55,65.7,67.57,68.59,68.24,552.72,95.75,70.57,70.11,64.74,67.39,66.65,68.17,560.78,87.89,72.26,0.3,-0.7
2287,73.184,0.652373,0.318263,1.1004,2,AVOID_RIGHT,67.83,66.23,66.93,70.02,70.02,530.51,89.85,69.59,66.75,67.02,65.96,72.15,72.67,497.19,81.0,68.12,0.3,-0.7
2288,73.216,0.652284,0.318091,1.088021,2,AVOID_RIGHT,65.84,67.32,66.6,68.14,71.23,532.15,85.14,68.77,62.84,68.95,66.1,65.33,73.05,534.61,78.06,67.53,0.3,-0.7
2289,73.248,0.652254,0.318034,1.075642,2,AVOID_RIGHT,65.84,66.55,69.15,67.35,71.2,524.94,79.75,66.67,65.85,65.4,72.98,66.17,71.14,514.12,71.67,63.52,0.3,-0.7
2290,73.28,0.652192,0.317921,1.060788,2,AVOID_RIGHT,66.75,66.3,67.0,67.93,70.3,524.28,74.5,65.79,68.12,65.92,63.76,68.8,68.95,523.3,66.63,64.47,0.3,-0.7
2291,73.312,0.652129,0.317809,1.050885,2,AVOID_RIGHT,66.97,64.97,68.38,68.37,68.1,518.44,73.62,64.88,67.28,62.98,70.46,69.02,64.8,509.68,72.3,63.52,0.3,-0.7
2292,73.344,0.652064,0.317698,1.03603,2,AVOID_RIGHT,70.22,64.41,68.46,67.95,69.81,502.79,70.98,65.73,75.11,63.57,68.58,67.33,72.38,479.31,67.01,67.01,0.3,-0.7
2293,73.376,0.651998,0.317588,1.026127,2,AVOID_RIGHT,68.14,66.84,66.34,65.99,66.99,496.31,69.68,63.77,65.03,70.48,63.15,63.05,62.76,486.59,67.74,60.84,0.6,-0.6
2294,73.408,0.651964,0.317533,1.008797,2,AVOID_RIGHT,68.16,67.8,68.38,68.2,68.31,481.74,68.39,65.28,68.18,69.25,71.45,71.52,70.3,459.88,66.46,67.54,0.6,-0.6
2295,73.44,0.651964,0.317533,0.993942,2,AVOID_RIGHT,69.26,67.95,68.4,67.96,66.45,479.43,68.55,65.6,70.9,68.18,68.42,67.59,63.65,475.98,68.78,66.09,0.6,-0.6
2296,73.472,0.651964,0.317533,0.979087,2,AVOID_RIGHT,70.15,69.15,68.25,70.16,65.99,474.67,66.37,64.12,71.5,70.95,68.03,73.47,65.31,467.52,63.12,61.9,0.6,-0.6
2297,73.504,0.651964,0.317533,0.964233,2,AVOID_RIGHT,70.76,68.51,68.1,70.91,67.21,454.13,67.9,64.23,71.68,67.55,67.88,72.03,69.05,423.33,70.19,64.39,0.6,-0.6
2298,73.536,0.651964,0.317533,0.949378,2,AVOID_RIGHT,68.79,68.75,67.63,67.97,66.35,439.84,65.22,65.24,65.84,69.12,66.93,63.57,65.07,418.39,61.21,66.75,0.6,-0.6
2299,73.568,0.651964,0.317533,0.934524,2,AVOID_RIGHT,69.52,67.33,68.18,66.88,67.87,425.22,66.38,68.14,70.62,65.2,69.0,65.24,70.15,403.3,68.11,72.5,0.6,-0.6
2300,73.6,0.652003,0.317584,0.917193,2,AVOID_RIGHT,70.12,67.69,68.08,65.33,68.62,405.01,65.7,67.66,71.01,68.22,67.92,63.01,69.75,374.7,64.68,66.93,0.6,-0.6
2301,73.632,0.652003,0.317584,0.902339,2,AVOID_RIGHT,69.86,67.91,67.44,67.53,65.61,391.54,68.14,67.55,69.48,68.23,66.49,70.82,61.1,371.34,71.8,67.38,0.6,-0.6
2302,73.664,0.652003,0.317584,0.887484,2,AVOID_RIGHT,68.78,68.39,65.99,67.47,65.89,388.25,67.53,68.97,67.17,69.11,63.83,67.39,66.3,383.3,66.63,71.11,0.6,-0.6
2303,73.696,0.652003,0.317584,0.872629,2,AVOID_RIGHT,66.26,67.1,66.77,68.1,66.59,378.82,67.78,69.78,62.48,65.18,67.92,69.04,67.65,364.68,68.14,70.99,0.6,-0.6
2304,73.728,0.652003,0.317584,0.857775,2,AVOID_RIGHT,67.46,68.45,67.09,69.36,67.1,367.4,67.17,65.3,69.26,70.48,67.58,71.25,67.86,350.27,66.26,58.59,0.6,-0.6
2305,73.76,0.652003,0.317584,0.84292,2,AVOID_RIGHT,66.42,68.57,69.55,67.99,65.12,355.78,63.73,65.71,64.87,68.74,73.24,65.95,62.15,338.34,58.56,66.32,0.6,-0.6
2306,73.792,0.652003,0.317584,0.828066,2,AVOID_RIGHT,65.96,68.52,69.23,69.53,66.79,351.38,63.93,66.66,65.27,68.44,68.76,71.82,69.31,344.78,64.23,68.08,0.6,-0.6
2307,73.824,0.652003,0.317584,0.813211,2,AVOID_RIGHT,66.97,65.35,69.59,69.46,67.33,344.82,65.07,67.89,68.47,60.61,70.12,69.36,68.15,334.97,66.77,69.74,0.6,-0.6
2308,73.856,0.652003,0.317584,0.798356,2,AVOID_RIGHT,68.0,68.05,69.04,68.02,66.02,337.82,65.35,68.05,69.56,72.1,68.21,65.86,64.05,327.32,65.77,68.29,0.6,-0.6
2309,73.888,0.652003,0.317584,0.783502,2,AVOID_RIGHT,68.6,68.61,68.29,66.82,63.56,324.8,64.16,68.54,69.5,69.44,67.17,65.03,59.87,305.28,62.39,69.26,0.6,-0.6
2310,73.92,0.652003,0.317584,0.768647,2,AVOID_RIGHT,66.7,66.86,68.85,66.56,63.07,318.12,64.73,69.11,63.84,64.23,69.7,66.17,62.34,308.1,65.57,69.96,0.6,-0.6
2311,73.952,0.651956,0.31754,0.751317,2,AVOID_RIGHT,68.7,66.57,67.91,66.57,64.04,318.06,66.19,68.48,71.7,66.13,66.5,66.58,65.5,317.98,68.38,67.54,0.6,-0.6
2312,73.984,0.651956,0.31754,0.736462,2,AVOID_RIGHT,66.63,66.63,68.08,65.49,64.23,307.55,69.0,67.67,63.53,66.74,68.34,63.88,64.52,291.77,73.23,66.45,0.6,-0.6
2313,74.016,0.651956,0.31754,0.721607,2,AVOID_RIGHT,65.74,68.09,67.44,66.77,63.69,295.3,69.36,65.61,64.4,70.27,66.48,68.69,62.87,276.92,69.91,62.53,0.6,-0.6
2314,74.048,0.651956,0.31754,0.706753,2,AVOID_RIGHT,67.87,68.82,68.59,68.03,63.81,288.41,68.29,65.36,71.07,69.93,70.3,69.91,64.0,278.07,66.67,65.0,0.6,-0.6
2315,74.08,0.651956,0.31754,0.691898,2,AVOID_RIGHT,66.43,68.04,69.6,68.44,65.68,274.34,65.95,65.44,64.26,66.85,71.12,69.05,68.47,253.23,62.43,65.54,0.6,-0.6
2316,74.112,0.651956,0.31754,0.677044,2,AVOID_RIGHT,65.19,67.27,69.34,69.59,65.68,266.81,67.0,64.09,63.33,66.11,68.95,71.32,65.68,255.52,68.58,62.06,0.6,-0.6
2317,74.144,0.651956,0.31754,0.662189,2,AVOID_RIGHT,63.11,68.17,70.04,68.55,64.9,253.03,67.43,64.29,59.99,69.53,71.09,66.98,63.72,232.36,68.09,64.59,0.6,-0.6
2318,74.176,0.652007,0.317579,0.644859,2,AVOID_RIGHT,62.33,67.7,71.14,66.17,64.71,244.98,68.24,63.18,61.17,66.99,72.79,62.61,64.42,232.91,69.44,61.51,0.8,0.15
2319,74.208,0.652265,0.317772,0.637431,2,AVOID_RIGHT,65.73,66.05,69.26,66.8,66.55,240.0,66.52,64.43,70.82,63.59,66.44,67.74,69.31,232.54,63.94,66.31,0.8,0.15
2320,74.24,0.652524,0.317962,0.630004,2,AVOID_RIGHT,67.04,67.31,67.26,65.96,65.38,234.27,65.87,64.6,68.99,69.2,64.26,64.7,63.63,225.67,64.9,64.87,0.8,0.15
2321,74.272,0.652733,0.318113,0.620101,2,AVOID_RIGHT,64.78,67.75,66.29,65.95,66.34,225.49,66.6,66.71,61.41,68.4,64.84,65.95,67.79,212.32,67.68,69.86,0.8,0.15
2322,74.304,0.652996,0.318299,0.612674,2,AVOID_RIGHT,64.81,67.99,65.46,66.05,67.11,216.56,65.91,66.77,64.84,68.36,64.22,66.19,68.26,203.16,64.87,66.86,0.8,0.15
2323,74.336,0.65326,0.318483,0.605246,2,AVOID_RIGHT,65.13,68.12,64.59,66.63,67.74,207.26,68.34,66.61,65.62,68.32,63.28,67.49,68.67,193.32,71.98,66.37,0.8,0.15
2324,74.368,0.653525,0.318665,0.597819,2,AVOID_RIGHT,66.36,68.35,67.94,66.91,68.79,200.15,68.69,66.51,68.2,68.69,72.98,67.33,70.37,189.49,69.21,66.38,0.8,0.15
2325,74.4,0.653739,0.318809,0.587916,2,AVOID_RIGHT,65.96,67.77,67.27,68.27,68.42,192.68,68.81,67.3,65.35,66.9,66.26,70.32,67.87,181.48,69.0,68.49,0.8,0.15
2326,74.432,0.654007,0.318986,0.580489,2,AVOID_RIGHT,66.67,68.34,66.21,66.19,66.0,187.77,70.89,66.86,67.75,69.19,64.61,63.08,62.38,180.4,74.02,66.2,0.8,0.15
2327,74.464,0.654277,0.319162,0.573061,2,AVOID_RIGHT,66.47,69.45,63.29,66.0,68.15,181.22,69.45,70.07,66.18,71.11,58.92,65.72,71.38,171.4,67.27,74.88,0.8,0.15
2328,74.496,0.654548,0.319335,0.565634,2,AVOID_RIGHT,67.94,66.83,64.6,66.93,67.86,172.15,67.15,67.03,70.15,62.9,66.57,68.32,67.42,158.54,63.7,62.46,0.8,0.15
2329,74.528,0.654766,0.319472,0.555731,2,AVOID_RIGHT,69.22,66.72,67.24,67.16,66.52,168.04,67.77,67.43,71.14,66.57,71.19,67.52,64.52,161.88,68.71,68.04,0.8,0.15
2330,74.56,0.65504,0.319641,0.548304,2,AVOID_RIGHT,67.28,67.83,69.22,66.88,66.83,161.31,67.57,67.33,64.36,69.49,72.19,66.45,67.28,151.21,67.28,67.19,0.8,0.15
2331,74.592,0.655371,0.319841,0.538401,2,AVOID_RIGHT,66.81,68.31,67.07,68.38,67.21,157.02,66.86,66.05,66.11,69.02,63.84,70.64,67.79,150.59,65.78,64.12,0.8,0.15
2332,74.624,0.655648,0.320005,0.530973,2,AVOID_RIGHT,67.59,67.77,68.12,67.2,65.12,154.67,66.83,66.21,68.75,66.97,69.7,65.42,61.99,151.14,66.78,66.45,0.8,0.15
2333,74.656,0.655926,0.320167,0.523546,2,AVOID_RIGHT,65.94,66.64,67.7,64.3,65.51,144.79,66.62,67.38,63.47,64.93,67.08,59.95,66.09,129.98,66.3,69.13,0.8,0.15
2334,74.688,0.65615,0.320294,0.513643,2,AVOID_RIGHT,66.14,68.19,68.3,64.99,66.19,141.11,67.05,68.01,66.44,70.51,69.19,66.02,67.22,135.59,67.71,68.95,0.8,0.15
2335,74.72,0.65643,0.320451,0.506216,2,AVOID_RIGHT,67.23,65.97,68.93,65.02,65.1,133.89,66.7,69.97,68.86,62.64,69.87,65.07,63.46,123.05,66.18,72.9,0.8,0.15
2336,74.752,0.656712,0.320607,0.498788,2,AVOID_RIGHT,65.81,70.22,66.89,65.28,66.91,130.13,65.65,70.13,63.69,76.6,63.84,65.67,69.61,124.49,64.07,70.37,0.8,0.15
2337,74.784,0.656996,0.320759,0.491361,2,AVOID_RIGHT,67.8,69.78,68.04,68.08,68.55,126.12,65.53,68.73,70.78,69.13,69.77,72.28,71.02,120.12,65.35,66.62,0.8,0.15
2338,74.816,0.657223,0.32088,0.481458,2,AVOID_RIGHT,69.49,68.65,64.88,67.92,68.56,126.26,68.13,66.64,72.02,66.94,60.13,67.68,68.58,126.46,72.02,63.5,0.8,0.15
2339,74.848,0.657509,0.321028,0.474031,2,AVOID_RIGHT,68.73,68.01,65.32,65.88,66.33,125.2,65.33,67.94,67.6,67.05,66.0,62.83,62.99,123.62,61.14,69.89,0.8,0.15
2340,74.88,0.657796,0.321174,0.466603,2,AVOID_RIGHT,69.26,69.03,64.76,65.17,65.48,119.25,67.62,68.01,70.06,70.58,63.92,64.1,64.2,110.32,71.04,68.12,0.8,0.15
2341,74.912,0.658084,0.321317,0.459176,2,AVOID_RIGHT,66.89,69.52,67.56,67.29,66.88,116.8,67.99,68.24,63.34,70.24,71.75,70.47,68.98,113.14,68.54,68.58,0.8,0.15
2342,74.944,0.658315,0.32143,0.449273,2,AVOID_RIGHT,69.29,68.05,68.8,66.19,65.47,116.75,68.03,67.02,72.87,65.86,70.66,64.54,63.36,116.68,68.09,65.18,0.8,0.15
2343,74.976,0.658606,0.321569,0.441846,2,AVOID_RIGHT,67.41,66.41,70.62,65.96,66.26,114.03,68.94,65.64,64.6,63.93,73.34,65.62,67.45,109.94,70.3,63.57,0.8,0.15
2344,75.008,0.658956,0.321732,0.431942,2,AVOID_RIGHT,65.14,66.33,70.36,66.32,67.41,109.13,67.4,67.15,61.72,66.23,69.99,66.85,69.13,101.79,65.09,69.41,0.8,0.15
2345,75.04,0.659249,0.321866,0.424515,2,AVOID_RIGHT,66.5,67.99,69.38,66.04,70.32,107.56,67.37,68.92,68.55,70.49,67.91,65.63,74.68,105.2,67.32,71.57,0.8,0.15
2346,75.072,0.659484,0.321971,0.414612,2,AVOID_RIGHT,67.7,65.87,69.64,68.0,68.91,103.71,68.1,69.88,69.49,62.69,70.02,70.93,66.8,97.95,69.2,71.33,0.8,0.15
2347,75.104,0.659779,0.3221,0.407185,2,FOLLOWING,66.23,66.58,68.06,66.68,65.61,99.18,66.62,68.82,64.04,67.66,65.7,64.7,60.65,92.37,64.4,67.23,-2.4074,3.14
2348,75.136,0.660012,0.32221,0.476506,2,FOLLOWING,64.43,66.1,67.68,67.02,65.42,100.98,65.73,66.98,61.72,65.38,67.1,67.53,65.14,103.67,64.4,64.21,-2.0078,3.14
2349,75.168,0.660292,0.322367,0.543352,2,FOLLOWING,66.87,65.81,67.46,67.17,67.52,108.27,68.4,66.54,70.52,65.36,67.13,67.39,70.68,119.2,72.39,65.89,-1.623,3.14
2350,75.2,0.660725,0.322646,0.602771,2,FOLLOWING,67.0,67.4,67.58,68.02,66.7,121.47,67.53,67.37,67.21,69.79,67.75,69.31,65.47,141.27,66.23,68.62,-1.283,3.14
2351,75.232,0.661193,0.322988,0.659713,2,FOLLOWING,67.2,67.95,68.43,67.27,67.68,131.05,67.75,66.27,67.5,68.76,69.7,66.15,69.15,145.42,68.08,64.62,-0.9577,3.14
2352,75.264,0.661791,0.323476,0.709229,2,FOLLOWING,66.34,69.91,67.48,64.33,67.11,136.37,67.71,66.18,65.04,72.87,66.07,59.92,66.25,144.34,67.66,66.04,-0.6768,3.14
2353,75.296,0.662365,0.323994,0.758744,2,FOLLOWING,65.79,66.54,65.45,67.18,67.36,145.81,67.76,66.62,64.96,61.47,62.4,71.44,67.72,159.97,67.83,67.29,-0.3955,3.14
2354,75.328,0.663005,0.324628,0.803308,2,FOLLOWING,65.2,66.79,67.4,67.95,64.76,158.75,69.35,65.34,64.33,67.16,70.34,69.1,60.86,178.16,71.73,63.42,-0.1436,3.14
2355,75.36,0.66366,0.325337,0.845396,2,FOLLOWING,63.25,66.97,67.27,69.44,66.01,168.63,68.69,64.77,60.31,67.25,67.06,71.69,67.88,183.45,67.71,63.91,0.094,3.14
2356,75.392,0.664371,0.326169,0.882532,2,FOLLOWING,67.3,68.84,68.82,68.87,67.79,172.7,68.27,66.63,73.38,71.64,71.15,68.02,70.48,178.81,67.63,69.42,0.3024,3.14
2357,75.424,0.66505,0.327027,0.919669,2,FOLLOWING,69.38,68.69,64.98,68.58,69.77,176.1,67.42,68.09,72.49,68.48,59.22,68.14,72.73,181.19,66.16,70.29,0.5113,3.14
2358,75.456,0.665776,0.328012,0.951854,2,FOLLOWING,65.98,67.93,65.33,68.06,67.72,183.28,68.91,67.34,60.89,66.78,65.84,67.28,64.65,194.04,71.15,66.21,0.6911,3.14
2359,75.488,0.666507,0.329071,0.981563,2,FOLLOWING,66.23,65.65,65.56,68.17,66.77,187.02,66.86,66.87,66.6,62.23,65.91,68.32,65.36,192.64,63.78,66.17,0.8566,3.14
2360,75.52,0.667207,0.330152,1.011272,2,FOLLOWING,64.85,65.4,68.09,67.0,68.55,193.12,66.88,68.55,62.79,65.04,71.89,65.25,71.21,202.28,66.9,71.08,1.0226,3.14
2361,75.552,0.667908,0.331307,1.038506,2,FOLLOWING,66.26,66.22,66.47,68.4,67.75,195.8,67.69,70.23,68.38,67.45,64.03,70.5,66.57,199.82,68.92,72.75,1.1743,3.14
2362,75.584,0.668612,0.332536,1.063264,2,FOLLOWING,66.53,66.13,69.44,69.76,67.04,191.38,66.82,68.04,66.93,65.98,73.91,71.8,65.96,184.74,65.52,64.75,1.3118,3.14
2363,75.616,0.669317,0.333838,1.085546,2,FOLLOWING,66.7,67.73,67.62,67.02,66.19,190.66,68.36,69.41,66.96,70.14,64.87,62.92,64.91,189.58,70.66,71.46,1.4351,3.14
2364,75.648,0.669993,0.335155,1.107827,2,FOLLOWING,70.09,67.52,64.87,66.46,66.42,186.81,67.61,66.93,75.17,67.2,60.74,65.61,66.76,181.04,66.48,63.2,1.5587,3.14
2365,75.68,0.670669,0.336544,1.127634,2,FOLLOWING,68.67,65.82,65.54,65.49,67.83,185.05,69.17,64.28,66.53,63.26,66.54,64.05,69.94,182.41,71.53,60.32,1.6682,3.14
2366,75.712,0.671347,0.338004,1.144964,2,FOLLOWING,68.25,66.43,67.87,69.38,69.75,187.2,67.48,63.14,67.64,67.35,71.38,75.22,72.63,190.43,64.94,61.43,1.7634,3.14
2367,75.744,0.671999,0.339475,1.162294,2,FOLLOWING,69.83,66.94,67.07,66.49,68.97,188.92,65.99,63.71,72.2,67.7,65.86,62.15,67.82,191.5,63.76,64.56,1.8589,3.14
2368,75.776,0.672625,0.340958,1.179625,2,FOLLOWING,69.89,69.25,67.72,67.53,69.72,183.84,65.83,64.48,69.97,72.71,68.7,69.1,70.83,176.2,65.58,65.63,1.9547,3.14
2369,75.808,0.673252,0.342509,1.194479,2,FOLLOWING,68.28,66.92,69.6,69.69,72.29,182.86,63.08,66.19,65.87,63.44,72.41,72.93,76.15,181.39,58.95,68.77,2.0364,3.14
2370,75.84,0.673855,0.34407,1.209334,2,FOLLOWING,68.36,64.87,67.56,71.13,72.0,180.03,64.34,67.24,68.49,61.8,64.5,73.29,71.56,175.79,66.24,68.82,2.1183,3.14
2371,75.872,0.67446,0.3457,1.221713,2,FOLLOWING,68.68,65.45,66.94,72.0,73.65,182.5,64.85,63.51,69.15,66.33,66.02,73.3,76.12,186.2,65.6,57.9,2.186,3.14
2372,75.904,0.675044,0.347337,1.234092,2,FOLLOWING,70.4,64.51,66.48,67.45,72.06,181.82,64.57,65.38,72.98,63.1,65.79,60.62,69.69,180.8,64.17,68.18,2.254,3.14
2373,75.936,0.675631,0.349041,1.243995,2,FOLLOWING,69.28,65.23,66.46,66.87,69.19,178.27,66.61,64.88,67.61,66.31,66.43,65.99,64.88,172.96,69.67,64.13,2.3077,3.14
2374,75.968,0.676179,0.35069,1.256374,2,FOLLOWING,68.94,64.26,68.54,66.3,68.14,171.52,65.27,63.81,68.43,62.81,71.65,65.44,66.57,161.4,63.24,62.2,2.3761,3.14
2375,76.0,0.67675,0.352468,1.263801,2,FOLLOWING,69.69,65.42,67.32,64.64,69.08,174.43,66.95,62.66,70.8,67.15,65.49,62.15,70.48,178.79,69.47,60.93,2.4158,3.14
2376,76.032,0.677286,0.354188,1.273704,2,FOLLOWING,68.77,66.66,65.47,67.44,68.43,172.18,65.55,64.71,67.39,68.52,62.7,71.63,67.46,168.8,63.45,67.8,2.4702,3.14
2377,76.064,0.677805,0.355914,1.283607,2,FOLLOWING,69.94,64.65,67.67,67.34,71.06,171.03,63.89,62.65,71.69,61.64,70.98,67.19,75.0,169.31,61.42,59.55,2.5248,3.14
2378,76.096,0.678327,0.357707,1.291034,2,FOLLOWING,69.98,65.38,68.55,67.72,71.58,169.53,66.64,61.87,70.05,66.49,69.86,68.29,72.36,167.27,70.76,60.7,2.5651,3.14
2379,76.128,0.678836,0.359503,1.298462,2,FOLLOWING,71.61,65.02,67.43,68.69,67.65,166.43,67.2,65.04,74.05,64.47,65.75,70.14,61.76,161.78,68.04,69.78,2.6056,3.14
2380,76.16,0.679351,0.361364,1.303413,2,FOLLOWING,70.9,64.87,66.19,68.77,70.38,164.97,69.32,67.13,69.84,64.64,64.33,68.9,74.48,162.79,72.5,70.27,2.6318,3.14
2381,76.192,0.679837,0.363166,1.310841,2,FOLLOWING,71.13,66.5,65.86,68.14,70.35,163.41,69.18,68.48,71.48,68.96,65.37,67.19,70.29,161.08,68.98,70.51,2.6726,3.14
2382,76.224,0.680329,0.365034,1.315792,2,FOLLOWING,70.31,67.62,68.68,67.53,68.8,163.7,67.52,70.15,69.07,69.29,72.92,66.61,66.48,164.14,65.02,72.66,2.6991,3.14
2383,76.256,0.680793,0.366842,1.323219,2,FOLLOWING,68.55,68.03,67.4,67.84,70.0,159.95,68.43,69.78,65.91,68.64,65.46,68.3,71.8,154.31,69.8,69.21,2.7402,3.14
2384,76.288,0.681262,0.368715,1.328171,2,FOLLOWING,68.97,66.61,67.54,67.96,69.17,159.11,68.88,67.72,69.6,64.5,67.75,68.16,67.92,157.85,69.56,64.65,2.767,3.14
2385,76.32,0.681721,0.370591,1.333122,2,FOLLOWING,67.72,68.58,67.86,69.29,68.56,157.62,67.74,69.16,65.86,71.53,68.35,71.27,67.65,155.38,66.03,71.3,2.794,3.14
2386,76.352,0.682188,0.372531,1.335598,2,FOLLOWING,67.04,68.72,67.72,71.21,69.69,156.56,65.39,71.12,66.01,68.92,67.52,74.09,71.38,154.97,61.88,74.07,2.8066,3.14
2387,76.384,0.682634,0.37441,1.34055,2,FOLLOWING,68.54,66.03,67.57,67.84,69.31,153.26,66.6,70.52,70.8,62.0,67.34,62.8,68.74,148.32,68.41,69.62,2.8337,3.14
2388,76.416,0.68307,0.376291,1.345501,2,FOLLOWING,67.63,68.88,67.41,67.33,68.76,154.7,65.97,70.4,66.26,73.16,67.16,66.56,67.93,156.86,65.02,70.22,2.861,3.14
2389,76.448,0.683513,0.378236,1.347977,2,FOLLOWING,66.45,67.92,70.32,67.12,68.74,151.87,65.99,71.19,64.69,66.48,74.69,66.8,68.71,147.63,66.02,72.36,2.8739,3.14
2390,76.48,0.683952,0.380183,1.350453,2,FOLLOWING,66.83,66.87,68.45,71.34,68.91,154.84,65.03,69.24,67.39,65.28,65.64,77.66,69.16,159.28,63.59,66.33,2.8869,3.14
2391,76.512,0.684369,0.382069,1.355404,2,FOLLOWING,69.41,67.22,67.24,70.5,66.65,157.97,67.56,68.93,73.28,67.74,65.43,69.24,63.26,162.68,71.35,68.46,2.9144,3.14
2392,76.544,0.684793,0.384019,1.35788,2,FOLLOWING,68.49,68.39,67.71,68.43,68.04,156.61,68.25,68.21,67.1,70.14,68.4,65.34,70.13,154.56,69.3,67.12,2.9276,3.14
2393,76.576,0.685212,0.385969,1.360356,2,FOLLOWING,67.89,71.21,69.18,69.57,69.66,156.77,68.57,69.87,66.99,75.45,71.39,71.28,72.08,157.01,69.05,72.36,2.9409,3.14
2394,76.608,0.685627,0.387921,1.362832,2,FOLLOWING,68.15,69.0,67.81,68.4,67.62,157.45,68.44,69.1,68.54,65.69,65.76,66.63,64.56,158.46,68.23,67.94,2.9542,3.14
2395,76.64,0.686036,0.389874,1.365307,2,FOLLOWING,68.02,69.99,67.61,67.8,67.12,154.2,68.16,69.46,67.84,71.48,67.3,66.92,66.37,149.32,67.73,70.0,2.9676,3.14
2396,76.672,0.686441,0.391828,1.367783,2,FOLLOWING,66.95,69.88,67.45,68.15,66.66,156.9,71.02,71.4,65.33,69.7,67.21,68.67,65.98,160.94,75.31,74.31,2.981,3.14
2397,76.704,0.686841,0.393783,1.370259,2,FOLLOWING,65.54,67.48,67.33,69.06,66.84,155.97,69.43,71.15,63.43,63.89,67.14,70.42,67.09,154.58,67.06,70.77,2.9946,3.14
2398,76.736,0.687251,0.395802,1.370259,2,FOLLOWING,66.34,68.54,68.55,66.52,67.02,154.13,66.74,68.44,67.53,70.13,70.4,62.72,67.31,151.37,62.69,64.38,2.9937,3.14
2399,76.768,0.687646,0.397758,1.372735,2,FOLLOWING,66.78,68.84,67.26,65.66,65.21,152.03,67.3,67.45,67.46,69.29,65.32,64.37,62.49,148.89,68.14,65.97,3.0073,3.14
2400,76.8,0.688026,0.399651,1.372735,2,FOLLOWING,65.89,65.7,67.6,66.21,65.67,151.59,67.23,67.93,64.54,60.99,68.11,67.02,66.36,150.93,67.12,68.64,3.0066,3.14
2401,76.832,0.688417,0.401608,1.375211,2,FOLLOWING,69.22,66.91,66.51,66.2,65.6,150.49,67.95,68.46,74.21,68.72,64.87,66.19,65.49,148.84,69.04,69.27,3.0203,3.14
2402,76.864,0.688817,0.403629,1.375211,2,FOLLOWING,66.78,68.8,67.18,67.89,67.02,155.01,69.09,67.06,63.12,71.63,68.18,70.43,69.15,161.8,70.79,64.95,3.0196,3.14
2403,76.896,0.689202,0.405587,1.377686,2,FOLLOWING,66.85,66.41,67.48,65.94,68.08,153.24,67.68,66.05,66.95,62.83,67.93,63.02,69.68,150.59,65.57,64.53,3.0333,3.14
2404,76.928,0.689598,0.407608,1.377686,2,FOLLOWING,66.99,65.39,66.54,65.61,68.88,151.57,66.4,65.28,67.22,63.85,65.14,65.1,70.07,149.07,64.48,64.13,3.0327,3.14
2405,76.96,0.689978,0.409567,1.380162,2,FOLLOWING,68.04,66.8,67.59,66.07,69.18,152.36,64.89,64.82,69.61,68.92,69.16,66.76,69.62,153.55,62.62,64.13,3.0465,3.14
2406,76.992,0.690368,0.41159,1.380162,2,FOLLOWING,69.15,68.22,67.04,65.22,67.51,149.78,65.12,66.06,70.8,70.35,66.22,63.94,65.0,145.92,65.47,67.93,3.0459,3.14
2407,77.024,0.690744,0.413549,1.382638,2,FOLLOWING,68.04,67.94,65.74,68.49,66.43,147.6,68.0,64.18,66.38,67.52,63.79,73.39,64.81,144.32,72.32,61.35,3.0598,3.14
2408,77.056,0.691129,0.415573,1.382638,2,FOLLOWING,68.46,67.35,67.77,68.08,64.17,144.16,67.52,65.45,69.1,66.45,70.82,67.47,60.79,139.01,66.79,67.37,3.0593,3.14
2409,77.088,0.6915,0.417534,1.385114,2,FOLLOWING,67.6,66.33,69.47,67.25,63.15,148.37,68.83,65.34,66.3,64.8,72.01,66.0,61.62,154.69,70.81,65.17,3.0732,3.14
2410,77.12,0.69188,0.419558,1.385114,2,FOLLOWING,66.85,65.1,68.72,67.53,68.39,150.24,69.4,67.37,65.72,63.27,67.61,67.96,76.25,153.04,70.26,70.41,3.0728,3.14
2411,77.152,0.692261,0.421582,1.385114,2,FOLLOWING,69.9,64.17,70.65,67.74,66.15,148.6,66.85,66.73,74.47,62.77,73.53,68.06,62.78,146.13,63.02,65.78,3.0724,3.14
2412,77.184,0.692627,0.423544,1.387589,2,FOLLOWING,65.73,65.31,69.27,66.56,67.47,147.83,68.1,68.74,59.49,67.03,67.21,64.79,69.47,146.68,69.98,71.74,3.0864,3.14
2413,77.216,0.693002,0.425569,1.387589,2,FOLLOWING,66.8,66.54,68.53,65.99,66.78,146.51,66.32,69.07,68.41,68.38,67.41,65.14,65.74,144.54,63.65,69.57,3.0861,3.14
2414,77.248,0.693377,0.427595,1.387589,2,FOLLOWING,67.42,67.67,68.18,66.18,67.08,144.38,66.36,66.58,68.33,69.37,67.66,66.47,67.52,141.17,66.42,62.86,3.0857,3.14
2415,77.28,0.693738,0.429557,1.390065,2,FOLLOWING,67.72,67.73,68.53,67.8,68.96,144.88,67.42,67.37,68.18,67.81,69.06,70.24,71.78,145.63,69.01,68.56,3.0998,3.14
2416,77.312,0.694109,0.431584,1.390065,2,FOLLOWING,66.78,67.25,67.86,66.5,67.38,145.43,67.13,67.48,65.37,66.53,66.86,64.56,65.02,146.27,66.69,67.63,3.0995,3.14
2417,77.344,0.694479,0.43361,1.390065,2,FOLLOWING,67.04,67.71,67.21,66.66,67.56,144.43,65.78,68.75,67.44,68.41,66.23,66.9,67.81,142.91,63.75,70.67,3.0993,3.14
2418,77.376,0.694849,0.435636,1.390065,2,FOLLOWING,66.6,66.35,66.51,66.97,68.51,143.96,65.23,69.23,65.93,64.31,65.45,67.43,69.95,143.27,64.4,69.93,3.099,3.14
2419,77.408,0.695205,0.4376,1.392541,2,FOLLOWING,63.92,67.0,67.41,65.54,67.56,140.8,67.47,68.75,59.91,67.97,68.75,63.39,66.14,136.05,70.83,68.04,3.1132,3.14
2420,77.44,0.695571,0.439627,1.392541,2,FOLLOWING,63.84,70.23,67.64,67.34,67.84,138.6,66.89,67.17,63.72,75.07,68.0,70.05,68.26,135.3,66.03,64.81,3.113,3.14
2421,77.472,0.695936,0.441654,1.392541,2,FOLLOWING,65.5,65.84,68.67,69.44,69.09,138.18,67.5,67.79,67.99,59.27,70.22,72.59,70.96,137.55,68.41,68.7,3.1128,3.14
2422,77.504,0.696301,0.443681,1.392541,2,FOLLOWING,66.93,65.98,70.57,66.37,69.13,139.9,70.02,66.88,69.07,66.19,73.42,61.75,69.19,142.49,73.8,65.53,3.1126,3.14
2423,77.536,0.696666,0.445708,1.392541,2,FOLLOWING,66.5,65.48,69.02,65.18,71.69,141.49,66.01,69.53,65.86,64.72,66.69,63.39,75.53,143.86,60.0,73.49,3.1125,3.14
2424,77.568,0.697032,0.447736,1.392541,2,FOLLOWING,65.73,67.36,68.63,63.58,68.84,141.22,66.83,69.02,64.59,70.2,68.04,61.2,64.58,140.82,68.06,68.25,3.1123,3.14
2425,77.6,0.697397,0.449763,1.392541,2,FOLLOWING,67.02,65.6,67.13,63.77,69.12,143.91,66.94,68.16,68.95,62.95,64.88,64.06,69.53,147.94,67.09,66.87,3.1121,3.14
2426,77.632,0.697748,0.451727,1.395017,2,FOLLOWING,65.5,63.53,66.9,65.35,68.17,142.55,67.91,67.35,63.21,60.42,66.55,67.72,66.74,140.52,69.37,66.13,3.1263,3.14
2427,77.664,0.698108,0.453755,1.395017,2,FOLLOWING,68.36,66.92,65.0,65.33,67.88,143.46,68.5,68.26,72.67,72.0,62.16,65.3,67.45,144.83,69.39,69.64,3.1262,3.14
2428,77.696,0.698469,0.455783,1.395017,2,FOLLOWING,66.36,65.59,65.7,67.31,67.16,142.96,69.41,69.12,63.36,63.6,66.75,70.27,66.08,142.21,70.79,70.4,3.1261,3.14
2429,77.728,0.698829,0.457811,1.395017,2,FOLLOWING,65.06,65.15,64.85,66.64,66.93,141.28,68.61,67.77,63.11,64.5,63.58,65.64,66.6,138.75,67.4,65.75,3.126,3.14
2430,77.76,0.699189,0.459839,1.395017,2,FOLLOWING,66.35,66.74,65.87,68.53,65.76,142.96,68.21,66.45,68.29,69.13,67.4,71.36,64.0,145.47,67.6,64.46,3.1259,3.14
2431,77.792,0.699549,0.461868,1.395017,2,FOLLOWING,65.85,66.27,67.3,64.38,65.56,142.72,67.51,67.09,65.08,65.57,69.45,58.16,65.26,142.37,66.45,68.05,3.1258,3.14
2432,77.824,0.69991,0.463896,1.395017,2,FOLLOWING,65.68,67.01,68.63,67.08,63.73,146.4,65.8,66.92,65.44,68.12,70.62,71.12,60.98,151.92,63.24,66.66,3.1257,3.14
2433,77.856,0.70027,0.465924,1.395017,2,FOLLOWING,65.44,65.39,67.65,67.06,63.78,146.68,66.61,64.11,65.07,62.95,66.18,67.02,63.85,147.09,67.84,59.9,3.1256,3.14
2434,77.888,0.70063,0.467952,1.395017,2,FOLLOWING,67.45,68.11,69.36,66.29,63.57,142.7,65.84,63.58,70.47,72.2,71.92,65.15,63.25,136.73,64.69,62.78,3.1255,3.14
2435,77.92,0.70099,0.46998,1.395017,2,FOLLOWING,66.63,68.87,68.05,66.99,64.68,142.36,65.96,66.45,65.4,70.01,66.08,68.04,66.34,141.86,66.13,70.76,3.1254,3.14
2436,77.952,0.70135,0.472008,1.395017,2,FOLLOWING,64.98,67.88,67.42,66.03,64.12,147.01,68.01,67.44,62.51,66.39,66.48,64.59,63.29,153.99,71.08,68.94,3.1253,3.14
2437,77.984,0.701697,0.473973,1.397492,2,FOLLOWING,66.05,67.95,67.22,67.83,67.71,115.42,69.49,65.0,67.65,68.06,66.91,70.53,73.09,68.04,71.7,61.33,3.1396,3.14
2438,78.016,0.702052,0.476002,1.397492,2,FOLLOWING,68.51,67.75,68.09,68.42,66.0,94.13,66.76,64.8,72.2,67.44,69.4,69.3,63.43,62.19,62.66,64.49,3.1396,3.14
2439,78.048,0.702407,0.478031,1.397492,2,FOLLOWING,69.71,67.46,66.63,67.07,66.3,81.84,66.59,66.15,71.52,67.04,64.43,65.04,66.77,63.4,66.35,68.18,3.1396,3.14
2440,78.08,0.702762,0.48006,1.397492,2,FOLLOWING,69.03,67.64,67.78,66.03,66.03,76.23,65.36,64.69,68.0,67.91,69.5,64.48,65.61,67.82,63.52,62.52,3.1396,3.14
2441,78.112,0.703118,0.482089,1.397492,2,FOLLOWING,68.85,66.47,66.17,69.4,66.0,71.1,66.34,66.54,68.59,64.72,63.77,74.44,65.95,63.4,67.82,69.32,3.1396,3.14
2442,78.144,0.703473,0.484118,1.397492,2,FOLLOWING,68.81,66.0,66.26,69.49,67.72,69.18,67.5,66.3,68.74,65.28,66.39,69.64,70.31,66.29,69.24,65.93,3.1396,3.14
2443,78.176,0.703828,0.486147,1.397492,2,FOLLOWING,67.35,65.96,66.47,68.57,67.85,68.66,66.62,66.53,65.16,65.9,66.8,67.19,68.03,67.88,65.28,66.87,3.1396,3.14
2444,78.208,0.704183,0.488176,1.397492,2,FOLLOWING,66.76,67.47,67.81,69.19,69.73,70.04,66.56,68.21,65.87,69.75,69.81,70.11,72.57,72.11,66.48,70.74,3.1396,3.14
2445,78.24,0.704538,0.490205,1.397492,2,FOLLOWING,66.41,68.83,65.55,71.23,67.05,70.49,66.5,68.98,65.9,70.87,62.16,74.29,63.02,71.16,66.41,70.12,3.1396,3.14
2446,78.272,0.704894,0.492234,1.397492,2,FOLLOWING,69.54,67.63,67.76,68.15,64.14,68.86,65.17,68.91,74.24,65.83,71.07,63.54,59.78,66.41,63.18,68.81,3.1396,3.14
2447,78.304,0.705249,0.494263,1.397492,2,FOLLOWING,67.64,70.73,70.5,69.3,66.44,69.51,66.52,68.11,64.78,75.39,74.61,71.01,69.88,70.5,68.54,66.91,3.1396,3.14
2448,78.336,0.705604,0.496292,1.397492,2,FOLLOWING,66.25,68.99,68.21,70.78,66.89,68.94,68.24,68.54,64.17,66.36,64.79,72.99,67.57,68.09,70.83,69.2,3.1396,3.14
2449,78.368,0.705959,0.498321,1.397492,2,FOLLOWING,67.32,67.35,67.85,69.43,67.74,67.52,68.3,66.95,68.93,64.9,67.3,67.41,69.01,65.39,68.38,64.55,3.1396,3.14
2450,78.4,0.706314,0.50035,1.397492,2,FOLLOWING,66.78,67.83,68.48,68.21,67.5,68.01,66.72,65.07,65.96,68.54,69.43,66.38,67.14,68.74,64.34,62.25,3.1396,3.14
2451,78.432,0.70667,0.502379,1.397492,2,FOLLOWING,65.23,68.73,69.12,70.58,68.48,66.3,65.28,64.91,62.91,70.09,70.08,74.15,69.95,63.75,63.13,64.67,3.1396,3.14
2452,78.464,0.707025,0.504408,1.397492,2,FOLLOWING,66.24,67.75,67.55,67.27,68.4,65.98,63.48,65.03,67.76,66.28,65.19,62.29,68.28,65.49,60.79,65.22,3.1396,3.14
2453,78.496,0.70738,0.506437,1.397492,2,FOLLOWING,67.18,69.54,66.07,65.46,66.11,67.4,65.46,65.45,68.59,72.22,63.85,62.75,62.68,69.52,68.44,66.06,3.1396,3.14
2454,78.528,0.707735,0.508466,1.397492,2,FOLLOWING,69.2,68.34,67.27,67.49,64.72,68.05,66.82,63.89,72.22,66.54,69.08,70.53,62.62,69.03,68.86,61.56,3.1396,3.14
2455,78.56,0.70809,0.510495,1.397492,2,FOLLOWING,70.02,69.3,69.11,63.95,65.68,67.24,65.21,67.37,71.24,70.73,71.87,58.64,67.12,66.03,62.78,72.58,3.1396,3.14
2456,78.592,0.708446,0.512524,1.397492,2,FOLLOWING,68.52,67.21,68.61,62.65,67.38,65.9,64.99,67.5,66.27,64.09,67.85,60.71,69.93,63.87,64.66,67.71,3.1396,3.14
2457,78.624,0.708801,0.514553,1.397492,2,FOLLOWING,68.69,68.25,66.88,62.97,65.88,66.02,65.97,69.24,68.94,69.8,64.3,63.43,63.63,66.22,67.45,71.84,3.1396,3.14
2458,78.656,0.709156,0.516582,1.397492,2,FOLLOWING,67.09,65.73,67.67,66.26,65.57,65.5,65.09,66.68,64.69,61.96,68.86,71.19,65.11,64.72,63.76,62.85,3.1396,3.14
2459,78.688,0.709511,0.518611,1.397492,2,FOLLOWING,68.39,66.83,65.81,64.28,66.77,67.37,66.22,66.55,70.33,68.46,63.01,61.31,68.58,70.18,67.92,66.36,3.1396,3.14
2460,78.72,0.709866,0.52064,1.397492,2,FOLLOWING,66.09,67.11,66.37,65.65,63.51,67.83,68.02,67.39,62.66,67.53,67.21,67.7,58.61,68.51,70.72,68.64,3.1396,3.14
2461,78.752,0.710222,0.522669,1.397492,2,FOLLOWING,68.14,65.93,66.11,66.58,63.25,69.08,65.65,68.7,71.21,64.17,65.73,67.98,62.86,70.97,62.08,70.68,3.1396,3.14
2462,78.784,0.710577,0.524698,1.397492,2,FOLLOWING,69.87,67.76,64.79,65.8,65.55,69.89,65.74,67.1,72.45,70.51,62.81,64.63,69.01,71.11,65.88,64.69,3.1395,3.14
2463,78.816,0.710932,0.526727,1.397492,2,FOLLOWING,68.07,65.29,68.93,66.22,66.24,67.07,66.64,67.21,65.39,61.59,75.14,66.86,67.28,62.85,67.98,67.37,3.1395,3.14
2464,78.848,0.711287,0.528756,1.397492,2,FOLLOWING,69.34,66.4,68.23,65.89,64.89,65.68,68.08,66.27,71.25,68.06,67.18,65.39,62.87,63.58,70.25,64.87,3.1395,3.14
2465,78.88,0.711642,0.530785,1.397492,2,FOLLOWING,68.23,69.66,65.92,65.87,64.13,65.17,67.68,67.31,66.57,74.54,62.44,65.85,62.99,64.41,67.07,68.87,3.1395,3.14
2466,78.912,0.711998,0.532814,1.397492,2,FOLLOWING,67.88,68.77,65.28,65.62,66.35,66.37,67.52,67.2,67.36,67.43,64.32,65.24,69.67,68.18,67.28,67.04,3.1395,3.14
2467,78.944,0.712353,0.534843,1.397492,2,FOLLOWING,68.65,69.19,66.18,65.82,67.69,66.31,69.14,66.76,69.8,69.83,67.55,66.13,69.71,66.21,71.58,66.1,3.1395,3.14
2468,78.976,0.712708,0.536872,1.397492,2,FOLLOWING,69.28,71.04,69.35,66.52,69.27,66.09,68.33,68.27,70.23,73.82,74.1,67.56,71.64,65.75,67.1,70.53,3.1395,3.14
2469,79.008,0.713063,0.538901,1.397492,2,FOLLOWING,68.35,69.37,69.62,65.79,69.14,68.96,66.51,68.26,66.95,66.87,70.02,64.7,68.94,73.28,63.78,68.24,3.1395,3.14
2470,79.04,0.713418,0.54093,1.397492,2,FOLLOWING,70.15,69.75,68.19,66.68,67.84,68.31,66.37,68.0,72.84,70.31,66.05,68.01,65.88,67.33,66.17,67.62,3.1395,3.14
2471,79.072,0.713773,0.542959,1.397492,2,FOLLOWING,70.04,69.26,68.46,66.98,68.54,68.23,67.15,66.13,69.89,68.52,68.87,67.42,69.61,68.1,68.3,63.33,3.1395,3.14
2472,79.104,0.714129,0.544988,1.397492,2,FOLLOWING,69.65,65.83,69.35,68.36,70.06,66.84,68.13,67.44,69.06,60.68,70.69,70.44,72.33,64.76,69.6,69.4,3.1395,3.14
2473,79.136,0.714484,0.547017,1.397492,2,FOLLOWING,67.38,66.27,67.46,67.62,67.31,66.52,66.22,65.7,63.98,66.93,64.63,66.52,63.2,66.04,63.36,63.09,3.1395,3.14
2474,79.168,0.71483,0.548982,1.395017,2,FOLLOWING,69.41,65.89,66.32,66.95,65.56,66.01,67.59,66.55,72.45,65.32,64.61,65.94,62.92,65.25,69.65,67.84,3.1251,3.14
2475,79.2,0.715191,0.55101,1.395017,2,FOLLOWING,68.4,67.18,66.68,67.48,68.98,66.29,67.96,68.1,66.89,69.11,67.22,68.28,74.12,66.71,68.52,70.41,3.1249,3.14
2476,79.232,0.715551,0.553038,1.395017,2,FOLLOWING,67.96,66.98,67.87,68.78,71.5,68.64,65.57,67.29,67.31,66.69,69.67,70.72,75.27,72.16,61.99,66.09,3.1247,3.14
2477,79.264,0.715911,0.555066,1.395017,2,FOLLOWING,70.02,66.14,68.36,69.0,68.99,69.85,65.32,65.98,73.1,64.88,69.09,69.35,65.24,71.68,64.94,64.02,3.1246,3.14
2478,79.296,0.716271,0.557094,1.395017,2,FOLLOWING,67.81,65.92,66.65,69.19,69.16,68.99,65.51,64.82,64.49,65.58,64.09,69.48,69.4,67.7,65.81,63.08,3.1244,3.14
2479,79.328,0.716618,0.559059,1.397492,2,FOLLOWING,66.68,64.06,67.97,69.38,68.88,68.26,66.23,65.66,65.0,61.27,69.95,69.65,68.47,67.17,67.29,66.93,3.1387,3.14
2480,79.36,0.716973,0.561088,1.397492,2,FOLLOWING,65.77,66.08,66.14,67.25,68.84,68.41,67.68,65.68,64.4,69.1,63.39,64.05,68.78,68.63,69.86,65.72,3.1387,3.14
2481,79.392,0.717328,0.563117,1.397492,2,FOLLOWING,65.62,65.66,64.58,67.58,68.72,69.79,66.21,66.84,65.39,65.02,62.24,68.08,68.55,71.86,64.02,68.58,3.1387,3.14
2482,79.424,0.717683,0.565146,1.397492,2,FOLLOWING,67.85,68.42,65.41,68.04,69.77,67.46,67.37,65.53,71.2,72.58,66.65,68.73,71.34,63.97,69.1,63.55,3.1387,3.14
2483,79.456,0.718039,0.567175,1.397492,2,FOLLOWING,67.56,67.84,64.42,66.69,65.5,67.66,66.04,65.84,67.13,66.96,62.93,64.67,59.09,67.94,64.05,66.3,3.1386,3.14
2484,79.488,0.718394,0.569204,1.397492,2,FOLLOWING,65.87,66.04,66.7,65.25,66.44,66.02,64.63,64.78,63.34,63.34,70.13,63.08,67.86,63.58,62.51,63.2,3.1386,3.14
2485,79.52,0.718749,0.571233,1.397492,2,FOLLOWING,66.87,65.99,66.5,67.47,68.06,68.16,66.05,66.69,68.38,65.93,66.2,70.8,70.49,71.37,68.18,69.55,3.1386,3.14
2486,79.552,0.719104,0.573262,1.397492,2,FOLLOWING,67.69,66.12,66.25,68.38,68.28,68.22,63.64,66.72,68.9,66.31,65.86,69.74,68.6,68.3,60.01,66.76,3.1386,3.14
2487,79.584,0.719459,0.575291,1.397492,2,FOLLOWING,66.82,66.64,68.39,67.02,69.32,68.29,66.35,68.98,65.51,67.43,71.59,64.98,70.88,68.39,70.43,72.37,3.1386,3.14
2488,79.616,0.719815,0.57732,1.397492,2,FOLLOWING,70.44,66.94,66.17,67.59,69.23,69.11,67.17,68.32,75.87,67.39,62.86,68.44,69.1,70.35,68.39,67.33,3.1386,3.14
2489,79.648,0.72017,0.579349,1.397492,2,FOLLOWING,69.74,68.2,67.79,66.01,67.98,68.59,64.04,66.84,68.69,70.09,70.22,63.64,66.12,67.81,59.35,64.62,3.1386,3.14
2490,79.68,0.720525,0.581378,1.397492,2,FOLLOWING,66.38,68.08,68.88,67.16,69.92,68.48,64.72,66.8,61.34,67.9,70.52,68.88,72.83,68.31,65.73,66.75,3.1385,3.14
2491,79.712,0.72088,0.583407,1.397492,2,FOLLOWING,69.58,67.62,69.51,68.32,71.35,68.58,63.71,66.69,74.38,66.94,70.44,70.07,73.49,68.73,62.2,66.52,3.1385,3.14
2492,79.744,0.721235,0.585436,1.397492,2,FOLLOWING,71.24,66.57,66.33,68.09,70.67,69.82,66.81,68.18,73.73,64.99,61.57,67.74,69.65,71.67,71.47,70.42,3.1385,3.14
2493,79.776,0.721591,0.587465,1.397492,2,FOLLOWING,69.46,65.32,66.32,68.29,72.43,69.87,68.27,67.01,66.79,63.45,66.3,68.59,75.06,69.95,70.46,65.26,3.1385,3.14
2494,79.808,0.721946,0.589494,1.397492,2,FOLLOWING,66.13,68.03,68.57,68.29,70.96,69.07,66.99,68.92,61.14,72.09,71.95,68.3,68.75,67.88,65.07,71.77,3.1385,3.14
2495,79.84,0.722301,0.591523,1.397492,2,FOLLOWING,66.69,66.62,66.47,67.96,68.29,68.54,67.01,66.94,67.53,64.51,63.31,67.45,64.28,67.74,67.04,63.97,3.1384,3.14
2496,79.872,0.722656,0.593552,1.397492,2,FOLLOWING,65.6,67.22,69.0,67.43,67.07,68.12,64.78,66.72,63.97,68.12,72.8,66.64,65.25,67.49,61.44,66.38,3.1384,3.14
2497,79.904,0.723011,0.595581,1.397492,2,FOLLOWING,66.97,65.32,67.95,69.56,65.72,67.9,66.76,68.94,69.01,62.47,66.38,72.75,63.69,67.57,69.74,72.28,3.1384,3.14
2498,79.936,0.723366,0.59761,1.397492,2,FOLLOWING,66.62,63.85,69.48,68.28,69.8,68.6,68.77,67.04,66.11,61.64,71.78,66.35,75.93,69.66,71.78,64.18,3.1384,3.14
2499,79.968,0.723722,0.599639,1.397492,2,FOLLOWING,67.37,65.44,68.92,68.43,66.51,68.66,67.35,68.02,68.49,67.82,68.08,68.67,61.57,68.74,65.21,69.49,3.1384,3.14
2500,80.0,0.724077,0.601668,1.397492,2,FOLLOWING,65.08,67.41,68.73,66.44,67.87,69.06,66.82,69.41,61.64,70.36,68.44,63.46,69.91,69.67,66.03,71.51,3.1383,3.14
2501,80.032,0.724432,0.603697,1.397492,2,FOLLOWING,67.47,67.18,68.29,64.11,66.69,66.62,66.4,67.04,71.07,66.85,67.64,60.61,64.92,62.94,65.77,63.47,3.1178,3.12
2502,80.064,0.724787,0.605726,1.397492,2,FOLLOWING,67.82,65.78,69.65,66.67,68.54,66.83,66.48,69.4,68.34,63.66,71.67,70.5,71.31,67.16,66.59,72.95,3.0884,3.0906
2503,80.096,0.725142,0.607755,1.397492,2,FOLLOWING,67.98,68.53,68.9,64.52,67.38,66.64,65.52,67.36,68.22,72.65,67.77,61.29,65.64,66.34,64.08,64.3,3.059,3.0613
2504,80.128,0.725475,0.609657,1.397492,2,FOLLOWING,67.97,68.31,68.96,65.0,68.46,65.82,65.78,67.46,67.94,68.0,69.04,65.73,70.08,64.59,66.16,67.61,3.0314,3.0337
2505,80.16,0.725831,0.611686,1.397492,2,FOLLOWING,69.12,68.72,67.3,65.82,66.52,67.2,65.14,66.7,70.84,69.33,64.81,67.05,63.6,69.28,64.19,65.57,3.002,3.0043
2506,80.192,0.726164,0.613588,1.397492,2,FOLLOWING,68.3,68.8,66.22,65.38,68.15,67.51,65.77,65.45,67.08,68.91,64.6,64.72,70.61,67.97,66.72,63.57,2.9744,2.9768
2507,80.224,0.726497,0.61549,1.397492,2,FOLLOWING,67.26,66.8,67.3,67.71,69.46,67.57,66.09,64.62,65.69,63.81,68.93,71.21,71.43,67.66,66.56,63.37,2.9469,2.9493
2508,80.256,0.72683,0.617393,1.397492,2,FOLLOWING,68.12,68.38,66.76,67.54,67.15,69.93,66.13,66.49,69.41,70.74,65.94,67.28,63.69,73.47,66.19,69.3,2.9193,2.9217
2509,80.288,0.727163,0.619295,1.397492,2,FOLLOWING,67.4,67.31,66.2,68.74,69.06,68.07,66.53,65.53,66.33,65.7,65.35,70.55,71.93,65.28,67.13,64.1,2.8917,2.8942
2510,80.32,0.727496,0.621197,1.397492,2,FOLLOWING,68.81,69.15,66.6,66.93,67.69,67.34,66.46,67.52,70.91,71.9,67.22,64.22,65.64,66.25,66.37,70.5,2.8642,2.8667
2511,80.352,0.727806,0.622972,1.397492,2,FOLLOWING,68.51,66.57,67.61,66.25,68.44,68.46,66.35,65.58,68.07,62.71,69.12,65.24,69.55,70.14,66.17,62.68,2.8384,2.841
2512,80.384,0.728139,0.624875,1.397492,2,FOLLOWING,68.11,68.06,69.55,66.93,67.15,67.41,65.19,63.24,67.5,70.28,72.47,67.95,65.21,65.83,63.45,59.73,2.8109,2.8135
2513,80.416,0.72845,0.62665,1.397492,2,FOLLOWING,69.14,68.37,68.45,67.31,70.69,67.53,62.48,62.6,70.69,68.85,66.8,67.88,76.02,67.72,58.43,61.64,2.7851,2.7878
2514,80.448,0.728761,0.628425,1.397492,2,FOLLOWING,69.95,68.83,70.27,67.08,69.14,65.22,65.11,65.19,71.17,69.52,73.01,66.73,66.82,61.75,69.05,69.08,2.7594,2.7621
2515,80.48,0.729081,0.630264,1.399968,2,FOLLOWING,69.99,67.76,68.52,66.94,66.95,66.98,65.38,66.57,70.04,66.14,65.89,66.72,63.67,69.61,65.77,68.64,2.7422,2.726
2516,80.512,0.729378,0.631977,1.397492,2,FOLLOWING,69.68,66.68,68.02,67.49,67.27,68.5,67.11,65.89,69.22,65.06,67.27,68.33,67.74,70.78,69.71,64.86,2.7081,2.7105
2517,80.544,0.729689,0.633752,1.397492,2,FOLLOWING,67.53,69.66,67.55,68.72,65.24,65.99,65.97,66.85,64.32,74.14,66.85,70.56,62.2,62.22,64.27,68.3,2.6823,2.6848
2518,80.576,0.73,0.635527,1.397492,2,FOLLOWING,66.77,68.95,68.11,66.99,63.69,67.02,67.65,66.73,65.63,67.89,68.93,64.41,61.37,68.57,70.18,66.54,2.6566,2.6591
2519,80.608,0.730288,0.637176,1.397492,2,FOLLOWING,66.62,68.81,69.4,63.92,65.26,67.3,67.44,66.24,66.4,68.6,71.34,59.32,67.61,67.73,67.13,65.51,2.6327,2.6353
2520,80.64,0.730599,0.638951,1.397492,2,FOLLOWING,67.3,67.52,67.92,64.8,65.07,67.49,65.94,67.56,68.3,65.57,65.7,66.1,64.79,67.77,63.69,69.53,2.607,2.6096
2521,80.672,0.730888,0.6406,1.397492,2,FOLLOWING,67.11,67.75,64.7,66.52,63.81,68.3,67.48,67.26,66.83,68.11,59.87,69.12,61.93,69.51,69.78,66.81,2.5831,2.5857
2522,80.704,0.731176,0.642248,1.397492,2,FOLLOWING,67.64,69.18,66.23,66.07,65.61,69.94,67.05,66.24,68.43,71.33,68.52,65.39,68.3,72.4,66.4,64.7,2.5592,2.5619
2523,80.736,0.731465,0.643897,1.397492,2,FOLLOWING,66.09,68.34,66.74,68.52,67.13,68.83,67.97,65.52,63.78,67.08,67.52,72.2,69.41,67.17,69.35,64.45,2.5353,2.538
2524,80.768,0.731754,0.645546,1.397492,2,FOLLOWING,65.9,68.86,67.5,65.43,66.37,67.23,65.92,67.27,65.6,69.65,68.64,60.8,65.23,64.82,62.84,69.88,2.5114,2.5142
2525,80.8,0.732042,0.647194,1.397492,2,FOLLOWING,65.25,68.17,68.44,64.9,67.28,65.53,67.3,67.03,64.28,67.13,69.86,64.1,68.65,62.98,69.38,66.68,2.4875,2.4903
2526,80.832,0.732318,0.64878,1.399968,2,FOLLOWING,65.69,69.38,66.76,67.19,70.2,68.2,66.8,66.81,66.36,71.2,64.23,70.61,74.57,72.2,66.05,66.47,2.474,2.4579
2527,80.864,0.732593,0.650365,1.397492,2,FOLLOWING,66.23,66.8,65.43,68.33,67.92,67.93,67.69,66.37,67.03,62.93,63.43,70.05,64.5,67.53,69.03,65.7,2.4417,2.4443
2528,80.896,0.732869,0.651951,1.399968,2,FOLLOWING,64.03,68.82,67.04,67.53,67.65,67.27,65.89,68.17,60.74,71.85,69.46,66.32,67.25,66.29,63.18,70.86,2.4282,2.4119
2529,80.928,0.733144,0.653536,1.397492,2,FOLLOWING,63.83,69.5,66.73,67.47,66.53,67.23,68.45,66.45,63.53,70.53,66.27,67.37,64.84,67.16,72.31,63.89,2.3959,2.3983
2530,80.96,0.733411,0.655058,1.397492,2,FOLLOWING,65.89,68.63,64.43,68.76,67.03,66.42,66.57,66.43,68.98,67.32,60.97,70.71,67.8,65.21,63.74,66.39,2.3738,2.3762
2531,80.992,0.733677,0.65658,1.397492,2,FOLLOWING,66.65,70.39,68.06,67.78,66.86,65.43,68.81,66.05,67.78,73.02,73.52,66.31,66.61,63.93,72.17,65.49,2.3518,2.3542
2532,81.024,0.733943,0.658101,1.397492,2,FOLLOWING,64.22,68.51,66.66,65.28,69.3,63.13,69.39,68.23,60.58,65.71,64.54,61.52,72.96,59.67,70.25,71.49,2.3297,2.3322
2533,81.056,0.73421,0.659623,1.397492,2,FOLLOWING,67.24,66.19,65.3,66.31,66.29,65.35,69.97,68.31,71.76,62.71,63.28,67.86,61.78,68.69,70.85,68.42,2.3076,2.3102
2534,81.088,0.734476,0.661145,1.397492,2,FOLLOWING,69.62,66.83,66.74,65.66,67.99,64.11,68.01,67.36,73.19,67.8,68.9,64.69,70.52,62.25,65.06,65.94,2.2856,2.2882
2535,81.12,0.73473,0.662603,1.399968,2,FOLLOWING,68.77,66.34,67.14,66.61,68.06,65.5,68.7,68.22,67.5,65.61,67.73,68.04,68.17,67.59,69.73,69.52,2.2739,2.2576
2536,81.152,0.734983,0.664062,1.397492,2,FOLLOWING,69.56,67.64,65.5,66.27,69.19,67.13,68.63,65.46,70.74,69.58,63.05,65.76,70.88,69.58,68.53,61.33,2.2434,2.2458
2537,81.184,0.735237,0.665521,1.399968,2,FOLLOWING,70.61,67.86,68.59,65.66,69.0,63.89,67.46,65.72,72.18,68.19,73.21,64.73,68.73,59.02,65.7,66.09,2.2318,2.2152
2538,81.216,0.73549,0.666979,1.397492,2,FOLLOWING,70.0,69.37,68.1,64.0,69.37,65.3,68.81,66.61,69.1,71.64,67.37,61.53,69.92,67.42,70.82,67.94,2.2013,2.2034
2539,81.248,0.735734,0.668374,1.397492,2,FOLLOWING,69.36,68.1,67.52,64.69,69.74,67.62,69.3,68.04,68.4,66.19,66.65,65.73,70.3,71.1,70.05,70.2,2.1811,2.1833
2540,81.28,0.735979,0.669769,1.397492,2,FOLLOWING,69.7,68.33,67.32,64.76,69.13,69.46,66.8,68.86,70.2,68.67,67.02,64.86,68.21,72.22,63.04,70.09,2.1609,2.1631
2541,81.312,0.736223,0.671164,1.397492,2,FOLLOWING,70.23,67.28,67.07,65.45,68.93,67.67,67.81,66.89,71.03,65.72,66.7,66.47,68.64,64.98,69.33,63.94,2.1407,2.1429
2542,81.344,0.736467,0.672559,1.397492,2,FOLLOWING,69.16,68.27,66.22,62.53,67.31,68.22,66.72,68.81,67.56,69.74,64.94,58.15,64.87,69.06,65.08,71.7,2.1204,2.1227
2543,81.376,0.736711,0.673954,1.397492,2,FOLLOWING,67.91,66.97,68.8,65.02,68.28,69.31,65.79,68.45,66.03,65.02,72.67,68.77,69.73,70.95,64.39,67.91,2.1002,2.1025
2544,81.408,0.736943,0.675286,1.399968,2,FOLLOWING,65.25,69.57,66.79,67.66,66.22,67.39,66.07,69.7,61.25,73.48,63.77,71.61,63.13,64.49,66.49,71.57,2.0904,2.0737
2545,81.44,0.737174,0.676618,1.397492,2,FOLLOWING,67.51,67.55,67.87,65.91,67.01,67.98,69.33,67.39,70.91,64.51,69.48,63.28,68.2,68.86,74.23,63.93,2.0618,2.0638
2546,81.472,0.737418,0.678013,1.397492,2,FOLLOWING,67.2,68.14,68.36,66.14,65.91,69.98,70.04,67.13,66.74,69.04,69.11,66.5,64.26,72.98,71.11,66.73,2.0415,2.0436
2547,81.504,0.73764,0.679281,1.397492,2,FOLLOWING,67.74,64.82,70.21,67.51,64.94,69.74,68.76,67.58,68.54,59.84,72.98,69.56,63.48,69.37,66.83,68.27,2.0232,2.0253
2548,81.536,0.737862,0.680549,1.397492,2,FOLLOWING,67.54,63.73,69.89,67.21,65.88,71.08,67.05,68.89,67.25,62.08,69.43,66.76,67.29,73.1,64.49,70.85,2.0048,2.0069
2549,81.568,0.738094,0.681881,1.399968,2,FOLLOWING,66.72,64.98,69.3,68.24,66.66,66.26,67.05,68.71,65.49,66.86,68.41,69.78,67.84,59.03,67.05,68.43,1.995,1.9782
2550,81.6,0.738325,0.683212,1.397492,2,FOLLOWING,69.65,66.68,67.04,67.81,66.01,67.03,68.56,67.08,74.04,69.23,63.65,67.17,65.03,68.19,70.83,64.64,1.9663,1.9682
2551,81.632,0.738547,0.684481,1.397492,2,FOLLOWING,68.08,63.44,65.5,65.21,64.95,68.47,69.52,67.39,65.72,58.57,63.19,61.31,63.37,70.62,70.96,67.85,1.948,1.9499
2552,81.664,0.738769,0.685749,1.397492,2,FOLLOWING,66.43,65.67,67.31,66.93,67.41,67.32,67.64,67.46,63.97,69.02,70.03,69.51,71.08,65.6,64.82,67.57,1.9296,1.9315
2553,81.696,0.738979,0.686954,1.399968,2,FOLLOWING,67.27,66.48,66.79,64.76,65.73,68.64,66.15,68.77,68.52,67.7,66.0,61.51,63.22,70.62,63.91,70.72,1.9216,1.9046
2554,81.728,0.739188,0.688159,1.397492,2,FOLLOWING,69.63,64.41,65.43,66.34,66.9,69.52,65.31,70.08,73.17,61.3,63.38,68.7,68.65,70.84,64.05,72.04,1.8948,1.8965
2555,81.76,0.73941,0.689427,1.397492,2,FOLLOWING,67.04,63.23,64.62,66.76,68.69,69.06,65.95,67.15,63.16,61.47,63.4,67.4,71.36,68.38,66.92,62.76,1.8764,1.8781
2556,81.792,0.73961,0.690568,1.397492,2,FOLLOWING,70.17,63.9,65.19,67.72,68.63,67.9,69.18,66.71,74.85,64.9,66.05,69.15,68.55,66.17,74.02,66.04,1.8599,1.8616
2557,81.824,0.739832,0.691836,1.397492,2,FOLLOWING,68.27,62.94,66.21,69.07,67.24,68.26,67.63,66.19,65.42,61.5,67.74,71.09,65.15,68.8,65.3,65.42,1.8415,1.8433
2558,81.856,0.740032,0.692977,1.397492,2,FOLLOWING,68.97,66.07,65.83,69.29,67.74,66.86,64.75,67.62,70.01,70.76,65.27,69.62,68.5,64.77,60.44,69.75,1.825,1.8268
2559,81.888,0.740254,0.694246,1.397492,2,FOLLOWING,69.81,65.57,63.25,71.39,67.7,66.06,66.02,66.12,71.09,64.83,59.38,74.54,67.64,64.85,67.92,63.87,1.8066,1.8084
2560,81.92,0.740453,0.695387,1.397492,2,FOLLOWING,66.99,67.73,64.8,68.85,68.61,67.68,63.35,67.61,62.77,70.96,67.13,65.03,69.97,70.12,59.33,69.86,1.79,1.7919
2561,81.952,0.740653,0.696528,1.397492,2,FOLLOWING,68.98,68.91,65.44,69.86,68.32,68.02,63.27,66.87,71.95,70.68,66.39,71.38,67.89,68.51,63.15,65.76,1.7735,1.7754
2562,81.984,0.740853,0.697669,1.397492,2,FOLLOWING,68.22,68.36,65.97,68.88,68.79,68.38,67.07,65.32,67.08,67.53,66.77,67.42,69.5,68.93,72.76,62.99,1.7569,1.7589
2563,82.016,0.741053,0.698811,1.397492,2,FOLLOWING,68.0,67.04,69.26,67.87,68.14,67.38,66.21,65.65,67.68,65.06,74.18,66.34,67.15,65.88,64.92,66.14,1.7404,1.7424
2564,82.048,0.741253,0.699952,1.397492,2,FOLLOWING,66.26,68.35,68.91,68.37,66.3,66.09,66.0,65.12,63.65,70.32,68.4,69.12,63.54,64.14,65.69,64.33,1.7238,1.7259
2565,82.08,0.741452,0.701093,1.397492,2,FOLLOWING,66.23,68.32,69.94,69.23,65.85,65.09,65.62,64.12,66.19,68.28,71.48,70.53,65.19,63.6,65.04,62.62,1.7073,1.7094
2566,82.112,0.74163,0.702108,1.397492,2,FOLLOWING,65.86,67.78,69.83,69.67,63.89,63.31,67.12,65.13,65.3,66.96,69.67,70.32,60.94,60.64,69.37,66.64,1.6925,1.6947
2567,82.144,0.74183,0.703249,1.397492,2,FOLLOWING,65.9,67.12,71.1,68.36,66.26,65.91,68.14,67.62,65.95,66.14,73.01,66.4,69.81,69.82,69.68,71.35,1.676,1.6782
2568,82.176,0.742017,0.704327,1.399968,2,FOLLOWING,66.65,69.64,70.76,68.35,66.74,65.3,67.5,66.53,67.79,73.43,70.25,68.34,67.47,64.37,66.53,64.9,1.6699,1.6531
2569,82.208,0.742204,0.705405,1.397492,2,FOLLOWING,68.91,67.7,69.88,68.13,65.26,66.17,65.44,69.75,72.3,64.79,68.57,67.79,63.04,67.49,62.34,74.59,1.6449,1.6468
2570,82.24,0.742382,0.70642,1.397492,2,FOLLOWING,68.29,64.69,66.44,68.65,68.18,67.55,64.8,69.66,67.35,60.18,61.28,69.44,72.55,69.61,63.84,69.53,1.6302,1.6321
2571,82.272,0.742582,0.707561,1.397492,2,FOLLOWING,69.19,66.5,67.8,67.59,67.32,67.97,64.76,70.14,70.54,69.22,69.84,66.0,66.04,68.6,64.71,70.84,1.6137,1.6156
2572,82.304,0.742759,0.708576,1.397492,2,FOLLOWING,71.16,66.07,67.66,65.77,67.27,64.84,63.11,68.05,74.1,65.43,67.45,63.05,67.2,60.13,60.65,64.92,1.599,1.6009
2573,82.336,0.742937,0.70959,1.397492,2,FOLLOWING,66.91,65.32,67.28,65.41,67.85,63.65,65.9,67.31,60.54,64.19,66.71,64.86,68.71,61.88,70.07,66.21,1.5842,1.5863
2574,82.368,0.743115,0.710605,1.397492,3,GOAL_REACHED,65.66,66.34,66.46,66.4,67.18,65.27,65.64,65.91,63.78,67.86,65.23,67.89,66.19,67.7,65.25,63.81,0.0,0.0
