step,time,x,y,theta,wp_idx,action,ps0,ps1,ps2,ps3,ps4,ps5,ps6,ps7,vl,vr
1,0.032,-0.75,-0.75,1.570796,1,FOLLOWING,67.79,68.71,71.73,70.27,65.12,70.24,69.97,67.07,3.14,-1.8322
2,0.064,-0.749985,-0.749485,1.511378,1,FOLLOWING,69.65,66.6,62.72,66.82,67.92,69.75,65.8,65.05,3.14,-1.4918
3,0.096,-0.749939,-0.748972,1.451959,1,FOLLOWING,62.82,67.04,64.97,67.43,64.48,63.39,68.08,70.81,3.14,-1.1511
4,0.128,-0.749845,-0.748336,1.397492,1,FOLLOWING,72.76,68.85,63.73,66.48,66.53,64.21,74.83,64.94,3.14,-0.8399
5,0.16,-0.749693,-0.747578,1.347977,1,FOLLOWING,66.84,60.78,57.4,68.63,58.9,69.27,71.1,59.89,3.14,-0.5581
6,0.192,-0.749489,-0.746767,1.300937,1,FOLLOWING,67.06,72.76,71.89,65.89,61.55,67.64,67.55,64.99,3.14,-0.2908
7,0.224,-0.749212,-0.745842,1.258849,1,FOLLOWING,71.16,66.83,67.13,66.33,65.57,54.67,64.85,72.53,3.14,-0.0526
8,0.256,-0.748897,-0.744929,1.216761,1,FOLLOWING,70.14,69.07,61.35,69.83,65.33,64.64,71.6,68.79,3.14,0.1859
9,0.288,-0.748498,-0.74391,1.179625,1,FOLLOWING,63.28,63.42,74.12,68.46,66.61,70.78,68.15,63.75,3.14,0.3953
10,0.32,-0.748038,-0.742847,1.144964,1,FOLLOWING,68.1,69.42,69.68,65.88,73.49,65.62,66.45,66.56,3.14,0.5905
11,0.352,-0.747515,-0.741741,1.112779,1,FOLLOWING,68.16,66.61,60.34,64.82,67.73,67.0,67.11,73.45,3.14,0.7713
12,0.384,-0.746929,-0.740595,1.08307,1,FOLLOWING,66.62,68.68,62.18,61.46,67.88,72.36,67.58,68.49,3.14,0.9379
13,0.416,-0.746279,-0.73941,1.055836,1,FOLLOWING,69.81,65.17,66.02,71.24,65.37,70.97,70.73,69.76,3.14,1.0902
14,0.448,-0.745566,-0.738186,1.031079,1,FOLLOWING,67.51,67.67,69.3,62.07,66.31,68.28,71.32,65.36,3.14,1.2282
15,0.48,-0.744823,-0.73698,1.006321,1,FOLLOWING,72.06,73.66,67.12,63.06,63.23,62.73,67.63,63.58,3.14,1.3666
16,0.512,-0.744051,-0.735793,0.981563,1,FOLLOWING,61.21,66.11,69.33,67.38,65.99,69.81,70.84,67.35,3.14,1.5053
17,0.544,-0.743215,-0.734571,0.959281,1,FOLLOWING,62.1,67.03,63.98,62.78,67.21,69.31,67.9,67.01,3.14,1.6299
18,0.576,-0.742279,-0.733262,0.941951,1,FOLLOWING,67.69,68.85,67.94,68.93,60.3,66.03,66.11,64.66,3.14,1.7256
19,0.608,-0.741322,-0.731969,0.924621,1,FOLLOWING,63.68,66.65,65.77,69.24,65.76,69.96,66.86,70.42,3.14,1.8217
20,0.64,-0.740342,-0.730692,0.90729,1,FOLLOWING,67.99,72.49,62.88,62.22,69.93,57.99,64.4,65.16,3.14,1.918
21,0.672,-0.739301,-0.729381,0.892436,1,FOLLOWING,67.52,63.62,68.0,67.17,66.72,66.48,65.9,68.81,3.14,2.0001
22,0.704,-0.738241,-0.728086,0.877581,1,FOLLOWING,63.59,70.76,62.48,67.76,65.91,70.07,66.86,71.37,3.14,2.0824
23,0.736,-0.737162,-0.726807,0.862726,1,FOLLOWING,70.3,68.11,72.25,68.84,67.59,63.79,63.19,59.78,3.14,2.1651
24,0.768,-0.736024,-0.725494,0.850347,1,FOLLOWING,61.14,71.63,66.47,73.18,66.33,64.54,71.64,67.01,3.14,2.2335
25,0.8,-0.734828,-0.724145,0.840444,1,FOLLOWING,61.6,66.83,70.12,64.93,64.93,69.85,67.28,71.0,3.14,2.2876
26,0.832,-0.73366,-0.722858,0.828066,1,FOLLOWING,71.0,66.98,69.05,66.13,65.18,68.79,64.52,64.19,3.14,2.3564
27,0.864,-0.732435,-0.721536,0.818162,1,FOLLOWING,66.05,69.52,64.08,67.38,66.59,64.0,68.43,61.03,3.14,2.4109
28,0.896,-0.731154,-0.720178,0.810735,1,FOLLOWING,68.19,62.74,64.71,64.83,66.6,69.33,72.37,77.66,3.14,2.4512
29,0.928,-0.729906,-0.718878,0.800832,1,FOLLOWING,67.39,69.15,68.03,73.28,66.3,75.06,72.14,71.83,3.14,2.5061
30,0.96,-0.728601,-0.717543,0.793405,1,FOLLOWING,70.06,68.46,68.11,69.47,64.82,65.85,67.63,67.69,3.14,2.5467
31,0.992,-0.727287,-0.716217,0.785977,1,FOLLOWING,68.27,63.98,64.98,69.8,68.53,60.44,65.41,71.62,3.14,2.5875
32,1.024,-0.725963,-0.714901,0.77855,1,FOLLOWING,61.08,64.82,68.83,67.67,70.51,70.53,71.23,62.7,3.14,2.6284
33,1.056,-0.724585,-0.713549,0.773599,1,FOLLOWING,67.84,64.96,66.54,65.63,66.26,65.15,67.49,70.9,3.14,2.655
34,1.088,-0.723244,-0.712249,0.766171,1,FOLLOWING,66.71,69.58,68.46,69.18,72.07,63.89,70.21,68.11,3.14,2.6962
35,1.12,-0.72185,-0.710914,0.76122,1,FOLLOWING,63.93,67.55,65.59,70.75,65.12,57.56,71.67,72.8,3.14,2.7231
36,1.152,-0.720496,-0.709628,0.758744,1,FOLLOWING,68.88,67.97,59.92,70.44,67.74,61.94,71.87,62.98,3.14,2.7358
37,1.184,-0.719092,-0.708303,0.753792,1,FOLLOWING,64.86,64.38,73.34,66.58,71.63,62.84,69.73,68.42,3.14,2.7628
38,1.216,-0.717681,-0.706984,0.748841,1,FOLLOWING,69.43,64.22,62.06,65.25,67.81,75.59,68.68,67.71,3.14,2.79
39,1.248,-0.716263,-0.705673,0.743889,1,FOLLOWING,67.13,69.09,64.7,62.68,69.47,62.99,75.48,67.77,3.14,2.8173
40,1.28,-0.714839,-0.704369,0.738938,1,FOLLOWING,60.62,66.95,59.57,69.19,62.03,76.04,69.95,61.12,3.14,2.8447
41,1.312,-0.713362,-0.703027,0.736462,1,FOLLOWING,64.77,65.54,69.66,72.69,66.17,64.48,69.99,66.51,3.14,2.8577
42,1.344,-0.711928,-0.701733,0.731511,1,FOLLOWING,70.29,68.81,69.93,67.35,67.29,69.74,67.06,68.58,3.14,2.8853
43,1.376,-0.710441,-0.700402,0.729035,1,FOLLOWING,65.15,66.65,66.79,67.94,62.09,69.94,70.27,70.82,3.14,2.8985
44,1.408,-0.708952,-0.699075,0.726559,1,FOLLOWING,68.35,68.66,58.75,63.26,65.33,56.09,70.22,67.05,3.14,2.9118
45,1.44,-0.707505,-0.697796,0.721607,1,FOLLOWING,68.63,66.8,67.8,67.25,67.18,66.71,71.66,66.73,3.14,2.9396
46,1.472,-0.706005,-0.696479,0.719132,1,FOLLOWING,65.14,68.09,67.19,62.23,69.19,66.59,63.7,64.69,3.14,2.953
47,1.504,-0.704502,-0.695167,0.716656,1,FOLLOWING,62.49,67.82,69.41,69.82,67.18,63.9,70.82,66.95,3.14,2.9666
48,1.536,-0.702949,-0.693814,0.716656,1,FOLLOWING,65.99,60.02,64.69,70.96,69.35,68.81,72.85,70.22,3.14,2.9657
49,1.568,-0.701443,-0.692505,0.71418,1,FOLLOWING,67.61,68.89,76.03,65.34,64.83,64.03,67.94,66.01,3.14,2.9793
50,1.6,-0.699933,-0.6912,0.711704,1,FOLLOWING,71.37,70.46,64.84,68.31,72.37,69.04,73.2,65.08,3.14,2.9929
51,1.632,-0.698421,-0.689898,0.709229,1,FOLLOWING,61.15,70.03,67.08,70.57,68.87,71.64,71.14,63.08,3.14,3.0066
52,1.664,-0.696905,-0.6886,0.706753,1,FOLLOWING,70.21,69.22,61.74,56.3,67.02,70.66,75.25,67.11,3.14,3.0204
53,1.696,-0.695338,-0.687263,0.706753,1,FOLLOWING,69.14,67.94,67.89,63.57,65.9,68.12,64.43,71.52,3.14,3.0198
54,1.728,-0.693819,-0.685969,0.704277,1,FOLLOWING,60.9,62.42,64.31,66.08,69.54,63.22,67.88,67.04,3.14,3.0336
55,1.76,-0.69225,-0.684635,0.704277,1,FOLLOWING,72.45,63.65,69.88,70.08,70.58,67.11,71.31,62.88,3.14,3.0331
56,1.792,-0.690727,-0.683345,0.701801,1,FOLLOWING,68.74,70.76,63.95,80.23,66.26,66.32,67.71,65.57,3.14,3.047
57,1.824,-0.689154,-0.682015,0.701801,1,FOLLOWING,60.29,65.24,66.92,69.6,66.8,66.32,65.73,66.63,3.14,3.0465
58,1.856,-0.687629,-0.680729,0.699326,1,FOLLOWING,75.43,70.95,62.29,69.03,71.59,72.42,70.56,71.96,3.14,3.0604
59,1.888,-0.686052,-0.679403,0.699326,1,FOLLOWING,60.27,64.94,68.2,65.53,64.64,65.99,66.02,71.34,3.14,3.06
60,1.92,-0.684524,-0.67812,0.69685,1,FOLLOWING,61.89,66.83,66.74,65.0,68.36,67.77,66.42,74.62,3.14,3.074
61,1.952,-0.682944,-0.676798,0.69685,1,FOLLOWING,70.77,61.35,66.75,72.98,70.88,72.27,73.21,72.24,3.14,3.0737
62,1.984,-0.681364,-0.675476,0.69685,1,FOLLOWING,60.78,61.83,73.23,64.87,65.08,62.37,65.12,69.71,3.14,3.0734
63,2.016,-0.679833,-0.674198,0.694374,1,FOLLOWING,67.38,65.4,67.36,66.49,66.95,65.39,60.77,60.85,3.14,3.0874
64,2.048,-0.67825,-0.672879,0.694374,1,FOLLOWING,66.7,69.03,70.15,72.25,68.89,68.22,69.37,69.96,3.14,3.0871
65,2.08,-0.676667,-0.671561,0.694374,1,FOLLOWING,67.84,71.77,66.08,61.67,69.81,69.2,70.93,68.18,3.14,3.0869
66,2.112,-0.675132,-0.670286,0.691898,1,FOLLOWING,70.51,68.97,71.64,66.7,68.18,63.6,66.53,75.63,3.14,3.101
67,2.144,-0.673546,-0.668972,0.691898,1,FOLLOWING,66.09,65.96,69.95,69.44,64.83,64.24,68.07,66.8,3.14,3.1008
68,2.176,-0.671959,-0.667658,0.691898,1,FOLLOWING,66.72,70.44,71.96,68.5,65.13,67.96,70.63,70.03,3.14,3.1006
69,2.208,-0.670373,-0.666344,0.691898,1,FOLLOWING,63.35,67.99,62.42,69.6,61.3,65.79,63.58,74.72,3.14,3.1004
70,2.24,-0.668835,-0.665073,0.689422,1,FOLLOWING,60.36,68.28,65.43,66.09,68.73,70.68,66.47,69.1,3.14,3.1146
71,2.272,-0.667246,-0.663762,0.689422,1,FOLLOWING,68.36,66.31,72.62,67.48,65.69,70.66,58.09,71.53,3.14,3.1144
72,2.304,-0.665656,-0.662452,0.689422,1,FOLLOWING,68.73,73.35,71.5,67.11,62.85,68.47,61.84,62.58,3.14,3.1143
73,2.336,-0.664067,-0.661142,0.689422,1,FOLLOWING,68.56,58.56,65.86,64.54,73.11,67.16,64.59,71.31,3.14,3.1141
74,2.368,-0.662478,-0.659832,0.689422,1,FOLLOWING,65.26,65.91,63.23,67.35,71.25,68.14,72.64,68.44,3.14,3.114
75,2.4,-0.660888,-0.658521,0.689422,1,FOLLOWING,64.81,70.98,64.49,68.2,68.09,69.91,61.22,64.71,3.14,3.1139
76,2.432,-0.659299,-0.657211,0.689422,1,FOLLOWING,69.04,64.44,63.05,66.69,68.33,67.52,66.78,65.31,3.14,3.1137
77,2.464,-0.657757,-0.655944,0.686947,1,FOLLOWING,67.77,64.19,69.21,67.16,65.76,64.13,67.62,66.16,3.14,3.128
78,2.496,-0.656165,-0.654637,0.686947,1,FOLLOWING,65.48,67.13,64.42,64.74,66.09,70.92,66.42,70.79,3.14,3.1279
79,2.528,-0.654572,-0.653331,0.686947,1,FOLLOWING,70.6,71.69,66.89,69.15,67.1,72.15,62.53,65.6,3.14,3.1278
80,2.56,-0.65298,-0.652025,0.686947,1,FOLLOWING,64.23,60.94,67.53,64.87,64.02,63.3,68.95,71.12,3.14,3.1278
81,2.592,-0.651387,-0.650718,0.686947,1,FOLLOWING,59.83,65.22,68.66,65.67,66.47,67.25,66.07,69.14,3.14,3.1277
82,2.624,-0.649794,-0.649412,0.686947,1,FOLLOWING,65.78,67.63,71.74,66.5,68.81,70.1,68.68,71.93,3.14,3.1276
83,2.656,-0.648202,-0.648106,0.686947,1,FOLLOWING,69.29,67.83,61.11,70.53,61.79,74.53,66.12,70.3,3.14,3.1276
84,2.688,-0.646609,-0.6468,0.686947,1,FOLLOWING,67.94,63.87,63.9,60.21,67.63,67.27,66.38,69.75,3.14,3.1275
85,2.72,-0.645016,-0.645493,0.686947,1,FOLLOWING,62.88,63.76,64.45,68.48,72.43,69.21,63.29,70.98,3.14,3.1274
86,2.752,-0.643424,-0.644187,0.686947,1,FOLLOWING,63.31,62.74,66.38,64.81,66.05,70.18,66.37,66.83,3.14,3.1273
87,2.784,-0.641831,-0.642881,0.686947,1,FOLLOWING,70.49,66.67,68.67,70.69,68.33,67.23,70.1,69.85,3.14,3.1273
88,2.816,-0.640238,-0.641574,0.686947,1,FOLLOWING,65.58,65.83,67.23,66.85,67.55,62.42,69.96,68.94,3.14,3.1272
89,2.848,-0.638646,-0.640268,0.686947,1,FOLLOWING,61.35,72.74,64.66,67.94,66.89,72.05,59.6,70.25,3.14,3.1271
90,2.88,-0.637101,-0.639004,0.684471,1,FOLLOWING,68.01,68.51,71.45,66.48,61.05,67.21,66.1,75.59,3.1386,3.14
91,2.912,-0.635505,-0.637702,0.684471,1,FOLLOWING,69.6,65.32,62.04,69.96,69.92,64.87,67.47,68.46,3.1386,3.14
92,2.944,-0.63391,-0.6364,0.684471,1,FOLLOWING,64.79,74.41,78.15,67.96,67.95,70.84,61.61,68.13,3.1385,3.14
93,2.976,-0.632314,-0.635097,0.684471,1,FOLLOWING,63.61,65.78,69.44,63.95,71.89,68.12,58.25,64.99,3.1385,3.14
94,3.008,-0.630718,-0.633795,0.684471,1,FOLLOWING,68.33,62.0,65.22,73.33,65.66,60.77,70.2,66.87,3.1385,3.14
95,3.04,-0.629122,-0.632493,0.684471,1,FOLLOWING,69.04,66.0,70.23,67.74,63.11,74.42,63.1,68.13,3.1385,3.14
96,3.072,-0.627526,-0.63119,0.684471,1,FOLLOWING,67.25,64.55,62.56,66.86,70.3,74.15,71.57,65.31,3.1385,3.14
97,3.104,-0.62593,-0.629888,0.684471,1,FOLLOWING,68.62,62.29,68.14,63.07,64.63,64.59,64.98,65.44,3.1385,3.14
98,3.136,-0.624334,-0.628586,0.684471,1,FOLLOWING,70.94,68.48,67.52,67.15,64.19,70.56,69.55,69.46,3.1385,3.14
99,3.168,-0.622739,-0.627283,0.684471,1,FOLLOWING,66.78,64.43,71.9,67.02,67.95,69.37,72.66,67.79,3.1385,3.14
100,3.2,-0.621143,-0.625981,0.684471,1,FOLLOWING,68.28,63.82,71.6,58.75,70.31,63.78,66.98,65.08,3.1385,3.14
101,3.232,-0.619547,-0.624678,0.684471,1,FOLLOWING,73.94,72.71,71.59,72.09,70.5,63.15,66.71,64.6,3.1385,3.14
102,3.264,-0.617951,-0.623376,0.684471,1,FOLLOWING,72.18,65.43,67.25,69.33,67.66,74.91,62.98,61.26,3.1385,3.14
103,3.296,-0.616355,-0.622074,0.684471,1,FOLLOWING,63.41,66.35,67.81,65.44,72.38,63.91,62.59,71.7,3.1384,3.14
104,3.328,-0.614811,-0.62081,0.686947,1,FOLLOWING,66.28,72.79,70.02,65.41,64.67,69.64,59.81,61.19,3.14,3.1272
105,3.36,-0.613218,-0.619504,0.686947,1,FOLLOWING,72.57,68.4,69.26,69.45,65.42,66.1,60.54,68.91,3.14,3.1271
106,3.392,-0.611625,-0.618198,0.686947,1,FOLLOWING,63.69,67.14,71.33,64.5,64.69,64.51,67.45,68.48,3.14,3.127
107,3.424,-0.610033,-0.616891,0.686947,1,FOLLOWING,71.26,70.86,67.22,65.47,66.77,65.42,67.19,66.57,3.14,3.1269
108,3.456,-0.60844,-0.615585,0.686947,1,FOLLOWING,65.74,63.57,67.48,69.81,66.35,67.65,63.72,63.59,3.14,3.1268
109,3.488,-0.606847,-0.614279,0.686947,1,FOLLOWING,59.12,67.32,68.76,73.77,70.6,63.28,61.23,68.6,3.14,3.1267
110,3.52,-0.605255,-0.612972,0.686947,1,FOLLOWING,64.19,70.59,63.67,66.23,68.61,63.25,64.88,64.44,3.14,3.1266
111,3.552,-0.603662,-0.611666,0.686947,1,FOLLOWING,74.04,65.72,66.56,67.44,67.89,60.83,65.69,63.24,3.14,3.1265
112,3.584,-0.60207,-0.61036,0.686947,1,FOLLOWING,68.05,70.28,64.1,69.7,64.62,67.82,63.89,62.15,3.14,3.1264
113,3.616,-0.600477,-0.609053,0.686947,1,FOLLOWING,67.19,65.64,66.78,66.78,73.46,65.2,61.76,66.52,3.14,3.1263
114,3.648,-0.598932,-0.60779,0.684471,1,FOLLOWING,68.3,68.67,67.24,66.92,69.2,66.26,64.26,64.78,3.1393,3.14
115,3.68,-0.597337,-0.606487,0.684471,1,FOLLOWING,63.34,64.78,68.76,67.9,65.95,70.85,65.01,65.18,3.1393,3.14
116,3.712,-0.595741,-0.605185,0.684471,1,FOLLOWING,67.06,66.26,68.53,69.04,60.97,65.11,70.62,72.9,3.1393,3.14
117,3.744,-0.594145,-0.603883,0.684471,1,FOLLOWING,66.96,73.14,65.22,66.87,69.27,64.09,64.76,65.87,3.1393,3.14
118,3.776,-0.592549,-0.60258,0.684471,1,FOLLOWING,68.89,69.04,69.37,65.05,64.65,64.83,73.07,70.62,3.1393,3.14
119,3.808,-0.590953,-0.601278,0.684471,1,FOLLOWING,70.02,71.71,67.2,67.94,62.46,69.83,72.8,68.02,3.1393,3.14
120,3.84,-0.589357,-0.599976,0.684471,1,FOLLOWING,65.13,68.74,64.95,70.39,72.13,63.09,64.28,67.11,3.1393,3.14
121,3.872,-0.587761,-0.598673,0.684471,1,FOLLOWING,62.22,67.92,67.19,70.0,66.34,67.48,70.04,67.79,3.1393,3.14
122,3.904,-0.586166,-0.597371,0.684471,1,FOLLOWING,68.57,65.31,69.72,57.35,61.81,68.79,67.67,66.52,3.1393,3.14
123,3.936,-0.58457,-0.596069,0.684471,1,FOLLOWING,62.74,67.96,66.29,64.42,64.4,66.86,69.24,62.79,3.1393,3.14
124,3.968,-0.582974,-0.594766,0.684471,1,FOLLOWING,68.65,65.65,69.81,63.78,74.86,68.15,72.52,70.4,3.1393,3.14
125,4.0,-0.581378,-0.593464,0.684471,1,FOLLOWING,63.61,73.87,61.44,66.01,67.45,62.07,58.38,60.42,3.1393,3.14
126,4.032,-0.579782,-0.592161,0.684471,1,FOLLOWING,67.29,61.85,66.08,62.43,69.61,68.75,65.14,70.22,3.1393,3.14
127,4.064,-0.578186,-0.590859,0.684471,1,FOLLOWING,69.15,69.41,72.76,66.11,62.51,70.16,67.83,63.51,3.1393,3.14
128,4.096,-0.57659,-0.589557,0.684471,1,FOLLOWING,70.16,67.71,67.79,67.81,63.36,67.78,63.86,63.14,3.1393,3.14
129,4.128,-0.574994,-0.588254,0.684471,1,FOLLOWING,64.34,74.68,69.19,68.46,64.3,64.93,67.43,67.24,3.1393,3.14
130,4.16,-0.573399,-0.586952,0.684471,1,FOLLOWING,69.94,71.05,64.15,65.86,66.65,72.71,66.16,64.65,3.1393,3.14
131,4.192,-0.571803,-0.58565,0.684471,1,FOLLOWING,64.35,68.85,66.82,68.05,72.4,69.03,71.64,67.38,3.1393,3.14
132,4.224,-0.570207,-0.584347,0.684471,1,FOLLOWING,68.56,67.49,69.75,66.58,69.07,67.74,68.88,65.29,3.1392,3.14
133,4.256,-0.568611,-0.583045,0.684471,1,FOLLOWING,60.98,67.4,72.83,66.56,64.17,56.24,70.72,63.83,3.1392,3.14
134,4.288,-0.567015,-0.581743,0.684471,1,FOLLOWING,67.24,68.14,63.76,61.33,65.26,62.34,60.39,69.66,3.1392,3.14
135,4.32,-0.565419,-0.58044,0.684471,1,FOLLOWING,71.49,71.2,66.12,71.11,64.07,62.18,63.76,65.51,3.1392,3.14
136,4.352,-0.563823,-0.579138,0.684471,1,FOLLOWING,66.85,67.25,69.07,64.03,70.26,70.91,67.18,64.39,3.1392,3.14
137,4.384,-0.562227,-0.577835,0.684471,1,FOLLOWING,67.86,66.32,63.28,63.29,63.72,61.91,66.33,59.25,3.1392,3.14
138,4.416,-0.560632,-0.576533,0.684471,1,FOLLOWING,65.25,64.69,64.77,66.06,65.38,71.99,65.83,74.65,3.1392,3.14
139,4.448,-0.559036,-0.575231,0.684471,1,FOLLOWING,68.59,63.19,69.15,68.76,69.64,66.25,62.65,68.63,3.1392,3.14
140,4.48,-0.55744,-0.573928,0.684471,1,FOLLOWING,69.46,72.35,65.39,68.36,69.38,68.17,68.34,69.06,3.1392,3.14
141,4.512,-0.555844,-0.572626,0.684471,1,FOLLOWING,72.87,67.58,60.99,65.99,66.82,65.47,69.96,67.73,3.1392,3.14
142,4.544,-0.554248,-0.571324,0.684471,1,FOLLOWING,74.48,64.11,69.48,66.91,67.4,61.33,67.79,65.41,3.1392,3.14
143,4.576,-0.552652,-0.570021,0.684471,1,FOLLOWING,62.0,66.04,65.6,72.75,69.51,65.95,69.94,64.14,3.1392,3.14
144,4.608,-0.551056,-0.568719,0.684471,1,FOLLOWING,66.52,67.34,66.8,64.89,64.08,70.99,68.1,69.66,3.1392,3.14
145,4.64,-0.549461,-0.567417,0.684471,1,FOLLOWING,65.91,67.34,68.87,66.35,68.48,70.25,65.07,65.7,3.1392,3.14
146,4.672,-0.547865,-0.566114,0.684471,1,FOLLOWING,70.65,63.59,68.86,68.89,72.01,68.33,76.35,64.48,3.1391,3.14
147,4.704,-0.546269,-0.564812,0.684471,1,FOLLOWING,72.82,72.27,70.65,62.16,73.23,66.37,73.59,64.79,3.1391,3.14
148,4.736,-0.544673,-0.56351,0.684471,1,FOLLOWING,63.25,61.11,73.82,68.37,67.14,64.87,66.9,70.34,3.1391,3.14
149,4.768,-0.543077,-0.562207,0.684471,1,FOLLOWING,65.86,70.59,71.07,67.09,63.74,68.33,60.6,66.89,3.1391,3.14
150,4.8,-0.541481,-0.560905,0.684471,1,FOLLOWING,66.0,65.75,70.68,64.69,60.5,67.47,66.08,67.38,3.1391,3.14
151,4.832,-0.539885,-0.559602,0.684471,1,FOLLOWING,73.9,69.89,63.74,62.21,65.66,65.59,65.44,63.97,3.1391,3.14
152,4.864,-0.538289,-0.5583,0.684471,1,FOLLOWING,68.99,73.2,67.09,64.81,71.17,66.11,69.98,61.82,3.1391,3.14
153,4.896,-0.536694,-0.556998,0.684471,1,FOLLOWING,70.0,62.06,60.99,68.99,69.58,66.42,63.12,63.89,3.1391,3.14
154,4.928,-0.535098,-0.555695,0.684471,1,FOLLOWING,60.68,68.1,68.46,60.24,69.7,67.19,68.85,72.58,3.1391,3.14
155,4.96,-0.533502,-0.554393,0.684471,1,FOLLOWING,66.8,68.81,64.83,64.54,65.7,61.16,68.1,61.42,3.1391,3.14
156,4.992,-0.531906,-0.553091,0.684471,1,FOLLOWING,66.28,69.73,62.27,67.52,67.53,66.78,70.15,66.07,3.1391,3.14
157,5.024,-0.53031,-0.551788,0.684471,1,FOLLOWING,74.29,71.77,67.5,72.52,69.38,68.26,66.28,64.14,3.1391,3.14
158,5.056,-0.528714,-0.550486,0.684471,1,FOLLOWING,66.06,65.69,67.19,59.75,66.52,68.78,64.12,61.96,3.139,3.14
159,5.088,-0.527118,-0.549184,0.684471,1,FOLLOWING,67.15,66.94,66.33,64.84,74.91,58.66,63.46,68.42,3.139,3.14
160,5.12,-0.525522,-0.547881,0.684471,1,FOLLOWING,65.03,71.97,69.29,71.49,64.98,61.73,74.29,63.48,3.139,3.14
161,5.152,-0.523927,-0.546579,0.684471,1,FOLLOWING,72.95,71.26,65.85,60.05,67.52,69.81,66.83,71.23,3.139,3.14
162,5.184,-0.522331,-0.545276,0.684471,1,FOLLOWING,59.61,67.83,73.11,72.08,69.51,67.9,68.01,76.48,3.139,3.14
163,5.216,-0.520786,-0.544013,0.686947,1,FOLLOWING,61.27,63.54,66.3,67.29,69.68,67.88,70.8,68.65,3.14,3.1266
164,5.248,-0.519194,-0.542707,0.686947,1,FOLLOWING,66.62,68.0,74.5,66.22,66.85,73.14,62.14,69.01,3.14,3.1264
165,5.28,-0.517601,-0.5414,0.686947,1,FOLLOWING,67.34,62.64,71.39,70.09,67.06,71.62,64.18,68.23,3.14,3.1263
166,5.312,-0.516008,-0.540094,0.686947,1,FOLLOWING,66.79,64.28,66.21,74.91,78.57,64.79,63.95,75.09,3.14,3.1261
167,5.344,-0.514464,-0.53883,0.684471,1,FOLLOWING,65.11,67.3,60.47,67.72,69.35,64.42,67.83,69.3,3.1396,3.14
168,5.376,-0.512868,-0.537528,0.684471,1,FOLLOWING,65.25,69.54,68.2,72.6,64.39,65.35,68.7,66.37,3.1396,3.14
169,5.408,-0.511272,-0.536226,0.684471,1,FOLLOWING,67.12,73.66,66.45,65.67,63.92,71.23,69.6,67.28,3.1396,3.14
170,5.44,-0.509676,-0.534923,0.684471,1,FOLLOWING,70.62,62.21,60.94,64.48,67.59,72.0,66.31,65.8,3.1396,3.14
171,5.472,-0.50808,-0.533621,0.684471,1,FOLLOWING,67.89,62.06,64.03,63.19,61.5,72.06,65.44,61.62,3.1396,3.14
172,5.504,-0.506485,-0.532319,0.684471,1,FOLLOWING,63.57,71.76,69.95,64.45,66.63,61.69,62.31,72.28,3.1396,3.14
173,5.536,-0.504889,-0.531016,0.684471,1,FOLLOWING,66.7,66.03,69.4,62.98,61.4,67.11,74.22,69.1,3.1396,3.14
174,5.568,-0.503293,-0.529714,0.684471,1,FOLLOWING,65.41,63.78,69.28,66.78,68.15,64.97,64.87,70.1,3.1396,3.14
175,5.6,-0.501697,-0.528411,0.684471,1,FOLLOWING,66.53,63.93,66.95,69.14,67.58,62.98,73.34,67.15,3.1396,3.14
176,5.632,-0.500101,-0.527109,0.684471,1,FOLLOWING,70.41,62.89,69.73,69.12,67.15,68.82,70.93,63.67,3.1395,3.14
177,5.664,-0.498505,-0.525807,0.684471,1,FOLLOWING,72.71,64.7,74.35,66.49,67.51,68.93,61.32,67.63,3.1395,3.14
178,5.696,-0.496909,-0.524504,0.684471,1,FOLLOWING,66.84,67.55,70.1,66.22,63.99,71.64,65.37,71.12,3.1395,3.14
179,5.728,-0.495314,-0.523202,0.684471,1,FOLLOWING,69.89,63.64,66.79,61.03,69.81,70.42,60.58,66.86,3.1395,3.14
180,5.76,-0.493718,-0.5219,0.684471,1,FOLLOWING,64.71,68.43,66.9,70.26,66.57,65.28,63.45,60.75,3.1395,3.14
181,5.792,-0.492122,-0.520597,0.684471,1,FOLLOWING,73.27,62.17,64.25,67.09,65.52,72.58,61.46,70.78,3.1395,3.14
182,5.824,-0.490526,-0.519295,0.684471,1,FOLLOWING,66.94,65.01,70.47,63.23,66.41,65.75,63.99,70.46,3.1272,3.1278
183,5.856,-0.48893,-0.517993,0.684471,1,FOLLOWING,64.59,65.6,69.18,63.1,64.89,67.36,74.19,64.3,3.0978,3.0984
184,5.888,-0.487334,-0.51669,0.684471,1,FOLLOWING,63.94,66.61,67.24,65.68,67.05,66.24,71.8,66.73,3.0684,3.069
185,5.92,-0.485738,-0.515388,0.684471,1,FOLLOWING,70.17,68.93,70.59,71.39,65.66,70.83,74.21,70.48,3.039,3.0397
186,5.952,-0.484242,-0.514167,0.684471,1,FOLLOWING,67.35,69.51,66.29,63.13,68.14,69.98,65.81,62.61,3.0114,3.0121
187,5.984,-0.482746,-0.512946,0.684471,1,FOLLOWING,68.72,74.47,62.81,71.76,64.78,64.83,73.28,69.14,2.9839,2.9846
188,6.016,-0.48115,-0.511644,0.684471,1,FOLLOWING,63.5,58.91,71.43,65.46,67.42,73.02,68.24,63.27,2.9545,2.9552
189,6.048,-0.479654,-0.510423,0.684471,1,FOLLOWING,69.39,65.73,72.8,64.38,66.21,66.97,68.47,66.27,2.9269,2.9276
190,6.08,-0.478209,-0.509241,0.686947,1,FOLLOWING,61.52,66.1,70.15,67.25,66.4,64.84,61.06,64.76,2.9098,2.8915
191,6.112,-0.476765,-0.508059,0.684471,1,FOLLOWING,65.92,67.31,65.28,66.42,62.7,64.53,64.71,66.93,2.8738,2.8743
192,6.144,-0.475268,-0.506838,0.684471,1,FOLLOWING,66.18,64.12,67.72,70.06,66.83,59.82,67.18,68.07,2.8462,2.8467
193,6.176,-0.473872,-0.505698,0.684471,1,FOLLOWING,62.26,68.67,67.2,66.04,67.14,69.48,65.58,67.22,2.8205,2.821
194,6.208,-0.472376,-0.504477,0.684471,1,FOLLOWING,63.77,66.92,64.8,65.95,65.61,65.42,66.36,64.13,2.793,2.7935
195,6.24,-0.470979,-0.503337,0.684471,1,FOLLOWING,65.2,67.58,69.4,63.76,68.34,67.22,64.17,64.42,2.7673,2.7677
196,6.272,-0.469583,-0.502198,0.684471,1,FOLLOWING,70.2,66.71,69.98,71.98,66.66,69.69,71.76,69.95,2.7415,2.742
197,6.304,-0.468187,-0.501058,0.684471,1,FOLLOWING,67.66,67.6,67.72,69.22,65.1,65.3,63.84,63.47,2.7158,2.7163
198,6.336,-0.46679,-0.499919,0.684471,1,FOLLOWING,65.3,68.33,70.24,67.55,63.84,75.33,65.16,61.0,2.6901,2.6906
199,6.368,-0.465394,-0.498779,0.684471,1,FOLLOWING,64.87,68.59,66.19,63.11,66.38,61.24,66.07,66.4,2.6644,2.6649
200,6.4,-0.464097,-0.497721,0.684471,1,FOLLOWING,69.36,71.79,67.87,65.76,64.54,64.8,66.4,68.41,2.6405,2.641
201,6.432,-0.462701,-0.496581,0.684471,1,FOLLOWING,65.74,65.18,70.13,67.15,64.03,70.54,66.47,65.25,2.6148,2.6153
202,6.464,-0.461404,-0.495523,0.684471,1,FOLLOWING,71.1,66.21,66.89,64.48,69.9,69.19,64.01,68.59,2.5909,2.5915
203,6.496,-0.460108,-0.494465,0.684471,1,FOLLOWING,63.35,68.3,65.3,66.23,65.1,74.83,66.11,68.79,2.567,2.5676
204,6.528,-0.458811,-0.493407,0.684471,1,FOLLOWING,69.6,65.5,65.87,64.67,63.38,66.35,61.97,70.45,2.5431,2.5437
205,6.56,-0.457514,-0.492349,0.684471,1,FOLLOWING,70.07,65.66,71.92,69.36,66.78,67.67,68.87,65.59,2.5193,2.5198
206,6.592,-0.456218,-0.491291,0.684471,1,FOLLOWING,68.17,61.75,64.84,60.07,68.21,68.05,64.47,72.71,2.4954,2.496
207,6.624,-0.454921,-0.490232,0.684471,1,FOLLOWING,68.3,69.76,70.45,61.9,68.53,64.11,64.63,73.64,2.4715,2.4721
208,6.656,-0.453724,-0.489256,0.684471,1,FOLLOWING,71.23,65.35,68.76,65.86,59.98,69.07,65.41,70.13,2.4495,2.4501
209,6.688,-0.452428,-0.488198,0.684471,1,FOLLOWING,69.42,65.48,66.48,69.03,64.21,73.28,67.0,64.35,2.4256,2.4262
210,6.72,-0.451231,-0.487221,0.684471,1,FOLLOWING,72.69,70.77,69.0,65.94,71.09,64.21,67.85,62.55,2.4035,2.4041
211,6.752,-0.450034,-0.486244,0.684471,1,FOLLOWING,68.05,68.36,67.05,67.74,66.4,71.71,67.92,65.95,2.3815,2.3821
212,6.784,-0.448788,-0.485225,0.686947,1,FOLLOWING,66.64,67.75,66.72,66.66,73.72,71.83,65.45,68.61,2.368,2.3497
213,6.816,-0.447543,-0.484206,0.684471,1,FOLLOWING,71.48,61.27,72.25,69.79,69.49,67.4,68.93,69.27,2.3357,2.336
214,6.848,-0.446446,-0.483311,0.684471,1,FOLLOWING,66.79,71.73,71.5,68.38,65.97,70.86,65.36,68.28,2.3155,2.3158
215,6.88,-0.445249,-0.482334,0.684471,1,FOLLOWING,63.49,62.94,59.92,58.37,63.26,69.02,71.4,73.79,2.2935,2.2938
216,6.912,-0.444052,-0.481357,0.684471,1,FOLLOWING,64.55,68.87,67.2,72.76,64.32,59.21,69.53,64.5,2.2714,2.2718
217,6.944,-0.442955,-0.480462,0.684471,1,FOLLOWING,68.31,64.16,67.58,69.7,64.95,66.89,67.34,69.64,2.2512,2.2516
218,6.976,-0.441758,-0.479485,0.684471,1,FOLLOWING,71.91,66.79,66.89,73.99,63.48,66.68,74.48,72.48,2.2292,2.2295
219,7.008,-0.44066,-0.47859,0.684471,1,FOLLOWING,66.27,63.62,65.43,67.69,62.4,63.74,64.27,70.76,2.209,2.2093
220,7.04,-0.439464,-0.477613,0.684471,1,FOLLOWING,69.09,64.45,62.54,67.24,72.02,67.59,69.5,69.59,2.1869,2.1873
221,7.072,-0.438366,-0.476717,0.684471,1,FOLLOWING,64.9,68.6,59.89,68.74,64.59,64.07,73.7,64.13,2.1667,2.1671
222,7.104,-0.437269,-0.475822,0.684471,1,FOLLOWING,72.11,74.53,68.61,62.56,70.5,68.11,69.87,67.55,2.1465,2.1469
223,7.136,-0.436172,-0.474927,0.684471,2,FOLLOWING,58.67,69.73,64.65,66.24,69.48,68.41,69.13,67.87,3.14,-0.3176
224,7.168,-0.435461,-0.474373,0.639907,2,FOLLOWING,69.12,68.45,74.08,66.85,65.21,67.13,68.84,69.96,3.14,-0.064
225,7.2,-0.434623,-0.473774,0.600295,2,FOLLOWING,68.1,70.07,62.57,64.28,67.22,69.1,72.49,63.44,3.14,0.1605
226,7.232,-0.433709,-0.473173,0.563158,2,FOLLOWING,59.54,65.94,65.49,62.95,65.18,67.14,70.07,69.99,3.14,0.3707
227,7.264,-0.432773,-0.472606,0.526022,2,FOLLOWING,66.18,69.47,57.41,67.64,69.13,67.45,69.01,67.24,3.14,0.5812
228,7.296,-0.431706,-0.472009,0.493837,2,FOLLOWING,67.72,68.19,63.09,67.77,65.7,69.51,67.57,70.29,3.14,0.7628
229,7.328,-0.430563,-0.471416,0.464127,2,FOLLOWING,66.46,69.09,71.75,63.5,70.84,64.54,68.5,66.61,3.14,0.93
230,7.36,-0.429346,-0.470827,0.436894,2,FOLLOWING,70.11,67.44,68.36,68.75,65.54,69.79,70.25,66.38,3.14,1.083
231,7.392,-0.428115,-0.470269,0.414612,2,FOLLOWING,56.67,66.81,62.76,74.41,64.68,63.69,63.23,64.08,3.14,1.2076
232,7.424,-0.426812,-0.469714,0.389854,2,FOLLOWING,62.22,68.7,70.21,69.53,70.42,67.2,62.09,67.05,3.14,1.3466
233,7.456,-0.425436,-0.469167,0.367572,2,FOLLOWING,66.98,67.42,67.02,68.77,63.13,63.44,68.5,68.84,3.14,1.4714
234,7.488,-0.424049,-0.46865,0.345291,2,FOLLOWING,63.36,68.98,71.93,68.35,66.82,69.44,64.41,67.18,3.14,1.5964
235,7.52,-0.42259,-0.468142,0.325484,2,FOLLOWING,65.11,67.07,69.63,62.24,68.86,69.18,68.51,62.16,3.14,1.7072
236,7.552,-0.421061,-0.46764,0.308154,2,FOLLOWING,63.16,69.24,69.59,65.1,65.27,62.97,73.44,71.9,3.14,1.8038
237,7.584,-0.419523,-0.467166,0.290824,2,FOLLOWING,68.59,67.72,69.28,66.67,65.16,67.25,68.09,72.15,3.14,1.9006
238,7.616,-0.417916,-0.466698,0.275969,2,FOLLOWING,68.07,69.4,71.14,62.36,71.97,68.17,64.57,70.26,3.14,1.9832
239,7.648,-0.416303,-0.466254,0.261114,2,FOLLOWING,63.71,73.01,70.36,64.51,65.5,64.37,62.74,71.56,3.14,2.066
240,7.68,-0.414683,-0.465834,0.24626,2,FOLLOWING,68.59,64.84,67.84,67.13,65.56,64.39,65.79,62.2,3.14,2.149
241,7.712,-0.412995,-0.46542,0.233881,2,FOLLOWING,67.6,66.21,70.24,71.89,62.89,65.7,64.7,65.91,3.14,2.2178
242,7.744,-0.411239,-0.465011,0.223978,2,FOLLOWING,66.49,60.17,65.16,72.15,69.94,64.02,68.22,70.5,3.14,2.2723
243,7.776,-0.409542,-0.464636,0.211599,2,FOLLOWING,69.22,69.78,67.75,65.65,71.6,65.17,69.48,68.75,3.14,2.3415
244,7.808,-0.407778,-0.464266,0.201696,2,FOLLOWING,71.95,65.24,64.74,71.23,69.52,59.87,63.31,69.51,3.14,2.3964
245,7.84,-0.406011,-0.463914,0.191793,2,FOLLOWING,66.28,69.77,67.58,69.13,66.42,67.16,65.41,66.18,3.14,2.4514
246,7.872,-0.404177,-0.463565,0.184366,2,FOLLOWING,70.04,58.77,66.28,69.33,72.97,71.19,68.12,66.84,3.14,2.4922
247,7.904,-0.402403,-0.463243,0.174462,2,FOLLOWING,64.57,68.05,66.43,68.56,71.63,69.08,65.28,66.65,3.14,2.5476
248,7.936,-0.400564,-0.462926,0.167035,2,FOLLOWING,66.14,67.04,62.42,65.3,64.19,65.19,71.19,69.82,3.14,2.5886
249,7.968,-0.398659,-0.462609,0.162084,2,FOLLOWING,64.72,69.8,64.48,66.99,66.95,64.46,65.35,62.02,3.14,2.6154
250,8.0,-0.396815,-0.462315,0.154656,2,FOLLOWING,69.22,67.63,64.81,68.11,74.97,62.54,68.5,71.52,3.14,2.6567
251,8.032,-0.39497,-0.462034,0.147229,2,FOLLOWING,66.56,68.18,61.71,75.03,71.4,69.68,64.77,68.29,3.14,2.6982
252,8.064,-0.393059,-0.461756,0.142277,2,FOLLOWING,63.94,64.55,65.65,64.21,65.79,70.7,58.61,69.33,3.14,2.7253
253,8.096,-0.391147,-0.461487,0.137326,2,FOLLOWING,70.86,69.39,66.2,66.78,58.44,66.5,67.88,66.63,3.14,2.7526
254,8.128,-0.389233,-0.461227,0.132374,2,FOLLOWING,64.82,73.57,67.9,68.04,68.54,67.14,68.73,69.12,3.14,2.7799
255,8.16,-0.387318,-0.460977,0.127423,2,FOLLOWING,70.23,70.44,69.02,61.3,65.96,73.08,74.06,60.56,3.14,2.8074
256,8.192,-0.385339,-0.460726,0.124947,2,FOLLOWING,63.35,69.8,66.2,64.73,65.56,68.67,67.83,65.69,3.14,2.8205
257,8.224,-0.383422,-0.46049,0.119996,2,FOLLOWING,68.87,61.68,63.72,70.96,65.16,63.28,70.2,68.27,3.14,2.848
258,8.256,-0.381504,-0.460264,0.115044,2,FOLLOWING,66.14,70.21,66.53,69.51,69.26,67.88,64.7,68.64,3.14,2.8757
259,8.288,-0.379522,-0.460037,0.112568,2,FOLLOWING,66.09,63.52,65.32,63.04,63.88,65.84,67.32,66.87,3.14,2.8891
260,8.32,-0.377539,-0.459815,0.110092,2,FOLLOWING,74.45,62.0,65.31,73.81,65.02,65.07,69.65,70.64,3.14,2.9025
261,8.352,-0.375555,-0.459598,0.107617,2,FOLLOWING,67.0,68.26,68.35,66.55,66.39,64.75,66.34,64.41,3.14,2.9159
262,8.384,-0.373635,-0.459396,0.102665,2,FOLLOWING,70.75,68.02,64.92,67.79,67.71,68.81,63.48,71.9,3.14,2.9439
263,8.416,-0.371649,-0.459194,0.100189,2,FOLLOWING,67.89,66.42,68.01,70.9,68.81,65.17,70.84,67.18,3.14,2.9575
264,8.448,-0.369664,-0.458997,0.097714,2,FOLLOWING,66.85,72.91,69.36,68.5,66.57,70.03,65.53,65.72,3.14,2.9711
265,8.48,-0.367614,-0.458796,0.097714,2,FOLLOWING,65.96,68.7,72.62,67.88,65.66,67.66,69.74,67.68,3.14,2.9704
266,8.512,-0.365627,-0.458603,0.095238,2,FOLLOWING,63.12,63.43,72.61,69.16,65.72,63.8,72.89,64.15,3.14,2.9841
267,8.544,-0.363641,-0.458416,0.092762,2,FOLLOWING,64.56,66.18,70.01,72.45,65.81,69.98,73.29,68.16,3.14,2.9979
268,8.576,-0.361654,-0.458234,0.090286,2,FOLLOWING,70.28,65.23,70.67,70.18,64.69,68.47,70.22,61.5,3.14,3.0117
269,8.608,-0.359666,-0.458056,0.087811,2,FOLLOWING,69.72,62.23,65.69,62.27,64.91,63.61,67.45,67.4,3.14,3.0256
270,8.64,-0.357614,-0.457876,0.087811,2,FOLLOWING,69.06,68.62,65.05,68.48,65.61,71.18,67.41,68.94,3.14,3.0251
271,8.672,-0.355626,-0.457703,0.085335,2,FOLLOWING,71.22,68.32,72.21,67.51,71.49,64.85,67.93,65.96,3.14,3.039
272,8.704,-0.353574,-0.457528,0.085335,2,FOLLOWING,62.44,69.85,63.72,67.86,68.52,63.91,67.11,71.54,3.14,3.0386
273,8.736,-0.351585,-0.45736,0.082859,2,FOLLOWING,67.92,62.82,67.98,61.35,69.39,63.48,68.43,69.66,3.14,3.0526
274,8.768,-0.349533,-0.457189,0.082859,2,FOLLOWING,61.26,63.21,69.92,70.15,69.12,62.44,69.51,66.1,3.14,3.0522
275,8.8,-0.347544,-0.457027,0.080383,2,FOLLOWING,65.22,70.0,67.31,63.05,66.45,60.1,60.43,66.9,3.14,3.0662
276,8.832,-0.345491,-0.456861,0.080383,2,FOLLOWING,66.65,69.3,66.09,67.21,67.03,70.85,70.45,70.96,3.14,3.0659
277,8.864,-0.343437,-0.456696,0.080383,2,FOLLOWING,65.69,70.43,64.22,72.51,65.13,67.9,70.39,63.67,3.14,3.0656
278,8.896,-0.341448,-0.456538,0.077907,2,FOLLOWING,65.86,66.63,69.48,67.87,64.02,67.45,64.11,65.43,3.14,3.0797
279,8.928,-0.339395,-0.456378,0.077907,2,FOLLOWING,60.6,76.0,62.98,69.21,66.17,65.95,67.09,63.04,3.14,3.0794
280,8.96,-0.337341,-0.456218,0.077907,2,FOLLOWING,69.1,69.69,71.46,60.51,69.94,65.48,74.26,70.33,3.14,3.0791
281,8.992,-0.335351,-0.456065,0.075432,2,FOLLOWING,64.3,65.35,68.94,70.65,73.33,70.87,66.58,69.7,3.14,3.0933
282,9.024,-0.333297,-0.455909,0.075432,2,FOLLOWING,66.4,70.52,64.28,68.11,67.47,63.2,74.26,70.6,3.14,3.093
283,9.056,-0.331244,-0.455754,0.075432,2,FOLLOWING,68.19,66.19,63.83,71.39,66.49,67.58,67.3,62.55,3.14,3.0928
284,9.088,-0.329254,-0.455606,0.072956,2,FOLLOWING,66.35,62.01,66.0,66.82,72.3,62.15,61.81,70.61,3.14,3.107
285,9.12,-0.327199,-0.455456,0.072956,2,FOLLOWING,70.28,68.91,68.47,64.88,62.56,66.09,73.08,65.54,3.14,3.1069
286,9.152,-0.325145,-0.455306,0.072956,2,FOLLOWING,64.75,66.22,64.57,66.31,64.19,65.86,66.57,63.98,3.14,3.1067
287,9.184,-0.32309,-0.455156,0.072956,2,FOLLOWING,56.04,60.29,68.49,68.85,72.59,65.76,67.2,68.98,3.14,3.1066
288,9.216,-0.321036,-0.455006,0.072956,2,FOLLOWING,65.92,68.01,64.57,65.21,60.27,66.61,66.3,69.86,3.14,3.1064
289,9.248,-0.318982,-0.454856,0.072956,2,FOLLOWING,66.81,67.17,66.47,70.61,67.27,70.49,71.54,65.97,3.14,3.1063
290,9.28,-0.316991,-0.454713,0.07048,2,FOLLOWING,62.89,68.91,62.44,66.98,73.53,65.28,65.25,66.71,3.14,3.1205
291,9.312,-0.314937,-0.454568,0.07048,2,FOLLOWING,65.65,69.16,69.22,70.01,63.04,66.45,60.59,68.86,3.14,3.1204
292,9.344,-0.312882,-0.454422,0.07048,2,FOLLOWING,71.89,69.95,66.59,68.62,68.45,71.35,63.27,68.31,3.14,3.1203
293,9.376,-0.310827,-0.454277,0.07048,2,FOLLOWING,68.43,70.84,64.49,66.06,73.2,73.43,73.14,66.62,3.14,3.1202
294,9.408,-0.308772,-0.454132,0.07048,2,FOLLOWING,70.78,62.13,72.82,66.66,63.86,67.86,64.04,67.62,3.14,3.1201
295,9.44,-0.306718,-0.453987,0.07048,2,FOLLOWING,70.01,67.73,68.16,65.96,70.37,61.93,67.63,67.67,3.14,3.1201
296,9.472,-0.304663,-0.453842,0.07048,2,FOLLOWING,66.56,62.97,63.59,63.08,65.65,71.18,69.01,62.99,3.14,3.12
297,9.504,-0.302608,-0.453697,0.07048,2,FOLLOWING,72.35,64.57,62.21,64.23,72.57,62.21,65.34,66.14,3.14,3.1199
298,9.536,-0.300618,-0.453559,0.068004,2,FOLLOWING,67.8,66.62,66.91,61.74,67.59,65.18,67.53,66.3,3.14,3.1342
299,9.568,-0.298563,-0.453419,0.068004,2,FOLLOWING,64.88,72.1,71.02,72.88,69.89,63.51,69.7,67.39,3.14,3.1341
300,9.6,-0.296507,-0.453279,0.068004,2,FOLLOWING,65.92,66.75,61.7,68.65,65.47,70.15,68.77,67.52,3.14,3.1341
301,9.632,-0.294452,-0.453139,0.068004,2,FOLLOWING,68.04,67.69,70.11,67.72,72.41,62.62,62.96,62.43,3.14,3.1341
302,9.664,-0.292397,-0.452999,0.068004,2,FOLLOWING,66.84,67.96,69.54,69.59,68.28,71.84,72.74,63.23,3.14,3.1341
303,9.696,-0.290342,-0.452859,0.068004,2,FOLLOWING,63.58,65.62,63.48,67.31,66.28,70.86,64.42,69.36,3.14,3.134
304,9.728,-0.288287,-0.452719,0.068004,2,FOLLOWING,63.57,65.74,69.99,67.53,64.78,71.45,64.01,65.02,3.14,3.134
305,9.76,-0.286232,-0.452579,0.068004,2,FOLLOWING,69.17,69.57,67.25,67.8,69.64,65.79,65.94,69.84,3.14,3.134
306,9.792,-0.284241,-0.452441,0.07048,2,FOLLOWING,66.9,75.02,66.12,68.96,63.79,68.22,72.86,64.14,3.14,3.1195
307,9.824,-0.282187,-0.452296,0.07048,2,FOLLOWING,77.32,65.57,66.4,64.34,67.47,65.11,68.15,66.76,3.14,3.1194
308,9.856,-0.280132,-0.452151,0.07048,2,FOLLOWING,65.52,70.64,68.78,63.65,67.3,71.6,71.55,73.51,3.14,3.1193
309,9.888,-0.278077,-0.452006,0.07048,2,FOLLOWING,66.31,66.25,66.83,67.89,60.26,69.28,65.98,65.36,3.14,3.1192
310,9.92,-0.276022,-0.451861,0.07048,2,FOLLOWING,65.33,66.29,64.14,65.71,69.94,69.94,65.54,61.46,3.14,3.1191
311,9.952,-0.274032,-0.451723,0.068004,2,FOLLOWING,68.39,65.62,65.55,71.96,66.22,62.05,68.37,64.57,3.14,3.1334
312,9.984,-0.271977,-0.451583,0.068004,2,FOLLOWING,69.52,66.47,69.92,61.78,66.84,70.39,68.45,63.06,3.14,3.1334
313,10.016,-0.269922,-0.451443,0.068004,2,FOLLOWING,68.56,63.96,62.61,68.33,66.75,66.7,69.06,62.04,3.14,3.1333
314,10.048,-0.267867,-0.451303,0.068004,2,FOLLOWING,68.46,61.65,72.45,70.78,68.46,65.68,68.21,63.09,3.14,3.1333
315,10.08,-0.265811,-0.451163,0.068004,2,FOLLOWING,60.35,70.15,63.41,71.43,64.62,68.31,67.92,65.54,3.14,3.1333
316,10.112,-0.263756,-0.451023,0.068004,2,FOLLOWING,72.18,66.39,72.14,65.78,67.87,66.89,70.42,70.27,3.14,3.1332
317,10.144,-0.261701,-0.450883,0.068004,2,FOLLOWING,69.09,76.16,67.0,69.4,64.45,69.15,66.79,64.78,3.14,3.1332
318,10.176,-0.259646,-0.450743,0.068004,2,FOLLOWING,68.69,68.79,67.95,61.63,64.59,60.02,60.93,68.56,3.14,3.1332
319,10.208,-0.257591,-0.450603,0.068004,2,FOLLOWING,66.46,65.26,66.38,69.0,68.37,64.36,67.26,68.25,3.14,3.1331
320,10.24,-0.255536,-0.450463,0.068004,2,FOLLOWING,69.42,62.52,68.34,69.02,67.26,68.59,66.06,64.86,3.14,3.1331
321,10.272,-0.253481,-0.450323,0.068004,2,FOLLOWING,67.55,63.03,71.68,69.29,63.03,67.9,67.87,69.33,3.14,3.1331
322,10.304,-0.251426,-0.450183,0.068004,2,FOLLOWING,65.35,68.44,62.2,63.61,65.13,69.16,67.13,60.26,3.14,3.133
323,10.336,-0.249371,-0.450043,0.068004,2,FOLLOWING,67.82,69.43,68.67,66.3,65.18,70.12,66.6,65.55,3.14,3.133
324,10.368,-0.247316,-0.449903,0.068004,2,FOLLOWING,69.85,67.19,61.69,67.99,70.04,62.14,67.4,68.59,3.14,3.1329
325,10.4,-0.245261,-0.449763,0.068004,2,FOLLOWING,68.43,65.94,71.38,68.94,62.89,67.82,69.27,67.31,3.14,3.1329
326,10.432,-0.243206,-0.449623,0.068004,2,FOLLOWING,69.96,60.55,63.83,63.33,68.63,64.99,66.47,63.42,3.14,3.1329
327,10.464,-0.241151,-0.449483,0.068004,2,FOLLOWING,63.28,66.27,71.92,67.1,70.9,62.75,71.24,64.88,3.14,3.1328
328,10.496,-0.239095,-0.449344,0.068004,2,FOLLOWING,66.2,64.95,65.99,68.34,71.1,66.39,64.95,63.56,3.14,3.1328
329,10.528,-0.23704,-0.449204,0.068004,2,FOLLOWING,62.85,65.64,65.29,65.86,64.33,63.11,70.54,69.33,3.14,3.1327
330,10.56,-0.234985,-0.449064,0.068004,2,FOLLOWING,63.32,68.41,67.07,64.59,67.41,66.8,64.36,62.12,3.14,3.1327
331,10.592,-0.23293,-0.448924,0.068004,2,FOLLOWING,72.53,67.98,69.38,65.24,65.58,65.91,64.24,67.19,3.14,3.1327
332,10.624,-0.230939,-0.44879,0.065529,2,FOLLOWING,66.98,62.2,68.12,75.48,65.25,68.63,67.07,63.61,3.133,3.14
333,10.656,-0.228884,-0.448656,0.065529,2,FOLLOWING,66.78,58.41,71.7,64.35,66.21,72.06,66.44,66.47,3.1329,3.14
334,10.688,-0.226828,-0.448521,0.065529,2,FOLLOWING,69.78,69.4,69.07,63.82,66.95,65.77,69.94,66.41,3.1329,3.14
335,10.72,-0.224773,-0.448386,0.065529,2,FOLLOWING,67.49,72.91,67.91,69.45,62.74,63.81,63.37,70.8,3.1328,3.14
336,10.752,-0.222718,-0.448251,0.065529,2,FOLLOWING,65.02,66.68,68.26,60.99,63.04,66.94,69.23,70.25,3.1328,3.14
337,10.784,-0.220662,-0.448116,0.065529,2,FOLLOWING,66.65,69.03,60.51,68.82,67.0,64.63,68.66,67.89,3.1328,3.14
338,10.816,-0.218607,-0.447981,0.065529,2,FOLLOWING,66.2,65.78,66.41,63.06,67.32,67.92,68.4,71.66,3.1327,3.14
339,10.848,-0.216551,-0.447846,0.065529,2,FOLLOWING,65.66,66.49,69.38,66.72,63.46,67.63,67.01,63.6,3.1327,3.14
340,10.88,-0.214496,-0.447711,0.065529,2,FOLLOWING,63.04,67.2,63.85,67.77,68.76,69.1,66.12,70.68,3.1326,3.14
341,10.912,-0.21244,-0.447577,0.065529,2,FOLLOWING,69.95,67.0,68.1,62.86,65.31,61.65,64.83,67.99,3.1326,3.14
342,10.944,-0.210385,-0.447442,0.065529,2,FOLLOWING,68.64,70.94,72.47,68.94,69.86,72.92,64.18,67.71,3.1325,3.14
343,10.976,-0.20833,-0.447307,0.065529,2,FOLLOWING,62.46,61.88,68.28,70.68,64.2,68.21,68.72,68.14,3.1325,3.14
344,11.008,-0.206274,-0.447172,0.065529,2,FOLLOWING,67.59,61.72,71.42,64.72,65.51,65.18,67.15,69.98,3.1325,3.14
345,11.04,-0.204283,-0.447039,0.068004,2,FOLLOWING,59.91,68.62,67.69,66.55,64.94,72.39,67.0,68.94,3.14,3.1332
346,11.072,-0.202228,-0.446899,0.068004,2,FOLLOWING,67.89,62.36,68.17,68.44,66.9,62.64,67.99,64.47,3.14,3.1331
347,11.104,-0.200173,-0.446759,0.068004,2,FOLLOWING,66.39,63.46,70.23,61.27,72.11,68.4,69.15,68.27,3.14,3.1331
348,11.136,-0.198118,-0.446619,0.068004,2,FOLLOWING,65.39,67.31,67.76,74.0,67.38,66.14,66.95,62.73,3.14,3.1331
349,11.168,-0.196063,-0.446479,0.068004,2,FOLLOWING,62.64,66.37,68.59,65.11,73.54,62.5,65.88,73.44,3.14,3.133
350,11.2,-0.194008,-0.446339,0.068004,2,FOLLOWING,70.29,65.2,62.45,64.29,69.57,63.7,65.84,68.12,3.14,3.133
351,11.232,-0.191953,-0.446199,0.068004,2,FOLLOWING,69.83,73.63,71.88,68.58,69.7,64.28,67.88,63.2,3.14,3.1329
352,11.264,-0.189898,-0.446059,0.068004,2,FOLLOWING,65.4,66.96,67.17,66.46,67.9,68.71,62.82,69.49,3.14,3.1329
353,11.296,-0.187843,-0.445919,0.068004,2,FOLLOWING,66.93,67.46,69.26,67.89,73.37,72.38,66.57,69.0,3.14,3.1328
354,11.328,-0.185787,-0.445779,0.068004,2,FOLLOWING,69.63,68.22,71.58,65.36,72.01,70.32,68.24,68.22,3.14,3.1328
355,11.36,-0.183732,-0.445639,0.068004,2,FOLLOWING,64.77,62.87,67.18,70.04,70.09,64.99,68.08,70.03,3.14,3.1327
356,11.392,-0.181677,-0.445499,0.068004,2,FOLLOWING,71.64,68.4,68.88,67.15,63.84,71.1,69.08,67.74,3.14,3.1327
357,11.424,-0.179622,-0.445359,0.068004,2,FOLLOWING,63.9,72.07,61.97,70.36,69.61,70.26,63.94,65.79,3.14,3.1326
358,11.456,-0.177567,-0.445219,0.068004,2,FOLLOWING,68.82,73.63,70.19,65.39,64.97,67.01,63.43,63.44,3.14,3.1326
359,11.488,-0.175512,-0.445079,0.068004,2,FOLLOWING,69.27,68.14,68.97,62.88,71.81,69.28,64.36,68.1,3.14,3.1325
360,11.52,-0.173457,-0.444939,0.068004,2,FOLLOWING,72.58,66.36,68.24,68.88,66.86,68.53,65.32,70.65,3.14,3.1325
361,11.552,-0.171466,-0.444806,0.065529,2,FOLLOWING,71.74,67.79,61.97,66.17,64.53,65.93,70.56,73.26,3.1332,3.14
362,11.584,-0.169411,-0.444671,0.065529,2,FOLLOWING,69.56,68.08,65.02,67.49,70.52,70.22,65.42,71.54,3.1331,3.14
363,11.616,-0.167355,-0.444536,0.065529,2,FOLLOWING,75.03,64.22,66.73,70.51,63.96,63.85,67.57,69.56,3.1331,3.14
364,11.648,-0.1653,-0.444401,0.065529,2,FOLLOWING,65.24,65.63,73.86,70.72,69.01,69.16,69.7,64.89,3.133,3.14
365,11.68,-0.163244,-0.444267,0.065529,2,FOLLOWING,67.62,59.24,65.03,68.85,67.91,68.83,71.51,72.72,3.133,3.14
366,11.712,-0.161189,-0.444132,0.065529,2,FOLLOWING,63.94,60.54,66.87,62.55,65.16,68.24,73.72,64.56,3.1329,3.14
367,11.744,-0.159133,-0.443997,0.065529,2,FOLLOWING,64.51,68.9,69.68,64.02,67.69,63.99,61.15,67.1,3.1329,3.14
368,11.776,-0.157078,-0.443862,0.065529,2,FOLLOWING,70.95,67.36,64.16,66.2,69.54,66.92,66.09,67.08,3.1328,3.14
369,11.808,-0.155023,-0.443727,0.065529,2,FOLLOWING,71.05,65.82,69.69,64.63,65.28,68.86,68.09,66.79,3.1328,3.14
370,11.84,-0.152967,-0.443592,0.065529,2,FOLLOWING,63.84,63.84,67.88,65.78,67.27,66.52,64.54,68.07,3.1327,3.14
371,11.872,-0.150912,-0.443457,0.065529,2,FOLLOWING,65.23,64.22,67.06,71.84,69.7,67.73,64.36,63.56,3.1326,3.14
372,11.904,-0.148856,-0.443322,0.065529,2,FOLLOWING,66.13,67.49,75.38,70.23,64.55,64.16,69.34,65.5,3.1326,3.14
373,11.936,-0.146801,-0.443187,0.065529,2,FOLLOWING,67.76,71.46,67.27,70.11,70.69,66.29,65.54,69.92,3.1325,3.14
374,11.968,-0.144745,-0.443053,0.065529,2,FOLLOWING,66.15,65.27,71.19,70.23,58.64,57.45,67.18,60.78,3.1325,3.14
375,12.0,-0.14269,-0.442918,0.065529,2,FOLLOWING,64.0,70.28,71.26,71.11,67.95,62.76,64.42,61.76,3.1324,3.14
376,12.032,-0.140635,-0.442783,0.065529,2,FOLLOWING,64.59,70.12,66.39,67.13,64.98,70.73,62.29,67.24,3.1324,3.14
377,12.064,-0.138644,-0.44265,0.068004,2,FOLLOWING,71.65,66.89,71.36,68.58,68.09,72.36,71.36,63.18,3.14,3.1333
378,12.096,-0.136589,-0.44251,0.068004,2,FOLLOWING,65.44,67.55,68.21,69.1,68.21,70.08,73.64,64.41,3.14,3.1332
379,12.128,-0.134533,-0.44237,0.068004,2,FOLLOWING,63.48,71.71,63.53,63.18,68.77,91.06,62.91,63.52,3.14,3.1332
380,12.16,-0.132478,-0.44223,0.068004,2,FOLLOWING,66.7,62.43,71.41,61.85,66.32,85.9,62.91,67.43,3.14,3.1331
381,12.192,-0.130423,-0.44209,0.068004,2,FOLLOWING,67.5,64.51,62.89,72.27,67.86,93.69,63.11,68.26,3.14,3.1331
382,12.224,-0.128368,-0.44195,0.068004,2,FOLLOWING,65.04,66.38,66.56,65.57,75.04,96.05,64.26,59.04,3.14,3.133
383,12.256,-0.126313,-0.44181,0.068004,2,FOLLOWING,71.11,67.71,71.3,60.41,66.59,105.95,66.26,66.56,3.14,3.1329
384,12.288,-0.124258,-0.44167,0.068004,2,FOLLOWING,67.61,67.5,64.65,62.31,70.14,100.94,69.5,71.29,3.14,3.1329
385,12.32,-0.122203,-0.44153,0.068004,2,FOLLOWING,67.73,61.55,57.26,64.27,66.19,107.59,71.12,77.2,3.14,3.1328
386,12.352,-0.120148,-0.44139,0.068004,2,FOLLOWING,70.1,72.94,66.66,69.46,65.55,112.15,76.22,62.86,3.14,3.1328
387,12.384,-0.118093,-0.44125,0.068004,2,FOLLOWING,76.01,65.04,66.24,68.42,69.29,117.62,83.6,63.67,3.14,3.1327
388,12.416,-0.116038,-0.44111,0.068004,2,FOLLOWING,65.02,68.44,64.02,71.22,65.22,112.63,87.84,68.55,3.14,3.1326
389,12.448,-0.113983,-0.44097,0.068004,2,FOLLOWING,61.99,62.51,71.21,72.22,59.06,112.28,93.53,68.17,3.14,3.1326
390,12.48,-0.111928,-0.44083,0.068004,2,FOLLOWING,72.13,65.44,66.16,69.2,63.96,117.47,101.44,65.86,3.14,3.1325
391,12.512,-0.109873,-0.44069,0.068004,2,FOLLOWING,69.02,68.19,71.75,63.08,68.78,119.45,99.72,68.7,3.14,3.1325
392,12.544,-0.107817,-0.44055,0.068004,2,FOLLOWING,65.07,66.76,68.64,66.5,62.03,124.58,108.09,60.67,3.14,3.1324
393,12.576,-0.105826,-0.440417,0.065529,2,FOLLOWING,65.21,67.22,62.66,65.64,67.63,124.64,109.71,62.91,3.1333,3.14
394,12.608,-0.103771,-0.440282,0.065529,2,FOLLOWING,70.32,65.28,63.73,67.33,77.1,142.1,110.61,69.63,3.1332,3.14
395,12.64,-0.101716,-0.440147,0.065529,2,FOLLOWING,65.31,63.68,71.17,63.58,62.32,136.38,112.01,65.77,3.1331,3.14
396,12.672,-0.09966,-0.440012,0.065529,2,FOLLOWING,70.18,59.59,64.42,67.92,65.62,134.64,124.09,66.35,3.1331,3.14
397,12.704,-0.097605,-0.439877,0.065529,2,FOLLOWING,66.52,69.59,68.65,70.58,64.46,141.38,119.64,69.56,3.133,3.14
398,12.736,-0.095549,-0.439743,0.065529,2,FOLLOWING,71.32,71.78,57.13,68.05,65.04,155.47,117.5,67.91,3.1329,3.14
399,12.768,-0.093494,-0.439608,0.065529,2,FOLLOWING,66.57,73.49,63.52,64.39,62.87,161.71,125.08,64.46,3.1329,3.14
400,12.8,-0.091438,-0.439473,0.065529,2,FOLLOWING,63.06,68.62,64.63,66.61,62.26,168.44,123.77,66.84,3.1328,3.14
401,12.832,-0.089383,-0.439338,0.065529,2,FOLLOWING,66.79,66.46,66.31,71.55,68.05,167.66,128.47,68.19,3.1327,3.14
402,12.864,-0.087328,-0.439203,0.065529,2,FOLLOWING,62.83,66.93,72.27,71.35,70.2,185.01,134.75,59.82,3.1327,3.14
403,12.896,-0.085272,-0.439068,0.065529,2,FOLLOWING,69.07,69.49,72.43,64.4,69.39,189.55,148.83,66.45,3.1326,3.14
404,12.928,-0.083217,-0.438933,0.065529,2,FOLLOWING,69.72,67.83,69.04,62.38,67.35,195.94,148.22,67.05,3.1325,3.14
405,12.96,-0.081161,-0.438798,0.065529,2,AVOID_RIGHT,63.67,66.43,62.31,68.97,67.56,218.49,154.53,67.4,0.8,0.15
406,12.992,-0.08084,-0.438779,0.058101,2,AVOID_RIGHT,64.45,62.47,70.1,65.46,67.95,215.45,157.18,68.86,0.8,0.15
407,13.024,-0.080519,-0.438761,0.050674,2,AVOID_RIGHT,68.15,64.59,65.41,68.92,69.7,221.04,159.89,67.62,0.8,0.15
408,13.056,-0.080197,-0.438746,0.043247,2,AVOID_RIGHT,61.54,66.5,67.64,67.94,66.74,227.64,152.44,65.28,0.8,0.15
409,13.088,-0.07994,-0.438736,0.033344,2,AVOID_RIGHT,64.02,61.13,68.4,67.7,71.22,212.51,148.96,73.9,0.8,0.15
410,13.12,-0.079618,-0.438727,0.025916,2,AVOID_RIGHT,58.47,67.5,68.77,69.31,64.75,214.28,146.59,73.33,0.8,0.15
411,13.152,-0.079297,-0.438719,0.018489,2,AVOID_RIGHT,70.71,65.22,64.25,70.7,71.92,228.84,148.95,69.09,0.8,0.15
412,13.184,-0.078975,-0.438715,0.011062,2,AVOID_RIGHT,65.99,71.02,65.55,68.0,69.66,226.49,140.43,69.22,0.8,0.15
413,13.216,-0.078717,-0.438713,0.001159,2,AVOID_RIGHT,62.52,69.45,69.75,61.2,62.79,243.38,146.54,59.37,0.8,0.15
414,13.248,-0.078395,-0.438714,-0.006269,2,AVOID_RIGHT,69.82,65.52,73.34,65.4,66.79,241.67,140.57,69.6,0.8,0.15
415,13.28,-0.078074,-0.438717,-0.013696,2,AVOID_RIGHT,66.5,66.19,71.65,65.76,71.32,238.14,135.56,70.75,0.8,0.15
416,13.312,-0.077752,-0.438723,-0.021123,2,AVOID_RIGHT,71.78,72.63,68.63,66.87,68.08,242.47,137.03,66.02,0.8,0.15
417,13.344,-0.07743,-0.438732,-0.033502,2,AVOID_RIGHT,72.45,66.23,62.39,70.8,64.61,249.74,129.91,61.05,0.8,0.15
418,13.376,-0.077108,-0.438743,-0.040929,2,AVOID_RIGHT,67.13,64.89,64.72,70.48,61.52,260.82,129.5,66.48,0.6,-0.6
419,13.408,-0.077108,-0.438743,-0.055784,2,AVOID_RIGHT,68.15,64.36,67.29,65.35,62.86,259.45,130.94,66.35,0.6,-0.6
420,13.44,-0.077108,-0.438743,-0.070639,2,AVOID_RIGHT,66.49,70.78,68.05,66.04,64.46,243.65,122.76,67.23,0.8,0.15
421,13.472,-0.076787,-0.438767,-0.078066,2,AVOID_RIGHT,65.91,67.69,68.55,65.84,63.77,259.58,120.92,62.1,0.6,-0.6
422,13.504,-0.076787,-0.438767,-0.092921,2,AVOID_RIGHT,60.1,72.58,64.77,67.61,62.37,257.21,112.79,65.44,0.6,-0.6
423,13.536,-0.076787,-0.438767,-0.107775,2,AVOID_RIGHT,66.12,67.74,69.04,73.14,60.96,260.88,114.81,68.46,0.6,-0.6
424,13.568,-0.076787,-0.438767,-0.12263,2,AVOID_RIGHT,71.27,71.68,72.4,72.03,64.96,267.49,109.7,63.5,0.6,-0.6
425,13.6,-0.076787,-0.438767,-0.137484,2,AVOID_RIGHT,72.09,59.85,70.69,65.71,63.84,267.19,109.61,70.83,0.6,-0.6
426,13.632,-0.076787,-0.438767,-0.152339,2,AVOID_RIGHT,65.21,64.89,66.17,68.93,67.08,263.41,104.03,65.01,0.6,-0.6
427,13.664,-0.076787,-0.438767,-0.167194,2,AVOID_RIGHT,66.81,69.9,68.44,67.72,63.89,267.31,103.93,64.22,0.6,-0.6
428,13.696,-0.076787,-0.438767,-0.182048,2,AVOID_RIGHT,67.01,69.53,67.71,68.02,68.87,263.25,96.89,69.73,0.6,-0.6
429,13.728,-0.076851,-0.438755,-0.199379,2,AVOID_RIGHT,64.35,64.88,62.62,67.69,68.55,266.02,87.85,70.1,0.6,-0.6
430,13.76,-0.076851,-0.438755,-0.214233,2,AVOID_RIGHT,73.37,66.68,66.14,62.99,70.19,261.54,82.55,68.73,0.6,-0.6
431,13.792,-0.076851,-0.438755,-0.229088,2,AVOID_RIGHT,68.09,62.08,63.75,63.46,67.3,262.89,73.0,69.93,0.6,-0.6
432,13.824,-0.076851,-0.438755,-0.243943,2,AVOID_RIGHT,66.91,66.51,72.33,68.49,66.46,259.71,70.32,68.54,0.6,-0.6
433,13.856,-0.076788,-0.438771,-0.261273,2,AVOID_RIGHT,60.5,63.7,65.72,62.91,64.57,260.98,67.06,62.78,0.6,-0.6
434,13.888,-0.076788,-0.438771,-0.276128,2,AVOID_RIGHT,56.39,70.81,69.73,66.96,69.3,251.31,64.53,63.37,0.6,-0.6
435,13.92,-0.076788,-0.438771,-0.290982,2,AVOID_RIGHT,68.81,65.95,63.7,64.02,66.62,259.59,64.5,70.4,0.6,-0.6
436,13.952,-0.076788,-0.438771,-0.305837,2,AVOID_RIGHT,69.53,59.63,64.21,66.94,67.87,244.37,63.17,62.82,0.8,0.15
437,13.984,-0.076482,-0.438869,-0.313264,2,AVOID_RIGHT,72.38,66.75,71.21,69.65,67.43,248.51,63.94,62.76,0.8,0.15
438,14.016,-0.076176,-0.43897,-0.320691,2,AVOID_RIGHT,71.32,67.22,72.47,68.23,67.44,249.94,63.48,67.66,0.8,0.15
439,14.048,-0.075932,-0.439052,-0.330594,2,AVOID_RIGHT,69.75,66.54,64.43,67.22,66.04,251.07,63.7,73.92,0.6,-0.6
440,14.08,-0.075932,-0.439052,-0.345449,2,AVOID_RIGHT,68.46,65.75,66.44,70.25,77.53,241.2,66.54,72.06,0.8,0.15
441,14.112,-0.07563,-0.439162,-0.352876,2,AVOID_RIGHT,67.02,66.25,68.65,73.35,70.1,228.81,63.62,63.74,0.8,0.15
442,14.144,-0.075328,-0.439274,-0.360304,2,AVOID_RIGHT,65.06,66.76,68.08,65.81,67.36,234.02,69.31,65.0,0.8,0.15
443,14.176,-0.075027,-0.439389,-0.367731,2,AVOID_RIGHT,66.12,64.24,74.97,60.51,65.29,232.71,66.72,71.62,0.8,0.15
444,14.208,-0.074787,-0.439483,-0.377634,2,AVOID_RIGHT,63.72,63.35,63.47,69.35,65.52,230.47,63.69,66.39,0.8,0.15
445,14.24,-0.074489,-0.439603,-0.385061,2,AVOID_RIGHT,69.91,71.78,69.48,66.37,66.53,220.45,64.99,63.63,0.8,0.15
446,14.272,-0.074191,-0.439725,-0.392489,2,AVOID_RIGHT,71.45,68.95,69.66,66.11,66.5,224.93,65.55,67.06,0.8,0.15
447,14.304,-0.073835,-0.439874,-0.402392,2,AVOID_RIGHT,75.89,65.02,59.76,66.07,62.6,222.66,69.52,61.15,0.8,0.15
448,14.336,-0.073598,-0.439976,-0.412295,2,AVOID_RIGHT,69.66,66.64,67.15,69.9,65.33,213.33,69.36,67.14,0.8,0.15
449,14.368,-0.073304,-0.440106,-0.419722,2,AVOID_RIGHT,63.05,69.32,66.59,65.26,63.26,213.33,66.0,69.88,0.8,0.15
450,14.4,-0.07301,-0.440238,-0.427149,2,AVOID_RIGHT,68.66,68.57,64.52,69.59,69.69,203.93,66.96,67.69,0.8,0.15
451,14.432,-0.072718,-0.440373,-0.434577,2,AVOID_RIGHT,69.35,65.93,69.35,70.85,71.57,212.04,65.38,66.79,0.8,0.15
452,14.464,-0.072485,-0.440482,-0.44448,2,AVOID_RIGHT,70.23,68.24,60.64,63.07,65.54,209.37,71.81,65.56,0.8,0.15
453,14.496,-0.072195,-0.440622,-0.451907,2,AVOID_RIGHT,67.45,65.6,68.81,66.88,68.26,211.42,71.08,70.02,0.8,0.15
454,14.528,-0.071906,-0.440763,-0.459334,2,AVOID_RIGHT,68.72,67.12,66.8,66.64,71.32,195.02,66.67,64.58,0.8,0.15
455,14.56,-0.071618,-0.440907,-0.466762,2,AVOID_RIGHT,61.17,61.95,62.03,64.38,71.14,196.72,66.11,70.24,0.8,0.15
456,14.592,-0.071331,-0.441053,-0.474189,2,AVOID_RIGHT,68.93,72.76,62.76,69.38,64.88,198.54,68.06,64.58,0.8,0.15
457,14.624,-0.071103,-0.441172,-0.484092,2,AVOID_RIGHT,64.07,75.17,67.55,69.01,69.81,190.36,64.71,61.86,0.8,0.15
458,14.656,-0.070818,-0.441323,-0.491519,2,AVOID_RIGHT,66.46,68.76,65.71,66.73,69.52,188.01,66.01,60.51,0.8,0.15
459,14.688,-0.070535,-0.441476,-0.498947,2,AVOID_RIGHT,68.9,68.2,64.94,63.13,64.53,185.22,67.56,66.29,0.8,0.15
460,14.72,-0.070197,-0.441662,-0.50885,2,AVOID_RIGHT,63.76,65.55,60.85,67.63,66.93,187.98,67.4,64.5,0.8,0.15
461,14.752,-0.069973,-0.441789,-0.518753,2,AVOID_RIGHT,75.73,68.84,66.75,62.69,65.84,172.45,71.73,67.86,0.8,0.15
462,14.784,-0.069694,-0.441949,-0.52618,2,AVOID_RIGHT,62.64,60.96,67.91,61.4,65.43,177.06,64.22,67.67,0.8,0.15
463,14.816,-0.069416,-0.442112,-0.533608,2,AVOID_RIGHT,70.45,64.05,67.83,64.48,72.36,171.35,63.9,61.88,0.8,0.15
464,14.848,-0.06914,-0.442277,-0.541035,2,AVOID_RIGHT,66.58,69.41,73.27,69.54,72.32,172.49,65.67,73.27,0.8,0.15
465,14.88,-0.06892,-0.44241,-0.550938,2,AVOID_RIGHT,67.47,70.72,64.33,65.58,64.23,166.57,67.42,63.55,0.8,0.15
466,14.912,-0.068646,-0.44258,-0.558365,2,AVOID_RIGHT,67.3,72.0,71.21,62.54,71.44,160.42,70.97,70.48,0.8,0.15
467,14.944,-0.068374,-0.442751,-0.565793,2,AVOID_RIGHT,64.39,63.14,69.91,63.77,72.06,159.24,67.61,66.16,0.8,0.15
468,14.976,-0.068103,-0.442925,-0.57322,2,AVOID_RIGHT,67.11,60.46,63.12,66.15,68.39,144.74,64.99,64.26,0.8,0.15
469,15.008,-0.067887,-0.443066,-0.583123,2,FOLLOWING,63.48,67.68,66.43,72.22,74.89,155.29,63.69,66.14,-0.7864,3.14
470,15.04,-0.067232,-0.443475,-0.533608,2,FOLLOWING,72.17,69.39,67.06,67.3,64.97,150.87,64.67,64.32,-0.5131,3.14
471,15.072,-0.066446,-0.443916,-0.489044,2,FOLLOWING,64.79,63.68,68.8,63.59,68.47,162.4,67.6,64.46,-0.2699,3.14
472,15.104,-0.065641,-0.444321,-0.44448,2,FOLLOWING,68.35,70.33,66.21,67.43,67.77,161.69,69.78,62.68,-0.0259,3.14
473,15.136,-0.064703,-0.444746,-0.404868,2,FOLLOWING,66.9,65.01,72.85,65.37,72.5,167.01,64.08,70.37,0.1883,3.14
474,15.168,-0.063689,-0.445158,-0.367731,2,FOLLOWING,68.56,66.33,71.97,66.18,66.54,163.82,66.43,74.97,0.388,3.14
475,15.2,-0.062601,-0.445556,-0.33307,2,FOLLOWING,71.02,63.45,69.82,69.53,68.03,173.8,65.43,64.03,0.5735,3.14
476,15.232,-0.061439,-0.445937,-0.300885,2,FOLLOWING,63.34,65.48,65.81,62.87,67.74,169.77,72.44,73.9,0.7446,3.14
477,15.264,-0.060204,-0.4463,-0.271176,2,FOLLOWING,69.59,68.71,64.06,75.02,71.24,165.29,63.72,65.16,0.9015,3.14
478,15.296,-0.058958,-0.446627,-0.241467,2,FOLLOWING,63.88,64.62,69.4,68.17,59.62,163.13,63.6,71.3,1.0594,3.14
479,15.328,-0.057579,-0.446948,-0.216709,2,FOLLOWING,70.07,68.22,67.26,65.21,67.57,169.16,74.25,68.49,1.1879,3.14
480,15.36,-0.056192,-0.447236,-0.191951,2,FOLLOWING,68.83,64.96,65.72,66.2,68.26,162.3,67.32,62.86,1.3172,3.14
481,15.392,-0.054799,-0.447489,-0.167194,2,FOLLOWING,73.81,69.72,62.55,70.85,66.07,169.0,66.12,66.9,1.4475,3.14
482,15.424,-0.053273,-0.447731,-0.147388,2,FOLLOWING,67.75,60.6,67.78,71.46,72.07,164.88,72.49,69.25,1.5485,3.14
483,15.456,-0.051743,-0.447942,-0.127581,2,FOLLOWING,64.97,63.32,65.88,67.33,66.56,160.3,68.59,67.99,1.6503,3.14
484,15.488,-0.050209,-0.448124,-0.107775,2,FOLLOWING,72.53,68.44,68.32,71.35,63.95,166.88,75.42,64.82,1.7529,3.14
485,15.52,-0.048607,-0.448283,-0.090445,2,FOLLOWING,67.84,63.88,73.17,65.81,64.31,166.01,87.49,63.39,1.8413,3.14
486,15.552,-0.047003,-0.448414,-0.073114,2,FOLLOWING,63.76,64.64,68.45,69.54,65.18,163.65,101.44,66.77,1.9304,3.14
487,15.584,-0.045333,-0.448524,-0.05826,2,FOLLOWING,68.52,65.89,71.96,64.87,70.58,172.86,104.88,63.72,2.0054,3.14
488,15.616,-0.043662,-0.448609,-0.043405,2,FOLLOWING,67.81,70.34,67.06,63.99,66.79,176.3,114.33,68.09,2.0809,3.14
489,15.648,-0.041925,-0.448674,-0.031026,2,FOLLOWING,66.29,68.44,67.04,65.6,65.59,188.29,116.96,62.91,2.1423,3.14
490,15.68,-0.040188,-0.448717,-0.018648,2,FOLLOWING,66.32,64.14,65.2,68.77,68.29,186.75,115.74,63.61,2.2041,3.14
491,15.712,-0.03845,-0.448739,-0.006269,2,FOLLOWING,62.04,66.88,64.19,69.05,66.38,186.36,117.67,63.17,2.2665,3.14
492,15.744,-0.036648,-0.448741,0.003634,2,FOLLOWING,66.95,70.34,75.24,65.77,62.83,184.84,123.23,64.39,2.3147,3.14
493,15.776,-0.034845,-0.448726,0.013537,2,FOLLOWING,69.89,68.29,68.43,61.22,63.72,193.89,121.17,66.17,2.3634,3.14
494,15.808,-0.033043,-0.448692,0.023441,2,FOLLOWING,65.1,66.33,67.93,77.6,69.63,199.31,130.32,63.69,2.4124,3.14
495,15.84,-0.031242,-0.448641,0.033344,2,FOLLOWING,66.11,66.28,67.34,66.27,66.56,200.52,136.73,67.33,2.4619,3.14
496,15.872,-0.029441,-0.448572,0.043247,2,FOLLOWING,65.92,70.5,67.32,73.26,69.02,205.48,147.83,69.46,2.5119,3.14
497,15.904,-0.027576,-0.448484,0.050674,2,AVOID_RIGHT,69.83,65.8,66.06,67.8,66.27,223.11,162.44,69.31,0.8,0.15
498,15.936,-0.027254,-0.448469,0.043247,2,AVOID_RIGHT,69.99,66.41,68.73,67.61,71.52,223.21,148.76,67.19,0.8,0.15
499,15.968,-0.026933,-0.448457,0.035819,2,AVOID_RIGHT,69.25,65.14,73.51,71.59,65.06,240.02,150.15,67.44,0.8,0.15
500,16.0,-0.026675,-0.448449,0.025916,2,AVOID_RIGHT,67.08,68.6,70.6,71.99,66.1,228.96,158.9,68.39,0.8,0.15
501,16.032,-0.026289,-0.448441,0.016013,2,AVOID_RIGHT,64.52,64.97,72.01,69.27,72.88,231.15,148.63,64.38,0.8,0.15
502,16.064,-0.025967,-0.448437,0.008586,2,AVOID_RIGHT,62.07,68.53,72.2,67.03,66.88,231.71,147.6,69.36,0.8,0.15
503,16.096,-0.025646,-0.448435,0.001159,2,AVOID_RIGHT,67.86,59.63,70.34,71.25,68.0,235.52,142.07,69.9,0.8,0.15
504,16.128,-0.025388,-0.448436,-0.008744,2,AVOID_RIGHT,67.31,70.21,66.58,65.63,66.31,232.59,136.27,69.61,0.8,0.15
505,16.16,-0.025066,-0.44844,-0.016172,2,AVOID_RIGHT,62.8,61.37,63.15,65.48,63.03,247.86,142.23,67.32,0.8,0.15
506,16.192,-0.024745,-0.448446,-0.023599,2,AVOID_RIGHT,66.69,67.47,60.24,66.44,69.46,246.05,138.28,61.5,0.8,0.15
507,16.224,-0.024423,-0.448455,-0.031026,2,AVOID_RIGHT,64.23,63.92,68.28,62.95,68.88,249.78,145.01,70.08,0.8,0.15
508,16.256,-0.024165,-0.448464,-0.040929,2,AVOID_RIGHT,71.15,74.31,67.53,74.89,67.12,264.23,140.43,69.84,0.6,-0.6
509,16.288,-0.024165,-0.448464,-0.055784,2,AVOID_RIGHT,69.75,66.39,66.75,67.77,66.8,262.37,125.52,60.43,0.6,-0.6
510,16.32,-0.024165,-0.448464,-0.070639,2,AVOID_RIGHT,62.78,64.51,71.75,65.19,68.18,263.59,125.81,64.06,0.6,-0.6
511,16.352,-0.024165,-0.448464,-0.085493,2,AVOID_RIGHT,64.29,65.71,66.61,65.14,71.48,269.16,117.54,63.03,0.6,-0.6
512,16.384,-0.024165,-0.448464,-0.100348,2,AVOID_RIGHT,66.96,73.46,66.95,73.52,67.67,269.95,118.95,62.43,0.6,-0.6
513,16.416,-0.024165,-0.448464,-0.115203,2,AVOID_RIGHT,72.23,67.42,68.19,63.01,62.6,269.75,113.85,67.04,0.6,-0.6
514,16.448,-0.024165,-0.448464,-0.130057,2,AVOID_RIGHT,66.68,73.05,72.8,70.64,69.85,264.77,112.43,66.3,0.6,-0.6
515,16.48,-0.024165,-0.448464,-0.144912,2,AVOID_RIGHT,66.49,65.62,67.8,66.61,64.37,269.44,107.83,62.38,0.6,-0.6
516,16.512,-0.024102,-0.448474,-0.162242,2,AVOID_RIGHT,66.43,63.87,67.42,68.32,64.82,263.06,107.68,67.95,0.6,-0.6
517,16.544,-0.024102,-0.448474,-0.177097,2,AVOID_RIGHT,63.86,68.38,67.49,66.97,69.99,275.32,104.04,69.09,0.6,-0.6
518,16.576,-0.024102,-0.448474,-0.191951,2,AVOID_RIGHT,66.61,69.67,66.58,61.2,67.91,271.57,93.14,64.55,0.6,-0.6
519,16.608,-0.024102,-0.448474,-0.206806,2,AVOID_RIGHT,62.14,74.25,65.96,65.69,66.2,274.72,89.24,61.63,0.6,-0.6
520,16.64,-0.024102,-0.448474,-0.221661,2,AVOID_RIGHT,64.44,68.24,66.7,70.18,63.38,275.17,76.87,67.98,0.6,-0.6
521,16.672,-0.024102,-0.448474,-0.236515,2,AVOID_RIGHT,67.14,65.99,71.76,67.68,67.09,277.06,67.35,63.02,0.6,-0.6
522,16.704,-0.024102,-0.448474,-0.25137,2,AVOID_RIGHT,66.3,66.78,68.07,62.21,67.2,259.92,71.47,61.82,0.6,-0.6
523,16.736,-0.024102,-0.448474,-0.266224,2,AVOID_RIGHT,71.82,63.52,65.3,72.95,70.33,263.04,68.42,64.81,0.6,-0.6
524,16.768,-0.024102,-0.448474,-0.281079,2,AVOID_RIGHT,60.07,64.98,65.76,66.52,66.09,266.72,66.51,69.9,0.6,-0.6
525,16.8,-0.024164,-0.448456,-0.298409,2,AVOID_RIGHT,75.09,69.89,63.61,65.46,62.54,262.91,67.51,68.96,0.6,-0.6
526,16.832,-0.024164,-0.448456,-0.313264,2,AVOID_RIGHT,71.43,65.13,67.33,65.71,60.58,250.21,71.25,68.19,0.6,-0.6
527,16.864,-0.024164,-0.448456,-0.328119,2,AVOID_RIGHT,70.99,67.42,60.4,76.71,67.69,257.92,67.86,67.81,0.6,-0.6
528,16.896,-0.024164,-0.448456,-0.342973,2,AVOID_RIGHT,68.14,71.23,68.16,64.41,68.36,248.76,70.32,64.91,0.8,0.15
529,16.928,-0.023861,-0.448565,-0.350401,2,AVOID_RIGHT,76.52,69.63,65.84,68.09,60.0,250.85,68.8,66.85,0.6,-0.6
530,16.96,-0.023861,-0.448565,-0.365255,2,AVOID_RIGHT,69.78,64.09,66.76,61.73,62.84,234.46,65.87,69.71,0.8,0.15
531,16.992,-0.023561,-0.448681,-0.372683,2,AVOID_RIGHT,65.59,71.0,64.17,68.53,64.49,248.28,67.73,68.76,0.8,0.15
532,17.024,-0.023261,-0.4488,-0.38011,2,AVOID_RIGHT,70.08,65.03,70.6,69.27,73.27,227.73,69.59,67.79,0.8,0.15
533,17.056,-0.022963,-0.448921,-0.392489,2,AVOID_RIGHT,70.68,61.07,69.55,66.69,70.57,236.47,68.8,68.14,0.8,0.15
534,17.088,-0.022666,-0.449045,-0.399916,2,AVOID_RIGHT,68.61,59.1,69.29,66.91,64.65,229.62,71.08,68.8,0.8,0.15
535,17.12,-0.02237,-0.449172,-0.407343,2,AVOID_RIGHT,71.81,63.8,64.03,66.12,65.02,224.37,68.91,66.71,0.8,0.15
536,17.152,-0.022075,-0.4493,-0.414771,2,AVOID_RIGHT,65.18,70.79,68.47,64.1,63.52,226.75,73.54,71.96,0.8,0.15
537,17.184,-0.02184,-0.449405,-0.424674,2,AVOID_RIGHT,62.47,67.35,65.15,67.87,69.94,223.62,64.43,64.3,0.8,0.15
538,17.216,-0.021547,-0.449539,-0.432101,2,AVOID_RIGHT,65.24,64.63,71.62,68.53,64.24,231.36,61.78,64.88,0.8,0.15
539,17.248,-0.021256,-0.449675,-0.439528,2,AVOID_RIGHT,69.28,62.97,67.97,66.79,65.36,219.83,70.27,58.65,0.8,0.15
540,17.28,-0.020965,-0.449813,-0.446956,2,AVOID_RIGHT,68.7,69.63,67.08,72.25,58.27,216.4,65.84,65.67,0.8,0.15
541,17.312,-0.020733,-0.449925,-0.456859,2,AVOID_RIGHT,72.2,66.82,63.89,65.89,61.09,212.81,60.14,65.46,0.8,0.15
542,17.344,-0.020445,-0.450068,-0.464286,2,AVOID_RIGHT,70.81,64.92,63.75,70.31,68.6,204.71,65.14,66.86,0.8,0.15
543,17.376,-0.020158,-0.450213,-0.471713,2,AVOID_RIGHT,62.16,72.02,68.22,65.27,64.95,202.33,67.38,68.23,0.8,0.15
544,17.408,-0.019871,-0.450361,-0.479141,2,AVOID_RIGHT,62.57,63.29,71.44,72.7,70.99,208.87,68.83,66.53,0.8,0.15
545,17.44,-0.019644,-0.450481,-0.489044,2,AVOID_RIGHT,72.96,65.3,67.14,66.7,67.89,201.05,66.89,70.86,0.8,0.15
546,17.472,-0.019304,-0.450664,-0.498947,2,AVOID_RIGHT,66.14,64.98,68.06,69.75,70.58,189.03,64.02,67.6,0.8,0.15
547,17.504,-0.019022,-0.450819,-0.506374,2,AVOID_RIGHT,68.25,73.47,71.63,70.18,65.34,191.33,72.57,64.56,0.8,0.15
548,17.536,-0.018741,-0.450976,-0.513801,2,AVOID_RIGHT,72.73,72.47,66.24,65.88,72.72,186.0,67.89,70.35,0.8,0.15
549,17.568,-0.018461,-0.451135,-0.521229,2,AVOID_RIGHT,60.19,70.22,63.64,69.67,73.78,177.51,69.42,70.86,0.8,0.15
550,17.6,-0.018238,-0.451264,-0.531132,2,AVOID_RIGHT,69.0,62.25,71.46,66.16,66.26,178.52,61.42,70.0,0.8,0.15
551,17.632,-0.017961,-0.451428,-0.538559,2,AVOID_RIGHT,67.25,69.14,69.89,71.24,66.06,177.66,67.64,66.67,0.8,0.15
552,17.664,-0.017686,-0.451595,-0.545986,2,AVOID_RIGHT,65.01,65.62,61.29,65.69,62.54,171.38,64.23,70.79,0.8,0.15
553,17.696,-0.017411,-0.451763,-0.553414,2,AVOID_RIGHT,65.38,71.6,67.89,68.68,66.48,162.66,67.34,63.02,0.8,0.15
554,17.728,-0.017193,-0.451899,-0.563317,2,AVOID_RIGHT,66.18,70.12,67.21,68.86,71.08,155.26,65.97,66.5,0.8,0.15
555,17.76,-0.016921,-0.452072,-0.570744,2,AVOID_RIGHT,60.01,69.47,73.41,69.26,76.89,152.58,66.37,66.74,0.8,0.15
556,17.792,-0.016651,-0.452247,-0.578171,2,AVOID_RIGHT,67.37,67.13,65.21,69.14,78.24,139.84,66.6,66.04,0.8,0.15
557,17.824,-0.016382,-0.452424,-0.585599,2,AVOID_RIGHT,66.19,69.71,64.18,66.57,76.53,149.46,64.7,71.4,0.8,0.15
558,17.856,-0.016168,-0.452567,-0.595502,2,AVOID_RIGHT,65.19,66.92,71.16,69.7,80.03,142.36,69.05,67.46,0.8,0.15
559,17.888,-0.01585,-0.452785,-0.605405,2,FOLLOWING,70.99,66.23,63.82,69.5,86.16,142.67,66.19,62.71,-1.5041,3.14
560,17.92,-0.015418,-0.453066,-0.545986,2,FOLLOWING,61.94,74.72,65.47,70.0,67.48,148.54,66.34,64.76,-1.1738,3.14
561,17.952,-0.014859,-0.453385,-0.491519,2,FOLLOWING,61.63,69.26,62.46,69.79,75.39,164.3,67.87,65.76,-0.8748,3.14
562,17.984,-0.014226,-0.453703,-0.439528,2,FOLLOWING,67.43,66.11,67.6,64.97,69.6,165.86,65.69,67.81,-0.5909,3.14
563,18.016,-0.013461,-0.454041,-0.392489,2,FOLLOWING,67.21,68.96,68.42,57.88,71.93,171.69,63.71,70.71,-0.3379,3.14
564,18.048,-0.012561,-0.454391,-0.350401,2,FOLLOWING,67.23,65.4,70.92,63.59,65.82,179.22,70.81,70.1,-0.1154,3.14
565,18.08,-0.011647,-0.454704,-0.308313,2,FOLLOWING,65.72,67.27,64.9,65.69,68.39,179.51,73.21,66.36,0.1083,3.14
566,18.112,-0.010599,-0.455016,-0.271176,2,FOLLOWING,60.9,62.4,65.75,70.22,66.85,176.21,63.93,69.69,0.3018,3.14
567,18.144,-0.009539,-0.45529,-0.234039,2,FOLLOWING,68.66,68.34,62.34,63.76,63.5,177.13,68.91,67.77,0.4964,3.14
568,18.176,-0.008345,-0.455554,-0.201854,2,FOLLOWING,66.19,64.51,64.59,65.56,67.93,176.04,69.39,63.83,0.6612,3.14
569,18.208,-0.007143,-0.45578,-0.169669,2,FOLLOWING,64.96,67.54,64.85,69.57,65.48,174.68,69.59,65.96,0.8271,3.14
570,18.24,-0.005871,-0.455979,-0.13996,2,FOLLOWING,66.82,71.93,65.17,66.15,68.89,174.75,65.76,72.98,0.9787,3.14
571,18.272,-0.00453,-0.456149,-0.112727,2,FOLLOWING,70.24,64.94,71.44,67.15,64.09,169.95,85.36,71.93,1.1161,3.14
572,18.304,-0.003121,-0.456291,-0.087969,2,FOLLOWING,69.8,67.6,66.14,67.9,74.57,183.11,91.64,67.2,1.2392,3.14
573,18.336,-0.001709,-0.456398,-0.063211,2,FOLLOWING,66.19,67.7,70.52,69.57,67.53,181.33,106.95,69.3,1.3634,3.14
574,18.368,-0.00023,-0.456475,-0.040929,2,FOLLOWING,69.57,64.32,65.82,65.82,69.04,179.68,102.47,67.27,1.4733,3.14
575,18.4,0.001314,-0.456523,-0.021123,2,FOLLOWING,71.04,68.08,64.71,66.12,63.83,182.96,109.2,68.06,1.5691,3.14
576,18.432,0.002859,-0.45654,-0.001317,2,FOLLOWING,66.71,65.72,64.74,71.95,63.08,187.27,118.34,62.86,1.6657,3.14
577,18.464,0.004403,-0.456527,0.018489,2,FOLLOWING,66.05,67.82,67.14,64.38,67.29,179.52,116.02,59.56,1.7633,3.14
578,18.496,0.006012,-0.456483,0.035819,2,FOLLOWING,64.78,68.94,62.35,62.89,69.18,187.23,129.65,65.46,1.8466,3.14
579,18.528,0.007684,-0.456411,0.050674,2,FOLLOWING,70.16,70.42,66.23,67.71,63.39,198.34,145.77,70.15,1.9158,3.14
580,18.56,0.00929,-0.456315,0.068004,2,FOLLOWING,64.84,75.25,69.52,68.97,65.22,194.5,145.85,68.06,1.9633,3.14
581,18.592,0.010959,-0.456189,0.082859,2,AVOID_RIGHT,64.47,63.47,68.0,66.7,64.25,203.04,159.7,69.13,0.8,0.15
582,18.624,0.01128,-0.456164,0.075432,2,AVOID_RIGHT,63.85,64.87,69.46,64.79,68.27,209.65,156.96,66.1,0.8,0.15
583,18.656,0.011601,-0.456141,0.063053,2,AVOID_RIGHT,65.84,67.53,68.89,67.61,67.04,218.88,160.02,71.29,0.8,0.15
584,18.688,0.011923,-0.456122,0.055626,2,AVOID_RIGHT,71.4,68.4,66.96,61.64,69.01,208.27,151.44,71.09,0.8,0.15
585,18.72,0.012244,-0.456106,0.048198,2,AVOID_RIGHT,66.1,69.43,61.28,70.26,59.62,211.55,144.95,69.41,0.8,0.15
586,18.752,0.012565,-0.456091,0.040771,2,AVOID_RIGHT,67.29,67.42,65.06,65.62,63.78,218.7,145.76,70.5,0.8,0.15
587,18.784,0.012823,-0.456082,0.030868,2,AVOID_RIGHT,73.82,74.36,72.08,63.32,63.41,222.62,153.29,71.41,0.8,0.15
588,18.816,0.013145,-0.456073,0.023441,2,AVOID_RIGHT,69.22,62.72,66.62,70.17,66.43,227.32,146.97,62.89,0.8,0.15
589,18.848,0.013466,-0.456067,0.016013,2,AVOID_RIGHT,60.92,61.23,74.18,66.45,64.88,219.63,143.15,68.83,0.8,0.15
590,18.88,0.013788,-0.456063,0.008586,2,AVOID_RIGHT,70.89,66.15,65.84,66.84,64.63,227.45,139.8,63.18,0.8,0.15
591,18.912,0.01411,-0.456062,0.001159,2,AVOID_RIGHT,66.68,64.02,64.02,66.11,62.2,228.2,146.87,64.44,0.8,0.15
592,18.944,0.014367,-0.456063,-0.008744,2,AVOID_RIGHT,71.27,69.74,70.2,63.95,65.97,236.26,141.78,66.46,0.8,0.15
593,18.976,0.014689,-0.456067,-0.016172,2,AVOID_RIGHT,63.7,64.23,63.65,64.08,67.52,232.83,132.32,62.8,0.8,0.15
594,19.008,0.015011,-0.456073,-0.023599,2,AVOID_RIGHT,59.73,68.03,69.8,67.01,66.9,235.57,143.59,65.66,0.8,0.15
595,19.04,0.015333,-0.456082,-0.031026,2,AVOID_RIGHT,61.88,62.63,69.01,75.63,65.61,245.01,138.84,69.05,0.8,0.15
596,19.072,0.015654,-0.456094,-0.043405,2,AVOID_RIGHT,63.45,65.82,62.25,66.38,64.27,245.67,130.81,68.89,0.8,0.15
597,19.104,0.015976,-0.456109,-0.050833,2,AVOID_RIGHT,68.17,65.06,69.69,65.78,68.76,253.0,134.17,67.0,0.6,-0.6
598,19.136,0.015976,-0.456109,-0.065687,2,AVOID_RIGHT,66.96,74.03,67.26,68.09,66.29,253.37,125.72,66.85,0.6,-0.6
599,19.168,0.015976,-0.456109,-0.080542,2,AVOID_RIGHT,66.33,68.89,69.42,66.76,66.45,259.83,121.4,68.46,0.6,-0.6
600,19.2,0.015976,-0.456109,-0.095396,2,AVOID_RIGHT,64.25,70.18,64.45,64.6,62.38,251.87,115.63,68.96,0.6,-0.6
601,19.232,0.015976,-0.456109,-0.110251,2,AVOID_RIGHT,70.97,68.55,74.07,67.74,68.32,252.62,115.44,71.3,0.6,-0.6
602,19.264,0.015976,-0.456109,-0.125106,2,AVOID_RIGHT,65.83,64.71,68.88,68.62,60.86,256.35,112.57,72.18,0.6,-0.6
603,19.296,0.015976,-0.456109,-0.13996,2,AVOID_RIGHT,62.24,69.91,66.87,68.7,71.35,253.38,61.84,62.58,0.6,-0.6
604,19.328,0.015976,-0.456109,-0.154815,2,AVOID_RIGHT,65.52,71.6,60.42,61.5,64.95,256.55,65.4,71.35,0.6,-0.6
605,19.36,0.015976,-0.456109,-0.169669,2,AVOID_RIGHT,68.84,67.89,69.87,68.49,67.6,260.68,65.43,65.23,0.6,-0.6
606,19.392,0.015976,-0.456109,-0.184524,2,AVOID_RIGHT,62.5,63.35,68.61,61.11,63.72,260.42,67.3,65.55,0.6,-0.6
607,19.424,0.015976,-0.456109,-0.199379,2,AVOID_RIGHT,68.22,71.59,65.33,70.24,65.14,262.33,67.05,64.95,0.6,-0.6
608,19.456,0.015913,-0.456096,-0.216709,2,AVOID_RIGHT,63.61,67.4,66.96,58.72,66.03,255.29,63.43,69.55,0.6,-0.6
609,19.488,0.015913,-0.456096,-0.231564,2,AVOID_RIGHT,63.54,69.4,62.47,70.97,65.49,256.76,69.7,68.79,0.6,-0.6
610,19.52,0.015913,-0.456096,-0.246418,2,AVOID_RIGHT,68.98,61.37,68.4,69.98,68.17,251.1,66.59,73.61,0.6,-0.6
611,19.552,0.015913,-0.456096,-0.261273,2,AVOID_RIGHT,67.72,67.23,67.33,63.02,66.85,242.69,66.47,60.23,0.8,0.15
612,19.584,0.016224,-0.45618,-0.2687,2,AVOID_RIGHT,65.58,63.9,67.03,63.49,68.85,263.32,66.46,67.25,0.6,-0.6
613,19.616,0.016285,-0.456197,-0.286031,2,AVOID_RIGHT,68.33,71.06,63.38,70.75,60.54,252.12,66.85,71.63,0.6,-0.6
614,19.648,0.016285,-0.456197,-0.300885,2,AVOID_RIGHT,65.93,69.81,63.81,67.85,68.06,248.97,68.95,66.4,0.8,0.15
615,19.68,0.016593,-0.456294,-0.308313,2,AVOID_RIGHT,64.15,68.28,70.74,67.6,66.29,258.11,61.58,70.02,0.6,-0.6
616,19.712,0.016593,-0.456294,-0.323167,2,AVOID_RIGHT,63.91,68.37,64.68,68.92,68.66,239.88,68.79,65.24,0.8,0.15
617,19.744,0.016836,-0.456377,-0.33307,2,AVOID_RIGHT,63.67,62.57,68.29,68.45,69.62,240.36,63.76,61.23,0.8,0.15
618,19.776,0.01714,-0.456483,-0.340498,2,AVOID_RIGHT,67.49,66.78,65.42,64.7,61.34,221.93,63.01,67.51,0.8,0.15
619,19.808,0.017443,-0.456592,-0.347925,2,AVOID_RIGHT,65.48,70.37,71.06,70.53,66.0,233.88,67.75,71.2,0.8,0.15
620,19.84,0.017745,-0.456703,-0.355352,2,AVOID_RIGHT,67.09,68.62,63.65,66.12,67.6,223.63,67.04,65.99,0.8,0.15
621,19.872,0.017986,-0.456794,-0.365255,2,AVOID_RIGHT,62.17,66.2,66.36,73.29,64.44,239.14,72.01,71.57,0.8,0.15
622,19.904,0.018286,-0.45691,-0.372683,2,AVOID_RIGHT,60.49,73.9,61.99,68.93,68.21,236.39,65.28,74.42,0.8,0.15
623,19.936,0.018586,-0.457028,-0.38011,2,AVOID_RIGHT,68.11,66.36,72.57,70.37,72.7,228.46,69.69,72.03,0.8,0.15
624,19.968,0.018884,-0.457148,-0.387537,2,AVOID_RIGHT,60.18,68.2,65.64,72.82,67.27,229.4,67.15,67.68,0.8,0.15
625,20.0,0.019182,-0.457271,-0.394964,2,AVOID_RIGHT,67.34,64.64,60.11,70.74,71.95,227.84,69.33,68.31,0.8,0.15
626,20.032,0.019419,-0.457371,-0.404868,2,AVOID_RIGHT,67.96,73.68,73.9,66.34,72.24,220.53,63.39,70.47,0.8,0.15
627,20.064,0.019773,-0.457525,-0.414771,2,AVOID_RIGHT,68.16,67.7,62.76,60.78,65.02,218.43,65.73,68.37,0.8,0.15
628,20.096,0.020067,-0.457656,-0.422198,2,AVOID_RIGHT,65.81,71.87,64.6,70.19,66.99,209.33,65.84,59.29,0.8,0.15
629,20.128,0.02036,-0.457789,-0.429625,2,AVOID_RIGHT,67.78,69.24,71.88,70.23,63.45,216.45,71.16,71.46,0.8,0.15
630,20.16,0.020594,-0.457898,-0.439528,2,AVOID_RIGHT,63.12,67.35,64.78,66.31,64.01,207.68,71.28,73.57,0.8,0.15
631,20.192,0.020884,-0.458036,-0.446956,2,AVOID_RIGHT,68.15,65.55,66.87,61.28,64.87,210.5,65.69,67.26,0.8,0.15
632,20.224,0.021174,-0.458176,-0.454383,2,AVOID_RIGHT,76.39,67.97,69.48,68.9,66.92,205.21,68.7,62.34,0.8,0.15
633,20.256,0.021463,-0.458318,-0.46181,2,AVOID_RIGHT,70.54,69.16,63.68,67.64,69.04,194.05,66.48,67.82,0.8,0.15
634,20.288,0.021693,-0.458434,-0.471713,2,AVOID_RIGHT,69.5,65.06,64.77,69.4,64.16,204.83,69.42,69.32,0.8,0.15
635,20.32,0.021979,-0.458581,-0.479141,2,AVOID_RIGHT,66.32,69.79,67.62,69.18,67.37,193.72,71.25,67.04,0.8,0.15
636,20.352,0.022264,-0.458731,-0.486568,2,AVOID_RIGHT,63.55,71.62,71.82,70.82,68.57,188.2,65.2,63.54,0.8,0.15
637,20.384,0.022548,-0.458882,-0.493995,2,AVOID_RIGHT,70.3,68.18,65.75,67.74,62.62,181.64,63.26,71.05,0.8,0.15
638,20.416,0.022774,-0.459005,-0.503898,2,AVOID_RIGHT,64.23,60.76,66.53,64.73,77.03,181.19,65.12,69.89,0.8,0.15
639,20.448,0.023055,-0.459162,-0.511326,2,AVOID_RIGHT,63.27,65.35,68.27,61.58,68.38,171.18,66.18,68.49,0.8,0.15
640,20.48,0.023391,-0.459353,-0.521229,2,AVOID_RIGHT,65.1,69.15,67.31,65.25,67.18,180.29,71.0,73.46,0.8,0.15
641,20.512,0.02367,-0.459514,-0.528656,2,AVOID_RIGHT,61.23,68.17,64.09,70.76,69.53,170.67,71.35,68.75,0.8,0.15
642,20.544,0.023947,-0.459677,-0.536083,2,AVOID_RIGHT,63.52,66.46,69.69,62.66,66.55,165.44,70.57,69.36,0.8,0.15
643,20.576,0.024168,-0.45981,-0.545986,2,AVOID_RIGHT,71.66,71.49,69.01,67.32,61.51,148.59,67.29,69.84,0.8,0.15
644,20.608,0.024442,-0.459978,-0.553414,2,AVOID_RIGHT,69.01,64.94,61.52,66.26,70.22,151.69,59.82,69.32,0.8,0.15
645,20.64,0.024715,-0.460148,-0.560841,2,FOLLOWING,68.74,71.9,71.47,69.87,61.68,156.84,68.62,65.08,-2.0716,3.14
646,20.672,0.024993,-0.46031,-0.493995,2,FOLLOWING,67.04,66.36,65.14,67.16,70.77,161.75,74.0,68.14,-1.697,3.14
647,20.704,0.025454,-0.460541,-0.434577,2,FOLLOWING,69.48,70.17,67.83,64.91,73.87,183.65,67.48,65.37,-1.3725,3.14
648,20.736,0.025986,-0.46077,-0.377634,2,FOLLOWING,61.47,70.36,66.68,69.88,69.25,180.74,63.53,63.15,-1.0638,3.14
649,20.768,0.026591,-0.460991,-0.323167,2,FOLLOWING,67.17,63.73,69.86,67.37,65.91,184.14,63.02,69.08,-0.7705,3.14
650,20.8,0.027329,-0.461218,-0.273652,2,FOLLOWING,67.84,71.65,68.27,72.26,72.73,178.14,70.44,70.73,-0.5092,3.14
651,20.832,0.028202,-0.461442,-0.229088,2,FOLLOWING,71.81,67.8,65.5,69.4,68.56,188.59,63.75,59.61,-0.2793,3.14
652,20.864,0.029084,-0.461627,-0.184524,2,FOLLOWING,63.59,67.19,66.84,64.12,68.24,185.53,67.45,61.09,-0.048,3.14
653,20.896,0.0301,-0.461796,-0.144912,2,FOLLOWING,65.24,71.66,73.58,64.81,71.45,193.25,68.16,68.94,0.1522,3.14
654,20.928,0.031185,-0.461934,-0.107775,2,FOLLOWING,71.28,77.72,65.33,69.26,64.14,194.93,66.55,62.62,0.3377,3.14
655,20.96,0.032339,-0.462038,-0.073114,2,FOLLOWING,64.02,69.42,67.92,69.31,66.25,193.44,63.88,66.34,0.5087,3.14
656,20.992,0.033496,-0.462103,-0.038454,2,FOLLOWING,76.45,67.17,68.49,67.87,59.86,177.94,69.57,67.23,0.6811,3.14
657,21.024,0.034783,-0.462133,-0.008744,2,FOLLOWING,61.4,67.81,66.28,70.5,69.41,182.97,68.82,68.8,0.823,3.14
658,21.056,0.036071,-0.462125,0.020965,2,FOLLOWING,65.64,68.79,64.47,65.22,66.89,198.2,61.39,61.23,0.9499,3.14
659,21.088,0.037421,-0.462079,0.048198,2,FOLLOWING,68.69,64.74,65.14,70.17,61.8,196.36,68.26,69.02,1.0164,3.14
660,21.12,0.038771,-0.461995,0.075432,2,FOLLOWING,64.15,65.6,69.03,66.48,63.6,193.09,60.35,57.99,1.0836,3.14
661,21.152,0.040117,-0.461875,0.102665,2,FOLLOWING,71.08,65.37,68.64,68.41,68.44,193.83,62.79,66.39,1.1516,3.14
662,21.184,0.041524,-0.461712,0.127423,2,FOLLOWING,68.76,68.21,62.48,68.87,68.13,190.35,66.63,71.68,1.2093,3.14
663,21.216,0.042926,-0.461515,0.152181,2,FOLLOWING,64.04,71.86,63.34,67.54,71.69,200.65,66.99,65.19,1.2679,3.14
664,21.248,0.044387,-0.461274,0.174462,2,FOLLOWING,71.38,61.98,61.89,64.69,63.91,197.8,71.76,70.97,1.3161,3.14
665,21.28,0.045842,-0.461001,0.196744,2,FOLLOWING,69.82,69.32,61.31,64.74,68.18,202.92,67.36,67.28,1.3651,3.1161
666,21.312,0.047228,-0.460711,0.216551,2,FOLLOWING,70.19,68.44,68.07,67.58,71.31,218.73,69.55,70.29,1.407,3.0348
667,21.344,0.04867,-0.460376,0.238832,2,FOLLOWING,67.2,61.03,67.87,65.62,72.85,209.53,62.08,68.54,1.4577,2.9428
668,21.376,0.050043,-0.460028,0.258639,2,FOLLOWING,68.82,65.78,60.62,67.52,65.99,214.01,68.24,65.31,1.5012,2.8596
669,21.408,0.051409,-0.459655,0.273493,2,FOLLOWING,65.67,72.46,67.09,70.79,68.26,230.8,73.33,67.17,1.5265,2.7945
670,21.44,0.052831,-0.459243,0.290824,3,FOLLOWING,69.05,65.76,74.15,68.86,68.46,237.03,67.32,61.53,0.8633,3.14
671,21.472,0.054059,-0.458856,0.320533,3,FOLLOWING,70.94,65.81,64.36,67.61,69.81,242.41,64.97,72.06,1.0312,3.14
672,21.504,0.055336,-0.458412,0.347766,3,FOLLOWING,70.36,68.42,65.0,70.95,65.47,238.52,69.22,65.45,1.1849,3.14
673,21.536,0.056661,-0.457913,0.372524,3,AVOID_RIGHT,69.06,73.53,66.76,65.84,71.02,253.16,76.06,66.09,0.6,-0.6
674,21.568,0.056601,-0.457936,0.355194,3,AVOID_RIGHT,66.42,65.26,65.7,69.67,67.22,259.23,68.61,66.33,0.6,-0.6
675,21.6,0.056601,-0.457936,0.340339,3,AVOID_RIGHT,64.37,68.0,63.68,66.34,69.73,269.39,62.05,60.07,0.6,-0.6
676,21.632,0.056601,-0.457936,0.325484,3,AVOID_RIGHT,68.83,66.89,66.91,62.9,70.78,283.11,68.72,66.44,0.6,-0.6
677,21.664,0.056662,-0.457916,0.308154,3,AVOID_RIGHT,64.7,63.01,67.39,66.98,57.78,290.21,67.43,64.56,0.6,-0.6
678,21.696,0.056662,-0.457916,0.293299,3,AVOID_RIGHT,64.39,61.89,70.77,70.48,59.68,306.4,68.26,66.79,0.6,-0.6
679,21.728,0.056662,-0.457916,0.278445,3,AVOID_RIGHT,66.57,65.31,65.67,63.56,69.72,322.37,62.17,66.2,0.6,-0.6
680,21.76,0.056662,-0.457916,0.26359,3,AVOID_RIGHT,73.33,65.78,69.6,59.56,68.09,333.9,62.51,64.88,0.6,-0.6
681,21.792,0.056662,-0.457916,0.248736,3,AVOID_RIGHT,68.79,62.16,64.57,69.03,67.04,323.52,71.09,67.54,0.6,-0.6
682,21.824,0.056662,-0.457916,0.233881,3,AVOID_RIGHT,65.22,65.81,65.63,66.85,69.0,348.45,64.21,67.82,0.6,-0.6
683,21.856,0.056662,-0.457916,0.219026,3,AVOID_RIGHT,65.1,64.04,62.93,61.24,67.77,351.95,63.8,65.55,0.6,-0.6
684,21.888,0.056662,-0.457916,0.204172,3,AVOID_RIGHT,65.08,69.88,70.52,70.2,70.77,364.53,67.66,66.55,0.6,-0.6
685,21.92,0.056662,-0.457916,0.189317,3,AVOID_RIGHT,66.29,65.9,62.52,67.08,62.03,365.69,67.24,66.64,0.6,-0.6
686,21.952,0.056662,-0.457916,0.174462,3,AVOID_RIGHT,71.28,68.03,66.5,64.57,63.65,372.76,64.7,67.25,0.6,-0.6
687,21.984,0.056662,-0.457916,0.159608,3,AVOID_RIGHT,69.34,67.1,64.39,66.5,70.23,377.8,66.75,72.2,0.6,-0.6
688,22.016,0.056662,-0.457916,0.144753,3,AVOID_RIGHT,66.45,66.85,64.89,68.96,69.91,393.99,60.6,65.86,0.6,-0.6
689,22.048,0.056662,-0.457916,0.129899,3,AVOID_RIGHT,62.95,70.86,67.14,70.55,66.51,417.41,66.73,69.21,0.6,-0.6
690,22.08,0.056662,-0.457916,0.115044,3,AVOID_RIGHT,66.84,72.07,63.57,67.45,70.44,418.84,61.84,71.67,0.6,-0.6
691,22.112,0.056662,-0.457916,0.100189,3,AVOID_RIGHT,67.16,66.44,65.59,70.71,67.51,448.98,71.64,67.04,0.6,-0.6
692,22.144,0.056598,-0.457922,0.082859,3,AVOID_RIGHT,69.39,69.27,68.59,60.31,68.08,459.5,68.27,65.47,0.6,-0.6
693,22.176,0.056598,-0.457922,0.068004,3,AVOID_RIGHT,62.85,63.5,63.48,69.56,65.91,496.78,68.8,67.03,0.6,-0.6
694,22.208,0.056598,-0.457922,0.05315,3,AVOID_RIGHT,67.09,62.74,59.25,67.28,65.36,475.03,63.15,65.45,0.6,-0.6
695,22.24,0.056662,-0.457919,0.035819,3,AVOID_RIGHT,66.75,68.87,62.8,73.15,70.34,498.65,68.0,67.51,0.6,-0.6
696,22.272,0.056662,-0.457919,0.020965,3,AVOID_RIGHT,71.08,67.88,67.46,69.92,67.6,484.93,73.15,70.92,0.6,-0.6
697,22.304,0.056662,-0.457919,0.00611,3,AVOID_RIGHT,69.75,63.79,67.28,65.11,69.81,508.69,67.27,63.91,0.3,-0.7
698,22.336,0.056534,-0.457919,-0.003793,3,AVOID_RIGHT,72.31,67.84,68.88,62.07,66.02,540.42,67.48,71.32,0.3,-0.7
699,22.368,0.056405,-0.457918,-0.018648,3,AVOID_RIGHT,64.19,65.33,70.21,67.49,69.72,516.95,66.37,65.06,0.3,-0.7
700,22.4,0.056212,-0.457913,-0.031026,3,AVOID_RIGHT,70.67,68.47,67.34,68.16,67.09,518.96,65.31,67.52,0.3,-0.7
701,22.432,0.056148,-0.457911,-0.043405,3,AVOID_RIGHT,71.08,64.76,68.52,72.35,70.12,335.56,69.95,68.36,0.6,-0.6
702,22.464,0.056148,-0.457911,-0.05826,3,AVOID_RIGHT,67.23,68.77,66.96,62.66,66.83,202.09,66.81,68.09,0.8,0.15
703,22.496,0.056469,-0.457931,-0.065687,3,AVOID_RIGHT,64.73,67.31,63.35,68.27,67.51,148.41,65.5,72.98,0.8,0.15
704,22.528,0.056726,-0.457949,-0.07559,3,AVOID_RIGHT,69.21,60.53,70.85,67.57,70.58,95.89,69.31,68.07,0.8,0.15
705,22.56,0.057047,-0.457974,-0.083018,3,AVOID_LEFT,68.88,72.31,69.54,71.92,66.73,71.54,64.46,69.45,0.15,0.8
706,22.592,0.057367,-0.458,-0.07559,3,AVOID_LEFT,67.04,68.85,70.09,70.98,68.04,69.87,69.73,64.71,0.15,0.8
707,22.624,0.057688,-0.458023,-0.068163,3,AVOID_LEFT,74.34,67.31,69.02,65.27,68.35,67.24,69.8,62.06,0.15,0.8
708,22.656,0.057945,-0.458039,-0.05826,3,AVOID_RIGHT,66.55,64.75,72.38,59.87,69.49,72.41,73.48,65.1,0.8,0.15
709,22.688,0.058267,-0.458059,-0.065687,3,AVOID_RIGHT,68.47,63.37,69.08,63.38,75.04,64.23,66.99,66.05,0.8,0.15
710,22.72,0.058652,-0.458086,-0.07559,3,AVOID_LEFT,68.55,67.73,64.22,74.18,65.09,64.84,69.29,66.04,0.15,0.8
711,22.752,0.058909,-0.458105,-0.065687,3,AVOID_LEFT,65.91,62.09,64.02,68.42,69.34,59.08,63.93,61.59,0.15,0.8
712,22.784,0.05923,-0.458124,-0.05826,3,AVOID_RIGHT,67.44,71.59,62.83,66.0,67.99,65.14,69.27,70.54,0.8,0.15
713,22.816,0.059551,-0.458144,-0.065687,3,AVOID_LEFT,61.48,59.36,74.56,69.9,67.07,68.41,63.69,62.8,0.15,0.8
714,22.848,0.059872,-0.458164,-0.05826,3,AVOID_RIGHT,68.45,72.44,64.27,66.45,66.67,66.25,64.01,77.23,0.8,0.15
715,22.88,0.060194,-0.458184,-0.065687,3,AVOID_LEFT,67.2,64.56,63.52,68.17,70.86,61.87,62.39,65.74,0.15,0.8
716,22.912,0.060515,-0.458204,-0.05826,3,AVOID_LEFT,69.51,69.23,72.97,63.62,66.54,70.92,67.18,69.62,0.15,0.8
717,22.944,0.060772,-0.458218,-0.048357,3,AVOID_RIGHT,66.77,64.64,72.43,66.47,64.74,68.65,73.13,71.76,0.8,0.15
718,22.976,0.061158,-0.458238,-0.05826,3,AVOID_LEFT,72.41,71.56,63.82,63.56,68.04,70.04,66.55,64.88,0.15,0.8
719,23.008,0.061415,-0.458252,-0.048357,3,AVOID_LEFT,70.38,66.68,68.29,66.97,63.52,64.57,61.08,60.07,0.15,0.8
720,23.04,0.061736,-0.458267,-0.040929,3,AVOID_RIGHT,61.89,62.51,74.52,63.32,67.42,66.31,66.99,66.65,0.8,0.15
721,23.072,0.061993,-0.458278,-0.050833,3,AVOID_RIGHT,69.12,66.8,72.55,67.27,69.67,72.15,70.55,70.06,0.8,0.15
722,23.104,0.062315,-0.458296,-0.05826,3,AVOID_LEFT,69.01,67.34,67.61,68.73,67.78,67.07,71.07,65.53,0.15,0.8
723,23.136,0.062636,-0.458313,-0.050833,3,AVOID_LEFT,62.96,58.48,71.38,72.61,66.5,68.12,66.43,59.73,0.15,0.8
724,23.168,0.062958,-0.458329,-0.043405,3,AVOID_RIGHT,66.05,68.51,64.56,65.69,69.38,69.76,72.34,63.91,0.8,0.15
725,23.2,0.063279,-0.458344,-0.050833,3,AVOID_RIGHT,70.43,65.55,63.06,67.33,68.55,71.49,69.52,67.82,0.8,0.15
726,23.232,0.063601,-0.458361,-0.05826,3,AVOID_RIGHT,68.71,72.18,66.71,65.74,66.87,73.84,72.01,66.65,0.8,0.15
727,23.264,0.063922,-0.458381,-0.065687,3,AVOID_LEFT,68.58,62.1,75.86,64.67,59.9,70.63,70.23,70.14,0.15,0.8
728,23.296,0.064243,-0.458401,-0.05826,3,AVOID_LEFT,67.46,69.66,68.38,67.49,64.93,70.57,66.58,67.46,0.15,0.8
729,23.328,0.064564,-0.458419,-0.050833,3,AVOID_RIGHT,67.61,66.25,66.71,68.48,68.87,67.56,63.62,70.47,0.8,0.15
730,23.36,0.064886,-0.458436,-0.05826,3,AVOID_LEFT,62.59,68.31,68.33,71.67,66.31,73.02,65.36,64.56,0.15,0.8
731,23.392,0.065143,-0.45845,-0.048357,3,AVOID_LEFT,74.97,64.09,64.87,68.51,66.81,73.26,68.68,62.25,0.15,0.8
732,23.424,0.065464,-0.458464,-0.040929,3,AVOID_LEFT,67.94,70.79,64.42,73.02,66.42,63.1,68.85,66.11,0.15,0.8
733,23.456,0.065786,-0.458476,-0.033502,3,AVOID_LEFT,61.06,71.01,68.92,67.26,62.68,60.96,67.36,67.31,0.15,0.8
734,23.488,0.066108,-0.458486,-0.026075,3,AVOID_LEFT,65.76,63.08,65.67,67.08,67.76,64.47,61.59,66.21,0.15,0.8
735,23.52,0.066365,-0.458491,-0.016172,3,AVOID_LEFT,69.23,66.39,68.92,71.08,69.58,71.06,63.58,66.08,0.15,0.8
736,23.552,0.066687,-0.458495,-0.008744,3,AVOID_LEFT,69.09,66.97,64.87,67.81,62.1,65.64,67.91,66.65,0.15,0.8
737,23.584,0.067009,-0.458497,-0.001317,3,AVOID_RIGHT,69.4,65.53,65.08,63.66,66.64,64.84,70.79,71.38,0.8,0.15
738,23.616,0.067331,-0.458499,-0.008744,3,AVOID_LEFT,65.52,68.17,61.95,64.62,65.27,65.64,59.92,67.66,0.15,0.8
739,23.648,0.067653,-0.4585,-0.001317,3,AVOID_RIGHT,63.45,61.46,69.48,66.49,66.54,66.03,67.14,66.71,0.8,0.15
740,23.68,0.067974,-0.458502,-0.008744,3,AVOID_LEFT,67.89,61.79,68.71,70.89,68.15,66.52,70.0,63.89,0.15,0.8
741,23.712,0.068296,-0.458503,-0.001317,3,AVOID_RIGHT,66.07,66.53,65.89,68.99,70.77,64.74,70.19,71.95,0.8,0.15
742,23.744,0.068618,-0.458505,-0.008744,3,AVOID_LEFT,65.15,70.75,60.98,67.2,67.37,64.25,62.87,69.02,0.15,0.8
743,23.776,0.068876,-0.458506,0.001159,3,AVOID_RIGHT,60.91,64.92,62.49,66.28,72.25,72.02,66.28,69.95,0.8,0.15
744,23.808,0.069197,-0.458508,-0.01122,3,AVOID_RIGHT,64.98,70.45,66.61,69.92,67.4,68.42,71.91,67.59,0.8,0.15
745,23.84,0.069519,-0.458513,-0.018648,3,AVOID_LEFT,71.46,68.66,66.27,66.31,66.17,69.36,65.22,62.46,0.15,0.8
746,23.872,0.069777,-0.458516,-0.008744,3,AVOID_RIGHT,69.38,65.31,61.3,68.46,66.77,68.05,64.62,66.72,0.8,0.15
747,23.904,0.070098,-0.45852,-0.016172,3,AVOID_LEFT,71.39,66.64,67.68,71.48,65.13,63.49,64.2,66.7,0.15,0.8
748,23.936,0.07042,-0.458524,-0.008744,3,AVOID_RIGHT,66.3,67.55,71.13,67.53,66.5,67.6,70.26,69.17,0.8,0.15
749,23.968,0.070742,-0.458528,-0.016172,3,AVOID_RIGHT,64.72,66.09,60.74,65.87,73.19,66.67,69.35,68.45,0.8,0.15
750,24.0,0.071064,-0.458534,-0.023599,3,FOLLOWING,64.74,74.65,65.64,64.76,66.71,66.2,66.37,58.26,-1.0686,3.14
751,24.032,0.071772,-0.458533,0.028392,3,FOLLOWING,62.8,64.94,67.88,67.66,63.41,68.27,67.81,63.06,-0.7713,3.14
752,24.064,0.072543,-0.458492,0.077907,3,FOLLOWING,68.71,65.07,68.14,66.19,66.08,65.31,67.19,68.11,-0.4884,3.14
753,24.096,0.07344,-0.458402,0.122471,3,FOLLOWING,68.35,67.25,65.5,64.97,69.21,63.26,67.7,68.74,-0.2348,3.14
754,24.128,0.074332,-0.458272,0.167035,3,FOLLOWING,63.96,68.48,70.36,72.58,65.8,66.82,68.64,70.29,0.0191,3.14
755,24.16,0.075344,-0.45808,0.206647,3,FOLLOWING,73.2,65.98,63.09,66.19,67.49,67.6,71.46,67.35,0.244,3.14
756,24.192,0.076473,-0.457823,0.241308,3,FOLLOWING,66.8,68.43,62.33,68.21,65.38,73.45,63.58,68.53,0.4399,3.14
757,24.224,0.077594,-0.457527,0.275969,3,FOLLOWING,67.55,66.68,68.95,63.64,66.75,67.21,69.63,68.49,0.6361,3.14
758,24.256,0.078765,-0.457174,0.308154,3,FOLLOWING,63.1,64.95,67.23,67.96,70.96,69.4,72.23,72.43,0.8181,3.14
759,24.288,0.079986,-0.456766,0.337863,3,FOLLOWING,71.0,64.24,61.24,67.21,63.82,75.42,68.85,73.73,0.9857,3.14
760,24.32,0.081195,-0.456324,0.362621,3,FOLLOWING,62.76,63.65,67.28,66.33,66.51,66.5,68.09,67.88,1.1249,3.14
761,24.352,0.082513,-0.455805,0.387379,3,FOLLOWING,67.75,69.27,66.57,67.04,69.9,62.2,65.67,64.56,1.264,3.14
762,24.384,0.083877,-0.455231,0.409661,3,FOLLOWING,64.89,65.92,68.32,66.24,66.97,69.16,67.17,64.19,1.3888,3.14
763,24.416,0.085228,-0.454626,0.431942,3,FOLLOWING,70.1,68.71,68.77,62.92,66.79,68.5,65.46,67.11,1.5138,3.14
764,24.448,0.086566,-0.453991,0.454224,3,FOLLOWING,62.22,65.56,68.09,73.59,64.86,65.79,69.45,69.79,1.6392,3.14
765,24.48,0.088006,-0.453273,0.471555,3,FOLLOWING,66.06,65.44,70.68,60.48,68.77,67.67,71.45,66.2,1.7358,3.14
766,24.512,0.089375,-0.452557,0.491361,3,FOLLOWING,71.21,70.83,67.58,67.17,69.72,66.91,70.78,72.26,1.8472,3.14
767,24.544,0.090845,-0.451757,0.506216,3,FOLLOWING,65.25,67.8,66.82,72.79,68.9,67.52,68.72,69.2,1.9298,3.14
768,24.576,0.092303,-0.450934,0.52107,3,FOLLOWING,70.41,68.55,68.65,66.74,62.31,67.3,60.61,66.17,2.0126,3.14
769,24.608,0.093748,-0.450091,0.535925,3,FOLLOWING,70.03,65.2,62.14,68.38,63.38,63.8,66.17,68.75,2.0957,3.14
770,24.64,0.095237,-0.449194,0.548304,3,FOLLOWING,65.65,67.72,70.51,72.43,64.26,72.59,63.05,64.36,2.1645,3.14
771,24.672,0.096714,-0.448279,0.560682,3,FOLLOWING,74.44,64.82,63.49,63.62,71.09,61.91,66.14,67.81,2.2334,3.14
772,24.704,0.09818,-0.447345,0.573061,3,FOLLOWING,68.99,71.53,66.33,65.62,66.95,66.68,72.17,69.19,2.3026,3.14
773,24.736,0.09969,-0.446361,0.582964,3,FOLLOWING,69.21,63.01,68.05,67.26,69.55,65.5,68.97,64.47,2.3575,3.14
774,24.768,0.10119,-0.445361,0.592867,3,FOLLOWING,59.95,64.4,66.15,64.6,62.89,69.78,62.78,69.47,2.4126,3.14
775,24.8,0.102679,-0.444347,0.602771,3,FOLLOWING,63.1,65.93,67.56,71.89,61.92,71.26,67.78,71.36,2.4678,3.14
776,24.832,0.104213,-0.443283,0.610198,3,FOLLOWING,60.83,71.96,62.22,68.4,71.2,74.45,65.16,65.37,2.5088,3.14
777,24.864,0.105685,-0.442243,0.620101,3,FOLLOWING,67.02,63.89,65.34,69.36,64.38,69.31,72.26,70.94,2.5643,3.14
778,24.896,0.1072,-0.441152,0.627528,3,FOLLOWING,71.1,70.43,68.27,66.4,68.89,64.24,69.43,73.13,2.6056,3.14
779,24.928,0.108761,-0.440014,0.63248,3,FOLLOWING,66.96,70.49,66.9,71.13,64.75,61.59,62.23,68.35,2.6325,3.14
780,24.96,0.110262,-0.438905,0.639907,3,FOLLOWING,66.39,70.4,67.87,61.9,65.97,71.77,72.62,63.83,2.6739,3.14
781,24.992,0.111808,-0.437748,0.644859,3,FOLLOWING,66.68,65.96,66.44,65.55,69.01,69.1,65.06,68.15,2.7011,3.14
782,25.024,0.113349,-0.436584,0.64981,3,FOLLOWING,68.11,68.6,70.05,70.04,72.73,66.16,65.79,64.98,2.7283,3.14
783,25.056,0.114831,-0.435449,0.657237,3,FOLLOWING,69.53,71.25,69.23,64.72,73.03,66.23,69.2,61.48,2.7701,3.14
784,25.088,0.116409,-0.434228,0.659713,3,FOLLOWING,68.93,65.95,66.94,64.53,63.79,68.4,65.35,69.59,2.7832,3.14
785,25.12,0.117932,-0.43304,0.664665,3,FOLLOWING,68.93,67.92,67.17,64.86,71.47,63.66,64.43,68.66,2.8107,3.14
786,25.152,0.119449,-0.431846,0.669616,3,FOLLOWING,70.28,62.57,68.17,71.02,67.36,66.58,69.55,67.24,2.8383,3.14
787,25.184,0.12096,-0.430643,0.674568,3,FOLLOWING,68.76,66.44,65.51,62.65,67.85,70.57,68.79,60.42,2.866,3.14
788,25.216,0.122517,-0.429395,0.677044,3,FOLLOWING,70.02,66.4,63.8,71.59,64.43,67.52,65.32,64.8,2.8794,3.14
789,25.248,0.124071,-0.428143,0.679519,3,FOLLOWING,70.16,68.55,65.66,60.75,66.3,63.41,72.23,69.78,2.8928,3.14
790,25.28,0.12557,-0.426926,0.684471,3,FOLLOWING,62.05,65.28,63.66,66.58,69.01,67.87,71.24,65.2,2.9207,3.14
791,25.312,0.127115,-0.425662,0.686947,3,FOLLOWING,68.61,68.32,68.03,71.24,70.39,68.56,67.35,68.8,2.9343,3.14
792,25.344,0.128656,-0.424395,0.689422,3,FOLLOWING,61.08,70.94,67.61,63.17,67.22,65.55,63.4,65.35,2.9479,3.14
793,25.376,0.130194,-0.423124,0.691898,3,FOLLOWING,71.6,69.64,69.09,70.1,69.46,71.82,61.44,66.38,2.9615,3.14
794,25.408,0.131729,-0.421849,0.694374,3,FOLLOWING,67.82,67.94,71.53,72.42,66.29,63.69,70.44,67.52,2.9753,3.14
795,25.44,0.133312,-0.42053,0.694374,3,FOLLOWING,67.5,60.83,63.3,72.16,76.89,65.72,61.99,61.21,2.9746,3.14
796,25.472,0.134844,-0.419252,0.69685,3,FOLLOWING,67.95,63.82,65.36,66.48,68.62,69.36,66.02,67.28,2.9884,3.14
797,25.504,0.136372,-0.417969,0.699326,3,FOLLOWING,67.01,70.35,63.58,68.83,64.98,66.61,72.8,69.08,3.0022,3.14
798,25.536,0.137898,-0.416683,0.701801,3,FOLLOWING,56.82,67.19,68.09,66.9,66.33,62.82,64.21,70.07,3.0161,3.14
799,25.568,0.139471,-0.415353,0.701801,3,FOLLOWING,65.14,64.04,67.77,64.82,71.17,66.65,70.2,65.68,3.0156,3.14
800,25.6,0.140993,-0.414063,0.704277,3,FOLLOWING,70.96,63.76,64.34,69.14,66.97,68.2,67.77,63.46,3.0295,3.14
801,25.632,0.142512,-0.412769,0.706753,3,FOLLOWING,72.09,68.48,65.7,62.29,68.19,64.76,70.72,68.87,3.0434,3.14
802,25.664,0.144079,-0.411431,0.706753,3,FOLLOWING,68.38,67.02,66.05,62.63,65.64,67.12,65.51,76.97,3.043,3.14
803,25.696,0.145595,-0.410133,0.709229,3,FOLLOWING,68.82,74.68,69.29,64.13,66.21,61.88,69.37,67.34,3.0571,3.14
804,25.728,0.147158,-0.408792,0.709229,3,FOLLOWING,72.29,69.91,66.96,69.73,66.68,66.74,66.69,74.65,3.0567,3.14
805,25.76,0.148671,-0.407491,0.711704,3,FOLLOWING,72.69,70.32,66.56,65.27,62.33,64.85,71.49,62.39,3.0708,3.14
806,25.792,0.15023,-0.406145,0.711704,3,FOLLOWING,62.16,61.75,69.15,60.14,67.33,62.26,67.0,71.88,3.0705,3.14
807,25.824,0.15179,-0.4048,0.711704,3,FOLLOWING,61.96,61.77,65.45,67.84,71.76,62.8,64.22,67.06,3.0702,3.14
808,25.856,0.1533,-0.403495,0.71418,3,FOLLOWING,72.35,61.85,67.07,64.29,67.67,75.02,68.31,71.03,3.0843,3.14
809,25.888,0.154856,-0.402146,0.71418,3,FOLLOWING,68.98,68.45,70.43,72.37,74.49,69.29,69.25,70.6,3.0841,3.14
810,25.92,0.156413,-0.400796,0.71418,3,FOLLOWING,68.0,67.04,66.71,62.15,65.66,68.92,73.72,71.43,3.0839,3.14
811,25.952,0.157919,-0.399488,0.716656,3,FOLLOWING,70.05,66.64,68.43,72.06,66.55,67.6,66.87,66.83,3.098,3.14
812,25.984,0.159472,-0.398134,0.716656,3,FOLLOWING,66.37,63.89,71.23,66.7,64.63,65.29,64.49,61.91,3.0979,3.14
813,26.016,0.161025,-0.396781,0.716656,3,FOLLOWING,63.94,70.28,64.32,65.84,69.43,71.62,70.03,59.06,3.0977,3.14
814,26.048,0.162578,-0.395428,0.716656,3,FOLLOWING,62.97,70.92,69.89,65.99,73.58,66.9,73.56,66.04,3.0975,3.14
815,26.08,0.164131,-0.394075,0.716656,3,FOLLOWING,65.18,66.04,67.01,62.62,61.48,68.16,68.84,66.95,3.0973,3.14
816,26.112,0.165634,-0.392763,0.719132,3,FOLLOWING,69.99,73.04,65.68,62.95,67.97,67.93,64.39,68.93,3.1115,3.14
817,26.144,0.167184,-0.391406,0.719132,3,FOLLOWING,65.38,70.1,64.22,60.12,66.91,69.88,68.2,66.58,3.1114,3.14
818,26.176,0.168734,-0.390049,0.719132,3,FOLLOWING,61.92,72.95,71.59,68.95,63.78,68.57,65.36,70.13,3.1113,3.14
819,26.208,0.170284,-0.388692,0.719132,3,FOLLOWING,68.72,67.96,69.26,70.67,67.56,68.05,59.79,63.13,3.1112,3.14
820,26.24,0.171833,-0.387335,0.719132,3,FOLLOWING,67.55,59.86,68.12,64.66,65.61,64.71,69.08,65.49,3.111,3.14
821,26.272,0.173333,-0.386019,0.721607,3,FOLLOWING,66.4,66.13,66.43,64.29,66.7,72.06,69.65,62.77,3.1253,3.14
822,26.304,0.17488,-0.384658,0.721607,3,FOLLOWING,63.85,65.69,67.89,67.48,70.2,68.13,72.9,66.45,3.1253,3.14
823,26.336,0.176426,-0.383297,0.721607,3,FOLLOWING,72.13,68.07,72.75,67.23,67.63,70.87,68.07,65.01,3.1252,3.14
824,26.368,0.177972,-0.381937,0.721607,3,FOLLOWING,61.26,69.24,70.61,64.75,71.32,69.58,66.55,63.97,3.1251,3.14
825,26.4,0.179519,-0.380576,0.721607,3,FOLLOWING,74.96,64.51,64.33,72.32,70.15,70.24,66.95,66.21,3.1251,3.14
826,26.432,0.181065,-0.379215,0.721607,3,FOLLOWING,70.12,69.07,64.72,69.43,62.53,64.65,66.53,63.01,3.125,3.14
827,26.464,0.182612,-0.377855,0.721607,3,FOLLOWING,70.47,67.26,67.48,68.04,69.09,65.5,64.53,66.76,3.1249,3.14
828,26.496,0.184158,-0.376494,0.721607,3,FOLLOWING,72.44,65.96,67.8,67.78,65.76,66.28,62.11,71.59,3.1249,3.14
829,26.528,0.185705,-0.375133,0.721607,3,FOLLOWING,69.0,67.8,65.19,68.81,70.32,68.1,64.75,69.71,3.1248,3.14
830,26.56,0.187251,-0.373772,0.721607,3,FOLLOWING,64.01,67.05,65.77,69.08,62.55,69.4,70.26,68.51,3.1247,3.14
831,26.592,0.188797,-0.372412,0.721607,3,FOLLOWING,63.75,72.06,66.17,72.82,71.04,70.62,67.55,68.63,3.1246,3.14
832,26.624,0.190294,-0.371092,0.724083,3,FOLLOWING,72.19,64.93,62.37,62.86,60.54,63.32,68.26,65.23,3.139,3.14
833,26.656,0.191837,-0.369727,0.724083,3,FOLLOWING,71.3,69.15,66.77,65.95,61.22,69.21,67.65,62.41,3.139,3.14
834,26.688,0.193333,-0.368407,0.721607,3,FOLLOWING,66.73,70.97,68.47,67.67,64.0,69.33,68.39,67.19,3.1246,3.14
835,26.72,0.19488,-0.367046,0.721607,3,FOLLOWING,67.05,71.29,66.88,68.64,60.46,70.58,67.76,69.68,3.1245,3.14
836,26.752,0.196426,-0.365686,0.721607,3,FOLLOWING,68.05,69.59,72.55,66.5,62.83,66.45,62.38,67.96,3.1244,3.14
837,26.784,0.197973,-0.364325,0.721607,3,FOLLOWING,62.22,71.11,63.34,69.26,66.44,65.41,69.11,73.56,3.1244,3.14
838,26.816,0.199519,-0.362964,0.721607,3,FOLLOWING,65.11,71.57,65.45,64.17,68.73,71.12,66.5,73.07,3.1243,3.14
839,26.848,0.201065,-0.361604,0.721607,3,FOLLOWING,64.9,67.54,68.42,65.19,67.54,71.19,70.64,67.58,3.1242,3.14
840,26.88,0.202612,-0.360243,0.721607,3,FOLLOWING,71.52,67.9,69.53,66.39,65.55,66.88,65.82,67.91,3.1241,3.14
841,26.912,0.204158,-0.358882,0.721607,3,FOLLOWING,66.12,65.98,68.37,72.05,62.85,69.65,65.38,71.19,3.124,3.14
842,26.944,0.205705,-0.357521,0.721607,3,FOLLOWING,69.12,66.85,72.24,66.55,69.98,69.97,65.87,67.28,3.124,3.14
843,26.976,0.207251,-0.356161,0.721607,3,FOLLOWING,63.84,69.72,69.65,71.51,70.77,70.09,69.09,64.58,3.1239,3.14
844,27.008,0.208797,-0.3548,0.721607,3,FOLLOWING,67.32,66.07,71.61,70.22,63.55,68.53,68.9,60.57,3.1238,3.14
845,27.04,0.210294,-0.35348,0.724083,3,FOLLOWING,62.34,70.19,67.26,64.93,70.5,60.42,67.46,62.53,3.1381,3.14
846,27.072,0.211837,-0.352115,0.724083,3,FOLLOWING,67.9,70.39,68.19,64.53,71.75,68.9,64.92,69.35,3.1381,3.14
847,27.104,0.21338,-0.350751,0.724083,3,FOLLOWING,65.64,65.23,69.84,63.92,65.01,68.2,72.38,68.11,3.1381,3.14
848,27.136,0.214923,-0.349386,0.724083,3,FOLLOWING,67.27,68.86,71.22,71.53,68.99,66.95,72.55,64.02,3.1381,3.14
849,27.168,0.216466,-0.348022,0.724083,3,FOLLOWING,68.98,66.94,71.07,68.32,70.94,71.29,66.81,61.28,3.1381,3.14
850,27.2,0.218009,-0.346657,0.724083,3,FOLLOWING,63.61,71.82,65.32,69.54,66.34,62.57,68.98,69.62,3.1381,3.14
851,27.232,0.219552,-0.345293,0.724083,3,FOLLOWING,73.46,66.98,73.19,65.21,64.24,67.4,66.38,65.37,3.1381,3.14
852,27.264,0.221095,-0.343928,0.724083,3,FOLLOWING,65.62,63.05,71.27,63.49,63.54,63.34,72.14,71.77,3.1381,3.14
853,27.296,0.222638,-0.342564,0.724083,3,FOLLOWING,68.03,61.26,58.93,66.08,69.04,67.35,67.89,63.58,3.1381,3.14
854,27.328,0.224181,-0.341199,0.724083,3,FOLLOWING,69.22,68.22,64.99,70.9,67.73,72.67,66.82,70.07,3.1381,3.14
855,27.36,0.225724,-0.339834,0.724083,3,FOLLOWING,71.78,70.76,67.41,68.81,71.08,68.7,63.46,69.75,3.138,3.14
856,27.392,0.227267,-0.33847,0.724083,3,FOLLOWING,66.19,74.01,70.62,67.94,65.06,62.2,70.55,71.76,3.138,3.14
857,27.424,0.22881,-0.337105,0.724083,3,FOLLOWING,69.89,75.73,68.01,69.85,66.0,61.41,65.6,60.52,3.138,3.14
858,27.456,0.230353,-0.335741,0.724083,3,FOLLOWING,65.28,73.53,68.56,74.06,60.6,63.72,61.74,68.28,3.138,3.14
859,27.488,0.231896,-0.334376,0.724083,3,FOLLOWING,70.3,65.79,64.27,67.37,62.81,65.59,65.71,62.68,3.138,3.14
860,27.52,0.23344,-0.333012,0.724083,3,FOLLOWING,68.01,62.13,68.33,58.49,71.18,64.29,66.58,62.2,3.138,3.14
861,27.552,0.234983,-0.331647,0.724083,3,FOLLOWING,62.71,70.88,63.36,69.52,64.11,68.39,68.03,62.76,3.138,3.14
862,27.584,0.236526,-0.330283,0.724083,3,FOLLOWING,69.07,68.54,69.92,70.63,67.46,65.49,64.69,65.75,3.138,3.14
863,27.616,0.238069,-0.328918,0.724083,3,FOLLOWING,62.75,69.99,71.48,67.38,67.8,68.96,66.84,74.24,3.138,3.14
864,27.648,0.239612,-0.327554,0.724083,3,FOLLOWING,66.99,66.09,66.04,63.79,63.68,67.85,68.2,68.99,3.138,3.14
865,27.68,0.241155,-0.326189,0.724083,3,FOLLOWING,74.24,65.33,64.5,67.48,64.3,66.18,69.55,68.32,3.1379,3.14
866,27.712,0.242698,-0.324825,0.724083,3,FOLLOWING,69.22,64.56,74.75,73.55,69.53,67.91,65.1,64.57,3.1379,3.14
867,27.744,0.244241,-0.32346,0.724083,3,FOLLOWING,66.79,68.54,66.99,63.61,67.06,70.7,69.9,63.7,3.1379,3.14
868,27.776,0.245784,-0.322095,0.724083,3,FOLLOWING,65.18,67.45,67.11,72.2,70.38,66.12,68.83,65.81,3.1379,3.14
869,27.808,0.247327,-0.320731,0.724083,3,FOLLOWING,59.55,70.88,71.92,68.63,67.18,66.86,68.02,67.82,3.1379,3.14
870,27.84,0.24887,-0.319366,0.724083,3,FOLLOWING,68.18,65.06,68.53,67.41,68.44,67.32,71.11,64.22,3.1379,3.14
871,27.872,0.250413,-0.318002,0.724083,3,FOLLOWING,66.51,69.36,64.88,62.44,64.62,60.18,72.09,68.25,3.1379,3.14
872,27.904,0.251956,-0.316637,0.724083,3,FOLLOWING,59.66,70.88,68.51,73.31,67.74,69.21,64.77,70.83,3.1379,3.14
873,27.936,0.253499,-0.315273,0.724083,3,FOLLOWING,66.9,69.89,66.41,64.33,74.09,63.09,69.79,69.93,3.1378,3.14
874,27.968,0.255042,-0.313908,0.724083,3,FOLLOWING,63.76,71.24,67.99,63.44,68.13,72.16,67.44,66.92,3.1378,3.14
875,28.0,0.256585,-0.312544,0.724083,3,FOLLOWING,65.61,74.6,63.5,66.15,62.61,60.91,62.04,66.68,3.1378,3.14
876,28.032,0.258128,-0.311179,0.724083,3,FOLLOWING,68.51,68.98,70.85,78.24,69.17,65.58,67.44,68.6,3.1378,3.14
877,28.064,0.259671,-0.309815,0.724083,3,FOLLOWING,69.51,65.99,66.93,71.32,72.31,66.95,65.14,71.08,3.1378,3.14
878,28.096,0.261214,-0.30845,0.724083,3,FOLLOWING,71.23,65.65,66.58,66.23,68.07,63.12,65.61,63.43,3.1378,3.14
879,28.128,0.262757,-0.307086,0.724083,3,FOLLOWING,62.2,62.59,64.78,69.5,71.77,69.58,70.54,59.52,3.1378,3.14
880,28.16,0.2643,-0.305721,0.724083,3,FOLLOWING,69.36,65.97,70.39,69.88,63.66,64.99,67.18,70.11,3.1378,3.14
881,28.192,0.265843,-0.304356,0.724083,3,FOLLOWING,64.11,62.53,69.65,70.41,66.63,67.5,65.57,62.38,3.1377,3.14
882,28.224,0.267386,-0.302992,0.724083,3,FOLLOWING,65.45,69.2,67.8,63.74,63.65,70.28,65.81,69.24,3.1377,3.14
883,28.256,0.268929,-0.301627,0.724083,3,FOLLOWING,61.46,63.54,70.04,70.65,66.86,72.32,63.09,73.27,3.1377,3.14
884,28.288,0.270423,-0.300304,0.726559,3,FOLLOWING,68.21,65.74,62.23,71.01,69.02,61.24,63.69,71.6,3.14,3.1279
885,28.32,0.271962,-0.298935,0.726559,3,FOLLOWING,62.84,66.78,66.38,61.94,67.03,66.82,68.36,73.19,3.14,3.1278
886,28.352,0.273502,-0.297567,0.726559,3,FOLLOWING,63.39,67.98,69.94,68.23,62.95,68.92,65.07,68.87,3.14,3.1277
887,28.384,0.275042,-0.296199,0.726559,3,FOLLOWING,65.78,64.42,69.74,67.36,66.62,67.15,66.69,63.43,3.14,3.1277
888,28.416,0.276581,-0.29483,0.726559,3,FOLLOWING,63.9,71.16,67.17,61.66,71.47,72.74,67.54,64.95,3.14,3.1276
889,28.448,0.278074,-0.293506,0.724083,3,FOLLOWING,72.75,69.12,63.36,66.56,73.16,69.74,70.94,67.06,3.1381,3.14
890,28.48,0.279617,-0.292142,0.724083,3,FOLLOWING,67.47,58.85,65.36,72.12,68.19,68.49,65.76,66.85,3.1381,3.14
891,28.512,0.281161,-0.290777,0.724083,3,FOLLOWING,71.02,69.17,66.62,66.74,64.0,67.02,66.85,64.75,3.1381,3.14
892,28.544,0.282704,-0.289413,0.724083,3,FOLLOWING,68.57,67.1,68.24,68.05,69.09,67.88,68.7,76.24,3.138,3.14
893,28.576,0.284247,-0.288048,0.724083,3,FOLLOWING,71.16,64.64,70.82,73.81,59.52,65.56,64.6,68.33,3.138,3.14
894,28.608,0.28579,-0.286684,0.724083,3,FOLLOWING,68.14,64.74,66.18,67.25,68.01,71.04,65.43,68.95,3.138,3.14
895,28.64,0.287333,-0.285319,0.724083,3,FOLLOWING,65.68,70.91,67.03,68.72,65.87,67.64,66.35,68.1,3.138,3.14
896,28.672,0.288876,-0.283955,0.724083,3,FOLLOWING,69.9,76.04,70.43,69.09,68.98,62.59,69.67,64.25,3.138,3.14
897,28.704,0.290419,-0.28259,0.724083,3,FOLLOWING,65.13,62.0,72.08,68.15,66.22,63.39,66.8,63.22,3.138,3.14
898,28.736,0.291962,-0.281226,0.724083,3,FOLLOWING,66.39,69.26,61.3,72.89,72.25,68.44,65.11,60.79,3.138,3.14
899,28.768,0.293505,-0.279861,0.724083,3,FOLLOWING,64.54,70.22,70.77,68.8,65.94,67.62,64.37,64.28,3.138,3.14
900,28.8,0.295048,-0.278497,0.724083,3,FOLLOWING,63.27,65.18,67.75,69.59,68.62,70.97,65.98,64.58,3.1379,3.14
901,28.832,0.296591,-0.277132,0.724083,3,FOLLOWING,64.77,68.58,74.13,69.13,61.95,67.09,71.19,61.7,3.1379,3.14
902,28.864,0.298134,-0.275767,0.724083,3,FOLLOWING,65.51,63.78,66.91,71.56,62.57,68.61,59.19,72.09,3.1379,3.14
903,28.896,0.299677,-0.274403,0.724083,3,FOLLOWING,71.35,65.58,66.83,63.9,69.69,67.53,70.51,64.3,3.1379,3.14
904,28.928,0.30122,-0.273038,0.724083,3,FOLLOWING,69.02,67.26,68.62,64.05,67.93,60.43,66.12,69.22,3.1379,3.14
905,28.96,0.302763,-0.271674,0.724083,3,FOLLOWING,61.64,66.96,67.65,68.44,69.77,66.47,71.03,61.86,3.1379,3.14
906,28.992,0.304306,-0.270309,0.724083,3,FOLLOWING,70.09,67.0,69.49,71.19,63.73,67.74,68.67,67.57,3.1379,3.14
907,29.024,0.305849,-0.268945,0.724083,3,FOLLOWING,65.27,67.78,66.78,71.98,67.12,64.69,70.09,66.16,3.1378,3.14
908,29.056,0.307392,-0.26758,0.724083,3,FOLLOWING,64.47,67.92,66.1,63.64,61.68,65.21,71.55,66.68,3.1378,3.14
909,29.088,0.308935,-0.266216,0.724083,3,FOLLOWING,66.54,64.8,66.23,68.68,68.59,64.35,66.72,64.1,3.1378,3.14
910,29.12,0.310478,-0.264851,0.724083,3,FOLLOWING,67.57,74.01,66.85,60.25,69.3,57.58,66.03,67.06,3.1378,3.14
911,29.152,0.312021,-0.263487,0.724083,3,FOLLOWING,67.35,65.22,62.41,68.5,67.38,64.93,66.42,66.31,3.1378,3.14
912,29.184,0.313564,-0.262122,0.724083,3,FOLLOWING,64.61,63.35,68.41,69.58,67.4,69.73,66.7,70.4,3.1378,3.14
913,29.216,0.315107,-0.260758,0.724083,3,FOLLOWING,70.5,65.48,64.27,65.24,64.33,68.16,70.59,67.18,3.1377,3.14
914,29.248,0.31665,-0.259393,0.724083,3,FOLLOWING,65.71,65.5,66.13,69.73,67.06,71.79,62.68,69.54,3.1377,3.14
915,29.28,0.318193,-0.258028,0.724083,3,FOLLOWING,62.14,62.55,67.68,71.05,65.51,69.34,65.33,69.23,3.1377,3.14
916,29.312,0.319737,-0.256664,0.724083,3,FOLLOWING,62.6,72.2,64.95,63.31,65.43,62.66,69.08,63.56,3.1377,3.14
917,29.344,0.32128,-0.255299,0.724083,3,FOLLOWING,64.11,64.28,58.9,66.94,70.13,69.59,66.89,67.48,3.1377,3.14
918,29.376,0.322823,-0.253935,0.724083,3,FOLLOWING,67.11,73.55,72.37,61.9,66.63,60.61,66.61,65.59,3.1377,3.14
919,29.408,0.324366,-0.25257,0.724083,3,FOLLOWING,67.54,65.79,65.09,72.01,65.98,65.92,68.31,72.95,3.1376,3.14
920,29.44,0.325909,-0.251206,0.724083,3,FOLLOWING,64.61,70.3,61.76,73.46,68.74,71.72,62.21,65.33,3.1376,3.14
921,29.472,0.327452,-0.249841,0.724083,3,FOLLOWING,74.25,61.87,70.79,68.6,66.09,70.14,72.12,70.81,3.1376,3.14
922,29.504,0.328995,-0.248477,0.724083,3,FOLLOWING,69.89,65.0,71.84,70.25,69.24,66.58,68.29,66.3,3.1376,3.14
923,29.536,0.330538,-0.247112,0.724083,3,FOLLOWING,67.57,62.75,67.19,67.98,67.31,62.78,67.26,68.24,3.1376,3.14
924,29.568,0.332081,-0.245748,0.724083,3,FOLLOWING,64.35,69.76,67.67,62.81,69.63,66.88,69.17,67.56,3.1375,3.14
925,29.6,0.333624,-0.244383,0.724083,3,FOLLOWING,68.25,67.0,61.85,67.08,62.09,66.28,67.23,57.56,3.1375,3.14
926,29.632,0.335167,-0.243019,0.724083,3,FOLLOWING,61.56,66.52,68.33,66.15,66.53,69.5,60.79,70.34,3.1375,3.14
927,29.664,0.33666,-0.241695,0.726559,3,FOLLOWING,65.81,62.16,65.97,64.04,61.58,73.1,60.15,71.16,3.14,3.1281
928,29.696,0.3382,-0.240326,0.726559,3,FOLLOWING,65.31,64.6,70.84,70.87,62.64,63.49,66.71,69.27,3.14,3.128
929,29.728,0.339739,-0.238958,0.726559,3,FOLLOWING,60.97,68.34,68.38,65.2,65.16,66.26,68.38,66.97,3.14,3.1279
930,29.76,0.341279,-0.23759,0.726559,3,FOLLOWING,68.08,69.62,69.06,69.35,65.44,72.69,61.24,65.46,3.14,3.1278
931,29.792,0.342819,-0.236221,0.726559,3,FOLLOWING,71.49,67.92,64.59,64.33,64.27,72.41,72.45,70.92,3.14,3.1277
932,29.824,0.344358,-0.234853,0.726559,3,FOLLOWING,69.41,64.11,67.85,62.81,62.95,63.7,66.31,68.8,3.14,3.1276
933,29.856,0.345852,-0.233529,0.724083,3,FOLLOWING,62.83,68.7,70.92,61.68,68.35,67.99,73.5,69.57,3.1381,3.14
934,29.888,0.347395,-0.232165,0.724083,3,FOLLOWING,66.85,69.22,64.25,69.4,65.05,69.92,64.88,68.75,3.1381,3.14
935,29.92,0.348938,-0.2308,0.724083,3,FOLLOWING,62.47,69.37,70.01,66.55,63.86,71.1,65.43,64.34,3.1381,3.14
936,29.952,0.350481,-0.229436,0.724083,3,FOLLOWING,64.75,68.66,66.05,67.74,65.07,66.26,66.92,68.95,3.138,3.14
937,29.984,0.352024,-0.228071,0.724083,3,FOLLOWING,67.59,67.86,64.76,67.98,66.62,65.85,64.88,67.88,3.138,3.14
938,30.016,0.353567,-0.226707,0.724083,3,FOLLOWING,67.4,62.16,65.65,64.35,70.3,68.32,61.97,67.92,3.138,3.14
939,30.048,0.35511,-0.225342,0.724083,3,FOLLOWING,73.17,64.47,66.35,62.66,68.63,71.53,64.34,68.89,3.138,3.14
940,30.08,0.356653,-0.223978,0.724083,3,FOLLOWING,71.47,66.61,64.56,64.67,70.18,68.9,69.81,66.69,3.138,3.14
941,30.112,0.358196,-0.222613,0.724083,3,FOLLOWING,69.64,68.27,64.11,67.89,69.52,71.63,64.75,68.13,3.1379,3.14
942,30.144,0.359739,-0.221248,0.724083,3,FOLLOWING,65.94,67.22,68.93,60.9,70.21,67.99,66.6,67.71,3.1379,3.14
943,30.176,0.361282,-0.219884,0.724083,3,FOLLOWING,64.37,65.92,66.95,66.17,63.62,62.34,70.29,69.91,3.1379,3.14
944,30.208,0.362825,-0.218519,0.724083,3,FOLLOWING,65.12,63.83,68.09,70.26,71.32,74.44,70.73,68.99,3.1379,3.14
945,30.24,0.364368,-0.217155,0.724083,3,FOLLOWING,68.35,68.0,72.41,62.77,66.56,71.45,69.3,70.67,3.1379,3.14
946,30.272,0.365911,-0.21579,0.724083,3,FOLLOWING,74.38,68.74,67.85,61.14,68.87,59.05,69.14,67.25,3.1378,3.14
947,30.304,0.367454,-0.214426,0.724083,3,FOLLOWING,65.89,72.1,67.96,66.85,67.74,65.03,68.18,66.06,3.1378,3.14
948,30.336,0.368997,-0.213061,0.724083,3,FOLLOWING,64.93,73.59,69.79,64.23,67.65,74.52,68.3,72.04,3.1378,3.14
949,30.368,0.37054,-0.211697,0.724083,3,FOLLOWING,72.38,71.43,70.26,66.47,70.34,67.95,68.47,63.0,3.1378,3.14
950,30.4,0.372083,-0.210332,0.724083,3,FOLLOWING,71.09,68.72,61.59,73.99,69.18,67.55,63.21,64.94,3.1378,3.14
951,30.432,0.373626,-0.208968,0.724083,3,FOLLOWING,62.44,73.59,67.6,67.18,66.35,67.51,70.43,63.19,3.1377,3.14
952,30.464,0.375169,-0.207603,0.724083,3,FOLLOWING,68.59,67.74,70.35,69.57,67.72,68.96,72.35,64.43,3.1377,3.14
953,30.496,0.376712,-0.206239,0.724083,3,FOLLOWING,69.05,67.13,64.42,63.85,61.43,66.18,64.69,76.89,3.1377,3.14
954,30.528,0.378255,-0.204874,0.724083,3,FOLLOWING,71.11,66.27,65.41,60.36,63.72,61.71,65.36,61.59,3.1377,3.14
955,30.56,0.379798,-0.203509,0.724083,3,FOLLOWING,68.41,68.31,67.41,65.7,62.9,66.78,67.53,68.42,3.1376,3.14
956,30.592,0.381342,-0.202145,0.724083,3,FOLLOWING,65.21,61.68,65.22,68.03,68.39,66.37,64.52,60.57,3.1376,3.14
957,30.624,0.382885,-0.20078,0.724083,3,FOLLOWING,67.66,68.92,68.64,68.88,67.12,63.21,63.54,65.24,3.1376,3.14
958,30.656,0.384428,-0.199416,0.724083,3,FOLLOWING,67.5,65.06,70.55,63.59,69.68,65.7,63.52,72.69,3.1376,3.14
959,30.688,0.385971,-0.198051,0.724083,3,FOLLOWING,68.21,63.4,63.0,67.63,66.66,69.76,74.01,66.56,3.1375,3.14
960,30.72,0.387514,-0.196687,0.724083,3,FOLLOWING,70.61,62.18,65.09,69.54,66.81,67.53,68.24,65.06,3.1375,3.14
961,30.752,0.389057,-0.195322,0.724083,3,FOLLOWING,65.75,66.98,66.21,68.39,67.3,62.61,69.12,62.89,3.1375,3.14
962,30.784,0.3906,-0.193958,0.724083,3,FOLLOWING,66.77,69.28,66.8,63.46,65.45,70.13,67.43,65.6,3.1375,3.14
963,30.816,0.392143,-0.192593,0.724083,3,FOLLOWING,73.02,70.11,65.49,66.75,71.03,67.33,62.75,60.65,3.1374,3.14
964,30.848,0.393686,-0.191229,0.724083,3,FOLLOWING,70.17,70.43,75.12,73.46,66.73,66.99,66.47,66.77,3.1374,3.14
965,30.88,0.395229,-0.189864,0.724083,3,FOLLOWING,63.07,66.92,64.6,71.49,68.32,67.77,71.13,69.57,3.1374,3.14
966,30.912,0.396772,-0.1885,0.724083,3,FOLLOWING,66.18,67.84,65.63,68.16,65.35,63.63,68.01,70.39,3.1373,3.14
967,30.944,0.398315,-0.187135,0.724083,3,FOLLOWING,65.3,66.73,65.85,68.0,63.49,72.27,67.87,66.55,3.1373,3.14
968,30.976,0.399858,-0.18577,0.724083,3,FOLLOWING,74.09,60.54,71.46,66.16,66.82,66.57,66.73,68.04,3.1373,3.14
969,31.008,0.401401,-0.184406,0.724083,3,FOLLOWING,64.64,66.61,69.67,61.75,61.78,69.08,65.01,71.03,3.1372,3.14
970,31.04,0.402894,-0.183082,0.726559,3,FOLLOWING,65.64,65.28,66.47,66.14,68.31,63.23,69.79,66.41,3.14,3.1283
971,31.072,0.404434,-0.181714,0.726559,3,FOLLOWING,69.74,67.85,69.43,69.18,66.29,63.51,64.92,71.37,3.14,3.1282
972,31.104,0.405974,-0.180345,0.726559,3,FOLLOWING,68.29,69.57,66.08,63.06,71.96,68.31,72.89,70.06,3.14,3.128
973,31.136,0.407513,-0.178977,0.726559,3,FOLLOWING,64.62,72.61,63.6,69.74,64.31,62.43,66.39,66.95,3.14,3.1279
974,31.168,0.409053,-0.177609,0.726559,3,FOLLOWING,66.22,69.2,70.28,67.52,67.25,63.62,64.1,68.95,3.14,3.1277
975,31.2,0.410593,-0.17624,0.726559,3,FOLLOWING,65.43,66.03,67.64,68.33,67.23,70.55,65.91,64.71,3.14,3.1276
976,31.232,0.412132,-0.174872,0.726559,3,FOLLOWING,61.0,63.62,66.38,70.84,65.69,67.16,65.82,70.43,3.14,3.1274
977,31.264,0.413625,-0.173548,0.724083,3,FOLLOWING,67.95,64.33,67.09,70.18,65.45,64.39,64.86,68.06,3.1206,3.1228
978,31.296,0.415168,-0.172184,0.724083,3,FOLLOWING,69.13,70.49,64.69,64.55,67.1,75.51,73.5,70.24,3.0912,3.0934
979,31.328,0.416711,-0.170819,0.724083,3,FOLLOWING,62.23,66.59,66.41,64.65,68.36,69.65,63.72,68.37,3.0618,3.064
980,31.36,0.418254,-0.169455,0.724083,3,FOLLOWING,71.86,71.97,65.89,68.51,75.8,64.7,70.78,66.36,3.0323,3.0347
981,31.392,0.419701,-0.168175,0.724083,3,FOLLOWING,67.38,67.28,66.73,68.29,67.53,66.27,66.62,60.92,3.0048,3.0071
982,31.424,0.421148,-0.166896,0.724083,3,FOLLOWING,67.73,67.76,69.34,70.71,67.35,68.75,65.38,65.83,2.9772,2.9796
983,31.456,0.422641,-0.165572,0.726559,3,FOLLOWING,65.06,69.19,67.53,70.44,68.64,64.73,66.05,69.51,2.9582,2.9416
984,31.488,0.424134,-0.164249,0.724083,3,FOLLOWING,69.38,67.74,66.87,67.07,67.54,63.81,70.44,65.59,2.9204,2.9225
985,31.52,0.425531,-0.16301,0.726559,3,FOLLOWING,71.78,67.56,66.11,68.99,70.19,65.69,69.51,64.74,2.9032,2.8864
986,31.552,0.426928,-0.161772,0.724083,3,FOLLOWING,71.67,62.33,68.38,69.25,66.36,66.1,68.33,73.19,2.8672,2.8692
987,31.584,0.428374,-0.160493,0.724083,3,FOLLOWING,71.49,63.92,67.75,65.17,70.98,63.01,65.68,72.86,2.8397,2.8416
988,31.616,0.429725,-0.159299,0.724083,3,FOLLOWING,64.47,63.74,61.14,71.27,60.59,65.17,68.23,69.85,2.8139,2.8159
989,31.648,0.431171,-0.158019,0.724083,3,FOLLOWING,70.77,68.61,70.64,71.94,68.87,61.76,61.93,68.42,2.7864,2.7884
990,31.68,0.432521,-0.156826,0.724083,3,FOLLOWING,70.16,70.15,67.65,70.83,58.85,70.94,63.96,70.72,2.7606,2.7627
991,31.712,0.433871,-0.155632,0.724083,3,FOLLOWING,68.67,64.84,64.49,70.22,71.05,64.9,76.17,66.02,2.7349,2.737
992,31.744,0.435222,-0.154438,0.724083,3,FOLLOWING,67.0,60.81,66.35,61.65,69.65,70.19,87.31,66.95,2.7092,2.7113
993,31.776,0.436572,-0.153244,0.724083,3,FOLLOWING,65.08,68.54,73.88,62.94,60.35,65.78,96.61,73.56,2.6834,2.6856
994,31.808,0.437825,-0.152135,0.724083,3,FOLLOWING,67.61,69.6,67.89,66.17,62.7,70.68,110.94,66.97,2.6596,2.6618
995,31.84,0.439176,-0.150941,0.724083,3,FOLLOWING,70.2,75.73,61.19,69.74,64.5,64.6,115.32,67.67,2.6338,2.6361
996,31.872,0.440429,-0.149832,0.724083,3,FOLLOWING,63.11,69.6,65.42,69.02,66.24,69.75,117.35,67.34,2.6099,2.6122
997,31.904,0.44173,-0.148679,0.726559,3,FOLLOWING,67.19,67.79,67.72,63.23,65.35,69.65,124.8,77.12,2.5946,2.5779
998,31.936,0.44303,-0.147526,0.724083,3,FOLLOWING,67.62,66.03,68.36,65.98,67.86,62.47,131.69,89.83,2.5605,2.5625
999,31.968,0.444284,-0.146418,0.724083,3,AVOID_RIGHT,70.33,70.98,71.58,65.76,69.62,65.56,152.04,103.41,0.8,0.15
1000,32.0,0.444526,-0.146205,0.716656,3,AVOID_RIGHT,61.69,76.38,63.88,66.28,70.49,64.41,163.15,101.36,0.8,0.15
1001,32.032,0.444721,-0.146037,0.706753,3,AVOID_RIGHT,65.75,65.12,69.45,64.08,65.33,71.86,159.47,104.63,0.8,0.15
1002,32.064,0.444967,-0.145829,0.699326,3,AVOID_RIGHT,71.71,73.16,68.94,68.2,71.04,70.54,166.52,102.82,0.8,0.15
1003,32.096,0.445214,-0.145623,0.691898,3,AVOID_RIGHT,63.32,61.65,71.13,68.5,63.85,66.15,172.49,104.75,0.8,0.15
1004,32.128,0.445462,-0.145418,0.684471,3,AVOID_RIGHT,70.56,67.92,64.55,63.52,72.99,70.25,169.94,105.74,0.8,0.15
1005,32.16,0.445662,-0.145257,0.674568,3,AVOID_RIGHT,65.62,64.6,72.84,67.08,65.92,65.23,173.59,99.53,0.8,0.15
1006,32.192,0.445915,-0.145057,0.667141,3,AVOID_RIGHT,69.29,69.79,64.16,74.76,70.42,67.45,184.33,103.07,0.8,0.15
1007,32.224,0.446168,-0.144858,0.659713,3,AVOID_RIGHT,68.98,62.99,65.87,68.12,63.69,68.87,179.98,109.65,0.8,0.15
1008,32.256,0.446423,-0.144662,0.652286,3,AVOID_RIGHT,66.84,70.88,67.18,61.02,68.02,64.83,179.2,104.58,0.8,0.15
1009,32.288,0.446629,-0.144507,0.642383,3,AVOID_RIGHT,61.22,69.26,67.11,65.25,70.57,68.02,207.04,102.07,0.8,0.15
1010,32.32,0.446939,-0.144277,0.63248,3,AVOID_RIGHT,71.71,68.57,63.42,67.71,71.36,66.66,189.13,107.27,0.8,0.15
1011,32.352,0.447199,-0.144088,0.625052,3,AVOID_RIGHT,69.14,65.01,66.92,66.62,66.01,66.32,200.96,105.99,0.8,0.15
1012,32.384,0.447461,-0.1439,0.617625,3,AVOID_RIGHT,63.81,68.3,65.99,65.84,66.7,73.82,206.74,100.98,0.8,0.15
1013,32.416,0.447672,-0.143752,0.607722,3,AVOID_RIGHT,64.29,68.9,59.65,68.14,64.94,67.08,218.38,107.81,0.8,0.15
1014,32.448,0.447937,-0.143569,0.600295,3,AVOID_RIGHT,65.95,69.19,72.91,66.38,67.6,69.71,221.63,108.2,0.8,0.15
1015,32.48,0.448203,-0.143389,0.592867,3,AVOID_RIGHT,64.11,63.92,67.13,69.49,68.74,66.38,220.22,101.07,0.8,0.15
1016,32.512,0.44847,-0.14321,0.58544,3,AVOID_RIGHT,73.49,63.58,65.13,72.13,67.28,71.48,218.77,102.47,0.8,0.15
1017,32.544,0.448739,-0.143033,0.578013,3,AVOID_RIGHT,64.49,63.65,68.01,72.3,67.12,68.46,234.8,103.61,0.8,0.15
1018,32.576,0.448956,-0.142893,0.56811,3,AVOID_RIGHT,66.61,65.46,73.85,69.91,63.83,65.97,234.5,98.86,0.8,0.15
1019,32.608,0.449228,-0.142721,0.560682,3,AVOID_RIGHT,68.66,68.89,65.75,63.17,73.57,75.67,231.53,107.3,0.8,0.15
1020,32.64,0.449501,-0.142551,0.553255,3,AVOID_RIGHT,65.27,63.35,66.19,69.13,67.3,76.38,235.56,104.24,0.8,0.15
1021,32.672,0.449775,-0.142383,0.545828,3,AVOID_RIGHT,69.65,69.61,67.65,70.08,66.38,81.74,251.06,101.39,0.6,-0.6
1022,32.704,0.449775,-0.142383,0.530973,3,AVOID_RIGHT,66.84,66.18,66.31,64.32,61.14,91.38,254.04,100.37,0.6,-0.6
1023,32.736,0.449775,-0.142383,0.511167,3,AVOID_RIGHT,68.65,67.3,65.88,72.21,70.02,95.94,249.8,101.03,0.8,0.15
1024,32.768,0.450057,-0.142226,0.50374,3,AVOID_RIGHT,67.06,71.19,71.62,61.96,69.13,100.32,249.49,94.91,0.8,0.15
1025,32.8,0.450339,-0.142072,0.496312,3,AVOID_RIGHT,65.26,70.97,68.14,67.2,72.02,106.66,248.53,86.65,0.8,0.15
1026,32.832,0.450623,-0.14192,0.488885,3,AVOID_RIGHT,66.83,66.79,60.86,63.75,68.93,102.85,247.07,89.2,0.8,0.15
1027,32.864,0.450907,-0.14177,0.481458,3,AVOID_RIGHT,64.12,66.78,62.87,64.71,64.19,111.58,266.24,90.59,0.6,-0.6
1028,32.896,0.45085,-0.141799,0.464127,3,AVOID_RIGHT,68.67,65.24,68.42,65.57,69.34,109.69,273.1,87.95,0.6,-0.6
1029,32.928,0.45085,-0.141799,0.449273,3,AVOID_RIGHT,61.83,70.17,65.3,65.16,63.65,109.7,257.46,74.06,0.6,-0.6
1030,32.96,0.45085,-0.141799,0.434418,3,AVOID_RIGHT,67.42,65.05,65.52,68.86,62.69,107.23,255.35,77.67,0.6,-0.6
1031,32.992,0.45085,-0.141799,0.419564,3,AVOID_RIGHT,65.99,65.54,70.91,66.19,66.29,121.67,262.31,66.47,0.6,-0.6
1032,33.024,0.45085,-0.141799,0.404709,3,AVOID_RIGHT,69.44,64.08,67.14,63.26,68.02,123.56,243.27,67.43,0.8,0.15
1033,33.056,0.451146,-0.141674,0.397282,3,AVOID_RIGHT,62.84,71.35,71.22,65.27,63.42,117.98,242.57,68.11,0.8,0.15
1034,33.088,0.451443,-0.14155,0.389854,3,AVOID_RIGHT,65.44,70.89,62.93,71.35,70.09,125.38,246.09,64.39,0.8,0.15
1035,33.12,0.451742,-0.141429,0.382427,3,AVOID_RIGHT,70.51,71.57,67.41,62.37,65.76,124.95,251.77,59.98,0.6,-0.6
1036,33.152,0.451682,-0.141452,0.365097,3,AVOID_RIGHT,60.77,69.93,69.51,62.76,66.49,135.82,254.5,69.46,0.6,-0.6
1037,33.184,0.451682,-0.141452,0.350242,3,AVOID_RIGHT,70.89,64.89,65.67,62.91,67.11,131.64,244.25,69.19,0.8,0.15
1038,33.216,0.452045,-0.141322,0.340339,3,AVOID_RIGHT,66.05,64.57,73.73,67.22,71.82,136.11,235.76,70.36,0.8,0.15
1039,33.248,0.452349,-0.141215,0.332912,3,AVOID_RIGHT,69.07,65.71,67.43,63.4,64.84,134.19,244.36,68.15,0.8,0.15
1040,33.28,0.452653,-0.141111,0.325484,3,AVOID_RIGHT,61.41,70.83,71.53,60.2,63.88,136.69,243.84,69.64,0.8,0.15
1041,33.312,0.452898,-0.14103,0.315581,3,AVOID_RIGHT,69.54,65.56,68.75,71.5,72.37,143.58,245.9,62.13,0.8,0.15
1042,33.344,0.453204,-0.140931,0.308154,3,AVOID_RIGHT,70.43,64.79,61.79,69.55,67.04,149.94,241.24,66.71,0.8,0.15
1043,33.376,0.453511,-0.140835,0.300727,3,AVOID_RIGHT,63.69,65.41,68.26,62.93,67.78,152.03,250.74,71.8,0.6,-0.6
1044,33.408,0.453511,-0.140835,0.285872,3,AVOID_RIGHT,63.33,66.85,67.84,66.26,62.84,161.68,253.39,72.69,0.6,-0.6
1045,33.44,0.453511,-0.140835,0.271017,3,AVOID_RIGHT,64.7,66.78,69.31,68.39,69.82,153.29,252.18,68.31,0.6,-0.6
1046,33.472,0.453511,-0.140835,0.256163,3,AVOID_RIGHT,70.87,69.07,71.05,62.65,64.88,166.12,233.64,65.63,0.8,0.15
1047,33.504,0.453823,-0.140755,0.248736,3,AVOID_RIGHT,66.62,65.06,71.01,71.0,60.61,161.4,225.08,71.3,0.8,0.15
1048,33.536,0.454073,-0.140692,0.238832,3,AVOID_RIGHT,64.18,70.94,68.44,70.3,60.83,174.15,235.8,62.56,0.8,0.15
1049,33.568,0.454386,-0.140617,0.231405,3,AVOID_RIGHT,68.5,66.41,70.48,62.51,59.96,184.15,227.64,75.22,0.8,0.15
1050,33.6,0.454699,-0.140545,0.223978,3,AVOID_RIGHT,69.2,66.83,66.69,63.59,72.45,185.74,226.84,67.68,0.8,0.15
1051,33.632,0.455013,-0.140474,0.216551,3,AVOID_RIGHT,65.17,69.73,69.16,66.32,66.36,192.43,233.35,67.67,0.8,0.15
1052,33.664,0.455328,-0.140407,0.204172,3,AVOID_RIGHT,68.12,63.72,69.72,70.1,72.97,197.52,236.7,66.42,0.8,0.15
1053,33.696,0.455644,-0.140343,0.196744,3,AVOID_RIGHT,66.11,65.19,71.87,69.31,69.35,203.04,225.29,64.85,0.8,0.15
1054,33.728,0.455959,-0.140281,0.189317,3,AVOID_RIGHT,76.87,58.67,64.92,66.4,63.89,211.21,226.25,67.52,0.8,0.15
1055,33.76,0.456276,-0.140222,0.18189,3,AVOID_RIGHT,66.53,71.66,65.26,73.26,61.07,206.58,228.39,64.22,0.8,0.15
1056,33.792,0.456529,-0.140177,0.171987,3,AVOID_RIGHT,70.39,63.59,65.22,69.33,64.7,208.14,234.6,70.0,0.8,0.15
1057,33.824,0.456846,-0.140123,0.164559,3,AVOID_RIGHT,65.66,68.27,70.22,68.23,68.28,224.65,227.52,66.81,0.8,0.15
1058,33.856,0.457164,-0.140071,0.157132,3,AVOID_RIGHT,64.26,63.08,68.68,56.07,66.35,216.01,232.57,61.71,0.8,0.15
1059,33.888,0.457482,-0.140022,0.149705,3,AVOID_RIGHT,66.34,69.98,68.78,67.65,65.89,233.27,223.25,69.58,0.8,0.15
1060,33.92,0.457801,-0.139975,0.142277,3,AVOID_RIGHT,68.04,64.92,66.58,63.68,63.45,218.27,226.57,70.08,0.8,0.15
1061,33.952,0.458056,-0.13994,0.132374,3,AVOID_RIGHT,66.13,66.11,63.97,67.15,67.3,234.43,215.31,71.94,0.8,0.15
1062,33.984,0.458375,-0.139899,0.124947,3,AVOID_RIGHT,67.83,70.98,71.59,67.64,63.09,229.83,214.3,61.93,0.8,0.15
1063,34.016,0.458694,-0.13986,0.11752,3,AVOID_RIGHT,68.54,67.28,61.48,63.03,63.23,244.9,217.62,65.15,0.8,0.15
1064,34.048,0.459014,-0.139823,0.110092,3,AVOID_RIGHT,67.5,69.84,69.11,71.33,62.54,267.04,213.9,65.07,0.6,-0.6
1065,34.08,0.459078,-0.139817,0.092762,3,AVOID_RIGHT,66.39,68.79,63.26,69.85,70.19,260.62,213.2,68.1,0.6,-0.6
1066,34.112,0.459014,-0.139822,0.075432,3,AVOID_RIGHT,63.48,65.67,67.5,65.83,72.39,271.84,206.62,67.13,0.6,-0.6
1067,34.144,0.459014,-0.139822,0.060577,3,AVOID_RIGHT,70.24,67.92,67.06,68.63,69.77,268.5,196.25,65.05,0.6,-0.6
1068,34.176,0.459014,-0.139822,0.045722,3,AVOID_RIGHT,69.84,65.9,62.83,71.77,69.54,281.49,187.01,71.25,0.6,-0.6
1069,34.208,0.459014,-0.139822,0.030868,3,AVOID_RIGHT,71.26,68.94,75.23,63.58,67.75,290.68,186.7,70.51,0.6,-0.6
1070,34.24,0.459014,-0.139822,0.016013,3,AVOID_RIGHT,63.02,69.18,67.78,68.43,69.83,270.86,167.62,67.75,0.6,-0.6
1071,34.272,0.459014,-0.139822,0.001159,3,AVOID_RIGHT,67.78,71.32,66.22,72.82,67.01,285.57,163.36,68.78,0.6,-0.6
1072,34.304,0.459014,-0.139822,-0.013696,3,AVOID_RIGHT,72.02,68.67,66.77,64.18,64.92,282.75,159.8,70.89,0.6,-0.6
1073,34.336,0.459014,-0.139822,-0.028551,3,AVOID_RIGHT,69.1,70.3,66.82,65.76,63.88,286.68,152.37,69.98,0.6,-0.6
1074,34.368,0.459014,-0.139822,-0.043405,3,AVOID_RIGHT,68.14,66.98,68.16,68.16,68.18,294.58,147.84,62.93,0.6,-0.6
1075,34.4,0.459014,-0.139822,-0.05826,3,AVOID_RIGHT,66.94,64.5,68.08,67.8,64.12,318.62,145.59,65.78,0.6,-0.6
1076,34.432,0.459014,-0.139822,-0.073114,3,AVOID_RIGHT,61.18,65.89,63.64,71.77,68.84,296.21,136.63,68.87,0.6,-0.6
1077,34.464,0.459014,-0.139822,-0.087969,3,AVOID_RIGHT,62.54,73.15,63.67,68.82,76.1,304.28,129.02,63.64,0.6,-0.6
1078,34.496,0.459014,-0.139822,-0.102824,3,AVOID_RIGHT,66.31,66.95,69.98,69.47,67.06,315.63,124.77,73.32,0.6,-0.6
1079,34.528,0.459014,-0.139822,-0.117678,3,AVOID_RIGHT,68.59,62.74,68.29,69.28,71.66,311.01,133.84,68.37,0.6,-0.6
1080,34.56,0.459014,-0.139822,-0.132533,3,AVOID_RIGHT,63.12,67.5,63.07,63.98,65.22,307.23,131.93,64.91,0.6,-0.6
1081,34.592,0.459014,-0.139822,-0.147388,3,AVOID_RIGHT,65.83,71.15,63.84,69.96,74.29,309.39,117.72,67.78,0.6,-0.6
1082,34.624,0.459014,-0.139822,-0.162242,3,AVOID_RIGHT,67.03,63.37,66.53,65.1,71.1,319.04,108.33,70.4,0.6,-0.6
1083,34.656,0.459078,-0.139833,-0.179573,3,AVOID_RIGHT,67.3,69.7,66.95,67.81,66.07,324.83,111.71,65.23,0.6,-0.6
1084,34.688,0.459014,-0.139821,-0.196903,3,AVOID_RIGHT,74.66,67.27,66.28,73.34,69.31,307.74,103.5,63.89,0.6,-0.6
1085,34.72,0.459014,-0.139821,-0.211758,3,AVOID_RIGHT,68.48,65.51,71.08,68.22,63.16,308.47,102.88,65.29,0.6,-0.6
1086,34.752,0.459014,-0.139821,-0.226612,3,AVOID_RIGHT,68.28,71.59,71.05,62.69,65.41,310.88,95.44,62.55,0.6,-0.6
1087,34.784,0.459014,-0.139821,-0.241467,3,AVOID_RIGHT,68.49,66.0,66.33,65.64,68.85,299.88,86.09,65.7,0.6,-0.6
1088,34.816,0.459014,-0.139821,-0.256321,3,AVOID_RIGHT,67.13,70.37,69.02,72.45,71.58,314.72,80.89,66.24,0.6,-0.6
1089,34.848,0.459014,-0.139821,-0.271176,3,AVOID_RIGHT,69.43,61.41,69.1,69.62,71.41,306.15,73.22,68.25,0.6,-0.6
1090,34.88,0.459014,-0.139821,-0.286031,3,AVOID_RIGHT,60.45,69.41,73.97,71.06,64.44,297.11,68.12,64.29,0.6,-0.6
1091,34.912,0.459014,-0.139821,-0.300885,3,AVOID_RIGHT,68.57,66.66,59.48,60.02,68.99,310.48,65.93,69.71,0.6,-0.6
1092,34.944,0.459014,-0.139821,-0.31574,3,AVOID_RIGHT,61.31,65.2,59.36,72.6,66.37,303.12,67.24,71.78,0.6,-0.6
1093,34.976,0.459014,-0.139821,-0.330594,3,AVOID_RIGHT,57.83,65.24,65.3,67.65,69.05,296.46,68.09,67.94,0.6,-0.6
1094,35.008,0.459014,-0.139821,-0.345449,3,AVOID_RIGHT,66.71,60.05,72.2,68.47,65.18,291.73,69.09,67.73,0.6,-0.6
1095,35.04,0.459014,-0.139821,-0.360304,3,AVOID_RIGHT,70.54,70.6,66.74,62.77,66.9,282.41,74.64,63.43,0.6,-0.6
1096,35.072,0.459014,-0.139821,-0.375158,3,AVOID_RIGHT,67.18,63.5,65.93,60.81,64.44,292.25,63.84,61.88,0.6,-0.6
1097,35.104,0.459014,-0.139821,-0.390013,3,AVOID_RIGHT,62.1,68.02,66.98,61.38,65.31,281.47,68.57,70.79,0.6,-0.6
1098,35.136,0.459014,-0.139821,-0.404868,3,AVOID_RIGHT,66.74,65.06,68.52,64.72,64.47,278.5,65.79,70.16,0.6,-0.6
1099,35.168,0.459014,-0.139821,-0.419722,3,AVOID_RIGHT,68.19,67.88,65.79,66.03,64.82,271.38,65.27,66.18,0.6,-0.6
1100,35.2,0.459073,-0.139848,-0.437053,3,AVOID_RIGHT,66.51,64.98,65.09,69.11,65.13,277.45,67.22,66.45,0.6,-0.6
1101,35.232,0.459015,-0.13982,-0.454383,3,AVOID_RIGHT,63.89,65.63,68.39,68.33,67.36,269.05,65.32,66.42,0.6,-0.6
1102,35.264,0.459015,-0.13982,-0.469238,3,AVOID_RIGHT,66.13,61.18,65.24,68.9,64.16,252.2,68.26,65.35,0.6,-0.6
1103,35.296,0.459015,-0.13982,-0.484092,3,AVOID_RIGHT,65.02,67.98,62.94,66.14,66.2,247.72,65.69,67.58,0.8,0.15
1104,35.328,0.459299,-0.139971,-0.491519,3,AVOID_RIGHT,63.23,61.96,72.57,68.54,71.24,248.1,65.18,69.55,0.8,0.15
1105,35.36,0.459582,-0.140124,-0.498947,3,AVOID_RIGHT,58.8,67.41,64.08,71.46,77.11,244.94,63.03,69.15,0.8,0.15
1106,35.392,0.459864,-0.140279,-0.506374,3,AVOID_RIGHT,70.91,71.58,64.19,72.16,78.25,242.56,61.54,65.93,0.8,0.15
1107,35.424,0.460089,-0.140405,-0.516277,3,AVOID_RIGHT,69.44,66.51,67.02,70.73,81.13,232.43,63.93,71.42,0.8,0.15
1108,35.456,0.460368,-0.140565,-0.523704,3,AVOID_RIGHT,65.22,64.13,69.11,67.46,82.16,227.74,62.05,75.03,0.8,0.15
1109,35.488,0.460646,-0.140727,-0.531132,3,AVOID_RIGHT,66.41,72.41,67.96,74.44,80.4,228.62,67.17,63.37,0.8,0.15
1110,35.52,0.460923,-0.140891,-0.538559,3,AVOID_RIGHT,62.83,65.26,71.03,67.72,89.2,220.92,61.22,67.53,0.8,0.15
1111,35.552,0.461144,-0.141024,-0.548462,3,AVOID_RIGHT,70.86,67.83,63.25,66.85,88.46,217.89,72.76,62.71,0.8,0.15
1112,35.584,0.461418,-0.141193,-0.555889,3,AVOID_RIGHT,69.34,63.77,70.01,65.09,96.02,210.71,67.71,67.38,0.8,0.15
1113,35.616,0.46169,-0.141364,-0.563317,3,AVOID_RIGHT,75.36,64.6,68.65,71.19,96.62,199.74,68.24,64.31,0.8,0.15
1114,35.648,0.462016,-0.141572,-0.57322,3,AVOID_RIGHT,70.11,71.2,67.28,64.16,99.88,192.34,67.46,72.29,0.8,0.15
1115,35.68,0.462286,-0.141747,-0.580647,3,AVOID_RIGHT,61.27,74.09,69.52,61.76,95.01,197.53,72.76,68.67,0.8,0.15
1116,35.712,0.4625,-0.141889,-0.59055,3,AVOID_RIGHT,60.84,67.11,67.94,63.92,103.72,194.09,68.83,64.37,0.8,0.15
1117,35.744,0.462767,-0.14207,-0.597978,3,AVOID_RIGHT,71.34,70.65,71.74,69.31,106.97,182.35,70.11,64.23,0.8,0.15
1118,35.776,0.463032,-0.142252,-0.605405,3,AVOID_RIGHT,65.8,63.66,64.76,64.3,106.79,181.04,60.62,64.96,0.8,0.15
1119,35.808,0.463296,-0.142436,-0.612832,3,AVOID_RIGHT,68.43,69.23,67.32,72.31,110.03,170.41,64.07,61.54,0.8,0.15
1120,35.84,0.463506,-0.142585,-0.622735,3,AVOID_RIGHT,64.43,65.43,68.69,65.46,109.66,172.41,65.68,68.45,0.8,0.15
1121,35.872,0.463767,-0.142774,-0.630163,3,AVOID_RIGHT,66.78,67.74,62.36,64.6,108.58,158.49,65.64,64.63,0.8,0.15
1122,35.904,0.464026,-0.142964,-0.63759,3,AVOID_RIGHT,71.07,64.77,65.46,61.26,111.74,154.53,67.11,65.05,0.8,0.15
1123,35.936,0.464284,-0.143157,-0.645017,3,AVOID_RIGHT,75.24,65.02,65.51,64.84,112.45,157.02,69.11,62.13,0.8,0.15
1124,35.968,0.464489,-0.143313,-0.65492,3,AVOID_RIGHT,74.44,63.25,61.13,67.87,110.85,151.62,70.43,67.95,0.8,0.15
1125,36.0,0.464743,-0.14351,-0.662348,3,AVOID_RIGHT,66.01,71.44,68.15,69.68,113.41,150.0,67.85,70.26,0.8,0.15
1126,36.032,0.464997,-0.143709,-0.669775,3,AVOID_RIGHT,65.12,65.95,67.94,70.19,107.33,149.21,67.47,64.87,0.8,0.15
1127,36.064,0.465298,-0.14395,-0.679678,3,AVOID_RIGHT,65.79,64.9,69.39,66.93,115.98,143.43,69.66,71.33,0.8,0.15
1128,36.096,0.465498,-0.144113,-0.689581,3,AVOID_RIGHT,68.39,69.28,68.12,60.41,115.45,139.49,63.59,65.5,0.8,0.15
1129,36.128,0.465745,-0.144318,-0.697008,3,AVOID_RIGHT,66.68,64.56,73.86,70.96,113.13,140.0,64.65,72.57,0.8,0.15
1130,36.16,0.465991,-0.144526,-0.704436,3,AVOID_RIGHT,64.09,66.27,57.05,69.18,112.08,136.7,68.12,75.74,0.8,0.15
1131,36.192,0.466236,-0.144735,-0.711863,3,AVOID_RIGHT,66.47,65.78,61.78,64.8,120.17,127.74,64.94,74.52,0.8,0.15
1132,36.224,0.466479,-0.144946,-0.71929,3,FOLLOWING,66.25,64.24,65.96,65.89,111.16,133.02,67.48,70.83,-3.14,3.14
1133,36.256,0.466429,-0.144906,-0.642541,3,FOLLOWING,71.84,68.83,63.7,60.76,101.09,147.35,66.1,69.8,-3.14,3.14
1134,36.288,0.466429,-0.144906,-0.563317,3,FOLLOWING,64.36,62.0,67.87,72.26,71.58,154.29,57.0,66.67,-3.14,3.14
1135,36.32,0.466429,-0.144906,-0.484092,3,FOLLOWING,64.77,64.69,67.24,64.73,71.82,174.52,64.4,66.88,-3.14,3.14
1136,36.352,0.466429,-0.144906,-0.404868,3,FOLLOWING,70.7,64.79,70.76,62.3,61.76,194.77,68.17,64.22,-3.14,3.14
1137,36.384,0.466429,-0.144906,-0.325643,3,FOLLOWING,66.04,70.03,66.82,67.73,72.19,203.16,64.55,68.08,-3.14,3.14
1138,36.416,0.466429,-0.144906,-0.246418,3,FOLLOWING,65.84,66.06,62.88,67.58,67.28,213.61,64.06,71.56,-3.14,3.14
1139,36.448,0.466429,-0.144906,-0.167194,3,FOLLOWING,62.9,67.57,69.18,71.23,67.07,215.35,83.12,66.31,-2.8994,3.14
1140,36.48,0.466492,-0.144914,-0.090445,3,FOLLOWING,69.48,67.87,72.23,69.37,65.35,202.35,107.33,66.25,-2.4574,3.14
1141,36.512,0.466749,-0.144928,-0.021123,3,FOLLOWING,69.28,68.79,67.52,67.96,66.23,202.06,119.34,62.35,-2.0683,3.14
1142,36.544,0.467071,-0.144925,0.045722,3,FOLLOWING,71.08,69.37,66.98,66.1,64.96,184.8,133.65,70.6,-1.6959,3.14
1143,36.576,0.467585,-0.144886,0.105141,3,AVOID_RIGHT,69.0,68.85,66.69,67.89,60.58,161.63,153.13,64.65,0.8,0.15
1144,36.608,0.467905,-0.144853,0.097714,3,AVOID_RIGHT,62.69,68.52,66.68,65.34,68.44,171.81,159.68,70.89,0.8,0.15
1145,36.64,0.468225,-0.144823,0.090286,3,AVOID_RIGHT,62.74,65.54,67.13,65.46,71.34,181.57,156.49,65.1,0.8,0.15
1146,36.672,0.468546,-0.144795,0.082859,3,AVOID_RIGHT,68.12,72.89,68.6,70.89,72.82,184.89,149.89,68.92,0.8,0.15
1147,36.704,0.468803,-0.144775,0.072956,3,AVOID_RIGHT,67.87,70.78,66.28,69.31,72.9,189.82,144.28,71.17,0.8,0.15
1148,36.736,0.469124,-0.144753,0.065529,3,AVOID_RIGHT,62.5,66.4,61.64,67.15,68.3,194.02,152.72,69.03,0.8,0.15
1149,36.768,0.469445,-0.144733,0.058101,3,AVOID_RIGHT,65.04,62.95,66.29,66.58,69.74,191.39,149.05,68.42,0.8,0.15
1150,36.8,0.469766,-0.144715,0.050674,3,AVOID_RIGHT,62.84,66.63,67.32,63.93,68.45,199.12,150.65,60.83,0.8,0.15
1151,36.832,0.470024,-0.144704,0.040771,3,AVOID_RIGHT,67.12,67.18,70.19,69.64,64.1,198.41,140.46,65.77,0.8,0.15
1152,36.864,0.470345,-0.144692,0.033344,3,AVOID_RIGHT,62.23,64.06,70.89,63.12,67.05,202.94,150.99,67.64,0.8,0.15
1153,36.896,0.470667,-0.144682,0.025916,3,AVOID_RIGHT,65.4,64.53,69.34,68.13,72.82,198.12,147.16,66.98,0.8,0.15
1154,36.928,0.470989,-0.144675,0.018489,3,AVOID_RIGHT,72.83,68.28,68.8,62.25,71.26,210.53,143.41,66.69,0.8,0.15
1155,36.96,0.471311,-0.144671,0.00611,3,AVOID_RIGHT,66.2,65.38,69.71,64.88,67.36,212.3,143.7,66.05,0.8,0.15
1156,36.992,0.471632,-0.14467,-0.001317,3,AVOID_RIGHT,67.64,62.79,68.5,60.61,63.12,215.89,144.21,71.33,0.8,0.15
1157,37.024,0.471954,-0.144672,-0.008744,3,AVOID_RIGHT,67.91,68.23,71.71,65.49,73.94,210.32,134.34,67.08,0.8,0.15
1158,37.056,0.472276,-0.144676,-0.016172,3,AVOID_RIGHT,64.04,67.35,62.54,67.2,64.85,224.95,135.89,69.43,0.8,0.15
1159,37.088,0.472598,-0.144682,-0.023599,3,AVOID_RIGHT,61.15,68.94,74.24,71.16,63.18,219.73,127.03,68.89,0.8,0.15
1160,37.12,0.472855,-0.14469,-0.033502,3,AVOID_RIGHT,68.2,69.26,72.1,68.99,64.25,221.44,127.37,69.54,0.8,0.15
1161,37.152,0.473177,-0.144702,-0.040929,3,AVOID_RIGHT,68.04,61.16,68.01,68.2,63.72,222.74,129.91,64.86,0.8,0.15
1162,37.184,0.473498,-0.144716,-0.048357,3,AVOID_RIGHT,65.25,62.81,61.53,63.97,69.42,230.17,120.36,72.51,0.8,0.15
1163,37.216,0.47382,-0.144733,-0.055784,3,AVOID_RIGHT,68.82,60.05,69.12,67.07,66.19,234.47,126.67,63.76,0.8,0.15
1164,37.248,0.474077,-0.144748,-0.065687,3,AVOID_RIGHT,61.89,68.84,69.45,59.9,66.09,233.78,118.14,66.27,0.8,0.15
1165,37.28,0.474398,-0.144771,-0.073114,3,AVOID_RIGHT,67.96,64.1,62.28,62.53,69.28,236.09,127.89,65.2,0.8,0.15
1166,37.312,0.474719,-0.144795,-0.080542,3,AVOID_RIGHT,66.56,66.96,61.79,66.95,67.44,234.01,116.19,72.14,0.8,0.15
1167,37.344,0.475039,-0.144823,-0.087969,3,FOLLOWING,70.29,63.48,69.03,72.65,71.84,241.77,119.02,68.96,-2.8826,3.14
1168,37.376,0.475168,-0.144829,-0.013696,3,FOLLOWING,63.94,67.03,68.55,69.27,69.21,232.3,136.05,65.66,-2.4589,3.14
1169,37.408,0.475361,-0.144825,0.058101,3,AVOID_RIGHT,60.22,66.5,66.83,68.26,67.39,219.84,171.24,66.64,0.8,0.15
1170,37.44,0.475618,-0.144811,0.048198,3,AVOID_RIGHT,68.65,64.8,68.39,66.41,67.29,224.03,176.92,69.09,0.8,0.15
1171,37.472,0.47594,-0.144797,0.040771,3,AVOID_RIGHT,68.7,61.61,66.47,65.05,64.43,218.74,163.61,62.74,0.8,0.15
1172,37.504,0.476326,-0.144783,0.030868,3,AVOID_RIGHT,69.61,66.74,62.96,65.54,73.32,234.21,153.31,64.3,0.8,0.15
1173,37.536,0.476647,-0.144774,0.023441,3,AVOID_RIGHT,67.18,68.92,68.02,62.39,73.32,225.19,154.95,68.98,0.8,0.15
1174,37.568,0.476905,-0.144769,0.013537,3,AVOID_RIGHT,68.2,59.97,66.65,69.56,64.1,241.23,156.58,73.8,0.8,0.15
1175,37.6,0.477227,-0.144766,0.00611,3,AVOID_RIGHT,64.53,67.12,66.85,66.21,68.65,232.47,158.77,66.14,0.8,0.15
1176,37.632,0.477549,-0.144766,-0.001317,3,AVOID_RIGHT,65.48,65.98,71.2,63.97,66.03,232.45,155.84,66.52,0.8,0.15
1177,37.664,0.47787,-0.144767,-0.008744,3,AVOID_RIGHT,71.12,67.91,73.45,60.48,68.53,243.51,145.59,67.52,0.8,0.15
1178,37.696,0.478128,-0.144771,-0.018648,3,AVOID_RIGHT,70.43,67.51,68.23,67.56,71.6,247.16,150.24,69.93,0.8,0.15
1179,37.728,0.47845,-0.144778,-0.026075,3,AVOID_RIGHT,63.86,70.75,68.01,68.26,64.89,245.92,142.5,67.29,0.8,0.15
1180,37.76,0.478771,-0.144787,-0.033502,3,AVOID_RIGHT,60.9,68.74,65.68,63.37,70.11,249.04,147.87,66.25,0.8,0.15
1181,37.792,0.479093,-0.144799,-0.040929,3,AVOID_RIGHT,65.5,67.84,66.05,71.66,67.09,269.66,136.14,71.72,0.6,-0.6
1182,37.824,0.479093,-0.144799,-0.055784,3,AVOID_RIGHT,65.48,62.61,66.75,63.57,77.16,268.84,134.81,70.05,0.6,-0.6
1183,37.856,0.479093,-0.144799,-0.070639,3,AVOID_RIGHT,71.95,68.38,66.99,66.83,71.17,255.69,137.71,72.04,0.6,-0.6
1184,37.888,0.479093,-0.144799,-0.085493,3,AVOID_RIGHT,59.53,65.45,70.36,69.29,76.21,268.74,128.6,59.09,0.6,-0.6
1185,37.92,0.479093,-0.144799,-0.100348,3,AVOID_RIGHT,64.58,63.29,69.38,64.8,63.92,260.05,114.75,64.57,0.6,-0.6
1186,37.952,0.479029,-0.144792,-0.117678,3,AVOID_RIGHT,64.89,71.26,72.47,63.87,71.68,265.71,116.46,64.93,0.6,-0.6
1187,37.984,0.479093,-0.144801,-0.135009,3,AVOID_RIGHT,69.18,69.88,64.48,66.22,70.72,274.9,123.2,66.12,0.6,-0.6
1188,38.016,0.479093,-0.144801,-0.149863,3,AVOID_RIGHT,68.65,69.28,65.07,67.25,69.35,277.77,110.0,69.8,0.6,-0.6
1189,38.048,0.479093,-0.144801,-0.164718,3,AVOID_RIGHT,62.31,69.68,65.43,70.51,62.61,271.25,97.98,65.68,0.6,-0.6
1190,38.08,0.479093,-0.144801,-0.179573,3,AVOID_RIGHT,66.15,63.12,71.01,66.95,66.12,274.56,106.06,61.78,0.6,-0.6
1191,38.112,0.479093,-0.144801,-0.194427,3,AVOID_RIGHT,67.62,71.3,66.57,73.92,63.53,264.19,103.43,66.87,0.6,-0.6
1192,38.144,0.479093,-0.144801,-0.209282,3,AVOID_RIGHT,66.17,68.28,68.18,69.53,68.83,282.09,104.35,69.83,0.6,-0.6
1193,38.176,0.479093,-0.144801,-0.224136,3,AVOID_RIGHT,62.06,69.54,68.41,67.39,66.35,273.85,93.66,66.83,0.6,-0.6
1194,38.208,0.479093,-0.144801,-0.238991,3,AVOID_RIGHT,63.77,69.25,66.77,71.05,70.88,270.22,87.58,68.69,0.6,-0.6
1195,38.24,0.479093,-0.144801,-0.253846,3,AVOID_RIGHT,69.76,69.4,69.16,65.2,67.47,280.16,76.03,71.48,0.6,-0.6
1196,38.272,0.479093,-0.144801,-0.2687,3,AVOID_RIGHT,62.92,64.34,66.23,66.8,71.12,275.22,72.28,68.53,0.6,-0.6
1197,38.304,0.479093,-0.144801,-0.283555,3,AVOID_RIGHT,70.54,70.46,70.18,66.84,68.68,279.65,71.39,66.22,0.6,-0.6
1198,38.336,0.479093,-0.144801,-0.298409,3,AVOID_RIGHT,68.37,63.94,66.83,66.79,68.29,266.76,69.56,65.91,0.6,-0.6
1199,38.368,0.479093,-0.144801,-0.313264,3,AVOID_RIGHT,70.39,68.3,70.52,67.9,65.75,278.44,62.07,75.16,0.6,-0.6
1200,38.4,0.479093,-0.144801,-0.328119,3,AVOID_RIGHT,66.14,68.5,64.1,67.59,63.51,267.27,61.15,65.68,0.6,-0.6
1201,38.432,0.479093,-0.144801,-0.342973,3,AVOID_RIGHT,72.87,70.74,69.03,66.09,65.09,266.57,70.51,70.59,0.6,-0.6
1202,38.464,0.479093,-0.144801,-0.357828,3,AVOID_RIGHT,64.92,66.19,66.61,61.46,65.54,257.63,66.12,68.52,0.6,-0.6
1203,38.496,0.479033,-0.144777,-0.375158,3,AVOID_RIGHT,66.45,67.04,70.57,70.57,67.12,247.65,72.03,63.78,0.8,0.15
1204,38.528,0.479391,-0.144921,-0.385061,3,AVOID_RIGHT,68.7,67.07,68.91,66.53,69.8,252.34,66.07,68.69,0.6,-0.6
1205,38.56,0.479391,-0.144921,-0.399916,3,AVOID_RIGHT,69.57,70.77,71.19,64.53,67.11,252.87,67.56,69.54,0.6,-0.6
1206,38.592,0.479391,-0.144921,-0.414771,3,AVOID_RIGHT,66.51,72.94,71.0,67.73,67.12,240.87,67.0,65.62,0.8,0.15
1207,38.624,0.479686,-0.145052,-0.422198,3,AVOID_RIGHT,68.06,65.68,66.17,67.5,68.53,248.15,62.4,66.83,0.8,0.15
1208,38.656,0.479979,-0.145185,-0.429625,3,AVOID_RIGHT,65.07,74.93,70.36,70.04,64.26,235.05,67.29,63.71,0.8,0.15
1209,38.688,0.480212,-0.145293,-0.439528,3,AVOID_RIGHT,66.63,67.02,64.55,74.9,71.02,229.69,77.5,62.4,0.8,0.15
1210,38.72,0.480503,-0.145431,-0.446956,3,AVOID_RIGHT,66.79,67.13,64.74,70.03,64.46,222.99,66.67,63.51,0.8,0.15
1211,38.752,0.480793,-0.145571,-0.454383,3,AVOID_RIGHT,67.02,66.89,67.38,66.31,67.09,217.16,64.62,68.61,0.8,0.15
1212,38.784,0.481081,-0.145713,-0.46181,3,AVOID_RIGHT,67.73,68.6,64.3,69.69,61.99,228.96,62.36,66.52,0.8,0.15
1213,38.816,0.481311,-0.145829,-0.471713,3,AVOID_RIGHT,61.32,63.42,71.08,68.69,69.22,222.73,61.87,72.36,0.8,0.15
1214,38.848,0.481597,-0.145977,-0.479141,3,AVOID_RIGHT,68.08,69.23,68.82,68.83,69.06,208.37,69.46,68.37,0.8,0.15
1215,38.88,0.481882,-0.146126,-0.486568,3,AVOID_RIGHT,62.16,65.2,66.31,65.76,68.79,202.65,67.32,70.05,0.8,0.15
1216,38.912,0.482166,-0.146278,-0.493995,3,AVOID_RIGHT,74.91,66.29,63.6,64.74,69.5,210.43,65.73,62.65,0.8,0.15
1217,38.944,0.482449,-0.146431,-0.501423,3,AVOID_RIGHT,68.4,68.72,70.9,67.06,61.22,205.19,68.82,71.81,0.8,0.15
1218,38.976,0.48273,-0.146588,-0.513801,3,AVOID_RIGHT,65.84,66.96,68.43,66.7,69.58,208.59,63.96,58.12,0.8,0.15
1219,39.008,0.48301,-0.146747,-0.521229,3,AVOID_RIGHT,61.2,70.03,68.46,65.5,67.37,203.35,65.07,61.89,0.8,0.15
1220,39.04,0.483289,-0.146908,-0.528656,3,AVOID_RIGHT,72.72,67.67,71.28,61.12,67.26,195.32,71.31,72.85,0.8,0.15
1221,39.072,0.483566,-0.147072,-0.536083,3,AVOID_RIGHT,67.52,67.45,66.61,66.82,67.48,181.07,67.93,70.36,0.8,0.15
1222,39.104,0.483787,-0.147204,-0.545986,3,AVOID_RIGHT,68.13,62.78,65.5,62.95,68.87,188.11,63.88,62.4,0.8,0.15
1223,39.136,0.484061,-0.147372,-0.553414,3,AVOID_RIGHT,66.61,72.39,67.15,66.2,64.94,192.98,69.05,73.15,0.8,0.15
1224,39.168,0.484334,-0.147543,-0.560841,3,AVOID_RIGHT,61.08,63.04,63.67,65.48,65.63,185.21,67.68,67.02,0.8,0.15
1225,39.2,0.484606,-0.147715,-0.568268,3,AVOID_RIGHT,68.18,70.59,62.98,75.91,72.45,185.83,69.61,68.24,0.8,0.15
1226,39.232,0.484823,-0.147854,-0.578171,3,AVOID_RIGHT,66.84,66.24,67.63,70.07,70.7,167.39,68.28,68.77,0.8,0.15
1227,39.264,0.485091,-0.148031,-0.585599,3,AVOID_RIGHT,64.07,61.32,68.63,66.47,76.78,162.02,70.3,66.27,0.8,0.15
1228,39.296,0.485359,-0.14821,-0.593026,3,AVOID_RIGHT,68.38,68.21,67.48,65.55,77.65,157.51,65.73,66.1,0.8,0.15
1229,39.328,0.485625,-0.148391,-0.600453,3,AVOID_RIGHT,69.46,71.99,62.84,64.27,74.58,154.77,69.9,67.25,0.8,0.15
1230,39.36,0.485837,-0.148538,-0.610356,3,AVOID_RIGHT,74.71,72.59,69.11,64.48,85.29,151.88,69.89,65.61,0.8,0.15
1231,39.392,0.486152,-0.148761,-0.620259,3,AVOID_RIGHT,72.0,62.83,67.17,66.72,86.31,157.32,67.18,64.09,0.8,0.15
1232,39.424,0.486413,-0.148949,-0.627687,3,AVOID_RIGHT,64.02,68.26,68.69,69.16,85.11,154.84,64.07,66.69,0.8,0.15
1233,39.456,0.486673,-0.149139,-0.635114,3,AVOID_RIGHT,60.93,64.58,68.4,65.42,85.4,140.56,68.02,67.24,0.8,0.15
1234,39.488,0.486932,-0.14933,-0.642541,3,AVOID_RIGHT,68.67,65.49,71.16,65.72,89.64,133.63,71.8,73.16,0.8,0.15
1235,39.52,0.487137,-0.149486,-0.652444,3,FOLLOWING,67.29,68.94,69.76,61.17,89.39,132.97,67.21,62.53,-3.14,3.14
1236,39.552,0.487137,-0.149486,-0.57322,3,FOLLOWING,66.89,67.8,60.73,64.42,69.47,154.42,65.81,64.6,-3.14,3.14
1237,39.584,0.487137,-0.149486,-0.493995,3,FOLLOWING,68.85,68.63,70.34,65.22,68.57,169.1,70.01,64.77,-3.14,3.14
1238,39.616,0.487137,-0.149486,-0.414771,3,FOLLOWING,66.04,67.62,62.42,66.51,64.8,185.97,63.6,70.58,-3.14,3.14
1239,39.648,0.487137,-0.149486,-0.335546,3,FOLLOWING,63.77,66.11,65.31,61.91,68.38,191.5,69.8,66.81,-3.14,3.14
1240,39.68,0.487137,-0.149486,-0.256321,3,FOLLOWING,68.91,70.4,73.45,74.75,59.18,194.91,68.13,66.46,-3.14,3.14
1241,39.712,0.487137,-0.149486,-0.177097,3,FOLLOWING,64.11,60.58,65.18,64.76,68.91,199.48,72.98,64.31,-3.14,3.14
1242,39.744,0.487137,-0.149486,-0.097872,3,FOLLOWING,62.81,66.36,68.79,67.39,70.66,197.44,107.95,62.84,-3.14,3.14
1243,39.776,0.487137,-0.149486,-0.018648,3,FOLLOWING,64.33,64.46,76.46,63.07,68.04,182.29,124.52,68.36,-3.14,3.14
1244,39.808,0.487137,-0.149486,0.060577,3,FOLLOWING,63.61,69.76,68.75,67.54,65.1,175.27,149.71,69.8,-2.8956,3.14
1245,39.84,0.487201,-0.149479,0.137326,3,AVOID_RIGHT,64.78,70.54,65.31,64.98,69.1,145.04,172.21,73.24,0.8,0.15
1246,39.872,0.48752,-0.149437,0.129899,3,AVOID_RIGHT,59.96,62.96,64.16,63.63,69.29,144.55,164.56,64.14,0.8,0.15
1247,39.904,0.487839,-0.149396,0.122471,3,AVOID_RIGHT,67.5,63.91,65.39,64.9,70.79,165.12,166.43,67.42,0.8,0.15
1248,39.936,0.488159,-0.149359,0.110092,3,AVOID_RIGHT,66.37,69.45,66.65,72.74,66.33,157.72,158.48,64.22,0.8,0.15
1249,39.968,0.488479,-0.149324,0.102665,3,AVOID_RIGHT,66.21,64.5,66.29,64.66,66.54,182.25,159.4,69.83,0.8,0.15
1250,40.0,0.488799,-0.149293,0.095238,3,AVOID_RIGHT,66.11,70.1,64.5,71.77,68.56,173.57,157.7,64.4,0.8,0.15
1251,40.032,0.48912,-0.149263,0.087811,3,AVOID_RIGHT,70.71,69.56,70.46,68.98,70.4,176.75,152.18,67.76,0.8,0.15
1252,40.064,0.489376,-0.149242,0.077907,3,AVOID_RIGHT,63.35,73.41,66.24,73.78,68.21,174.76,160.02,68.53,0.8,0.15
1253,40.096,0.489697,-0.149218,0.07048,3,AVOID_RIGHT,68.0,63.77,62.3,64.7,64.93,188.67,149.6,66.36,0.8,0.15
1254,40.128,0.490019,-0.149197,0.063053,3,AVOID_RIGHT,73.25,67.47,65.76,70.58,62.67,185.57,149.72,65.38,0.8,0.15
1255,40.16,0.49034,-0.149178,0.055626,3,AVOID_RIGHT,69.34,64.06,63.59,68.13,69.8,190.82,153.8,64.73,0.8,0.15
1256,40.192,0.490597,-0.149165,0.045722,3,AVOID_RIGHT,66.27,59.6,63.73,70.73,64.04,200.73,149.32,61.93,0.8,0.15
1257,40.224,0.490919,-0.149151,0.038295,3,AVOID_RIGHT,68.71,64.07,63.9,66.55,68.6,189.37,155.31,70.36,0.8,0.15
1258,40.256,0.49124,-0.14914,0.030868,3,AVOID_RIGHT,64.16,70.59,65.74,61.59,63.45,203.29,147.06,62.07,0.8,0.15
1259,40.288,0.491562,-0.149131,0.023441,3,AVOID_RIGHT,71.76,69.94,65.0,69.86,62.72,201.19,157.66,65.39,0.8,0.15
1260,40.32,0.491884,-0.149125,0.016013,3,AVOID_RIGHT,68.43,68.8,65.51,63.41,70.84,206.9,147.84,66.49,0.8,0.15
1261,40.352,0.492206,-0.149122,0.003634,3,AVOID_RIGHT,64.43,67.03,70.3,69.63,66.96,215.62,143.72,68.36,0.8,0.15
1262,40.384,0.492527,-0.149122,-0.003793,3,AVOID_RIGHT,66.57,67.99,65.52,64.61,75.31,212.55,138.86,68.18,0.8,0.15
1263,40.416,0.492849,-0.149124,-0.01122,3,AVOID_RIGHT,62.62,74.87,70.64,66.37,63.63,206.62,140.62,70.88,0.8,0.15
1264,40.448,0.493171,-0.149129,-0.018648,3,AVOID_RIGHT,68.02,70.18,66.58,68.96,64.39,212.02,131.77,68.63,0.8,0.15
1265,40.48,0.493428,-0.149135,-0.028551,3,AVOID_RIGHT,67.77,70.17,72.93,66.99,65.12,224.99,126.13,69.56,0.8,0.15
1266,40.512,0.49375,-0.149145,-0.035978,3,AVOID_RIGHT,68.68,72.0,64.11,64.88,68.91,229.54,133.41,64.7,0.8,0.15
1267,40.544,0.494072,-0.149158,-0.043405,3,AVOID_RIGHT,66.16,73.83,70.84,68.23,61.48,233.75,131.7,65.94,0.8,0.15
1268,40.576,0.494393,-0.149173,-0.050833,3,AVOID_RIGHT,66.64,66.76,70.49,65.94,70.76,219.77,125.02,64.81,0.8,0.15
1269,40.608,0.49465,-0.149188,-0.060736,3,AVOID_RIGHT,59.15,73.42,59.9,63.59,65.26,222.32,128.04,66.93,0.8,0.15
1270,40.64,0.494971,-0.149208,-0.068163,3,AVOID_RIGHT,68.22,74.74,61.82,65.97,69.28,219.65,132.44,67.68,0.8,0.15
1271,40.672,0.495293,-0.149231,-0.07559,3,AVOID_RIGHT,62.68,61.56,67.63,64.26,69.54,238.62,123.91,70.96,0.8,0.15
1272,40.704,0.495613,-0.149257,-0.083018,3,AVOID_RIGHT,64.51,65.9,70.15,61.04,68.38,233.79,123.44,65.67,0.8,0.15
1273,40.736,0.49587,-0.14928,-0.092921,3,AVOID_RIGHT,69.23,63.93,67.92,66.85,71.51,218.89,117.8,70.6,0.8,0.15
1274,40.768,0.496254,-0.149317,-0.102824,4,FOLLOWING,68.57,66.27,72.17,73.79,67.11,233.7,122.11,66.85,-1.9136,3.14
1275,40.8,0.496639,-0.149345,-0.038454,4,FOLLOWING,65.14,61.66,67.77,66.02,68.84,226.12,142.16,65.53,-1.5493,3.14
1276,40.832,0.497154,-0.149349,0.020965,4,AVOID_RIGHT,62.16,64.73,64.52,71.06,62.99,229.08,152.46,67.61,0.8,0.15
1277,40.864,0.497476,-0.149344,0.013537,4,AVOID_RIGHT,67.21,67.65,71.01,72.52,71.54,221.61,150.66,75.26,0.8,0.15
1278,40.896,0.497798,-0.14934,0.00611,4,AVOID_RIGHT,68.56,69.91,66.48,66.81,74.78,227.84,155.85,59.32,0.8,0.15
1279,40.928,0.498056,-0.14934,-0.003793,4,AVOID_RIGHT,66.3,69.77,72.24,65.27,66.31,245.33,157.57,73.09,0.8,0.15
1280,40.96,0.498377,-0.149342,-0.01122,4,AVOID_RIGHT,66.58,72.44,71.22,69.16,70.99,239.59,153.46,70.1,0.8,0.15
1281,40.992,0.498699,-0.149347,-0.018648,4,AVOID_RIGHT,64.44,73.26,69.2,70.73,71.34,227.36,151.02,58.55,0.8,0.15
1282,41.024,0.499021,-0.149354,-0.026075,4,AVOID_RIGHT,71.52,66.39,70.85,61.23,69.2,241.5,154.61,66.24,0.8,0.15
1283,41.056,0.499343,-0.149364,-0.033502,4,AVOID_RIGHT,67.79,68.64,70.9,67.72,64.16,255.8,142.01,63.8,0.6,-0.6
1284,41.088,0.499278,-0.149361,-0.050833,4,AVOID_RIGHT,64.86,62.53,66.47,69.45,69.96,251.33,148.3,65.41,0.6,-0.6
1285,41.12,0.499343,-0.149365,-0.068163,4,AVOID_RIGHT,67.74,66.72,66.67,65.73,65.8,251.77,140.99,66.1,0.6,-0.6
1286,41.152,0.499343,-0.149365,-0.083018,4,AVOID_RIGHT,65.4,66.57,72.47,65.14,66.03,258.17,129.13,70.42,0.6,-0.6
1287,41.184,0.499343,-0.149365,-0.097872,4,AVOID_RIGHT,65.8,65.06,68.43,71.67,67.77,264.94,131.52,73.03,0.6,-0.6
1288,41.216,0.499343,-0.149365,-0.112727,4,AVOID_RIGHT,62.76,67.92,68.17,65.49,65.7,266.41,117.47,68.75,0.6,-0.6
1289,41.248,0.499343,-0.149365,-0.127581,4,AVOID_RIGHT,66.84,67.75,64.04,69.64,69.32,257.69,108.91,58.8,0.6,-0.6
1290,41.28,0.499343,-0.149365,-0.142436,4,AVOID_RIGHT,65.19,68.54,64.36,64.89,60.86,268.41,118.23,67.2,0.6,-0.6
1291,41.312,0.499343,-0.149365,-0.157291,4,AVOID_RIGHT,70.69,66.68,68.6,68.81,70.12,260.94,118.63,68.4,0.6,-0.6
1292,41.344,0.499343,-0.149365,-0.172145,4,AVOID_RIGHT,62.17,67.22,68.83,61.2,64.04,256.58,108.37,66.21,0.6,-0.6
1293,41.376,0.499343,-0.149365,-0.187,4,AVOID_RIGHT,65.28,70.79,67.26,65.37,69.82,266.32,107.98,63.72,0.6,-0.6
1294,41.408,0.499343,-0.149365,-0.201854,4,AVOID_RIGHT,63.73,63.56,68.39,68.65,69.91,265.5,108.41,68.48,0.6,-0.6
1295,41.44,0.499343,-0.149365,-0.216709,4,AVOID_RIGHT,65.36,66.84,63.49,65.25,73.49,276.97,106.57,66.34,0.6,-0.6
1296,41.472,0.499343,-0.149365,-0.231564,4,AVOID_RIGHT,62.36,66.77,63.51,71.3,69.7,261.44,88.8,65.14,0.6,-0.6
1297,41.504,0.499343,-0.149365,-0.246418,4,AVOID_RIGHT,68.46,69.13,69.99,68.8,67.5,269.32,77.81,64.57,0.6,-0.6
1298,41.536,0.499343,-0.149365,-0.261273,4,AVOID_RIGHT,69.52,63.29,64.6,67.67,69.09,269.17,81.82,72.76,0.6,-0.6
1299,41.568,0.499343,-0.149365,-0.276128,4,AVOID_RIGHT,69.27,72.67,68.6,64.32,69.21,263.58,68.58,65.43,0.6,-0.6
1300,41.6,0.499343,-0.149365,-0.290982,4,AVOID_RIGHT,65.35,68.11,68.37,59.61,69.39,257.19,63.17,75.31,0.6,-0.6
1301,41.632,0.499281,-0.149346,-0.308313,4,AVOID_RIGHT,65.55,70.46,66.16,68.27,67.46,260.32,68.55,65.26,0.6,-0.6
1302,41.664,0.499342,-0.149366,-0.325643,4,AVOID_RIGHT,58.36,70.84,65.98,69.82,64.5,264.06,72.57,65.54,0.6,-0.6
1303,41.696,0.499342,-0.149366,-0.340498,4,AVOID_RIGHT,66.6,66.04,69.24,67.65,71.99,273.66,70.58,70.01,0.6,-0.6
1304,41.728,0.499342,-0.149366,-0.355352,4,AVOID_RIGHT,65.54,64.59,73.0,68.23,69.52,257.52,72.26,66.94,0.6,-0.6
1305,41.76,0.499342,-0.149366,-0.370207,4,AVOID_RIGHT,73.64,73.64,65.09,70.23,67.24,246.11,67.28,70.31,0.8,0.15
1306,41.792,0.499642,-0.149484,-0.377634,4,AVOID_RIGHT,66.13,67.42,70.8,65.64,67.37,253.31,68.34,68.93,0.6,-0.6
1307,41.824,0.499642,-0.149484,-0.392489,4,AVOID_RIGHT,64.29,71.7,72.45,71.66,65.69,243.64,67.28,65.19,0.8,0.15
1308,41.856,0.499939,-0.149608,-0.399916,4,AVOID_RIGHT,68.81,72.92,70.17,66.54,69.77,237.53,69.62,62.44,0.8,0.15
1309,41.888,0.500175,-0.149709,-0.409819,4,AVOID_RIGHT,65.45,63.99,64.68,64.86,72.64,239.65,67.8,71.1,0.8,0.15
1310,41.92,0.50047,-0.149839,-0.417246,4,AVOID_RIGHT,65.39,65.81,69.14,63.17,70.53,223.51,66.88,70.64,0.8,0.15
1311,41.952,0.500764,-0.14997,-0.424674,4,AVOID_RIGHT,63.18,72.68,63.38,65.24,61.01,231.31,63.54,66.63,0.8,0.15
1312,41.984,0.501057,-0.150104,-0.432101,4,AVOID_RIGHT,70.66,67.07,65.03,67.24,61.78,230.81,65.42,65.1,0.8,0.15
1313,42.016,0.501348,-0.15024,-0.439528,4,AVOID_RIGHT,72.37,65.69,65.03,65.74,69.97,226.06,67.17,65.9,0.8,0.15
1314,42.048,0.501581,-0.150351,-0.449431,4,AVOID_RIGHT,63.87,66.83,62.35,68.65,65.67,218.21,70.64,64.53,0.8,0.15
1315,42.08,0.50187,-0.150491,-0.456859,4,AVOID_RIGHT,67.55,67.57,67.8,64.22,60.88,222.07,68.76,68.41,0.8,0.15
1316,42.112,0.502216,-0.150664,-0.466762,4,AVOID_RIGHT,62.61,70.72,70.17,72.51,66.92,217.86,68.43,62.96,0.8,0.15
1317,42.144,0.502503,-0.150809,-0.474189,4,AVOID_RIGHT,63.77,66.56,69.98,68.75,63.88,222.85,70.54,69.69,0.8,0.15
1318,42.176,0.502731,-0.150928,-0.484092,4,AVOID_RIGHT,69.2,63.99,65.0,62.62,67.63,195.42,71.79,63.65,0.8,0.15
1319,42.208,0.503016,-0.151079,-0.491519,4,AVOID_RIGHT,72.05,70.37,68.6,65.01,71.59,207.67,70.85,65.35,0.8,0.15
1320,42.24,0.503299,-0.151232,-0.498947,4,AVOID_RIGHT,65.02,66.07,67.71,62.05,72.05,200.03,69.11,65.83,0.8,0.15
1321,42.272,0.503581,-0.151387,-0.506374,4,AVOID_RIGHT,69.37,64.82,63.52,66.57,65.39,201.8,64.61,66.96,0.8,0.15
1322,42.304,0.503805,-0.151513,-0.516277,4,AVOID_RIGHT,65.71,69.76,66.2,66.69,66.12,200.04,72.36,70.79,0.8,0.15
1323,42.336,0.504085,-0.151673,-0.523704,4,AVOID_RIGHT,70.67,61.03,73.44,72.16,65.13,194.97,67.89,67.26,0.8,0.15
1324,42.368,0.504363,-0.151835,-0.531132,4,AVOID_RIGHT,66.7,70.18,69.9,71.35,63.29,194.51,64.98,68.19,0.8,0.15
1325,42.4,0.50464,-0.151999,-0.538559,4,AVOID_RIGHT,68.17,64.56,63.62,66.54,64.59,176.69,68.4,63.02,0.8,0.15
1326,42.432,0.50486,-0.152132,-0.548462,4,AVOID_RIGHT,66.29,69.56,67.39,60.19,69.76,183.76,67.2,72.17,0.8,0.15
1327,42.464,0.505134,-0.152301,-0.555889,4,AVOID_RIGHT,68.46,67.28,71.26,65.99,61.24,177.7,64.38,69.88,0.8,0.15
1328,42.496,0.505407,-0.152472,-0.563317,4,AVOID_RIGHT,68.58,64.71,65.48,70.21,72.79,167.32,66.22,65.37,0.8,0.15
1329,42.528,0.505732,-0.15268,-0.57322,4,AVOID_RIGHT,67.91,64.97,71.97,64.54,67.95,173.97,66.17,70.84,0.8,0.15
1330,42.56,0.506002,-0.152855,-0.580647,4,AVOID_RIGHT,73.48,68.27,66.52,72.77,68.81,168.02,74.86,66.75,0.8,0.15
1331,42.592,0.506217,-0.152998,-0.59055,4,AVOID_RIGHT,65.49,65.93,72.18,66.59,68.4,159.75,63.05,67.83,0.8,0.15
1332,42.624,0.506483,-0.153178,-0.597978,4,AVOID_RIGHT,65.42,69.75,70.72,66.95,62.74,159.74,68.21,67.35,0.8,0.15
1333,42.656,0.506749,-0.15336,-0.605405,4,AVOID_RIGHT,69.16,73.64,67.47,65.44,69.76,167.41,65.35,68.65,0.8,0.15
1334,42.688,0.507013,-0.153544,-0.612832,4,AVOID_RIGHT,67.29,69.49,66.5,68.27,74.7,160.81,74.43,66.9,0.8,0.15
1335,42.72,0.507223,-0.153693,-0.622735,4,AVOID_RIGHT,66.9,65.39,70.09,67.82,70.84,153.23,71.95,74.44,0.8,0.15
1336,42.752,0.507483,-0.153882,-0.630163,4,FOLLOWING,69.09,65.75,60.75,70.8,78.06,152.5,67.44,62.36,-3.14,3.14
1337,42.784,0.507483,-0.153882,-0.550938,4,FOLLOWING,63.47,67.21,65.94,69.63,68.36,166.7,69.23,67.53,-3.14,3.14
1338,42.816,0.507483,-0.153882,-0.471713,4,FOLLOWING,68.28,64.41,64.49,65.73,68.97,173.88,62.2,59.89,-3.14,3.14
1339,42.848,0.507483,-0.153882,-0.392489,4,FOLLOWING,67.67,67.86,69.55,73.0,67.97,193.97,62.49,66.14,-3.14,3.14
1340,42.88,0.507483,-0.153882,-0.313264,4,FOLLOWING,71.21,68.22,70.49,64.13,68.48,198.89,65.68,59.9,-3.14,3.14
1341,42.912,0.507483,-0.153882,-0.234039,4,FOLLOWING,67.52,68.26,64.12,67.31,62.65,213.05,66.57,63.28,-3.0442,3.14
1342,42.944,0.507547,-0.153894,-0.157291,4,FOLLOWING,65.88,68.11,67.67,69.96,65.72,206.85,90.12,65.31,-2.6006,3.14
1343,42.976,0.507674,-0.15391,-0.083018,4,FOLLOWING,66.77,71.39,62.65,68.92,70.82,188.98,107.69,70.8,-2.173,3.14
1344,43.008,0.507996,-0.153926,-0.016172,4,FOLLOWING,70.55,66.08,66.62,68.4,63.6,176.37,132.73,69.27,-1.7933,3.14
1345,43.04,0.508446,-0.153919,0.045722,4,AVOID_RIGHT,66.48,66.48,71.08,70.23,68.88,181.49,151.73,67.71,0.8,0.15
1346,43.072,0.508768,-0.153906,0.038295,4,AVOID_RIGHT,71.43,63.42,69.66,63.18,73.11,182.82,141.94,68.49,0.8,0.15
1347,43.104,0.509025,-0.153897,0.028392,4,AVOID_RIGHT,72.6,66.88,62.66,71.2,65.52,172.73,138.08,61.87,0.8,0.15
1348,43.136,0.509347,-0.153889,0.020965,4,AVOID_RIGHT,67.51,64.68,65.36,65.1,61.6,192.16,141.27,64.12,0.8,0.15
1349,43.168,0.509733,-0.153883,0.011062,4,AVOID_RIGHT,61.77,67.48,61.63,66.83,74.27,186.56,143.6,67.6,0.8,0.15
1350,43.2,0.510055,-0.153881,0.003634,4,AVOID_RIGHT,69.38,65.22,66.25,68.16,61.75,194.89,133.46,72.66,0.8,0.15
1351,43.232,0.510377,-0.153881,-0.003793,4,AVOID_RIGHT,70.93,68.07,69.17,65.08,70.35,198.06,134.61,71.51,0.8,0.15
1352,43.264,0.510634,-0.153883,-0.013696,4,AVOID_RIGHT,63.32,71.38,65.13,68.44,65.02,203.2,134.92,66.63,0.8,0.15
1353,43.296,0.510956,-0.153888,-0.021123,4,AVOID_RIGHT,67.95,65.17,72.03,66.62,67.59,204.71,124.15,72.37,0.8,0.15
1354,43.328,0.511278,-0.153896,-0.028551,4,AVOID_RIGHT,65.51,67.09,68.39,66.92,58.87,212.88,134.37,61.16,0.8,0.15
1355,43.36,0.5116,-0.153907,-0.035978,4,AVOID_RIGHT,74.09,63.49,68.33,72.46,64.72,206.87,135.13,72.1,0.8,0.15
1356,43.392,0.511857,-0.153917,-0.045881,4,AVOID_RIGHT,67.4,67.44,65.41,65.29,62.67,212.34,124.54,65.96,0.8,0.15
1357,43.424,0.512178,-0.153933,-0.053308,4,AVOID_RIGHT,68.22,69.19,69.97,65.69,68.74,214.66,122.95,66.48,0.8,0.15
1358,43.456,0.5125,-0.153952,-0.060736,4,AVOID_RIGHT,67.73,73.6,68.02,66.02,67.89,213.41,125.55,70.36,0.8,0.15
1359,43.488,0.512821,-0.153972,-0.068163,4,AVOID_RIGHT,73.9,66.53,65.96,65.21,66.64,218.33,123.29,66.98,0.8,0.15
1360,43.52,0.513078,-0.153991,-0.078066,4,FOLLOWING,62.35,66.68,70.22,73.66,64.3,214.88,112.91,70.47,-2.2819,3.14
1361,43.552,0.513399,-0.154006,-0.01122,4,FOLLOWING,69.4,67.7,67.34,72.18,71.41,217.62,140.38,69.26,-1.9026,3.14
1362,43.584,0.513785,-0.153997,0.05315,4,AVOID_RIGHT,65.72,65.36,68.55,69.24,64.57,193.74,163.32,68.61,0.8,0.15
1363,43.616,0.514107,-0.153982,0.045722,4,AVOID_RIGHT,70.73,65.95,74.07,71.3,68.77,202.84,158.66,65.09,0.8,0.15
1364,43.648,0.514428,-0.153968,0.038295,4,AVOID_RIGHT,66.23,67.94,68.75,64.96,63.12,210.2,148.69,68.77,0.8,0.15
1365,43.68,0.51475,-0.153957,0.030868,4,AVOID_RIGHT,68.74,65.3,65.79,68.13,66.12,204.4,148.33,66.43,0.8,0.15
1366,43.712,0.515007,-0.15395,0.020965,4,AVOID_RIGHT,69.05,70.44,66.47,61.32,62.97,203.83,158.36,64.36,0.8,0.15
1367,43.744,0.515329,-0.153945,0.013537,4,AVOID_RIGHT,63.62,68.86,63.15,68.77,67.18,215.32,157.55,62.35,0.8,0.15
1368,43.776,0.515715,-0.153941,0.003634,4,AVOID_RIGHT,69.49,61.69,72.45,71.75,69.44,214.88,146.75,67.16,0.8,0.15
1369,43.808,0.516037,-0.153941,-0.003793,4,AVOID_RIGHT,61.04,69.89,70.4,67.59,63.34,218.65,145.05,62.35,0.8,0.15
1370,43.84,0.516295,-0.153944,-0.013696,4,AVOID_RIGHT,68.82,70.23,67.59,69.09,70.99,214.39,144.55,69.62,0.8,0.15
1371,43.872,0.516616,-0.153949,-0.021123,4,AVOID_RIGHT,66.7,66.2,63.95,64.58,68.18,226.92,146.75,70.83,0.8,0.15
1372,43.904,0.516938,-0.153957,-0.028551,4,AVOID_RIGHT,61.23,68.62,71.49,66.06,67.33,225.87,155.61,64.92,0.8,0.15
1373,43.936,0.51726,-0.153968,-0.035978,4,AVOID_RIGHT,65.72,73.65,70.09,67.83,64.43,224.46,134.9,64.44,0.8,0.15
1374,43.968,0.517581,-0.15398,-0.043405,4,AVOID_RIGHT,67.49,72.9,67.01,67.39,69.12,235.24,139.26,66.17,0.8,0.15
1375,44.0,0.517839,-0.153993,-0.053308,4,AVOID_RIGHT,63.82,64.58,68.46,64.57,68.35,227.76,145.21,68.31,0.8,0.15
1376,44.032,0.51816,-0.154011,-0.060736,4,AVOID_RIGHT,64.49,62.51,63.85,64.55,67.15,238.6,132.79,66.62,0.8,0.15
1377,44.064,0.518481,-0.154032,-0.068163,4,AVOID_RIGHT,68.94,68.48,62.55,68.41,62.39,236.54,138.89,66.65,0.8,0.15
1378,44.096,0.518802,-0.154055,-0.07559,4,AVOID_RIGHT,65.85,71.2,63.21,65.47,65.54,236.78,136.93,70.12,0.8,0.15
1379,44.128,0.519059,-0.154076,-0.085493,4,AVOID_RIGHT,69.98,60.26,70.5,67.05,66.31,250.12,125.24,66.1,0.6,-0.6
1380,44.16,0.519059,-0.154076,-0.100348,4,AVOID_RIGHT,70.81,67.44,66.76,61.24,68.05,255.36,122.92,65.2,0.6,-0.6
1381,44.192,0.519059,-0.154076,-0.115203,4,AVOID_RIGHT,62.15,62.37,67.98,66.05,67.55,248.65,117.64,65.61,0.8,0.15
1382,44.224,0.519442,-0.154122,-0.125106,4,AVOID_RIGHT,70.73,65.75,63.41,70.78,65.49,256.98,116.21,64.85,0.6,-0.6
1383,44.256,0.519442,-0.154122,-0.13996,4,AVOID_RIGHT,66.07,67.9,73.74,63.37,64.91,255.85,111.61,65.66,0.6,-0.6
1384,44.288,0.519442,-0.154122,-0.154815,4,AVOID_RIGHT,72.85,67.53,61.68,66.38,67.63,256.86,106.74,68.03,0.6,-0.6
1385,44.32,0.519442,-0.154122,-0.169669,4,AVOID_RIGHT,61.93,63.75,67.71,65.7,62.68,260.9,107.53,58.86,0.6,-0.6
1386,44.352,0.519442,-0.154122,-0.184524,4,AVOID_RIGHT,65.3,65.39,67.31,66.21,74.2,257.57,110.89,65.79,0.6,-0.6
1387,44.384,0.519442,-0.154122,-0.199379,4,AVOID_RIGHT,69.87,64.32,66.2,61.88,68.46,249.85,104.65,68.04,0.8,0.15
1388,44.416,0.519694,-0.154174,-0.209282,4,AVOID_RIGHT,70.29,64.93,70.13,69.09,63.2,258.64,106.8,70.4,0.6,-0.6
1389,44.448,0.519694,-0.154174,-0.224136,4,AVOID_RIGHT,70.48,66.39,67.0,65.56,68.45,260.97,93.81,66.7,0.6,-0.6
1390,44.48,0.519694,-0.154174,-0.238991,4,AVOID_RIGHT,67.27,65.05,68.18,69.09,60.66,265.3,90.59,72.82,0.6,-0.6
1391,44.512,0.519694,-0.154174,-0.253846,4,AVOID_RIGHT,68.89,61.93,65.31,63.46,68.11,269.56,82.6,68.09,0.6,-0.6
1392,44.544,0.519694,-0.154174,-0.2687,4,AVOID_RIGHT,64.71,69.57,72.25,74.51,66.59,250.69,81.01,69.34,0.6,-0.6
1393,44.576,0.519694,-0.154174,-0.283555,4,AVOID_RIGHT,67.15,63.68,73.19,66.77,68.44,257.45,64.73,66.54,0.6,-0.6
1394,44.608,0.519694,-0.154174,-0.298409,4,AVOID_RIGHT,67.6,60.91,69.27,62.39,64.68,260.1,66.99,71.69,0.6,-0.6
1395,44.64,0.519694,-0.154174,-0.313264,4,AVOID_RIGHT,63.47,63.03,62.69,66.95,64.57,252.14,68.53,68.37,0.6,-0.6
1396,44.672,0.519694,-0.154174,-0.328119,4,AVOID_RIGHT,64.22,64.52,65.63,72.84,64.07,260.92,66.81,69.47,0.6,-0.6
1397,44.704,0.519694,-0.154174,-0.342973,4,AVOID_RIGHT,61.55,67.73,63.9,61.74,70.64,248.68,70.73,68.82,0.8,0.15
1398,44.736,0.520057,-0.154306,-0.352876,4,AVOID_RIGHT,69.72,66.68,72.06,66.91,66.6,254.1,62.16,69.05,0.6,-0.6
1399,44.768,0.520057,-0.154306,-0.367731,4,AVOID_RIGHT,65.76,59.64,72.45,63.47,65.59,244.61,67.19,65.36,0.8,0.15
1400,44.8,0.520297,-0.1544,-0.377634,4,AVOID_RIGHT,67.29,64.84,68.21,61.65,60.85,244.86,72.47,70.67,0.8,0.15
1401,44.832,0.520596,-0.154519,-0.385061,4,AVOID_RIGHT,67.53,65.95,67.19,61.76,70.78,247.46,66.61,68.87,0.8,0.15
1402,44.864,0.520894,-0.154641,-0.392489,4,AVOID_RIGHT,65.49,68.23,69.29,65.9,64.87,235.91,65.04,69.29,0.8,0.15
1403,44.896,0.521191,-0.154766,-0.399916,4,AVOID_RIGHT,67.39,62.33,62.84,69.04,64.9,227.4,59.57,72.7,0.8,0.15
1404,44.928,0.521427,-0.154867,-0.409819,4,AVOID_RIGHT,64.04,68.36,59.39,69.36,63.7,227.61,69.07,60.5,0.8,0.15
1405,44.96,0.521722,-0.154996,-0.417246,4,AVOID_RIGHT,67.63,63.87,67.91,74.87,68.04,216.35,75.31,67.6,0.8,0.15
1406,44.992,0.522016,-0.155128,-0.424674,4,AVOID_RIGHT,68.92,67.02,67.68,73.01,67.57,225.74,72.22,65.24,0.8,0.15
1407,45.024,0.522309,-0.155262,-0.432101,4,AVOID_RIGHT,65.26,67.95,64.33,66.82,64.61,223.43,71.98,68.18,0.8,0.15
1408,45.056,0.5226,-0.155398,-0.439528,4,AVOID_RIGHT,62.77,65.75,67.82,70.13,67.12,225.86,67.46,65.92,0.8,0.15
1409,45.088,0.522833,-0.155508,-0.449431,4,AVOID_RIGHT,68.88,71.33,64.55,62.71,71.16,222.25,61.59,66.17,0.8,0.15
1410,45.12,0.523122,-0.155649,-0.456859,4,AVOID_RIGHT,69.77,65.92,72.88,66.92,69.68,218.94,63.84,58.15,0.8,0.15
1411,45.152,0.523411,-0.155792,-0.464286,4,AVOID_RIGHT,71.44,67.99,68.93,64.57,68.82,209.91,59.04,65.64,0.8,0.15
1412,45.184,0.523755,-0.155967,-0.474189,4,AVOID_RIGHT,68.15,65.93,68.63,59.06,66.49,215.65,69.86,66.25,0.8,0.15
1413,45.216,0.523984,-0.156086,-0.484092,4,AVOID_RIGHT,69.27,67.62,70.46,70.84,62.75,201.5,69.2,62.39,0.8,0.15
1414,45.248,0.524268,-0.156236,-0.491519,4,AVOID_RIGHT,67.06,67.01,68.45,66.68,64.81,205.52,68.16,69.47,0.8,0.15
1415,45.28,0.524551,-0.156389,-0.498947,4,AVOID_RIGHT,68.14,67.37,69.29,68.35,70.07,202.13,61.69,68.07,0.8,0.15
1416,45.312,0.524833,-0.156544,-0.506374,4,AVOID_RIGHT,68.37,68.84,72.34,67.53,66.79,185.86,67.62,72.94,0.8,0.15
1417,45.344,0.525058,-0.15667,-0.516277,4,AVOID_RIGHT,67.75,69.63,70.57,63.8,64.44,197.33,68.58,67.4,0.8,0.15
1418,45.376,0.525337,-0.15683,-0.523704,4,AVOID_RIGHT,68.82,71.67,71.94,63.58,74.75,199.0,64.98,70.04,0.8,0.15
1419,45.408,0.525615,-0.156992,-0.531132,4,AVOID_RIGHT,68.06,72.15,60.96,61.69,64.15,187.83,66.94,64.1,0.8,0.15
1420,45.44,0.525892,-0.157156,-0.538559,4,AVOID_RIGHT,67.79,70.5,69.69,67.38,63.44,171.86,68.21,67.14,0.8,0.15
1421,45.472,0.526112,-0.157289,-0.548462,4,AVOID_RIGHT,63.21,61.39,63.8,72.31,67.72,178.83,67.68,70.96,0.8,0.15
1422,45.504,0.526386,-0.157458,-0.555889,4,AVOID_RIGHT,66.98,70.8,65.18,67.14,71.31,171.9,68.14,66.38,0.8,0.15
1423,45.536,0.526659,-0.157629,-0.563317,4,AVOID_RIGHT,66.07,68.26,61.86,63.37,72.04,175.44,63.11,69.04,0.8,0.15
1424,45.568,0.526931,-0.157802,-0.570744,4,AVOID_RIGHT,66.15,69.34,67.96,61.16,68.94,159.44,64.64,69.0,0.8,0.15
1425,45.6,0.527255,-0.158012,-0.580647,4,AVOID_RIGHT,64.9,66.84,69.21,69.64,68.09,170.34,70.87,60.08,0.8,0.15
1426,45.632,0.527469,-0.158155,-0.59055,4,AVOID_RIGHT,66.59,66.67,65.48,67.46,71.88,162.13,67.58,64.92,0.8,0.15
1427,45.664,0.527736,-0.158335,-0.597978,4,AVOID_RIGHT,75.93,68.9,71.13,69.93,66.9,160.65,75.02,65.49,0.8,0.15
1428,45.696,0.528001,-0.158517,-0.605405,4,FOLLOWING,65.63,67.54,65.32,63.02,73.32,158.4,72.26,64.19,-3.14,3.14
1429,45.728,0.528001,-0.158517,-0.52618,4,FOLLOWING,70.08,64.9,66.21,66.37,68.38,171.83,67.66,70.78,-3.14,3.14
1430,45.76,0.528001,-0.158517,-0.446956,4,FOLLOWING,66.83,71.53,68.27,71.36,64.16,187.04,65.19,67.83,-3.14,3.14
1431,45.792,0.528001,-0.158517,-0.367731,4,FOLLOWING,64.42,70.61,74.91,71.21,65.71,197.13,62.03,65.04,-3.14,3.14
1432,45.824,0.528001,-0.158517,-0.288506,4,FOLLOWING,67.59,69.66,67.75,68.57,65.58,207.55,67.49,65.44,-3.14,3.14
1433,45.856,0.528001,-0.158517,-0.209282,4,FOLLOWING,66.07,67.15,60.63,69.22,68.17,200.37,79.96,72.46,-3.14,3.14
1434,45.888,0.528001,-0.158517,-0.130057,4,FOLLOWING,64.12,69.05,68.39,64.95,66.99,209.33,108.95,67.23,-3.085,3.14
1435,45.92,0.528001,-0.158517,-0.050833,4,FOLLOWING,65.03,63.31,68.1,67.5,67.04,191.58,121.37,68.06,-2.6252,3.14
1436,45.952,0.528194,-0.15852,0.020965,4,FOLLOWING,67.27,72.68,72.98,68.72,63.22,167.56,140.5,65.18,-2.2141,3.14
1437,45.984,0.528516,-0.158502,0.087811,4,AVOID_RIGHT,67.14,61.2,65.04,65.45,67.51,156.51,166.0,71.05,0.8,0.15
1438,46.016,0.528772,-0.158481,0.077907,4,AVOID_RIGHT,64.55,64.85,66.94,62.1,67.29,163.0,165.7,68.0,0.8,0.15
1439,46.048,0.529093,-0.158457,0.07048,4,AVOID_RIGHT,69.29,70.1,70.57,66.24,67.47,179.81,157.77,67.38,0.8,0.15
1440,46.08,0.529414,-0.158436,0.063053,4,AVOID_RIGHT,68.67,66.99,73.21,67.3,64.75,173.86,155.92,63.68,0.8,0.15
1441,46.112,0.529736,-0.158417,0.055626,4,AVOID_RIGHT,64.81,70.51,63.29,69.26,69.21,184.62,153.23,72.9,0.8,0.15
1442,46.144,0.529993,-0.158404,0.045722,4,AVOID_RIGHT,70.9,60.64,72.33,65.41,66.97,187.06,163.27,72.04,0.8,0.15
1443,46.176,0.530314,-0.15839,0.038295,4,AVOID_RIGHT,68.44,56.98,69.25,66.09,67.56,187.44,148.84,66.43,0.8,0.15
1444,46.208,0.530636,-0.158379,0.030868,4,AVOID_RIGHT,64.49,60.95,65.29,69.1,66.78,193.62,156.63,66.3,0.8,0.15
1445,46.24,0.530958,-0.15837,0.023441,4,AVOID_RIGHT,67.14,72.34,65.58,63.71,64.16,196.97,158.24,66.98,0.8,0.15
1446,46.272,0.531215,-0.158365,0.013537,4,AVOID_RIGHT,65.85,68.9,61.78,65.53,61.99,210.96,151.94,65.85,0.8,0.15
1447,46.304,0.531537,-0.158362,0.00611,4,AVOID_RIGHT,68.46,72.68,69.02,69.53,61.4,193.43,153.35,66.12,0.8,0.15
1448,46.336,0.531859,-0.158362,-0.001317,4,AVOID_RIGHT,67.77,69.63,66.89,63.96,68.9,208.69,156.6,66.76,0.8,0.15
1449,46.368,0.532245,-0.158364,-0.01122,4,AVOID_RIGHT,64.97,64.74,70.14,70.39,71.18,207.03,136.75,63.43,0.8,0.15
1450,46.4,0.532567,-0.158369,-0.018648,4,AVOID_RIGHT,66.58,72.22,65.92,68.44,64.31,211.44,139.29,67.4,0.8,0.15
1451,46.432,0.532824,-0.158375,-0.028551,4,AVOID_RIGHT,67.08,69.99,64.79,67.19,67.4,218.35,132.27,66.59,0.8,0.15
1452,46.464,0.533146,-0.158385,-0.035978,4,AVOID_RIGHT,68.54,65.0,62.96,72.24,67.07,216.94,133.46,72.35,0.8,0.15
1453,46.496,0.533467,-0.158398,-0.043405,4,AVOID_RIGHT,62.45,67.52,71.58,63.13,69.63,210.26,148.78,65.56,0.8,0.15
1454,46.528,0.533789,-0.158413,-0.050833,4,AVOID_RIGHT,71.74,68.93,69.88,70.88,69.51,221.87,143.1,61.23,0.8,0.15
1455,46.56,0.534046,-0.158428,-0.060736,4,AVOID_RIGHT,63.94,62.61,64.24,70.35,69.41,233.95,141.96,69.54,0.8,0.15
1456,46.592,0.534367,-0.158448,-0.068163,4,AVOID_RIGHT,70.13,71.29,66.79,67.9,67.76,217.67,131.8,64.55,0.8,0.15
1457,46.624,0.534688,-0.158471,-0.07559,4,AVOID_RIGHT,68.83,68.4,68.9,68.22,66.81,234.8,136.24,67.42,0.8,0.15
1458,46.656,0.535009,-0.158497,-0.083018,4,AVOID_RIGHT,66.1,76.76,69.45,67.42,68.76,234.45,129.55,65.43,0.8,0.15
1459,46.688,0.535266,-0.158519,-0.092921,4,AVOID_RIGHT,67.34,66.61,59.25,64.19,62.28,240.41,127.22,66.1,0.8,0.15
1460,46.72,0.535586,-0.158551,-0.100348,4,AVOID_RIGHT,61.18,66.97,67.23,63.95,68.36,229.25,114.39,65.22,0.8,0.15
1461,46.752,0.535906,-0.158584,-0.107775,4,AVOID_RIGHT,64.27,65.54,68.19,69.76,67.95,242.77,118.9,65.84,0.8,0.15
1462,46.784,0.53629,-0.158627,-0.117678,4,AVOID_RIGHT,67.07,66.2,67.52,67.67,68.61,243.77,121.72,64.38,0.8,0.15
1463,46.816,0.536545,-0.158659,-0.127581,4,FOLLOWING,71.03,63.11,71.3,67.44,69.73,240.67,109.77,66.31,-3.14,3.14
1464,46.848,0.536545,-0.158659,-0.048357,4,FOLLOWING,65.1,67.42,64.07,66.89,64.38,228.9,140.84,77.07,-2.8643,3.14
1465,46.88,0.53661,-0.15866,0.028392,4,AVOID_RIGHT,69.78,67.79,68.39,68.33,67.76,205.44,165.37,65.63,0.8,0.15
1466,46.912,0.536931,-0.158652,0.020965,4,AVOID_RIGHT,64.62,67.69,62.95,66.46,68.75,216.74,169.7,64.83,0.8,0.15
1467,46.944,0.537253,-0.158646,0.013537,4,AVOID_RIGHT,72.87,63.38,69.34,71.0,65.06,226.35,157.02,70.15,0.8,0.15
1468,46.976,0.537575,-0.158643,0.00611,4,AVOID_RIGHT,68.42,68.28,65.5,65.41,59.85,228.29,159.48,70.38,0.8,0.15
1469,47.008,0.537833,-0.158643,-0.003793,4,AVOID_RIGHT,70.25,64.0,68.16,67.24,68.16,225.14,166.32,62.98,0.8,0.15
1470,47.04,0.538154,-0.158645,-0.01122,4,AVOID_RIGHT,68.25,72.04,64.02,62.73,63.32,218.91,149.76,62.54,0.8,0.15
1471,47.072,0.538541,-0.158651,-0.021123,4,AVOID_RIGHT,63.43,66.89,68.6,66.94,67.4,231.23,148.81,72.23,0.8,0.15
1472,47.104,0.538862,-0.158659,-0.028551,4,AVOID_RIGHT,69.63,63.92,68.38,72.78,64.84,239.85,155.66,70.5,0.8,0.15
1473,47.136,0.539184,-0.15867,-0.035978,4,AVOID_RIGHT,68.99,72.98,66.23,68.21,65.16,241.88,150.88,68.58,0.8,0.15
1474,47.168,0.539441,-0.15868,-0.045881,4,AVOID_RIGHT,69.26,63.15,66.6,66.26,70.3,242.73,145.02,71.14,0.8,0.15
1475,47.2,0.539763,-0.158696,-0.053308,4,AVOID_RIGHT,65.62,58.87,61.19,68.73,70.52,239.96,144.85,70.24,0.8,0.15
1476,47.232,0.540084,-0.158714,-0.060736,4,AVOID_RIGHT,64.92,65.66,68.53,65.07,61.76,249.28,154.67,64.3,0.8,0.15
1477,47.264,0.540405,-0.158735,-0.068163,4,AVOID_RIGHT,68.48,61.27,61.26,71.16,69.6,254.23,139.62,69.92,0.6,-0.6
1478,47.296,0.540405,-0.158735,-0.083018,4,AVOID_RIGHT,72.36,62.63,63.57,67.86,73.51,256.43,137.9,68.05,0.6,-0.6
1479,47.328,0.540341,-0.158729,-0.100348,4,AVOID_RIGHT,68.55,64.57,68.87,64.74,66.4,257.81,137.98,68.66,0.6,-0.6
1480,47.36,0.540341,-0.158729,-0.115203,4,AVOID_RIGHT,68.41,64.62,66.92,65.66,63.86,268.43,127.1,63.54,0.6,-0.6
1481,47.392,0.540341,-0.158729,-0.130057,4,AVOID_RIGHT,67.2,66.28,64.98,67.54,65.29,257.71,122.48,71.15,0.6,-0.6
1482,47.424,0.540341,-0.158729,-0.144912,4,AVOID_RIGHT,68.58,64.55,64.56,72.77,68.06,281.24,124.56,64.8,0.6,-0.6
1483,47.456,0.540341,-0.158729,-0.159766,4,AVOID_RIGHT,70.37,67.83,62.8,67.98,60.6,271.26,113.63,65.6,0.6,-0.6
1484,47.488,0.540341,-0.158729,-0.174621,4,AVOID_RIGHT,67.88,66.0,68.79,72.13,65.53,266.01,112.44,68.58,0.6,-0.6
1485,47.52,0.540341,-0.158729,-0.189476,4,AVOID_RIGHT,67.23,69.8,68.52,67.1,68.9,273.71,120.34,69.2,0.6,-0.6
1486,47.552,0.540341,-0.158729,-0.20433,4,AVOID_RIGHT,68.64,65.63,64.57,64.88,64.95,281.11,109.54,65.57,0.6,-0.6
1487,47.584,0.540404,-0.158743,-0.221661,4,AVOID_RIGHT,66.83,71.23,62.55,68.21,67.72,275.78,104.6,66.12,0.6,-0.6
1488,47.616,0.540404,-0.158743,-0.236515,4,AVOID_RIGHT,70.27,66.1,64.0,64.77,66.82,273.43,103.6,70.65,0.6,-0.6
1489,47.648,0.540404,-0.158743,-0.25137,4,AVOID_RIGHT,63.1,65.55,68.95,65.8,69.58,276.39,91.18,60.38,0.6,-0.6
1490,47.68,0.540404,-0.158743,-0.266224,4,AVOID_RIGHT,69.3,62.71,68.01,70.74,71.02,268.62,85.77,70.82,0.6,-0.6
1491,47.712,0.540404,-0.158743,-0.281079,4,AVOID_RIGHT,66.45,69.96,69.15,66.89,67.38,272.38,79.15,70.25,0.6,-0.6
1492,47.744,0.540404,-0.158743,-0.295934,4,AVOID_RIGHT,70.84,67.39,65.63,67.43,64.12,279.25,67.59,67.0,0.6,-0.6
1493,47.776,0.540404,-0.158743,-0.310788,4,AVOID_RIGHT,67.1,68.41,61.05,65.49,66.68,281.62,64.5,65.32,0.6,-0.6
1494,47.808,0.540404,-0.158743,-0.325643,4,AVOID_RIGHT,62.19,70.45,65.07,68.05,65.48,267.34,66.01,67.31,0.6,-0.6
1495,47.84,0.540404,-0.158743,-0.340498,4,AVOID_RIGHT,65.74,60.76,68.91,63.31,66.45,262.28,63.69,62.75,0.6,-0.6
1496,47.872,0.540344,-0.158721,-0.357828,4,AVOID_RIGHT,65.82,65.79,65.99,64.71,69.64,261.25,68.03,66.65,0.6,-0.6
1497,47.904,0.540344,-0.158721,-0.372683,4,AVOID_RIGHT,66.72,65.6,68.39,73.47,63.94,258.09,67.99,65.03,0.6,-0.6
1498,47.936,0.540344,-0.158721,-0.387537,4,AVOID_RIGHT,65.55,60.97,69.3,69.68,63.5,262.92,70.93,60.67,0.6,-0.6
1499,47.968,0.540344,-0.158721,-0.402392,4,AVOID_RIGHT,66.42,66.84,65.19,70.83,69.15,260.04,63.7,68.46,0.6,-0.6
1500,48.0,0.540344,-0.158721,-0.417246,4,AVOID_RIGHT,64.15,67.07,67.14,62.54,66.72,250.03,70.1,69.36,0.6,-0.6
1501,48.032,0.540344,-0.158721,-0.432101,4,AVOID_RIGHT,72.57,61.79,69.04,60.79,67.59,242.2,65.89,70.19,0.8,0.15
1502,48.064,0.540635,-0.158857,-0.439528,4,AVOID_RIGHT,62.49,72.93,74.51,65.23,64.28,249.12,67.2,61.39,0.8,0.15
1503,48.096,0.540926,-0.158995,-0.446956,4,AVOID_RIGHT,69.47,73.92,68.29,69.48,69.8,243.31,70.67,66.29,0.8,0.15
1504,48.128,0.541215,-0.159136,-0.459334,4,AVOID_RIGHT,64.63,71.28,74.16,64.65,66.1,230.66,73.43,66.81,0.8,0.15
1505,48.16,0.541503,-0.159279,-0.466762,4,AVOID_RIGHT,68.31,70.6,63.32,62.84,75.38,241.79,66.86,69.14,0.8,0.15
1506,48.192,0.54179,-0.159425,-0.474189,4,AVOID_RIGHT,65.4,62.17,70.8,71.92,67.51,232.86,63.03,69.13,0.8,0.15
1507,48.224,0.542076,-0.159573,-0.481616,4,AVOID_RIGHT,66.38,71.47,67.99,67.13,65.68,238.4,60.22,63.48,0.8,0.15
1508,48.256,0.542361,-0.159724,-0.489044,4,AVOID_RIGHT,63.8,67.98,66.34,65.07,61.8,223.2,65.32,63.98,0.8,0.15
1509,48.288,0.542587,-0.159846,-0.498947,4,AVOID_RIGHT,68.35,69.13,66.38,64.96,69.52,225.58,73.14,70.57,0.8,0.15
1510,48.32,0.54287,-0.160001,-0.506374,4,AVOID_RIGHT,64.31,67.76,70.98,66.08,65.31,205.54,65.57,69.0,0.8,0.15
1511,48.352,0.54315,-0.160158,-0.513801,4,AVOID_RIGHT,70.37,66.53,67.64,69.56,65.79,219.86,69.28,64.86,0.8,0.15
1512,48.384,0.54343,-0.160317,-0.521229,4,AVOID_RIGHT,68.65,60.27,62.33,60.66,67.25,214.14,63.51,68.59,0.8,0.15
1513,48.416,0.543653,-0.160446,-0.531132,4,AVOID_RIGHT,63.52,68.95,69.65,67.11,65.44,204.48,69.18,69.59,0.8,0.15
1514,48.448,0.54393,-0.16061,-0.538559,4,AVOID_RIGHT,66.9,67.99,73.31,66.46,65.55,205.21,61.35,59.65,0.8,0.15
1515,48.48,0.544205,-0.160776,-0.545986,4,AVOID_RIGHT,66.85,66.89,61.89,67.97,65.21,192.89,76.08,66.23,0.8,0.15
1516,48.512,0.54448,-0.160945,-0.553414,4,AVOID_RIGHT,70.1,63.29,69.8,63.47,62.04,192.65,65.02,67.2,0.8,0.15
1517,48.544,0.544753,-0.161115,-0.565793,4,AVOID_RIGHT,72.21,67.38,66.76,72.25,68.68,198.51,65.74,70.94,0.8,0.15
1518,48.576,0.545024,-0.161289,-0.57322,4,AVOID_RIGHT,71.54,67.84,63.29,65.85,70.33,187.42,66.83,62.91,0.8,0.15
1519,48.608,0.545293,-0.161465,-0.580647,4,AVOID_RIGHT,71.51,65.18,64.12,65.99,70.58,186.36,74.96,66.54,0.8,0.15
1520,48.64,0.545562,-0.161642,-0.588074,4,AVOID_RIGHT,64.44,63.14,68.03,66.1,65.94,188.93,65.94,60.99,0.8,0.15
1521,48.672,0.545775,-0.161786,-0.597978,4,AVOID_RIGHT,61.67,71.05,64.21,71.48,67.13,184.31,70.85,71.98,0.8,0.15
1522,48.704,0.546041,-0.161968,-0.605405,4,AVOID_RIGHT,68.1,68.93,65.0,68.28,71.26,172.97,67.75,63.52,0.8,0.15
1523,48.736,0.546305,-0.162152,-0.612832,4,AVOID_RIGHT,68.84,62.93,65.8,70.73,69.01,171.41,72.41,65.57,0.8,0.15
1524,48.768,0.546567,-0.162338,-0.620259,4,AVOID_RIGHT,70.37,70.61,68.27,61.2,78.95,161.4,68.97,63.15,0.8,0.15
1525,48.8,0.546828,-0.162527,-0.627687,4,AVOID_RIGHT,66.44,60.73,66.16,65.76,75.5,160.84,70.42,65.25,0.8,0.15
1526,48.832,0.547036,-0.162679,-0.63759,4,AVOID_RIGHT,65.07,62.55,69.8,70.38,75.35,154.67,70.67,67.53,0.8,0.15
1527,48.864,0.547294,-0.162871,-0.645017,4,AVOID_RIGHT,64.58,72.32,70.62,63.45,82.14,153.29,67.95,65.48,0.8,0.15
1528,48.896,0.54755,-0.163066,-0.652444,4,AVOID_RIGHT,66.26,67.14,62.92,65.16,86.18,146.94,62.18,68.15,0.8,0.15
1529,48.928,0.547805,-0.163262,-0.659872,4,AVOID_RIGHT,69.79,68.93,70.07,75.13,82.65,143.02,64.69,67.13,0.8,0.15
1530,48.96,0.548058,-0.163461,-0.672251,4,FOLLOWING,74.03,69.8,66.15,69.95,85.05,146.46,66.03,64.99,-3.14,3.14
1531,48.992,0.548058,-0.163461,-0.593026,4,FOLLOWING,68.83,69.66,71.08,66.58,74.29,156.26,72.23,64.17,-3.14,3.14
1532,49.024,0.548058,-0.163461,-0.513801,4,FOLLOWING,66.26,66.04,66.87,72.35,63.62,170.84,68.58,64.0,-3.14,3.14
1533,49.056,0.548058,-0.163461,-0.434577,4,FOLLOWING,67.52,71.55,65.58,65.24,69.63,193.06,70.84,65.19,-3.14,3.14
1534,49.088,0.548058,-0.163461,-0.355352,4,FOLLOWING,67.42,66.86,69.99,62.76,69.12,204.97,64.89,59.83,-3.14,3.14
1535,49.12,0.548058,-0.163461,-0.276128,4,FOLLOWING,65.92,70.26,67.97,71.36,68.01,204.22,62.43,65.59,-3.14,3.14
1536,49.152,0.548058,-0.163461,-0.196903,4,FOLLOWING,67.85,69.0,66.4,64.68,66.29,207.27,90.97,72.68,-3.14,3.14
1537,49.184,0.548058,-0.163461,-0.117678,4,FOLLOWING,66.51,71.94,71.5,72.46,67.33,200.07,118.66,67.22,-3.14,3.14
1538,49.216,0.548058,-0.163461,-0.038454,4,FOLLOWING,66.87,65.62,62.52,65.95,65.98,182.84,135.24,69.35,-3.14,3.14
1539,49.248,0.548058,-0.163461,0.040771,4,FOLLOWING,64.98,70.08,64.27,69.35,64.89,169.6,141.61,69.41,-2.7963,3.14
1540,49.28,0.548187,-0.163451,0.115044,4,AVOID_RIGHT,66.14,68.6,65.21,67.0,63.8,149.42,173.26,64.68,0.8,0.15
1541,49.312,0.548507,-0.163415,0.107617,4,AVOID_RIGHT,74.98,62.95,63.43,69.01,65.73,156.64,170.77,69.77,0.8,0.15
1542,49.344,0.548827,-0.163382,0.100189,4,AVOID_RIGHT,69.1,69.2,66.79,67.65,69.48,154.91,168.66,61.69,0.8,0.15
1543,49.376,0.549083,-0.163357,0.090286,4,AVOID_RIGHT,63.83,68.35,70.37,70.92,74.29,154.7,165.45,64.46,0.8,0.15
1544,49.408,0.549404,-0.16333,0.082859,4,AVOID_RIGHT,69.25,65.39,66.12,67.94,67.45,168.33,168.93,68.54,0.8,0.15
1545,49.44,0.549725,-0.163304,0.075432,4,AVOID_RIGHT,69.09,68.54,64.6,67.06,65.81,167.42,169.42,71.12,0.8,0.15
1546,49.472,0.550046,-0.163281,0.068004,4,AVOID_RIGHT,70.48,67.77,67.3,73.89,71.43,173.25,161.45,60.57,0.8,0.15
1547,49.504,0.550303,-0.163265,0.058101,4,AVOID_RIGHT,66.58,73.31,68.96,63.82,66.4,180.64,161.85,73.26,0.8,0.15
1548,49.536,0.550624,-0.163247,0.050674,4,AVOID_RIGHT,67.42,64.59,66.46,65.77,67.19,187.38,162.08,63.75,0.8,0.15
1549,49.568,0.550945,-0.163232,0.043247,4,AVOID_RIGHT,59.91,63.54,71.66,63.8,67.81,183.21,160.13,67.07,0.8,0.15
1550,49.6,0.551267,-0.163219,0.035819,4,AVOID_RIGHT,61.99,73.48,70.71,74.48,66.18,190.41,154.93,66.03,0.8,0.15
1551,49.632,0.551589,-0.163209,0.028392,4,AVOID_RIGHT,65.89,68.23,76.47,63.23,65.97,195.39,155.08,70.07,0.8,0.15
1552,49.664,0.551846,-0.163203,0.018489,4,AVOID_RIGHT,68.93,64.25,70.47,63.81,68.63,204.53,156.57,67.65,0.8,0.15
1553,49.696,0.552232,-0.163198,0.008586,4,AVOID_RIGHT,68.9,64.91,65.69,67.11,64.56,206.71,152.06,65.65,0.8,0.15
1554,49.728,0.552554,-0.163196,0.001159,4,AVOID_RIGHT,71.31,67.79,65.96,67.72,69.2,206.75,153.32,64.38,0.8,0.15
1555,49.76,0.552876,-0.163197,-0.006269,4,AVOID_RIGHT,66.39,66.29,64.28,62.19,73.77,212.92,155.83,66.86,0.8,0.15
1556,49.792,0.553134,-0.1632,-0.016172,4,AVOID_RIGHT,69.73,72.39,64.61,71.6,62.31,217.13,141.48,59.43,0.8,0.15
1557,49.824,0.553455,-0.163206,-0.023599,4,AVOID_RIGHT,69.36,64.48,65.12,67.24,67.67,204.62,149.33,67.05,0.8,0.15
1558,49.856,0.553777,-0.163215,-0.031026,4,AVOID_RIGHT,63.11,63.87,73.79,68.74,59.26,216.01,150.61,66.29,0.8,0.15
1559,49.888,0.554099,-0.163226,-0.038454,4,AVOID_RIGHT,63.16,63.87,67.58,61.8,73.51,221.39,148.92,65.81,0.8,0.15
1560,49.92,0.554356,-0.163238,-0.048357,4,AVOID_RIGHT,65.31,71.74,65.5,66.63,69.78,223.91,152.36,70.6,0.8,0.15
1561,49.952,0.554677,-0.163254,-0.055784,4,AVOID_RIGHT,71.23,69.03,68.99,72.84,67.06,224.84,145.52,64.99,0.8,0.15
1562,49.984,0.554999,-0.163273,-0.063211,4,AVOID_RIGHT,67.01,65.78,69.37,67.92,66.7,236.43,142.66,66.27,0.8,0.15
1563,50.016,0.55532,-0.163295,-0.070639,4,AVOID_RIGHT,67.59,64.83,70.04,71.0,67.08,235.29,132.17,68.3,0.8,0.15
1564,50.048,0.555576,-0.163314,-0.080542,4,AVOID_RIGHT,68.74,70.41,64.5,70.08,69.87,230.42,136.12,65.6,0.8,0.15
1565,50.08,0.555897,-0.163341,-0.087969,4,AVOID_RIGHT,66.51,67.47,65.06,67.79,68.04,240.76,135.77,69.19,0.8,0.15
1566,50.112,0.556282,-0.163377,-0.097872,4,AVOID_RIGHT,67.81,65.83,65.25,69.64,68.82,229.16,123.87,66.79,0.8,0.15
1567,50.144,0.556602,-0.16341,-0.105299,4,AVOID_RIGHT,69.23,67.78,67.71,69.85,70.62,242.77,126.79,71.99,0.8,0.15
1568,50.176,0.556922,-0.163445,-0.112727,4,AVOID_RIGHT,69.98,68.36,66.35,60.94,69.51,251.01,126.33,66.63,0.6,-0.6
1569,50.208,0.556858,-0.163437,-0.130057,4,AVOID_RIGHT,67.08,64.07,66.1,67.85,60.6,245.09,114.36,66.89,0.8,0.15
1570,50.24,0.557177,-0.16348,-0.137484,4,AVOID_RIGHT,75.34,68.99,73.67,67.16,65.33,253.66,117.56,66.48,0.6,-0.6
1571,50.272,0.557177,-0.16348,-0.152339,4,AVOID_RIGHT,65.05,69.3,66.74,66.93,71.38,262.78,114.91,67.12,0.6,-0.6
1572,50.304,0.557177,-0.16348,-0.167194,4,AVOID_RIGHT,57.86,59.1,71.04,71.32,69.23,245.56,106.23,69.26,0.8,0.15
1573,50.336,0.557494,-0.163535,-0.174621,4,AVOID_RIGHT,64.53,72.4,65.15,69.46,66.18,249.91,111.7,74.24,0.8,0.15
1574,50.368,0.557811,-0.163592,-0.182048,4,AVOID_RIGHT,71.56,64.83,63.68,71.06,67.92,256.07,69.27,68.31,0.6,-0.6
1575,50.4,0.557811,-0.163592,-0.196903,4,AVOID_RIGHT,63.46,67.76,65.84,74.19,70.33,253.2,66.58,68.97,0.6,-0.6
1576,50.432,0.557811,-0.163592,-0.211758,4,AVOID_RIGHT,70.31,69.76,66.86,69.22,67.27,254.31,69.9,67.13,0.6,-0.6
1577,50.464,0.557748,-0.163578,-0.229088,4,AVOID_RIGHT,61.07,74.54,72.73,63.78,63.75,255.29,69.56,68.92,0.6,-0.6
1578,50.496,0.557748,-0.163578,-0.243943,4,AVOID_RIGHT,64.08,63.27,66.63,66.19,70.52,254.96,71.3,70.51,0.6,-0.6
1579,50.528,0.557748,-0.163578,-0.258797,4,AVOID_RIGHT,66.0,68.79,68.52,68.11,73.36,256.03,64.34,64.27,0.6,-0.6
1580,50.56,0.557748,-0.163578,-0.273652,4,AVOID_RIGHT,63.67,66.06,67.53,67.69,71.12,252.36,75.37,68.61,0.6,-0.6
1581,50.592,0.557748,-0.163578,-0.288506,4,AVOID_RIGHT,66.99,66.17,67.03,65.69,65.14,262.87,67.28,69.28,0.6,-0.6
1582,50.624,0.55781,-0.163597,-0.305837,4,AVOID_RIGHT,65.49,69.44,70.29,60.79,66.79,255.15,63.08,69.55,0.6,-0.6
1583,50.656,0.55781,-0.163597,-0.320691,4,AVOID_RIGHT,71.2,67.34,63.64,66.12,67.27,267.94,65.63,63.88,0.6,-0.6
1584,50.688,0.55781,-0.163597,-0.335546,4,AVOID_RIGHT,69.6,68.72,71.05,68.93,65.06,260.63,69.51,66.81,0.6,-0.6
1585,50.72,0.55781,-0.163597,-0.350401,4,AVOID_RIGHT,66.2,63.82,61.42,65.41,66.35,238.33,70.23,68.75,0.8,0.15
1586,50.752,0.558111,-0.163708,-0.357828,4,AVOID_RIGHT,68.77,62.93,65.84,67.12,70.91,246.19,64.01,69.48,0.8,0.15
1587,50.784,0.558413,-0.163822,-0.365255,4,AVOID_RIGHT,68.67,61.16,69.68,71.25,68.18,239.83,66.3,70.17,0.8,0.15
1588,50.816,0.558653,-0.163915,-0.375158,4,AVOID_RIGHT,59.17,73.11,68.62,68.34,69.05,251.14,61.57,73.15,0.6,-0.6
1589,50.848,0.558653,-0.163915,-0.390013,4,AVOID_RIGHT,68.67,72.46,63.38,67.47,68.38,242.97,72.57,68.47,0.8,0.15
1590,50.88,0.55895,-0.164039,-0.39744,4,AVOID_RIGHT,59.67,62.7,64.87,67.2,65.4,231.25,67.32,72.19,0.8,0.15
1591,50.912,0.559246,-0.164164,-0.404868,4,AVOID_RIGHT,68.05,67.88,68.34,58.03,68.53,236.2,69.57,62.44,0.8,0.15
1592,50.944,0.559541,-0.164292,-0.412295,4,AVOID_RIGHT,63.24,65.05,68.16,62.01,66.48,232.16,63.54,72.05,0.8,0.15
1593,50.976,0.559777,-0.164397,-0.422198,4,AVOID_RIGHT,65.56,64.05,69.57,66.68,69.36,236.09,71.33,67.62,0.8,0.15
1594,51.008,0.56007,-0.16453,-0.429625,4,AVOID_RIGHT,62.56,72.77,67.66,66.4,67.43,233.25,69.86,64.44,0.8,0.15
1595,51.04,0.560362,-0.164665,-0.437053,4,AVOID_RIGHT,65.2,68.79,68.65,62.98,64.91,225.45,63.29,65.22,0.8,0.15
1596,51.072,0.560711,-0.16483,-0.446956,4,AVOID_RIGHT,69.38,66.58,69.18,72.3,68.1,222.12,66.81,68.31,0.8,0.15
1597,51.104,0.560943,-0.164942,-0.456859,4,AVOID_RIGHT,68.6,67.7,64.59,72.16,68.19,218.22,73.31,63.74,0.8,0.15
1598,51.136,0.561231,-0.165085,-0.464286,4,AVOID_RIGHT,69.38,71.4,63.68,64.22,67.37,226.86,69.14,66.31,0.8,0.15
1599,51.168,0.561518,-0.165231,-0.471713,4,AVOID_RIGHT,63.18,73.22,62.85,62.25,68.1,217.21,74.05,67.83,0.8,0.15
1600,51.2,0.561804,-0.165378,-0.479141,4,AVOID_RIGHT,69.9,63.18,72.67,67.98,67.94,219.27,63.25,66.9,0.8,0.15
1601,51.232,0.562032,-0.165498,-0.489044,4,AVOID_RIGHT,68.25,63.99,67.62,65.31,62.29,207.69,70.02,72.73,0.8,0.15
1602,51.264,0.562316,-0.16565,-0.496471,4,AVOID_RIGHT,72.35,65.31,60.13,66.08,65.38,212.54,68.85,65.63,0.8,0.15
1603,51.296,0.562598,-0.165804,-0.503898,4,AVOID_RIGHT,68.01,63.1,65.76,71.95,69.46,207.73,63.66,68.49,0.8,0.15
1604,51.328,0.56288,-0.165961,-0.511326,4,AVOID_RIGHT,61.95,64.91,67.02,67.11,67.61,207.79,72.43,65.62,0.8,0.15
1605,51.36,0.563104,-0.166088,-0.521229,4,AVOID_RIGHT,66.47,69.54,72.77,67.22,66.1,202.28,65.43,62.83,0.8,0.15
1606,51.392,0.563382,-0.166249,-0.528656,4,AVOID_RIGHT,69.41,70.78,62.89,68.7,69.31,184.43,72.34,65.16,0.8,0.15
1607,51.424,0.563659,-0.166413,-0.536083,4,AVOID_RIGHT,61.97,69.22,64.38,63.18,67.81,198.06,71.54,60.49,0.8,0.15
1608,51.456,0.563935,-0.166578,-0.543511,4,AVOID_RIGHT,69.63,68.34,70.07,65.92,64.73,184.04,60.83,76.45,0.8,0.15
1609,51.488,0.56421,-0.166746,-0.550938,4,AVOID_RIGHT,64.82,63.18,60.83,74.28,68.43,194.23,66.6,70.28,0.8,0.15
1610,51.52,0.564483,-0.166916,-0.563317,4,AVOID_RIGHT,67.46,69.58,68.81,68.54,61.13,176.75,67.97,62.76,0.8,0.15
1611,51.552,0.564755,-0.167089,-0.570744,4,AVOID_RIGHT,61.78,67.12,67.47,71.54,72.51,168.86,63.76,69.55,0.8,0.15
1612,51.584,0.565025,-0.167263,-0.578171,4,AVOID_RIGHT,67.51,69.58,73.73,65.72,72.22,175.24,72.31,67.74,0.8,0.15
1613,51.616,0.565294,-0.16744,-0.585599,4,AVOID_RIGHT,63.71,67.89,60.27,64.16,64.1,166.95,68.68,67.4,0.8,0.15
1614,51.648,0.565508,-0.167584,-0.595502,4,AVOID_RIGHT,66.96,67.53,63.27,66.25,67.92,164.55,67.73,70.04,0.8,0.15
1615,51.68,0.565774,-0.167765,-0.602929,4,AVOID_RIGHT,69.16,63.0,67.61,61.42,63.36,157.59,70.04,71.33,0.8,0.15
1616,51.712,0.566038,-0.167949,-0.610356,4,AVOID_RIGHT,76.86,69.51,71.04,64.45,66.1,160.06,64.46,64.45,0.8,0.15
1617,51.744,0.566301,-0.168134,-0.617784,4,AVOID_RIGHT,74.63,73.22,66.12,66.81,70.22,155.67,62.58,71.85,0.8,0.15
1618,51.776,0.56651,-0.168284,-0.627687,4,FOLLOWING,66.29,66.76,67.36,65.14,67.17,158.25,71.22,71.37,-3.14,3.14
1619,51.808,0.56651,-0.168284,-0.548462,4,FOLLOWING,66.89,70.7,67.47,64.92,69.75,167.84,64.12,66.98,-3.14,3.14
1620,51.84,0.56651,-0.168284,-0.469238,4,FOLLOWING,71.3,61.81,72.87,70.01,60.85,189.9,67.21,66.88,-3.14,3.14
1621,51.872,0.56651,-0.168284,-0.390013,4,FOLLOWING,65.58,64.98,66.57,72.55,65.23,196.92,70.03,69.65,-3.14,3.14
1622,51.904,0.56651,-0.168284,-0.310788,4,FOLLOWING,67.26,63.22,68.87,65.24,69.79,197.75,65.24,67.27,-3.14,3.14
1623,51.936,0.56651,-0.168284,-0.231564,4,FOLLOWING,60.84,59.12,66.83,69.99,70.92,198.2,64.78,68.52,-3.14,3.14
1624,51.968,0.56651,-0.168284,-0.152339,4,FOLLOWING,64.07,71.77,68.67,67.54,66.45,206.46,65.21,64.66,-3.14,3.14
1625,52.0,0.56651,-0.168284,-0.073114,4,FOLLOWING,63.69,65.08,75.07,61.53,65.81,191.79,64.5,63.58,-3.14,3.14
1626,52.032,0.56651,-0.168284,0.00611,4,FOLLOWING,67.75,71.67,67.14,68.06,68.97,175.39,148.8,69.5,-3.14,3.14
1627,52.064,0.56651,-0.168284,0.085335,4,AVOID_RIGHT,67.25,62.62,65.13,64.7,69.41,149.49,164.5,66.77,0.8,0.15
1628,52.096,0.566831,-0.168258,0.077907,4,AVOID_RIGHT,69.13,63.58,68.45,69.08,70.33,154.25,164.47,67.39,0.8,0.15
1629,52.128,0.567216,-0.16823,0.068004,4,AVOID_RIGHT,73.56,64.99,63.2,70.03,69.35,166.7,150.37,65.55,0.8,0.15
1630,52.16,0.567537,-0.168209,0.060577,4,AVOID_RIGHT,71.34,63.79,71.3,69.02,66.08,163.11,154.2,65.28,0.8,0.15
1631,52.192,0.567795,-0.168195,0.050674,4,AVOID_RIGHT,62.98,69.2,70.61,67.92,70.16,172.9,162.69,64.61,0.8,0.15
1632,52.224,0.568116,-0.16818,0.043247,4,AVOID_RIGHT,67.75,66.38,67.27,67.77,73.72,174.51,149.97,68.96,0.8,0.15
1633,52.256,0.568438,-0.168167,0.035819,4,AVOID_RIGHT,71.06,64.63,63.5,66.74,70.17,173.58,67.03,66.38,0.8,0.15
1634,52.288,0.568759,-0.168157,0.028392,4,AVOID_RIGHT,61.8,68.03,72.26,78.03,72.37,190.64,69.93,70.63,0.8,0.15
1635,52.32,0.569017,-0.168151,0.018489,4,AVOID_RIGHT,66.62,63.96,72.4,67.4,63.53,181.38,67.18,70.85,0.8,0.15
1636,52.352,0.569339,-0.168146,0.011062,4,AVOID_RIGHT,65.62,64.25,65.62,65.43,69.09,191.71,62.9,66.26,0.8,0.15
1637,52.384,0.56966,-0.168144,0.003634,4,AVOID_RIGHT,66.01,70.02,70.67,70.28,67.55,196.34,70.16,59.55,0.8,0.15
1638,52.416,0.569982,-0.168144,-0.003793,4,AVOID_RIGHT,63.64,69.37,68.01,64.7,65.95,202.74,65.14,66.4,0.8,0.15
1639,52.448,0.57024,-0.168146,-0.013696,4,AVOID_RIGHT,72.71,65.97,66.19,62.22,73.49,193.03,68.07,60.73,0.8,0.15
1640,52.48,0.570561,-0.168152,-0.021123,4,AVOID_RIGHT,60.65,67.25,64.06,63.82,66.22,200.9,65.41,66.86,0.8,0.15
1641,52.512,0.570883,-0.16816,-0.028551,4,AVOID_RIGHT,68.44,72.04,70.04,70.28,64.45,209.5,64.39,67.73,0.8,0.15
1642,52.544,0.571269,-0.168172,-0.038454,4,AVOID_RIGHT,65.77,63.08,71.26,65.3,67.23,213.43,66.08,66.62,0.8,0.15
1643,52.576,0.571526,-0.168184,-0.048357,4,AVOID_RIGHT,63.36,60.59,71.73,65.88,71.05,209.2,66.52,66.74,0.8,0.15
1644,52.608,0.571848,-0.1682,-0.055784,4,AVOID_RIGHT,68.56,66.01,60.95,65.9,70.14,216.81,64.65,68.71,0.8,0.15
1645,52.64,0.572169,-0.16822,-0.063211,4,AVOID_RIGHT,66.91,65.19,66.79,64.99,68.55,215.27,71.58,66.51,0.8,0.15
1646,52.672,0.57249,-0.168241,-0.070639,4,FOLLOWING,66.9,69.6,67.1,64.38,63.81,219.47,69.87,68.51,-3.14,3.14
1647,52.704,0.57249,-0.168241,0.008586,4,FOLLOWING,65.54,70.66,66.19,68.26,70.21,207.98,69.26,72.0,-3.14,3.14
1648,52.736,0.57249,-0.168241,0.087811,4,FOLLOWING,62.17,63.44,64.63,69.4,66.51,186.35,73.95,64.88,-3.14,3.14
1649,52.768,0.57249,-0.168241,0.167035,4,AVOID_RIGHT,65.63,63.23,67.76,64.88,68.93,163.11,228.07,69.52,0.8,0.15
1650,52.8,0.572744,-0.1682,0.157132,4,AVOID_RIGHT,67.21,63.64,68.65,67.49,70.39,161.9,226.64,67.91,0.8,0.15
1651,52.832,0.573062,-0.16815,0.149705,4,AVOID_RIGHT,67.76,60.71,67.43,64.8,66.14,167.49,219.95,63.89,0.8,0.15
1652,52.864,0.573381,-0.168104,0.142277,4,AVOID_RIGHT,67.93,65.09,66.12,60.39,67.16,169.56,214.62,68.66,0.8,0.15
1653,52.896,0.5737,-0.168059,0.13485,4,AVOID_RIGHT,64.16,67.08,66.49,67.16,71.14,182.81,67.58,66.1,0.8,0.15
1654,52.928,0.573955,-0.168026,0.124947,4,AVOID_RIGHT,69.62,74.19,70.06,66.78,72.91,188.08,68.73,72.38,0.8,0.15
1655,52.96,0.574274,-0.167987,0.11752,4,AVOID_RIGHT,72.5,66.47,67.58,64.23,66.35,191.83,69.59,71.46,0.8,0.15
1656,52.992,0.574594,-0.16795,0.110092,4,AVOID_RIGHT,67.76,74.08,68.36,66.25,68.82,202.37,62.17,67.01,0.8,0.15
1657,53.024,0.574978,-0.16791,0.100189,4,AVOID_RIGHT,69.26,62.6,68.79,64.49,64.76,199.77,64.24,66.16,0.8,0.15
1658,53.056,0.575299,-0.167879,0.092762,4,AVOID_RIGHT,63.99,69.95,66.43,61.84,65.79,195.37,65.55,62.99,0.8,0.15
1659,53.088,0.575555,-0.167856,0.082859,4,AVOID_RIGHT,69.05,72.31,70.5,70.78,67.52,202.23,70.48,69.72,0.8,0.15
1660,53.12,0.575876,-0.167831,0.075432,4,AVOID_RIGHT,63.0,64.56,66.52,65.13,69.13,218.48,71.91,70.78,0.8,0.15
1661,53.152,0.576197,-0.167808,0.068004,4,AVOID_RIGHT,69.35,58.89,68.32,63.35,68.83,214.71,69.6,64.09,0.8,0.15
1662,53.184,0.576518,-0.167787,0.060577,4,AVOID_RIGHT,68.66,67.54,70.97,69.04,64.89,233.48,64.81,72.77,0.8,0.15
1663,53.216,0.576775,-0.167773,0.050674,4,AVOID_RIGHT,58.24,71.63,64.28,73.25,65.97,219.41,66.18,67.93,0.8,0.15
1664,53.248,0.577097,-0.167758,0.043247,4,AVOID_RIGHT,68.51,69.93,66.29,62.87,71.44,227.53,68.8,62.55,0.8,0.15
1665,53.28,0.577418,-0.167745,0.035819,4,AVOID_RIGHT,69.03,66.31,65.56,64.74,64.82,239.72,63.07,67.97,0.8,0.15
1666,53.312,0.57774,-0.167734,0.028392,4,AVOID_RIGHT,76.56,71.51,67.57,63.95,67.65,232.59,64.8,69.33,0.8,0.15
1667,53.344,0.577997,-0.167728,0.018489,4,FOLLOWING,66.25,71.53,65.35,63.52,70.9,243.96,68.06,70.02,-3.14,3.14
1668,53.376,0.577997,-0.167728,0.097714,4,FOLLOWING,64.26,65.34,73.61,68.1,72.13,225.02,63.26,68.89,-3.14,3.14
1669,53.408,0.577997,-0.167728,0.176938,4,FOLLOWING,67.38,73.03,65.96,68.27,67.52,194.43,68.62,61.68,-3.1034,3.14
1670,53.44,0.57806,-0.167715,0.253687,4,AVOID_RIGHT,59.98,73.27,69.34,67.15,63.21,165.27,329.92,66.35,0.6,-0.6
1671,53.472,0.57806,-0.167715,0.238832,4,AVOID_RIGHT,76.52,74.17,67.19,65.99,70.48,168.53,317.19,70.85,0.6,-0.6
1672,53.504,0.57806,-0.167715,0.223978,4,AVOID_RIGHT,64.46,69.79,62.25,69.59,67.33,181.96,325.53,65.37,0.6,-0.6
1673,53.536,0.57806,-0.167715,0.209123,4,AVOID_RIGHT,73.0,69.53,66.74,68.9,66.23,183.55,71.73,72.6,0.8,0.15
1674,53.568,0.578375,-0.167649,0.201696,4,AVOID_RIGHT,74.93,62.63,66.06,69.38,65.94,192.18,70.14,71.95,0.8,0.15
1675,53.6,0.578691,-0.167586,0.194269,4,AVOID_RIGHT,66.68,70.79,66.84,71.0,70.81,183.93,68.63,66.37,0.8,0.15
1676,53.632,0.578944,-0.167537,0.184366,4,AVOID_RIGHT,73.35,67.57,68.65,67.0,67.14,197.52,64.6,69.24,0.8,0.15
1677,53.664,0.579261,-0.167479,0.176938,4,AVOID_RIGHT,64.28,70.36,66.61,62.64,65.6,219.1,67.58,65.48,0.8,0.15
1678,53.696,0.579578,-0.167424,0.169511,4,AVOID_RIGHT,70.74,64.15,63.69,64.47,68.7,204.18,70.0,67.25,0.8,0.15
1679,53.728,0.579895,-0.167371,0.162084,4,AVOID_RIGHT,67.58,68.43,69.27,74.16,69.09,224.72,67.66,67.38,0.8,0.15
1680,53.76,0.580149,-0.167331,0.152181,4,AVOID_RIGHT,73.0,67.98,67.1,63.12,66.68,228.51,69.23,65.54,0.8,0.15
1681,53.792,0.580468,-0.167283,0.144753,4,AVOID_RIGHT,62.51,67.71,71.17,69.13,69.59,231.29,65.42,68.27,0.8,0.15
1682,53.824,0.580786,-0.167238,0.137326,4,AVOID_RIGHT,65.2,71.02,72.67,60.34,62.09,231.23,67.47,65.63,0.8,0.15
1683,53.856,0.581169,-0.167187,0.127423,4,AVOID_RIGHT,68.39,66.24,67.58,62.79,66.23,244.3,73.74,68.48,0.8,0.15
1684,53.888,0.581488,-0.167147,0.119996,4,AVOID_RIGHT,58.78,61.85,65.19,60.36,66.74,258.5,62.81,71.73,0.6,-0.6
1685,53.92,0.581425,-0.167154,0.102665,4,AVOID_RIGHT,72.3,68.13,68.7,75.13,67.31,255.31,68.3,65.71,0.6,-0.6
1686,53.952,0.581425,-0.167154,0.087811,4,AVOID_RIGHT,67.23,64.91,67.06,68.75,64.99,265.42,65.43,64.91,0.6,-0.6
1687,53.984,0.581425,-0.167154,0.072956,4,AVOID_RIGHT,61.62,64.57,69.12,65.15,72.02,268.82,73.24,69.95,0.6,-0.6
1688,54.016,0.581425,-0.167154,0.058101,4,AVOID_RIGHT,68.04,65.87,66.64,70.5,70.09,287.87,67.61,67.29,0.6,-0.6
1689,54.048,0.581425,-0.167154,0.043247,4,AVOID_RIGHT,67.01,68.01,71.62,64.71,66.14,286.38,65.91,68.57,0.6,-0.6
1690,54.08,0.581425,-0.167154,0.028392,4,AVOID_RIGHT,60.91,66.7,64.53,62.6,66.21,280.87,65.92,67.39,0.6,-0.6
1691,54.112,0.581425,-0.167154,0.013537,4,AVOID_RIGHT,65.15,65.32,65.91,62.23,59.49,293.09,62.36,63.94,0.6,-0.6
1692,54.144,0.581425,-0.167154,-0.001317,4,AVOID_RIGHT,65.8,70.39,66.45,64.9,66.93,307.88,65.75,69.82,0.6,-0.6
1693,54.176,0.581425,-0.167154,-0.016172,4,AVOID_RIGHT,69.2,72.21,64.77,69.85,66.89,312.43,62.13,64.23,0.6,-0.6
1694,54.208,0.581425,-0.167154,-0.031026,4,AVOID_RIGHT,73.66,67.9,67.85,67.37,68.15,306.33,68.82,59.7,0.6,-0.6
1695,54.24,0.581425,-0.167154,-0.045881,4,AVOID_RIGHT,60.96,69.49,62.06,68.58,67.47,327.63,64.32,68.68,0.6,-0.6
1696,54.272,0.581425,-0.167154,-0.060736,4,AVOID_RIGHT,69.82,68.15,60.5,68.0,66.1,313.79,66.05,69.85,0.6,-0.6
1697,54.304,0.581425,-0.167154,-0.07559,4,AVOID_RIGHT,67.45,73.77,66.75,71.5,61.95,325.31,67.32,65.09,0.6,-0.6
1698,54.336,0.581425,-0.167154,-0.090445,4,AVOID_RIGHT,70.06,69.07,68.4,64.62,69.83,323.55,65.27,72.27,0.6,-0.6
1699,54.368,0.581425,-0.167154,-0.105299,4,AVOID_RIGHT,68.5,65.04,65.84,70.2,66.23,327.36,65.53,62.53,0.6,-0.6
1700,54.4,0.581488,-0.167161,-0.12263,4,AVOID_RIGHT,63.78,68.26,66.73,66.88,64.06,335.91,67.52,65.62,0.6,-0.6
1701,54.432,0.581488,-0.167161,-0.137484,4,AVOID_RIGHT,67.9,61.45,68.43,71.54,65.65,332.51,66.6,64.2,0.6,-0.6
1702,54.464,0.581425,-0.167152,-0.154815,4,AVOID_RIGHT,69.13,64.08,65.58,69.14,71.19,330.18,58.2,63.06,0.6,-0.6
1703,54.496,0.581425,-0.167152,-0.169669,4,AVOID_RIGHT,66.89,65.58,69.81,61.79,58.44,345.16,63.47,70.02,0.6,-0.6
1704,54.528,0.581425,-0.167152,-0.184524,4,AVOID_RIGHT,63.53,62.54,72.93,69.3,64.7,342.71,70.52,71.48,0.6,-0.6
1705,54.56,0.581425,-0.167152,-0.199379,4,AVOID_RIGHT,63.51,61.93,70.6,59.15,69.52,355.07,71.38,69.45,0.6,-0.6
1706,54.592,0.581425,-0.167152,-0.214233,4,AVOID_RIGHT,61.49,63.44,68.65,71.15,69.39,348.84,65.19,66.11,0.6,-0.6
1707,54.624,0.581425,-0.167152,-0.229088,4,AVOID_RIGHT,66.55,77.22,67.45,67.48,64.94,352.75,64.31,73.16,0.6,-0.6
1708,54.656,0.581425,-0.167152,-0.243943,4,AVOID_RIGHT,71.07,72.25,69.44,64.39,66.55,354.49,62.33,62.04,0.6,-0.6
1709,54.688,0.581425,-0.167152,-0.258797,4,AVOID_RIGHT,69.47,70.32,73.51,70.3,65.67,339.6,65.34,65.35,0.6,-0.6
1710,54.72,0.581425,-0.167152,-0.273652,4,AVOID_RIGHT,64.87,65.18,65.29,72.47,67.86,347.86,69.19,66.94,0.6,-0.6
1711,54.752,0.581425,-0.167152,-0.288506,4,AVOID_RIGHT,66.24,68.91,72.22,68.31,70.38,352.1,64.57,64.57,0.6,-0.6
1712,54.784,0.581425,-0.167152,-0.303361,4,AVOID_RIGHT,65.66,70.45,68.89,65.08,67.49,334.9,69.33,62.15,0.6,-0.6
1713,54.816,0.581425,-0.167152,-0.318216,4,AVOID_RIGHT,65.28,67.81,67.6,66.74,66.11,344.98,67.55,64.6,0.6,-0.6
1714,54.848,0.581425,-0.167152,-0.33307,4,AVOID_RIGHT,64.54,67.72,62.59,66.34,68.4,344.03,68.97,61.66,0.6,-0.6
1715,54.88,0.581425,-0.167152,-0.347925,4,AVOID_RIGHT,66.5,73.38,66.81,72.0,69.96,335.3,62.96,67.37,0.6,-0.6
1716,54.912,0.581425,-0.167152,-0.362779,4,AVOID_RIGHT,66.15,68.33,58.84,62.69,64.22,341.09,66.75,62.92,0.6,-0.6
1717,54.944,0.581425,-0.167152,-0.377634,4,AVOID_RIGHT,72.53,65.04,69.08,69.92,65.67,335.56,66.44,69.05,0.6,-0.6
1718,54.976,0.581484,-0.167176,-0.394964,4,AVOID_RIGHT,65.15,69.7,66.1,67.3,64.93,341.24,65.84,66.64,0.6,-0.6
1719,55.008,0.581484,-0.167176,-0.409819,4,AVOID_RIGHT,62.99,65.85,72.19,64.65,73.42,323.1,62.35,66.04,0.6,-0.6
1720,55.04,0.581426,-0.16715,-0.427149,4,AVOID_RIGHT,63.38,69.96,69.67,69.96,70.77,334.39,69.55,71.08,0.6,-0.6
1721,55.072,0.581426,-0.16715,-0.442004,4,AVOID_RIGHT,69.65,68.1,69.47,65.86,72.86,334.4,66.62,70.62,0.6,-0.6
1722,55.104,0.581426,-0.16715,-0.456859,4,AVOID_RIGHT,73.43,71.15,60.59,66.35,60.94,318.6,68.31,63.54,0.6,-0.6
1723,55.136,0.581426,-0.16715,-0.471713,4,AVOID_RIGHT,67.14,64.6,65.94,66.46,69.45,308.22,62.99,66.66,0.6,-0.6
1724,55.168,0.581426,-0.16715,-0.486568,4,AVOID_RIGHT,68.19,64.4,65.5,70.64,66.4,312.3,70.84,64.98,0.6,-0.6
1725,55.2,0.581426,-0.16715,-0.501423,4,AVOID_RIGHT,61.13,69.51,64.23,61.46,67.08,315.07,70.02,62.7,0.6,-0.6
1726,55.232,0.581426,-0.16715,-0.516277,4,AVOID_RIGHT,60.91,67.76,63.37,69.08,71.32,303.56,67.82,64.9,0.6,-0.6
1727,55.264,0.581426,-0.16715,-0.531132,4,AVOID_RIGHT,62.42,70.41,64.13,67.21,69.63,68.09,69.87,64.93,0.8,0.15
1728,55.296,0.581702,-0.167314,-0.538559,4,AVOID_RIGHT,66.46,64.54,70.28,69.34,69.56,63.15,71.31,67.37,0.8,0.15
1729,55.328,0.581978,-0.16748,-0.545986,4,AVOID_LEFT,72.86,66.42,72.87,71.3,68.76,66.56,66.18,69.59,0.15,0.8
1730,55.36,0.582254,-0.167646,-0.538559,4,AVOID_LEFT,66.98,71.72,68.97,68.51,66.81,65.93,71.61,62.72,0.15,0.8
1731,55.392,0.582531,-0.16781,-0.531132,4,AVOID_LEFT,69.08,65.04,72.3,68.61,63.46,67.08,65.16,66.38,0.15,0.8
1732,55.424,0.582809,-0.167972,-0.523704,4,AVOID_RIGHT,71.07,60.13,68.2,66.43,67.41,74.66,68.52,75.24,0.8,0.15
1733,55.456,0.583087,-0.168134,-0.531132,4,AVOID_RIGHT,65.63,67.49,68.64,63.56,70.99,64.62,70.34,69.84,0.8,0.15
1734,55.488,0.583308,-0.168266,-0.541035,4,AVOID_RIGHT,62.86,61.38,68.14,67.29,62.09,66.32,67.16,69.79,0.8,0.15
1735,55.52,0.583584,-0.168433,-0.548462,4,AVOID_RIGHT,63.38,70.09,63.05,67.52,70.62,67.19,71.83,66.05,0.8,0.15
1736,55.552,0.583858,-0.168602,-0.555889,4,AVOID_RIGHT,70.62,62.95,63.64,60.05,66.3,69.0,62.98,65.66,0.8,0.15
1737,55.584,0.58413,-0.168772,-0.563317,4,AVOID_RIGHT,62.97,65.13,71.19,69.38,72.38,67.73,65.19,68.86,0.8,0.15
1738,55.616,0.584347,-0.168911,-0.57322,4,AVOID_RIGHT,64.72,65.45,64.54,63.01,77.76,58.93,68.38,63.71,0.8,0.15
1739,55.648,0.584617,-0.169087,-0.580647,4,AVOID_RIGHT,62.3,72.41,59.76,61.16,76.78,60.89,69.49,71.32,0.8,0.15
1740,55.68,0.584886,-0.169264,-0.588074,4,AVOID_RIGHT,69.19,67.94,69.33,64.99,81.09,60.18,68.31,70.15,0.8,0.15
1741,55.712,0.585153,-0.169444,-0.595502,4,AVOID_RIGHT,69.64,64.48,67.21,69.28,81.75,60.73,70.07,67.57,0.8,0.15
1742,55.744,0.585365,-0.169589,-0.605405,4,AVOID_RIGHT,64.89,65.02,67.3,67.73,89.61,66.32,63.81,68.93,0.8,0.15
1743,55.776,0.585629,-0.169773,-0.612832,4,AVOID_RIGHT,65.09,69.88,70.24,65.69,86.07,63.13,65.74,64.56,0.8,0.15
1744,55.808,0.585892,-0.169959,-0.620259,4,AVOID_RIGHT,66.04,73.16,67.59,64.97,93.33,68.95,70.86,63.59,0.8,0.15
1745,55.84,0.586153,-0.170147,-0.627687,4,AVOID_RIGHT,66.69,62.02,65.35,67.0,96.64,62.63,67.39,67.68,0.8,0.15
1746,55.872,0.586464,-0.170376,-0.63759,4,AVOID_RIGHT,68.75,69.68,74.26,64.01,98.19,69.89,66.44,58.66,0.8,0.15
1747,55.904,0.586671,-0.17053,-0.647493,4,AVOID_RIGHT,67.06,67.35,66.58,66.52,98.37,63.04,68.95,61.17,0.8,0.15
1748,55.936,0.586926,-0.170725,-0.65492,4,AVOID_RIGHT,68.67,68.92,63.57,65.36,105.56,65.79,67.51,66.9,0.8,0.15
1749,55.968,0.587181,-0.170922,-0.662348,4,AVOID_RIGHT,69.18,69.16,65.68,67.36,105.31,66.38,71.51,65.24,0.8,0.15
1750,56.0,0.587434,-0.171121,-0.669775,4,AVOID_RIGHT,63.09,63.79,65.26,66.87,101.05,70.19,71.83,67.51,0.8,0.15
1751,56.032,0.587635,-0.171282,-0.679678,4,AVOID_RIGHT,69.03,64.63,63.74,67.12,103.86,67.13,65.41,60.83,0.8,0.15
1752,56.064,0.587885,-0.171485,-0.687105,4,AVOID_RIGHT,63.6,67.53,68.41,69.44,104.87,62.85,63.67,65.49,0.8,0.15
1753,56.096,0.588133,-0.17169,-0.694533,4,AVOID_RIGHT,69.25,62.19,64.72,62.86,110.02,66.24,70.31,66.13,0.8,0.15
1754,56.128,0.588379,-0.171897,-0.70196,4,AVOID_RIGHT,70.38,72.25,62.51,67.94,108.21,72.85,63.77,63.66,0.8,0.15
1755,56.16,0.588575,-0.172064,-0.711863,4,AVOID_RIGHT,61.72,68.05,67.59,70.22,106.99,70.95,69.21,66.85,0.8,0.15
1756,56.192,0.588818,-0.172275,-0.71929,4,FOLLOWING,65.69,65.62,69.59,67.97,113.25,63.34,64.04,67.59,-3.14,3.14
1757,56.224,0.588818,-0.172275,-0.640066,4,FOLLOWING,72.9,69.63,68.83,67.85,81.95,67.96,68.69,67.86,-3.14,3.14
1758,56.256,0.588818,-0.172275,-0.560841,4,FOLLOWING,67.71,74.54,67.79,68.49,64.91,66.2,65.84,68.3,-3.14,3.14
1759,56.288,0.588818,-0.172275,-0.481616,4,FOLLOWING,70.61,73.46,60.46,63.71,66.4,61.61,69.87,63.67,-3.14,3.14
1760,56.32,0.588818,-0.172275,-0.402392,4,FOLLOWING,62.76,65.14,69.8,75.18,72.5,68.73,68.22,67.28,-3.14,3.14
1761,56.352,0.588818,-0.172275,-0.323167,4,FOLLOWING,71.19,70.06,69.21,65.17,66.22,64.97,65.62,70.59,-3.14,3.14
1762,56.384,0.588818,-0.172275,-0.243943,4,FOLLOWING,66.35,65.29,64.77,70.87,65.98,238.52,64.47,72.01,-3.14,3.14
1763,56.416,0.588881,-0.172289,-0.167194,4,FOLLOWING,63.54,67.31,69.72,65.71,63.69,232.55,69.7,68.51,-3.14,3.14
1764,56.448,0.588881,-0.172289,-0.087969,4,FOLLOWING,68.76,71.18,70.79,69.35,64.38,224.95,63.2,64.88,-3.14,3.14
1765,56.48,0.588881,-0.172289,-0.008744,4,FOLLOWING,65.52,60.1,59.79,62.56,65.42,211.73,67.66,63.36,-3.14,3.14
1766,56.512,0.588881,-0.172289,0.07048,4,FOLLOWING,66.03,70.18,67.05,67.68,68.48,186.65,70.73,67.21,-3.14,3.14
1767,56.544,0.588881,-0.172289,0.149705,4,FOLLOWING,67.73,69.04,65.04,64.65,61.73,159.48,68.69,63.18,-3.14,3.14
1768,56.576,0.588818,-0.172301,0.226454,4,FOLLOWING,61.28,72.8,70.14,69.46,66.84,154.03,69.2,71.24,-3.14,3.14
1769,56.608,0.58888,-0.172284,0.308154,4,FOLLOWING,69.19,69.59,64.16,61.08,63.96,122.25,69.38,68.03,-2.7924,3.14
1770,56.64,0.58894,-0.172262,0.384903,4,FOLLOWING,67.32,71.88,62.81,74.26,66.78,110.83,63.01,59.62,-2.349,3.14
1771,56.672,0.589176,-0.172157,0.454224,4,FOLLOWING,69.19,72.03,65.02,62.45,67.4,104.15,66.05,66.11,-1.9545,3.14
1772,56.704,0.589517,-0.171976,0.518594,4,FOLLOWING,66.01,62.37,65.63,67.28,71.38,83.6,67.02,61.8,-1.592,3.14
1773,56.736,0.589956,-0.171708,0.578013,4,AVOID_RIGHT,65.53,69.17,69.18,68.12,68.89,67.85,364.88,65.53,0.6,-0.6
1774,56.768,0.589956,-0.171708,0.563158,4,AVOID_RIGHT,73.75,68.77,64.47,68.26,64.85,75.51,360.18,64.98,0.6,-0.6
1775,56.8,0.589956,-0.171708,0.548304,4,AVOID_RIGHT,65.86,68.43,65.91,66.29,65.23,77.12,372.75,64.95,0.6,-0.6
1776,56.832,0.590012,-0.171675,0.530973,4,AVOID_RIGHT,64.4,68.3,64.43,66.27,69.41,82.9,61.49,71.79,0.8,0.15
1777,56.864,0.590234,-0.171546,0.52107,4,AVOID_RIGHT,67.87,69.86,64.07,65.72,71.45,90.18,60.6,72.16,0.8,0.15
1778,56.896,0.590514,-0.171386,0.513643,4,AVOID_RIGHT,69.36,69.29,67.47,65.04,67.58,102.73,68.35,66.83,0.8,0.15
1779,56.928,0.590795,-0.171229,0.506216,4,AVOID_RIGHT,69.71,66.21,61.55,66.89,69.05,103.34,62.92,66.88,0.8,0.15
1780,56.96,0.591077,-0.171074,0.498788,4,AVOID_RIGHT,68.53,63.15,67.84,65.23,65.85,106.73,70.58,67.01,0.8,0.15
1781,56.992,0.591304,-0.170952,0.488885,4,AVOID_RIGHT,64.76,70.67,68.78,59.58,64.11,107.33,60.27,70.34,0.8,0.15
1782,57.024,0.591588,-0.170802,0.481458,4,AVOID_RIGHT,65.35,72.26,60.73,71.2,63.3,104.64,70.52,71.97,0.8,0.15
1783,57.056,0.591874,-0.170654,0.474031,4,AVOID_RIGHT,66.34,68.72,70.01,64.6,68.76,114.21,63.4,69.79,0.8,0.15
1784,57.088,0.592161,-0.170508,0.466603,4,AVOID_RIGHT,61.98,63.54,70.28,67.3,65.87,105.66,66.87,73.05,0.8,0.15
1785,57.12,0.592449,-0.170365,0.459176,4,AVOID_RIGHT,60.29,68.71,62.09,67.8,57.45,119.46,67.52,65.31,0.8,0.15
1786,57.152,0.592681,-0.170252,0.449273,4,AVOID_RIGHT,69.47,63.87,65.46,59.48,62.22,123.88,67.09,74.9,0.8,0.15
1787,57.184,0.592971,-0.170113,0.441846,4,AVOID_RIGHT,74.97,63.71,63.35,68.77,69.25,122.94,71.44,65.34,0.8,0.15
1788,57.216,0.593262,-0.169976,0.434418,4,AVOID_RIGHT,64.15,66.97,75.35,61.94,77.46,130.52,69.07,63.57,0.8,0.15
1789,57.248,0.593614,-0.169816,0.424515,4,AVOID_RIGHT,64.27,69.91,63.62,73.28,70.69,132.76,67.12,66.61,0.8,0.15
1790,57.28,0.593849,-0.169711,0.414612,4,AVOID_RIGHT,64.83,66.0,68.96,70.72,69.38,141.23,69.1,65.79,0.8,0.15
1791,57.312,0.594144,-0.169582,0.407185,4,AVOID_RIGHT,70.13,64.3,70.74,68.7,63.74,148.03,71.33,66.13,0.8,0.15
1792,57.344,0.59444,-0.169456,0.399757,4,AVOID_RIGHT,66.94,72.8,62.92,66.97,62.41,150.48,64.25,69.98,0.8,0.15
1793,57.376,0.594737,-0.169332,0.39233,4,AVOID_RIGHT,70.22,67.64,70.6,63.38,69.55,156.17,69.91,64.25,0.8,0.15
1794,57.408,0.594975,-0.169234,0.382427,4,AVOID_RIGHT,67.91,70.08,67.78,70.9,65.88,159.2,67.16,68.68,0.8,0.15
1795,57.44,0.595274,-0.169115,0.375,4,AVOID_RIGHT,71.01,70.91,68.85,65.55,67.85,173.15,71.13,67.07,0.8,0.15
1796,57.472,0.595574,-0.168999,0.367572,4,AVOID_RIGHT,65.14,70.07,65.5,70.05,67.18,181.17,69.53,65.94,0.8,0.15
1797,57.504,0.595875,-0.168884,0.360145,4,AVOID_RIGHT,68.48,66.66,70.01,70.43,67.96,177.6,62.84,67.6,0.8,0.15
1798,57.536,0.596116,-0.168794,0.350242,4,AVOID_RIGHT,67.05,71.46,65.11,67.37,62.59,199.34,70.52,71.96,0.8,0.15
1799,57.568,0.596419,-0.168685,0.342815,4,AVOID_RIGHT,66.11,73.66,66.3,64.67,69.68,198.88,71.75,68.02,0.8,0.15
1800,57.6,0.596722,-0.168578,0.335387,4,AVOID_RIGHT,69.59,65.99,63.74,70.4,64.68,214.33,64.93,68.59,0.8,0.15
1801,57.632,0.597027,-0.168473,0.32796,4,AVOID_RIGHT,67.53,69.0,66.17,75.76,76.03,211.46,72.56,70.46,0.8,0.15
1802,57.664,0.597393,-0.168351,0.318057,4,AVOID_RIGHT,72.53,60.17,70.68,68.31,64.93,225.43,63.33,67.81,0.8,0.15
1803,57.696,0.597638,-0.168271,0.308154,4,AVOID_RIGHT,69.46,66.41,71.87,66.68,65.53,230.14,65.33,66.81,0.8,0.15
1804,57.728,0.597945,-0.168175,0.300727,4,AVOID_RIGHT,67.98,69.66,62.06,69.13,67.06,234.95,68.98,66.99,0.8,0.15
1805,57.76,0.598253,-0.168081,0.293299,4,AVOID_RIGHT,67.37,67.72,61.17,71.9,66.45,261.14,67.76,61.74,0.6,-0.6
1806,57.792,0.598253,-0.168081,0.278445,4,AVOID_RIGHT,68.39,67.59,67.79,69.24,71.15,260.6,71.31,67.24,0.6,-0.6
1807,57.824,0.598253,-0.168081,0.26359,4,AVOID_RIGHT,67.28,68.06,64.32,68.55,62.15,271.99,65.58,69.83,0.6,-0.6
1808,57.856,0.598253,-0.168081,0.248736,4,AVOID_RIGHT,64.33,64.07,58.64,63.17,65.36,289.34,66.27,71.11,0.6,-0.6
1809,57.888,0.598253,-0.168081,0.233881,4,AVOID_RIGHT,68.98,66.05,64.66,62.77,67.31,303.92,66.88,67.73,0.6,-0.6
1810,57.92,0.598253,-0.168081,0.219026,4,AVOID_RIGHT,67.3,66.84,67.56,70.74,61.38,305.21,70.51,70.45,0.6,-0.6
1811,57.952,0.59819,-0.168094,0.201696,4,AVOID_RIGHT,62.89,70.68,65.75,66.51,66.24,322.76,62.61,67.05,0.6,-0.6
1812,57.984,0.59819,-0.168094,0.186841,4,AVOID_RIGHT,67.68,60.14,68.06,62.28,64.21,327.55,65.95,63.06,0.6,-0.6
1813,58.016,0.59819,-0.168094,0.171987,4,AVOID_RIGHT,71.19,66.8,66.08,71.2,65.48,336.85,70.37,70.23,0.6,-0.6
1814,58.048,0.59819,-0.168094,0.157132,4,AVOID_RIGHT,74.54,64.96,63.21,68.71,68.51,343.85,64.95,65.89,0.6,-0.6
1815,58.08,0.59819,-0.168094,0.142277,4,AVOID_RIGHT,70.31,68.27,65.18,70.81,67.01,360.13,68.57,74.4,0.6,-0.6
1816,58.112,0.59819,-0.168094,0.127423,4,AVOID_RIGHT,64.31,69.86,64.88,64.92,63.53,361.11,66.14,73.46,0.6,-0.6
1817,58.144,0.59819,-0.168094,0.112568,4,AVOID_RIGHT,69.54,65.91,67.03,68.3,66.95,372.44,66.76,68.96,0.6,-0.6
1818,58.176,0.59819,-0.168094,0.097714,4,AVOID_RIGHT,63.07,69.88,66.08,68.78,66.65,370.26,64.79,74.68,0.6,-0.6
1819,58.208,0.598254,-0.168088,0.080383,4,AVOID_RIGHT,70.93,68.65,64.84,67.94,67.09,391.84,68.96,70.71,0.6,-0.6
1820,58.24,0.598254,-0.168088,0.065529,4,AVOID_RIGHT,68.89,62.95,67.0,69.19,66.61,400.49,68.96,62.96,0.6,-0.6
1821,58.272,0.598254,-0.168088,0.050674,4,AVOID_RIGHT,69.7,63.43,66.85,66.05,62.3,436.75,73.16,66.83,0.6,-0.6
1822,58.304,0.598254,-0.168088,0.035819,4,AVOID_RIGHT,71.56,64.5,64.23,70.56,62.08,440.8,58.64,63.79,0.6,-0.6
1823,58.336,0.598254,-0.168088,0.020965,4,AVOID_RIGHT,65.3,64.46,65.3,60.24,70.52,468.03,70.05,65.09,0.6,-0.6
1824,58.368,0.598254,-0.168088,0.00611,4,AVOID_RIGHT,65.38,68.91,67.82,66.67,66.22,483.53,64.53,70.49,0.6,-0.6
1825,58.4,0.598254,-0.168088,-0.008744,4,AVOID_RIGHT,64.83,68.35,65.9,69.26,70.12,500.88,63.16,68.63,0.3,-0.7
1826,58.432,0.598061,-0.168086,-0.021123,4,AVOID_RIGHT,64.9,69.84,66.03,71.48,65.22,516.55,68.31,64.27,0.3,-0.7
1827,58.464,0.597997,-0.168084,-0.033502,4,AVOID_RIGHT,68.07,62.63,65.37,69.08,67.32,502.86,66.88,61.25,0.3,-0.7
1828,58.496,0.597804,-0.168076,-0.045881,4,AVOID_RIGHT,66.1,66.33,70.77,64.83,62.19,537.57,69.86,65.68,0.3,-0.7
1829,58.528,0.597675,-0.168069,-0.060736,4,AVOID_RIGHT,67.38,65.75,63.58,74.48,69.28,543.01,66.34,69.55,0.3,-0.7
1830,58.56,0.597611,-0.168065,-0.073114,4,AVOID_RIGHT,68.94,70.01,63.01,68.11,67.57,569.79,66.41,69.07,0.3,-0.7
1831,58.592,0.597418,-0.16805,-0.085493,4,AVOID_RIGHT,68.18,66.52,67.63,65.34,64.52,373.78,65.36,68.37,0.6,-0.6
1832,58.624,0.597418,-0.16805,-0.100348,4,AVOID_RIGHT,66.7,67.94,66.32,63.94,70.63,253.61,70.46,66.13,0.6,-0.6
1833,58.656,0.597418,-0.16805,-0.115203,4,AVOID_RIGHT,73.83,74.0,67.54,66.41,69.69,166.42,69.56,67.75,0.8,0.15
1834,58.688,0.597738,-0.168088,-0.12263,4,AVOID_RIGHT,68.87,65.69,67.36,72.24,66.08,117.33,64.75,67.75,0.8,0.15
1835,58.72,0.598057,-0.168128,-0.130057,4,AVOID_LEFT,65.1,77.09,67.46,68.49,64.15,73.04,70.34,65.26,0.15,0.8
1836,58.752,0.598376,-0.168169,-0.12263,4,AVOID_RIGHT,71.37,66.64,62.11,64.47,62.04,83.63,61.33,72.99,0.8,0.15
1837,58.784,0.598696,-0.16821,-0.130057,4,AVOID_RIGHT,66.61,67.26,63.69,65.06,69.11,69.43,76.37,68.38,0.8,0.15
1838,58.816,0.598951,-0.168244,-0.13996,4,AVOID_RIGHT,63.0,63.41,68.6,68.43,69.76,65.63,68.69,66.75,0.8,0.15
1839,58.848,0.599269,-0.16829,-0.147388,4,AVOID_RIGHT,69.25,71.24,65.8,67.08,73.0,70.92,71.87,68.36,0.8,0.15
1840,58.88,0.599588,-0.168339,-0.154815,4,AVOID_RIGHT,61.08,63.95,67.73,65.96,70.2,64.76,59.4,65.15,0.8,0.15
1841,58.912,0.599905,-0.16839,-0.162242,4,AVOID_LEFT,65.88,67.57,73.8,57.95,68.84,68.88,63.69,61.9,0.15,0.8
1842,58.944,0.600223,-0.16844,-0.154815,4,AVOID_RIGHT,67.84,66.69,64.63,68.14,59.56,65.53,72.08,71.08,0.8,0.15
1843,58.976,0.600477,-0.168481,-0.164718,4,AVOID_RIGHT,69.09,64.33,65.82,67.57,67.91,67.9,67.89,72.46,0.8,0.15
1844,59.008,0.600795,-0.168535,-0.172145,4,AVOID_LEFT,66.61,68.61,67.14,67.34,68.36,70.42,61.99,63.97,0.15,0.8
1845,59.04,0.601112,-0.168589,-0.164718,4,AVOID_LEFT,64.84,65.27,65.52,69.46,67.22,59.81,63.9,66.87,0.15,0.8
1846,59.072,0.60143,-0.168641,-0.157291,4,AVOID_RIGHT,61.86,63.77,70.61,66.87,64.26,59.98,72.22,68.03,0.8,0.15
1847,59.104,0.601747,-0.168692,-0.164718,4,AVOID_RIGHT,62.26,62.9,65.86,57.74,62.93,64.92,67.0,66.57,0.8,0.15
1848,59.136,0.602065,-0.168746,-0.172145,4,AVOID_LEFT,66.48,64.79,72.01,65.36,67.35,65.91,64.83,65.5,0.15,0.8
1849,59.168,0.602382,-0.1688,-0.164718,4,AVOID_LEFT,63.5,66.89,71.28,70.25,65.0,67.8,66.44,69.65,0.15,0.8
1850,59.2,0.6027,-0.168852,-0.157291,4,AVOID_RIGHT,66.59,64.34,68.08,69.1,69.06,72.49,63.89,71.58,0.8,0.15
1851,59.232,0.603017,-0.168903,-0.164718,4,AVOID_LEFT,66.62,68.6,66.09,65.96,59.69,68.6,66.81,63.21,0.15,0.8
1852,59.264,0.603272,-0.168944,-0.154815,4,AVOID_RIGHT,65.3,65.99,66.91,67.88,67.85,70.3,68.22,68.7,0.8,0.15
1853,59.296,0.603653,-0.169006,-0.164718,4,AVOID_RIGHT,62.39,65.91,66.6,64.39,67.86,65.07,63.34,63.58,0.8,0.15
1854,59.328,0.603907,-0.169049,-0.174621,4,AVOID_RIGHT,64.96,63.3,65.28,66.74,69.9,67.8,66.52,73.95,0.8,0.15
1855,59.36,0.604223,-0.169106,-0.182048,4,AVOID_RIGHT,61.23,64.28,67.35,65.31,61.23,69.78,67.36,68.24,0.8,0.15
1856,59.392,0.60454,-0.169166,-0.189476,4,AVOID_LEFT,69.78,69.55,67.3,70.27,60.11,67.78,62.96,73.0,0.15,0.8
1857,59.424,0.604856,-0.169225,-0.182048,4,AVOID_RIGHT,63.25,63.93,66.43,63.04,67.06,66.68,67.27,68.43,0.8,0.15
1858,59.456,0.605172,-0.169285,-0.189476,4,AVOID_LEFT,70.24,67.03,65.5,71.43,67.19,62.91,70.04,64.69,0.15,0.8
1859,59.488,0.605425,-0.169332,-0.179573,4,AVOID_LEFT,62.5,72.95,67.15,65.42,65.97,64.5,69.6,65.71,0.15,0.8
1860,59.52,0.605742,-0.169388,-0.172145,4,AVOID_LEFT,67.36,64.59,63.97,72.27,64.41,71.26,58.5,66.55,0.15,0.8
1861,59.552,0.60606,-0.169442,-0.164718,4,AVOID_LEFT,64.03,64.43,66.89,73.34,68.24,64.17,64.93,67.7,0.15,0.8
1862,59.584,0.606377,-0.169494,-0.157291,4,AVOID_LEFT,65.1,67.57,70.02,68.9,64.9,66.79,64.79,67.61,0.15,0.8
1863,59.616,0.606632,-0.169533,-0.147388,4,AVOID_LEFT,66.57,65.58,69.32,68.84,65.17,63.36,72.07,64.88,0.15,0.8
1864,59.648,0.60695,-0.169579,-0.13996,4,AVOID_LEFT,66.85,69.12,65.52,68.5,65.37,66.86,65.81,60.45,0.15,0.8
1865,59.68,0.607269,-0.169623,-0.132533,4,AVOID_RIGHT,64.98,63.18,62.72,71.01,66.75,72.8,67.9,63.05,0.8,0.15
1866,59.712,0.607588,-0.169666,-0.13996,4,AVOID_RIGHT,68.01,67.72,64.18,68.52,69.63,62.61,67.19,74.28,0.8,0.15
1867,59.744,0.607907,-0.169713,-0.147388,4,AVOID_LEFT,68.48,67.92,68.98,63.38,68.36,66.64,64.18,65.76,0.15,0.8
1868,59.776,0.608225,-0.169759,-0.13996,4,AVOID_RIGHT,65.3,65.21,69.2,66.92,67.39,70.27,67.53,63.93,0.8,0.15
1869,59.808,0.608544,-0.169805,-0.147388,4,AVOID_LEFT,68.84,70.64,69.49,68.1,67.91,67.72,66.15,61.24,0.15,0.8
1870,59.84,0.608862,-0.169851,-0.13996,4,AVOID_LEFT,73.97,69.35,65.25,65.99,65.02,65.43,67.21,60.21,0.15,0.8
1871,59.872,0.609117,-0.169885,-0.130057,4,AVOID_LEFT,63.2,68.6,66.56,69.84,69.36,64.03,70.97,63.39,0.15,0.8
1872,59.904,0.609437,-0.169926,-0.12263,4,AVOID_RIGHT,68.61,70.57,67.88,65.42,66.42,69.12,68.42,72.36,0.8,0.15
1873,59.936,0.609756,-0.169967,-0.130057,4,AVOID_RIGHT,64.77,61.27,62.49,68.27,70.87,65.55,74.71,62.81,0.8,0.15
1874,59.968,0.610011,-0.170001,-0.13996,4,AVOID_RIGHT,66.58,67.21,66.5,73.55,66.38,67.77,70.93,71.68,0.8,0.15
1875,60.0,0.61033,-0.170047,-0.147388,4,AVOID_RIGHT,66.86,61.64,67.67,65.11,70.97,64.58,62.75,63.62,0.8,0.15
1876,60.032,0.610711,-0.170106,-0.157291,4,AVOID_RIGHT,65.23,69.18,70.99,64.87,67.4,68.72,70.15,65.45,0.8,0.15
1877,60.064,0.611029,-0.170158,-0.164718,4,AVOID_RIGHT,65.71,60.53,66.6,63.32,64.36,66.47,67.31,59.77,0.8,0.15
1878,60.096,0.611283,-0.170201,-0.174621,4,AVOID_LEFT,66.5,72.69,63.16,66.05,68.3,64.45,64.54,63.17,0.15,0.8
1879,60.128,0.6116,-0.170255,-0.162242,4,AVOID_RIGHT,68.18,69.98,61.33,66.22,64.54,63.75,70.38,72.53,0.8,0.15
1880,60.16,0.611917,-0.170309,-0.174621,4,FOLLOWING,64.71,64.06,67.95,66.23,68.31,67.71,70.5,69.32,-3.14,3.14
1881,60.192,0.611917,-0.170309,-0.095396,4,FOLLOWING,70.09,61.76,63.68,67.66,65.8,63.65,62.77,68.18,-3.14,3.14
1882,60.224,0.611917,-0.170309,-0.016172,4,FOLLOWING,60.91,66.49,71.98,68.37,63.8,65.49,66.44,68.51,-3.14,3.14
1883,60.256,0.611917,-0.170309,0.063053,4,FOLLOWING,69.0,69.45,64.2,70.47,66.69,64.65,69.04,62.84,-3.14,3.14
1884,60.288,0.611917,-0.170309,0.142277,4,FOLLOWING,63.51,72.59,62.39,65.37,74.83,67.88,59.21,65.32,-3.14,3.14
1885,60.32,0.611917,-0.170309,0.221502,4,FOLLOWING,69.17,72.21,67.72,66.02,65.17,138.67,68.76,65.23,-3.14,3.14
1886,60.352,0.611917,-0.170309,0.300727,4,FOLLOWING,65.04,65.19,68.96,68.09,65.08,244.95,67.32,71.12,-3.14,3.14
1887,60.384,0.611917,-0.170309,0.379951,4,FOLLOWING,66.47,67.2,67.29,69.26,73.59,221.03,74.75,65.1,-3.14,3.14
1888,60.416,0.611917,-0.170309,0.459176,4,FOLLOWING,64.3,63.25,70.9,69.26,66.9,184.87,65.56,65.94,-2.7906,3.14
1889,60.448,0.611974,-0.170278,0.535925,4,FOLLOWING,68.71,72.26,61.47,70.34,66.3,145.62,67.31,67.0,-2.3473,3.14
1890,60.48,0.612245,-0.170105,0.602771,4,FOLLOWING,73.1,62.7,66.98,65.67,64.2,116.98,71.87,65.79,-1.9694,3.14
1891,60.512,0.612504,-0.169913,0.669616,4,FOLLOWING,64.62,67.1,66.59,67.12,67.79,105.42,67.31,68.02,-1.5911,3.14
1892,60.544,0.612898,-0.169582,0.729035,4,FOLLOWING,60.24,69.57,65.24,67.99,68.97,77.7,69.82,68.36,-1.2608,3.14
1893,60.576,0.613366,-0.16914,0.783502,4,FOLLOWING,71.08,64.56,63.43,69.43,67.45,68.86,73.14,57.37,-0.9619,3.14
1894,60.608,0.613855,-0.168628,0.835493,4,FOLLOWING,70.27,71.68,68.6,67.92,65.67,60.37,65.95,68.9,-0.6781,3.14
1895,60.64,0.614401,-0.167994,0.882532,4,FOLLOWING,64.38,69.72,66.55,69.19,64.6,66.21,66.59,65.36,-0.4252,3.14
1896,60.672,0.614917,-0.167335,0.929572,4,FOLLOWING,69.93,68.38,73.37,68.52,71.75,65.76,68.81,65.91,-0.1711,3.14
1897,60.704,0.615517,-0.166498,0.969184,4,FOLLOWING,63.2,71.88,61.65,61.64,70.7,66.82,67.59,61.62,0.0367,3.14
1898,60.736,0.616083,-0.165638,1.008797,4,FOLLOWING,67.26,64.3,65.86,65.84,62.84,64.74,67.96,65.24,0.2457,3.14
1899,60.768,0.616649,-0.164701,1.045933,4,FOLLOWING,66.3,65.5,68.83,63.82,69.38,66.06,95.07,64.26,0.4403,3.14
1900,60.8,0.617212,-0.163688,1.080594,4,FOLLOWING,67.23,67.24,64.29,68.77,73.39,72.22,108.97,69.82,0.6205,3.14
1901,60.832,0.61777,-0.1626,1.112779,4,FOLLOWING,66.7,58.43,71.53,65.45,68.78,65.48,117.55,66.98,0.7864,3.14
1902,60.864,0.618322,-0.161437,1.142488,4,FOLLOWING,67.52,65.83,73.87,65.3,70.47,68.04,118.39,67.78,0.938,3.14
1903,60.896,0.618867,-0.1602,1.169722,4,FOLLOWING,65.67,63.21,72.76,72.33,71.85,62.97,111.13,66.38,1.0753,3.14
1904,60.928,0.619404,-0.158889,1.194479,4,FOLLOWING,68.05,66.23,64.09,67.36,64.78,75.52,108.61,69.95,1.1984,3.14
1905,60.96,0.619908,-0.157566,1.219237,4,FOLLOWING,68.9,65.77,67.97,72.28,68.08,68.02,100.0,63.71,1.3224,3.14
1906,60.992,0.620379,-0.156231,1.243995,4,FOLLOWING,66.8,63.37,66.69,71.08,71.72,64.81,102.05,69.09,1.4476,3.14
1907,61.024,0.62086,-0.154763,1.263801,4,FOLLOWING,67.56,66.73,67.19,63.32,65.73,66.98,103.06,70.41,1.5433,3.14
1908,61.056,0.621313,-0.153285,1.283607,4,FOLLOWING,63.28,65.02,69.33,69.45,70.05,62.43,108.18,70.39,1.64,3.14
1909,61.088,0.621736,-0.1518,1.303413,4,FOLLOWING,67.47,66.86,64.87,68.35,65.29,68.15,95.75,70.76,1.7375,3.14
1910,61.12,0.622147,-0.150244,1.320744,4,FOLLOWING,69.48,64.41,63.4,73.29,73.75,67.02,97.58,71.75,1.8209,3.14
1911,61.152,0.622532,-0.148681,1.338074,4,FOLLOWING,74.96,70.02,71.09,69.95,64.44,64.05,99.28,68.21,1.9051,3.14
1912,61.184,0.622906,-0.14705,1.352929,4,FOLLOWING,69.2,64.14,69.21,66.65,71.82,63.74,89.87,71.15,1.9751,3.14
1913,61.216,0.623255,-0.145413,1.367783,4,FOLLOWING,62.0,66.45,65.47,67.22,71.85,70.42,96.6,70.13,2.0008,3.14
1914,61.248,0.623581,-0.143772,1.382638,4,FOLLOWING,64.45,67.42,69.61,65.18,68.41,68.23,100.07,68.15,2.0241,3.14
1915,61.28,0.623882,-0.142125,1.397492,4,FOLLOWING,64.64,63.17,68.04,64.77,61.48,66.3,102.99,70.01,2.048,3.14
1916,61.312,0.624171,-0.140411,1.409871,4,FOLLOWING,67.49,64.84,65.49,63.51,69.28,67.84,100.32,62.36,2.0616,3.14
1917,61.344,0.624427,-0.138757,1.424726,4,FOLLOWING,65.11,73.64,67.39,68.79,68.34,59.51,108.46,68.21,2.0864,3.14
1918,61.376,0.624669,-0.137036,1.437105,4,FOLLOWING,65.8,67.29,72.41,62.02,68.91,107.41,103.48,72.1,2.101,3.0958
1919,61.408,0.624884,-0.135377,1.447008,4,AVOID_RIGHT,64.36,65.79,65.07,64.64,62.9,395.9,108.51,69.93,0.6,-0.6
1920,61.44,0.624884,-0.135377,1.432153,4,AVOID_RIGHT,58.19,71.2,67.05,66.6,61.7,507.84,107.13,71.58,0.3,-0.7
1921,61.472,0.624865,-0.135504,1.42225,4,AVOID_RIGHT,66.45,62.39,63.13,69.67,62.5,537.13,100.01,62.93,0.3,-0.7
1922,61.504,0.624845,-0.135631,1.407396,4,AVOID_RIGHT,70.91,66.81,64.23,68.22,69.23,509.83,100.0,67.31,0.3,-0.7
1923,61.536,0.624824,-0.135758,1.397492,4,AVOID_RIGHT,64.3,64.81,65.71,64.64,67.09,493.73,85.31,71.83,0.6,-0.6
1924,61.568,0.624824,-0.135758,1.382638,4,AVOID_RIGHT,68.7,62.17,67.36,68.24,67.61,541.28,68.39,69.92,0.3,-0.7
1925,61.6,0.624799,-0.135884,1.367783,4,AVOID_RIGHT,71.45,66.78,68.02,67.08,66.99,517.67,58.89,70.62,0.3,-0.7
1926,61.632,0.624772,-0.13601,1.35788,4,AVOID_RIGHT,64.53,64.38,71.94,68.0,69.85,486.89,60.57,68.5,0.6,-0.6
1927,61.664,0.624772,-0.13601,1.338074,4,AVOID_RIGHT,66.54,65.0,68.06,73.16,62.71,512.27,66.76,75.36,0.3,-0.7
1928,61.696,0.624742,-0.136136,1.328171,4,AVOID_RIGHT,60.8,65.14,69.46,66.56,64.34,482.34,64.52,69.89,0.6,-0.6
1929,61.728,0.624742,-0.136136,1.313316,4,AVOID_RIGHT,62.29,68.62,66.32,68.27,72.76,471.66,71.57,71.83,0.6,-0.6
1930,61.76,0.624742,-0.136136,1.298462,4,AVOID_RIGHT,63.06,67.24,69.32,66.7,70.08,440.31,65.39,64.91,0.6,-0.6
1931,61.792,0.624742,-0.136136,1.283607,4,AVOID_RIGHT,72.01,63.58,67.2,72.01,74.22,439.09,67.36,66.58,0.6,-0.6
1932,61.824,0.624742,-0.136136,1.268752,4,AVOID_RIGHT,70.75,65.49,70.95,68.1,67.82,431.32,68.89,66.54,0.6,-0.6
1933,61.856,0.624742,-0.136136,1.253898,4,AVOID_RIGHT,72.67,61.66,71.63,65.47,65.41,418.85,66.52,68.64,0.6,-0.6
1934,61.888,0.624742,-0.136136,1.239043,4,AVOID_RIGHT,68.33,65.9,67.92,70.62,68.22,384.85,64.5,72.7,0.6,-0.6
1935,61.92,0.624742,-0.136136,1.224189,4,AVOID_RIGHT,59.58,68.34,67.53,69.09,65.11,378.76,72.97,66.94,0.6,-0.6
1936,61.952,0.624742,-0.136136,1.204382,4,AVOID_RIGHT,70.25,66.45,72.25,74.44,72.7,380.55,66.89,68.73,0.6,-0.6
1937,61.984,0.624742,-0.136136,1.189528,4,AVOID_RIGHT,64.55,63.33,64.13,65.73,69.07,355.6,67.33,69.34,0.6,-0.6
1938,62.016,0.624742,-0.136136,1.174673,4,AVOID_RIGHT,70.12,70.8,67.76,67.67,64.97,361.72,71.88,75.22,0.6,-0.6
1939,62.048,0.624742,-0.136136,1.159819,4,AVOID_RIGHT,69.22,64.86,69.1,67.68,61.52,357.4,61.85,65.72,0.6,-0.6
1940,62.08,0.624742,-0.136136,1.144964,4,AVOID_RIGHT,69.08,63.79,67.16,69.77,60.0,342.28,63.56,69.9,0.6,-0.6
1941,62.112,0.624742,-0.136136,1.130109,4,AVOID_RIGHT,67.5,70.15,67.73,69.4,67.95,340.87,71.73,70.91,0.6,-0.6
1942,62.144,0.624742,-0.136136,1.115255,4,AVOID_RIGHT,64.88,65.14,66.44,58.51,69.17,324.09,64.21,69.19,0.6,-0.6
1943,62.176,0.624742,-0.136136,1.1004,4,AVOID_RIGHT,65.6,72.04,66.21,73.21,66.56,311.26,68.86,66.44,0.6,-0.6
1944,62.208,0.624742,-0.136136,1.085546,4,AVOID_RIGHT,63.68,63.45,66.19,65.24,69.69,305.46,70.46,68.41,0.6,-0.6
1945,62.24,0.624742,-0.136136,1.070691,4,AVOID_RIGHT,64.3,76.15,62.02,69.01,69.15,290.03,66.19,67.62,0.6,-0.6
1946,62.272,0.624742,-0.136136,1.055836,4,AVOID_RIGHT,70.08,67.8,71.14,67.06,69.74,284.78,62.59,66.17,0.6,-0.6
1947,62.304,0.624742,-0.136136,1.040982,4,AVOID_RIGHT,75.33,65.75,66.95,73.09,66.45,265.88,62.69,66.52,0.6,-0.6
1948,62.336,0.624742,-0.136136,1.026127,4,AVOID_RIGHT,72.52,72.23,66.12,66.93,65.37,272.16,65.39,66.41,0.6,-0.6
1949,62.368,0.624742,-0.136136,1.011272,4,AVOID_RIGHT,67.4,65.31,63.12,69.67,63.19,255.86,66.86,68.4,0.6,-0.6
1950,62.4,0.624742,-0.136136,0.996418,4,AVOID_RIGHT,69.26,63.02,65.03,66.18,62.01,235.44,67.57,66.95,0.8,0.15
1951,62.432,0.624883,-0.13592,0.986515,4,AVOID_RIGHT,65.76,67.47,65.94,68.7,67.11,233.28,65.91,59.96,0.8,0.15
1952,62.464,0.625061,-0.135652,0.979087,4,AVOID_RIGHT,66.01,64.64,69.81,61.01,66.65,222.31,67.57,71.12,0.8,0.15
1953,62.496,0.625278,-0.135333,0.969184,4,AVOID_RIGHT,60.17,70.43,68.75,68.79,66.08,225.5,70.97,70.7,0.8,0.15
1954,62.528,0.625461,-0.135068,0.961757,4,AVOID_RIGHT,70.42,72.56,68.01,64.78,66.15,203.71,67.39,64.55,0.8,0.15
1955,62.56,0.62561,-0.134858,0.951854,4,AVOID_RIGHT,68.23,67.19,71.18,74.56,70.86,193.18,65.58,65.17,0.8,0.15
1956,62.592,0.625798,-0.134596,0.944427,4,AVOID_RIGHT,72.32,70.01,64.82,68.05,64.77,183.96,69.56,66.33,0.8,0.15
1957,62.624,0.625987,-0.134336,0.936999,4,AVOID_RIGHT,70.52,68.42,63.52,66.12,65.58,183.63,68.49,68.52,0.8,0.15
1958,62.656,0.626179,-0.134078,0.929572,4,AVOID_RIGHT,66.25,63.23,68.93,72.39,67.1,172.45,70.92,69.64,0.8,0.15
1959,62.688,0.626372,-0.13382,0.922145,4,AVOID_RIGHT,71.73,60.37,59.83,70.68,63.26,169.49,67.2,64.6,0.8,0.15
1960,62.72,0.626529,-0.133616,0.912242,4,AVOID_RIGHT,70.53,69.84,63.8,75.66,73.31,153.45,69.2,71.7,0.8,0.15
1961,62.752,0.626727,-0.133362,0.904814,4,AVOID_RIGHT,67.28,71.12,64.03,69.28,68.92,158.16,69.31,67.68,0.8,0.15
1962,62.784,0.626926,-0.13311,0.897387,4,AVOID_RIGHT,64.64,61.6,69.0,70.26,69.49,148.04,64.95,67.92,0.8,0.15
1963,62.816,0.627128,-0.132859,0.88996,4,AVOID_RIGHT,69.9,65.0,71.36,62.88,67.75,141.25,69.93,58.42,0.8,0.15
1964,62.848,0.627291,-0.13266,0.880057,4,AVOID_RIGHT,65.95,62.78,65.68,62.98,69.85,136.69,69.25,69.58,0.8,0.15
1965,62.88,0.627497,-0.132412,0.872629,4,AVOID_RIGHT,64.58,65.8,71.43,65.52,72.77,134.74,60.9,68.77,0.8,0.15
1966,62.912,0.627747,-0.132118,0.862726,4,AVOID_RIGHT,65.16,64.66,67.66,65.57,74.23,133.36,68.24,66.76,0.8,0.15
1967,62.944,0.627957,-0.131874,0.855299,4,AVOID_RIGHT,65.47,72.17,67.69,70.33,70.62,131.92,67.03,61.19,0.8,0.15
1968,62.976,0.628127,-0.131681,0.845396,4,AVOID_RIGHT,63.79,67.47,71.77,69.1,73.24,116.64,67.58,65.85,0.8,0.15
1969,63.008,0.628341,-0.131441,0.837969,4,AVOID_RIGHT,71.42,68.37,65.1,66.76,64.63,118.65,68.1,64.81,0.8,0.15
1970,63.04,0.628558,-0.131202,0.830541,4,AVOID_RIGHT,67.11,59.04,67.99,66.04,67.36,112.39,69.44,65.73,0.8,0.15
1971,63.072,0.628776,-0.130965,0.823114,4,AVOID_RIGHT,64.77,72.05,66.96,64.34,68.5,114.63,70.39,68.04,0.8,0.15
1972,63.104,0.628952,-0.130777,0.813211,4,AVOID_RIGHT,67.62,66.05,71.86,66.7,67.96,111.7,69.57,64.18,0.8,0.15
1973,63.136,0.629174,-0.130544,0.805784,4,AVOID_RIGHT,66.26,67.36,64.14,71.22,70.75,106.33,69.83,70.92,0.8,0.15
1974,63.168,0.629397,-0.130313,0.798356,4,AVOID_RIGHT,65.22,59.75,66.9,64.92,70.41,110.6,72.4,70.44,0.8,0.15
1975,63.2,0.629623,-0.130083,0.790929,4,AVOID_RIGHT,68.23,63.28,71.7,69.62,70.63,108.78,67.46,67.51,0.8,0.15
1976,63.232,0.62985,-0.129855,0.783502,4,AVOID_RIGHT,66.63,67.26,60.77,65.72,68.98,95.56,64.06,65.77,0.8,0.15
1977,63.264,0.630033,-0.129675,0.773599,4,AVOID_RIGHT,63.56,68.92,68.09,64.02,67.84,93.47,69.76,71.68,0.8,0.15
1978,63.296,0.630264,-0.12945,0.766171,4,AVOID_RIGHT,67.6,72.65,65.12,70.2,67.36,88.89,67.33,69.84,0.8,0.15
1979,63.328,0.630544,-0.129184,0.756268,4,FOLLOWING,64.08,67.17,60.56,66.96,62.35,83.67,62.79,74.79,-1.896,3.14
1980,63.36,0.630816,-0.12891,0.820638,4,FOLLOWING,70.88,65.69,67.43,64.75,63.22,103.53,67.11,66.46,-1.5383,3.14
1981,63.392,0.631156,-0.128523,0.880057,4,FOLLOWING,71.73,67.83,74.85,66.82,65.2,111.3,71.88,64.88,-1.2137,3.14
1982,63.424,0.631552,-0.128016,0.934524,4,FOLLOWING,68.0,63.26,66.14,70.75,70.19,116.79,65.56,67.03,-0.9215,3.14
1983,63.456,0.631958,-0.127436,0.986515,4,FOLLOWING,70.23,61.9,61.98,67.7,67.61,126.55,67.6,64.75,-0.6447,3.14
1984,63.488,0.632403,-0.126727,1.033554,4,FOLLOWING,63.34,68.26,63.67,67.56,71.25,134.83,68.98,63.7,-0.3997,3.14
1985,63.52,0.632847,-0.125943,1.078118,4,FOLLOWING,61.89,69.9,66.16,68.61,67.44,141.51,64.07,65.83,-0.1697,3.14
1986,63.552,0.633286,-0.125083,1.120206,4,FOLLOWING,65.24,63.2,62.67,65.59,69.65,144.95,65.75,60.95,0.0454,3.14
1987,63.584,0.633716,-0.124147,1.159819,4,FOLLOWING,68.48,69.47,64.41,68.43,67.23,138.64,62.64,66.26,0.2458,3.14
1988,63.616,0.634134,-0.123136,1.196955,4,FOLLOWING,66.85,67.1,63.54,66.38,65.97,131.48,67.53,65.3,0.4316,3.14
1989,63.648,0.634563,-0.12199,1.22914,4,FOLLOWING,67.47,66.63,69.82,63.93,72.43,141.66,68.92,70.72,0.5867,3.14
1990,63.68,0.634954,-0.120831,1.261325,4,FOLLOWING,58.17,61.31,65.23,68.91,62.64,149.84,66.49,68.82,0.7432,3.14
1991,63.712,0.635307,-0.119661,1.29351,4,FOLLOWING,76.66,66.02,64.81,67.61,59.2,148.77,70.44,70.83,0.8908,3.14
1992,63.744,0.63566,-0.118356,1.320744,4,FOLLOWING,67.63,67.07,69.71,71.07,68.55,143.34,65.89,69.92,0.9565,3.14
1993,63.776,0.635976,-0.117041,1.347977,4,FOLLOWING,65.56,65.27,66.16,68.43,71.37,139.47,69.88,63.8,1.023,3.14
1994,63.808,0.636257,-0.115719,1.375211,4,FOLLOWING,69.82,61.7,68.31,66.57,62.15,139.52,74.42,63.34,1.0903,3.14
1995,63.84,0.636515,-0.114327,1.399968,4,FOLLOWING,69.2,69.24,69.92,66.4,66.72,149.07,65.07,72.94,1.1472,3.14
1996,63.872,0.636727,-0.112992,1.427202,4,FOLLOWING,60.54,62.79,67.86,72.44,63.85,137.31,65.2,65.34,1.216,3.14
1997,63.904,0.636922,-0.111524,1.449484,4,FOLLOWING,69.87,69.57,63.97,62.98,69.42,146.82,69.56,64.06,1.2635,3.14
1998,63.936,0.637076,-0.110116,1.474241,4,FOLLOWING,71.23,61.23,61.16,67.04,66.64,138.86,70.29,71.3,1.3229,3.1301
1999,63.968,0.637199,-0.108705,1.494047,4,FOLLOWING,67.38,72.35,68.06,63.28,63.29,147.07,69.53,63.13,1.3642,3.0495
2000,64.0,0.637296,-0.107228,1.516329,4,FOLLOWING,64.55,70.7,65.4,62.58,66.27,136.87,68.46,69.62,1.4142,2.9582
2001,64.032,0.637359,-0.105813,1.536136,4,FOLLOWING,62.58,71.27,66.22,70.35,69.86,140.51,67.62,70.97,1.457,2.8756
2002,64.064,0.637394,-0.104398,1.555942,4,FOLLOWING,71.44,65.96,66.59,66.61,61.26,143.85,64.07,68.66,1.5007,2.7922
2003,64.096,0.637405,-0.102982,1.570796,5,FOLLOWING,68.5,58.51,62.31,67.34,64.87,137.83,73.69,69.36,3.14,1.7836
2004,64.128,0.637418,-0.101372,1.553466,5,FOLLOWING,65.89,70.88,66.53,71.53,72.12,142.86,69.52,66.98,3.14,1.8806
2005,64.16,0.63746,-0.099699,1.538611,5,FOLLOWING,73.04,61.1,64.23,72.73,65.9,140.42,68.4,63.1,3.14,1.9634
2006,64.192,0.637526,-0.098027,1.523757,5,FOLLOWING,69.79,58.65,59.67,63.23,65.98,137.49,65.2,59.91,3.14,2.0464
2007,64.224,0.637617,-0.096356,1.508902,5,FOLLOWING,70.18,63.4,62.35,69.16,68.76,136.48,69.86,66.63,3.14,2.1297
2008,64.256,0.637736,-0.094622,1.496523,5,FOLLOWING,65.29,69.92,66.31,67.36,61.63,138.29,67.26,70.18,3.14,2.1987
2009,64.288,0.637875,-0.092889,1.484144,5,FOLLOWING,63.77,67.7,68.91,65.45,66.62,147.41,70.1,70.36,3.14,2.2678
2010,64.32,0.63804,-0.091095,1.474241,5,FOLLOWING,65.24,65.05,65.29,62.78,63.77,140.06,64.42,65.35,3.14,2.3227
2011,64.352,0.638218,-0.089366,1.461862,5,FOLLOWING,66.24,68.96,65.16,70.43,73.6,134.88,64.33,62.93,3.14,2.3922
2012,64.384,0.638428,-0.087511,1.454435,5,FOLLOWING,66.94,66.73,63.02,69.66,63.99,133.86,66.66,64.75,3.14,2.433
2013,64.416,0.638646,-0.085722,1.444532,5,FOLLOWING,68.33,64.04,64.7,69.17,73.06,66.08,63.5,63.6,3.14,2.4883
2014,64.448,0.638888,-0.083871,1.437105,5,FOLLOWING,66.11,69.41,61.9,64.1,64.69,68.77,63.62,64.66,3.14,2.5294
2015,64.48,0.639144,-0.082022,1.429677,5,FOLLOWING,66.49,72.9,73.17,67.51,65.11,70.51,64.38,68.91,3.14,2.5706
2016,64.512,0.639413,-0.080175,1.42225,5,FOLLOWING,65.57,72.76,68.28,70.46,67.85,61.84,64.19,72.97,3.14,2.6119
2017,64.544,0.639697,-0.078329,1.414823,5,FOLLOWING,66.77,62.98,66.73,68.01,67.25,69.12,61.36,73.25,3.14,2.6534
2018,64.576,0.639993,-0.076486,1.407396,5,FOLLOWING,75.11,66.95,60.8,69.41,68.08,66.94,64.97,74.08,3.14,2.6949
2019,64.608,0.640312,-0.074582,1.402444,5,FOLLOWING,72.01,61.66,65.69,67.35,66.04,69.0,68.1,69.71,3.14,2.7222
2020,64.64,0.64064,-0.072679,1.397492,5,FOLLOWING,66.54,68.6,66.19,62.67,63.8,68.61,65.4,62.18,3.14,2.7496
2021,64.672,0.640978,-0.070777,1.392541,5,FOLLOWING,65.81,64.46,70.49,61.42,70.07,66.49,67.46,72.51,3.14,2.777
2022,64.704,0.641325,-0.068878,1.387589,5,FOLLOWING,66.16,65.07,65.84,60.69,68.62,69.94,69.03,66.5,3.14,2.8046
2023,64.736,0.641682,-0.06698,1.382638,5,FOLLOWING,68.3,64.06,70.04,64.42,67.65,66.68,65.76,70.21,3.14,2.8322
2024,64.768,0.642057,-0.06502,1.380162,5,FOLLOWING,70.23,70.12,62.8,66.23,68.67,68.93,64.41,63.3,3.14,2.8455
2025,64.8,0.642428,-0.063125,1.375211,5,FOLLOWING,68.13,70.42,72.02,70.3,70.05,70.63,73.74,66.58,3.14,2.8732
2026,64.832,0.642818,-0.061168,1.372735,5,FOLLOWING,67.02,64.19,68.63,73.04,73.2,65.2,62.37,60.15,3.14,2.8867
2027,64.864,0.643213,-0.059212,1.370259,5,FOLLOWING,63.34,72.47,69.84,59.02,68.8,65.01,69.94,66.19,3.14,2.9001
2028,64.896,0.643603,-0.057321,1.365307,5,FOLLOWING,65.58,73.09,64.0,61.25,76.46,60.07,67.9,68.35,3.14,2.9281
2029,64.928,0.644012,-0.055368,1.362832,5,FOLLOWING,60.94,65.1,67.67,66.48,69.76,69.36,66.66,63.19,3.14,2.9417
2030,64.96,0.644427,-0.053416,1.360356,5,FOLLOWING,63.35,69.44,66.39,62.53,63.76,68.58,67.69,67.86,3.14,2.9554
2031,64.992,0.644846,-0.051465,1.35788,5,FOLLOWING,67.88,64.7,74.19,64.19,74.33,67.51,73.58,67.64,3.14,2.9691
2032,65.024,0.645281,-0.049451,1.35788,5,FOLLOWING,66.89,66.55,61.16,69.68,67.45,65.39,70.14,67.35,3.14,2.9684
2033,65.056,0.645705,-0.047501,1.355404,5,FOLLOWING,65.51,59.15,69.0,68.59,65.86,67.54,65.39,71.07,3.14,2.9822
2034,65.088,0.646134,-0.045553,1.352929,5,FOLLOWING,66.67,66.16,65.37,67.55,65.58,66.51,71.69,66.09,3.14,2.996
2035,65.12,0.646568,-0.043605,1.350453,5,FOLLOWING,68.25,63.52,70.47,67.62,63.62,64.91,65.69,67.57,3.14,3.0099
2036,65.152,0.647007,-0.041658,1.347977,5,FOLLOWING,71.94,73.09,71.24,69.36,64.27,63.02,63.96,70.29,3.14,3.0238
2037,65.184,0.647462,-0.039649,1.347977,5,FOLLOWING,69.36,68.43,64.06,66.22,76.25,72.91,68.32,62.21,3.14,3.0233
2038,65.216,0.647905,-0.037704,1.345501,5,FOLLOWING,71.72,67.89,70.83,64.31,69.5,64.55,67.02,68.54,3.14,3.0373
2039,65.248,0.648365,-0.035696,1.345501,5,FOLLOWING,67.95,70.8,59.62,64.72,69.64,67.74,69.85,64.27,3.14,3.0369
2040,65.28,0.648813,-0.033751,1.343026,5,FOLLOWING,58.01,64.36,71.31,65.74,62.14,70.4,65.1,68.31,3.14,3.0509
2041,65.312,0.649279,-0.031745,1.343026,5,FOLLOWING,69.78,68.44,70.35,63.94,62.39,70.72,70.76,60.44,3.14,3.0505
2042,65.344,0.649732,-0.029801,1.34055,5,FOLLOWING,66.87,74.2,64.45,64.49,69.54,71.53,65.09,68.56,3.14,3.0646
2043,65.376,0.650202,-0.027796,1.34055,5,FOLLOWING,72.24,71.52,66.16,67.19,66.0,63.26,67.62,70.91,3.14,3.0643
2044,65.408,0.650659,-0.025854,1.338074,5,FOLLOWING,68.48,67.56,68.23,66.72,69.7,65.4,66.79,70.87,3.14,3.0784
2045,65.44,0.651117,-0.023911,1.34055,5,FOLLOWING,72.42,68.44,67.34,64.86,70.05,68.64,68.85,67.12,3.14,3.0638
2046,65.472,0.651587,-0.021906,1.34055,5,FOLLOWING,66.56,63.96,67.07,70.4,66.78,68.82,66.11,65.23,3.14,3.0634
2047,65.504,0.652045,-0.019964,1.338074,5,FOLLOWING,67.42,55.67,68.96,66.75,67.69,65.72,72.88,66.56,3.14,3.0775
2048,65.536,0.65252,-0.017959,1.338074,5,FOLLOWING,70.93,65.34,62.94,66.89,65.02,69.84,66.03,66.51,3.14,3.0773
2049,65.568,0.652995,-0.015955,1.338074,5,FOLLOWING,65.87,69.01,69.93,66.22,70.42,62.24,67.42,65.04,3.14,3.077
2050,65.6,0.653458,-0.014014,1.335598,5,FOLLOWING,72.76,61.78,66.39,67.49,60.95,70.26,69.12,63.96,3.14,3.0912
2051,65.632,0.653938,-0.012011,1.335598,5,FOLLOWING,70.53,75.11,65.22,67.2,71.13,70.63,65.93,67.1,3.14,3.091
2052,65.664,0.654418,-0.010008,1.335598,5,FOLLOWING,68.4,65.18,68.64,67.15,65.89,68.12,60.32,62.56,3.14,3.0908
2053,65.696,0.654885,-0.008068,1.333122,5,FOLLOWING,64.18,66.21,62.33,67.89,69.88,66.37,61.16,69.64,3.14,3.105
2054,65.728,0.65537,-0.006066,1.333122,5,FOLLOWING,66.17,65.32,66.85,67.29,72.95,71.93,70.04,60.56,3.14,3.1048
2055,65.76,0.655855,-0.004064,1.333122,5,FOLLOWING,67.49,58.86,69.65,71.17,69.16,62.45,66.7,69.79,3.14,3.1047
2056,65.792,0.65634,-0.002062,1.333122,5,FOLLOWING,64.72,64.74,67.98,68.56,67.99,67.36,66.95,68.43,3.14,3.1045
2057,65.824,0.656825,-6e-05,1.333122,5,FOLLOWING,64.63,69.32,75.2,64.18,62.03,68.49,65.8,64.22,3.14,3.1044
2058,65.856,0.65731,0.001942,1.333122,5,FOLLOWING,70.31,65.87,67.99,66.37,64.93,64.08,66.32,64.73,3.14,3.1042
2059,65.888,0.657782,0.003881,1.330647,5,FOLLOWING,67.83,63.75,68.99,68.27,69.67,71.0,66.77,74.19,3.14,3.1185
2060,65.92,0.658272,0.005881,1.330647,5,FOLLOWING,62.62,69.74,68.1,63.71,72.22,67.76,66.86,70.42,3.14,3.1184
2061,65.952,0.658762,0.007882,1.330647,5,FOLLOWING,62.78,72.32,66.75,61.17,69.9,71.81,64.19,63.19,3.14,3.1183
2062,65.984,0.659252,0.009883,1.330647,5,FOLLOWING,63.95,66.89,61.15,69.15,67.02,70.55,63.37,73.47,3.14,3.1182
2063,66.016,0.659742,0.011884,1.330647,5,FOLLOWING,63.19,72.64,70.06,75.36,71.42,63.12,73.09,68.08,3.14,3.1181
2064,66.048,0.660232,0.013884,1.330647,5,FOLLOWING,69.18,69.13,64.77,65.85,69.14,57.45,66.03,64.08,3.14,3.118
2065,66.08,0.660722,0.015885,1.330647,5,FOLLOWING,66.7,68.53,67.17,65.93,68.75,59.62,67.5,70.01,3.14,3.1179
2066,66.112,0.661199,0.017823,1.328171,5,FOLLOWING,64.11,64.55,62.5,71.38,65.95,71.58,67.62,64.73,3.14,3.1322
2067,66.144,0.661694,0.019822,1.328171,5,FOLLOWING,67.83,69.81,64.81,69.38,68.76,68.96,67.79,68.55,3.14,3.1322
2068,66.176,0.662189,0.021822,1.328171,5,FOLLOWING,68.07,61.77,70.73,65.68,69.33,62.15,69.48,65.54,3.14,3.1322
2069,66.208,0.662684,0.023821,1.328171,5,FOLLOWING,71.1,68.66,72.86,74.03,62.84,64.06,63.37,63.82,3.14,3.1321
2070,66.24,0.663179,0.025821,1.328171,5,FOLLOWING,66.7,71.14,61.06,63.22,70.46,73.18,67.6,73.27,3.14,3.1321
2071,66.272,0.663673,0.02782,1.328171,5,FOLLOWING,70.68,63.42,67.53,72.71,70.86,72.54,67.46,71.93,3.14,3.1321
2072,66.304,0.664168,0.02982,1.328171,5,FOLLOWING,66.99,64.24,62.73,66.55,70.58,71.69,68.15,68.97,3.14,3.132
2073,66.336,0.664663,0.031819,1.328171,5,FOLLOWING,69.48,66.74,71.71,65.75,59.65,67.04,63.63,60.2,3.14,3.132
2074,66.368,0.665158,0.033819,1.328171,5,FOLLOWING,71.67,63.04,65.13,66.96,68.01,74.79,67.35,69.0,3.14,3.132
2075,66.4,0.665653,0.035818,1.328171,5,FOLLOWING,64.31,67.42,71.31,64.93,63.42,61.99,70.87,65.7,3.14,3.1319
2076,66.432,0.666148,0.037818,1.328171,5,FOLLOWING,63.89,67.86,68.28,68.02,65.31,67.38,65.47,63.27,3.14,3.1319
2077,66.464,0.666643,0.039817,1.328171,5,FOLLOWING,63.63,65.99,71.05,70.49,63.91,66.46,67.15,67.74,3.14,3.1318
2078,66.496,0.667138,0.041817,1.328171,5,FOLLOWING,62.36,59.88,67.33,68.66,74.28,65.51,67.0,69.42,3.14,3.1318
2079,66.528,0.667632,0.043816,1.328171,5,FOLLOWING,67.83,68.58,66.59,71.15,68.48,70.01,69.41,69.66,3.14,3.1318
2080,66.56,0.668127,0.045816,1.328171,5,FOLLOWING,70.33,64.68,62.17,62.24,64.41,68.56,68.35,67.7,3.14,3.1317
2081,66.592,0.668622,0.047815,1.328171,5,FOLLOWING,68.5,62.72,62.43,65.62,66.43,72.83,70.39,73.1,3.14,3.1317
2082,66.624,0.669117,0.049815,1.328171,5,FOLLOWING,68.04,63.74,72.07,71.73,67.05,70.8,71.16,66.74,3.14,3.1317
2083,66.656,0.669612,0.051814,1.328171,5,FOLLOWING,63.64,73.08,65.09,75.16,64.93,69.13,61.73,66.24,3.14,3.1316
2084,66.688,0.670094,0.053751,1.325695,5,FOLLOWING,64.74,69.17,65.0,69.03,70.27,63.85,70.54,66.32,3.134,3.14
2085,66.72,0.670594,0.055749,1.325695,5,FOLLOWING,66.79,70.11,65.4,66.03,71.23,67.78,67.62,67.51,3.134,3.14
2086,66.752,0.671093,0.057747,1.325695,5,FOLLOWING,70.4,75.82,74.33,72.28,65.98,64.23,75.62,60.58,3.134,3.14
2087,66.784,0.671593,0.059746,1.325695,5,FOLLOWING,72.11,65.27,62.41,71.83,68.76,57.73,65.29,74.52,3.1339,3.14
2088,66.816,0.672093,0.061744,1.325695,5,FOLLOWING,64.6,68.93,68.25,71.93,65.89,64.69,65.6,64.66,3.1339,3.14
2089,66.848,0.672593,0.063742,1.325695,5,FOLLOWING,70.06,71.92,74.34,70.86,60.78,64.97,64.62,64.13,3.1339,3.14
2090,66.88,0.673093,0.06574,1.325695,5,FOLLOWING,66.62,65.55,64.56,64.24,68.56,64.55,64.89,63.78,3.1338,3.14
2091,66.912,0.673593,0.067739,1.325695,5,FOLLOWING,66.72,71.36,65.33,68.18,67.85,67.7,58.55,70.95,3.1338,3.14
2092,66.944,0.674092,0.069737,1.325695,5,FOLLOWING,64.07,69.95,65.33,69.02,67.17,66.49,64.74,70.53,3.1338,3.14
2093,66.976,0.674592,0.071735,1.325695,5,FOLLOWING,63.96,65.93,66.81,64.63,65.79,61.85,67.17,61.49,3.1338,3.14
2094,67.008,0.675092,0.073733,1.325695,5,FOLLOWING,61.93,64.43,70.64,66.15,68.99,71.71,63.56,64.07,3.1337,3.14
2095,67.04,0.675574,0.07567,1.328171,5,FOLLOWING,66.95,61.86,73.35,66.67,70.44,64.87,66.58,68.98,3.14,3.1319
2096,67.072,0.676069,0.077669,1.328171,5,FOLLOWING,68.61,70.29,65.48,65.81,68.15,71.08,65.12,66.11,3.14,3.1319
2097,67.104,0.676564,0.079669,1.328171,5,FOLLOWING,61.36,65.34,67.83,71.15,65.26,66.45,66.72,68.49,3.14,3.1318
2098,67.136,0.677059,0.081668,1.328171,5,FOLLOWING,69.97,70.23,67.75,70.74,68.82,69.6,72.83,63.81,3.14,3.1318
2099,67.168,0.677553,0.083668,1.328171,5,FOLLOWING,69.46,71.89,62.92,68.46,66.1,65.76,67.62,71.67,3.14,3.1317
2100,67.2,0.678048,0.085667,1.328171,5,FOLLOWING,71.85,64.73,66.9,65.94,73.59,76.93,66.0,66.04,3.14,3.1317
2101,67.232,0.678543,0.087667,1.328171,5,FOLLOWING,64.2,70.35,69.87,64.15,65.32,71.76,63.58,67.92,3.14,3.1317
2102,67.264,0.679038,0.089666,1.328171,5,FOLLOWING,67.2,64.48,68.13,69.29,65.62,72.27,67.34,67.23,3.14,3.1316
2103,67.296,0.679533,0.091666,1.328171,5,FOLLOWING,69.08,63.61,66.64,67.86,70.23,69.62,69.01,64.28,3.14,3.1316
2104,67.328,0.680028,0.093666,1.328171,5,FOLLOWING,71.67,72.49,69.73,70.51,66.34,71.09,64.32,65.49,3.14,3.1315
2105,67.36,0.680523,0.095665,1.328171,5,FOLLOWING,67.65,64.74,68.24,65.81,72.43,66.96,66.79,71.68,3.14,3.1315
2106,67.392,0.681018,0.097665,1.328171,5,FOLLOWING,67.99,65.02,65.95,67.4,57.0,65.33,69.15,64.89,3.14,3.1314
2107,67.424,0.681512,0.099664,1.328171,5,FOLLOWING,66.27,66.21,62.97,69.47,65.4,70.36,67.12,71.06,3.14,3.1314
2108,67.456,0.682007,0.101664,1.328171,5,FOLLOWING,65.68,65.88,66.97,67.47,73.6,64.26,63.4,67.78,3.14,3.1313
2109,67.488,0.682502,0.103663,1.328171,5,FOLLOWING,61.44,63.29,64.12,70.46,68.89,65.86,68.62,61.7,3.14,3.1313
2110,67.52,0.682984,0.105599,1.325695,5,FOLLOWING,66.17,68.78,70.88,64.99,66.56,69.15,68.36,68.11,3.1343,3.14
2111,67.552,0.683484,0.107598,1.325695,5,FOLLOWING,68.01,68.14,63.04,71.63,69.79,72.02,68.28,66.16,3.1343,3.14
2112,67.584,0.683984,0.109596,1.325695,5,FOLLOWING,69.79,61.17,64.16,61.07,68.91,65.14,64.68,65.57,3.1343,3.14
2113,67.616,0.684483,0.111594,1.325695,5,FOLLOWING,65.84,68.0,71.26,62.71,65.13,68.26,62.46,68.82,3.1343,3.14
2114,67.648,0.684983,0.113593,1.325695,5,FOLLOWING,60.53,68.66,68.34,71.46,70.45,66.97,68.87,71.81,3.1342,3.14
2115,67.68,0.685483,0.115591,1.325695,5,FOLLOWING,69.1,68.95,68.71,67.66,67.58,70.48,69.19,66.2,3.1342,3.14
2116,67.712,0.685983,0.117589,1.325695,5,FOLLOWING,71.13,66.95,73.59,64.17,66.21,65.06,68.66,68.4,3.1342,3.14
2117,67.744,0.686483,0.119587,1.325695,5,FOLLOWING,68.09,71.12,70.08,71.76,62.0,66.59,72.62,65.39,3.1341,3.14
2118,67.776,0.686983,0.121586,1.325695,5,FOLLOWING,72.33,67.32,69.58,67.07,73.36,66.59,76.88,70.5,3.1341,3.14
2119,67.808,0.687482,0.123584,1.325695,5,FOLLOWING,64.7,66.83,68.22,65.38,66.32,63.28,69.38,66.73,3.1341,3.14
2120,67.84,0.687982,0.125582,1.325695,5,FOLLOWING,70.32,67.23,68.46,64.81,64.88,65.16,65.95,66.24,3.134,3.14
2121,67.872,0.688482,0.127581,1.325695,5,FOLLOWING,67.93,70.44,65.78,66.5,65.65,70.74,67.42,64.74,3.134,3.14
2122,67.904,0.688982,0.129579,1.325695,5,FOLLOWING,68.95,67.08,66.06,65.94,71.48,67.5,72.42,66.6,3.134,3.14
2123,67.936,0.689482,0.131577,1.325695,5,FOLLOWING,64.57,63.83,67.53,60.63,70.08,67.77,71.57,64.62,3.1339,3.14
2124,67.968,0.689982,0.133575,1.325695,5,FOLLOWING,70.99,60.3,64.38,65.04,63.9,66.01,70.79,61.22,3.1339,3.14
2125,68.0,0.690481,0.135574,1.325695,5,FOLLOWING,65.07,70.43,70.24,68.05,72.29,63.09,65.88,68.45,3.1338,3.14
2126,68.032,0.690981,0.137572,1.325695,5,FOLLOWING,69.33,67.01,66.81,62.65,72.26,64.7,64.57,77.44,3.1338,3.14
2127,68.064,0.691481,0.13957,1.325695,5,FOLLOWING,65.05,67.99,72.01,63.81,67.24,69.76,67.14,73.08,3.1338,3.14
2128,68.096,0.691963,0.141507,1.328171,5,FOLLOWING,62.46,66.19,65.08,66.52,66.83,68.04,73.62,72.38,3.14,3.1319
2129,68.128,0.692458,0.143506,1.328171,5,FOLLOWING,61.03,63.93,69.94,64.78,65.69,63.81,61.05,70.53,3.14,3.1318
2130,68.16,0.692953,0.145506,1.328171,5,FOLLOWING,67.42,70.56,72.14,67.9,69.36,67.49,62.99,68.69,3.14,3.1318
2131,68.192,0.693448,0.147505,1.328171,5,FOLLOWING,65.99,73.67,67.53,66.61,65.94,67.05,65.14,66.47,3.14,3.1317
2132,68.224,0.693942,0.149505,1.328171,5,FOLLOWING,70.73,63.25,66.63,65.69,70.4,73.77,67.53,67.96,3.14,3.1317
2133,68.256,0.694437,0.151504,1.328171,5,FOLLOWING,68.86,68.06,65.07,72.11,63.92,66.56,64.94,68.03,3.14,3.1316
2134,68.288,0.694932,0.153504,1.328171,5,FOLLOWING,70.38,66.33,62.95,66.35,67.63,68.21,73.54,66.72,3.14,3.1315
2135,68.32,0.695427,0.155503,1.328171,5,FOLLOWING,62.38,68.02,66.16,73.92,68.1,63.24,60.85,67.75,3.14,3.1315
2136,68.352,0.695922,0.157503,1.328171,5,FOLLOWING,68.41,67.63,64.16,68.86,64.58,62.42,59.31,63.43,3.14,3.1314
2137,68.384,0.696417,0.159502,1.328171,5,FOLLOWING,71.81,67.85,64.94,68.53,64.99,66.92,65.38,59.46,3.14,3.1314
2138,68.416,0.696912,0.161502,1.328171,5,FOLLOWING,70.84,64.64,61.58,70.75,69.33,64.7,72.61,68.18,3.14,3.1313
2139,68.448,0.697407,0.163501,1.328171,5,FOLLOWING,71.92,69.92,69.06,62.05,71.99,65.29,70.6,66.52,3.14,3.1313
2140,68.48,0.697901,0.165501,1.328171,5,FOLLOWING,62.31,69.36,65.97,66.25,66.89,69.7,65.59,73.41,3.14,3.1312
2141,68.512,0.698396,0.1675,1.328171,5,FOLLOWING,65.87,72.68,69.21,74.42,64.36,71.36,68.9,64.71,3.14,3.1312
2142,68.544,0.698878,0.169437,1.325695,5,FOLLOWING,69.5,69.27,67.19,68.71,75.53,67.6,67.63,61.99,3.1345,3.14
2143,68.576,0.699378,0.171435,1.325695,5,FOLLOWING,67.61,67.61,73.17,76.33,68.19,65.4,65.55,63.3,3.1344,3.14
2144,68.608,0.699878,0.173433,1.325695,5,FOLLOWING,69.92,66.17,66.08,67.33,64.04,69.34,63.92,63.2,3.1344,3.14
2145,68.64,0.700378,0.175431,1.325695,5,FOLLOWING,64.12,69.19,63.18,67.93,69.59,62.16,75.33,58.19,3.1344,3.14
2146,68.672,0.700877,0.17743,1.325695,5,FOLLOWING,71.18,71.12,62.53,70.74,68.47,66.99,63.41,67.74,3.1343,3.14
2147,68.704,0.701377,0.179428,1.325695,5,FOLLOWING,70.86,63.74,71.53,66.9,69.2,67.72,69.19,72.02,3.1343,3.14
2148,68.736,0.701877,0.181426,1.325695,5,FOLLOWING,63.29,65.7,75.72,78.3,69.9,72.76,75.14,63.24,3.1343,3.14
2149,68.768,0.702377,0.183425,1.325695,5,FOLLOWING,62.96,69.83,69.71,65.41,66.49,65.12,69.02,61.34,3.1342,3.14
2150,68.8,0.702877,0.185423,1.325695,5,FOLLOWING,74.55,72.54,65.36,69.45,67.97,64.86,67.57,68.81,3.1342,3.14
2151,68.832,0.703377,0.187421,1.325695,5,FOLLOWING,67.35,64.29,65.89,67.9,65.66,66.88,68.7,68.36,3.1341,3.14
2152,68.864,0.703876,0.189419,1.325695,5,FOLLOWING,70.98,66.37,71.66,73.02,65.67,70.98,68.69,64.61,3.1341,3.14
2153,68.896,0.704376,0.191418,1.325695,5,FOLLOWING,60.1,71.33,64.74,63.17,62.86,67.9,65.27,70.91,3.1341,3.14
2154,68.928,0.704876,0.193416,1.325695,5,FOLLOWING,69.45,68.9,69.12,70.53,69.36,65.53,65.93,65.03,3.134,3.14
2155,68.96,0.705376,0.195414,1.325695,5,FOLLOWING,65.87,71.35,61.07,64.35,66.94,61.71,63.41,64.18,3.134,3.14
2156,68.992,0.705876,0.197413,1.325695,5,FOLLOWING,67.97,65.52,64.27,71.66,67.39,65.1,65.87,68.87,3.1339,3.14
2157,69.024,0.706376,0.199411,1.325695,5,FOLLOWING,69.15,69.29,70.04,68.49,70.35,69.53,63.24,69.84,3.1339,3.14
2158,69.056,0.706875,0.201409,1.325695,5,FOLLOWING,67.04,61.83,68.61,65.49,63.38,69.91,66.88,72.09,3.1338,3.14
2159,69.088,0.707375,0.203407,1.325695,5,FOLLOWING,68.54,67.8,60.63,69.0,62.27,65.41,65.86,70.79,3.1338,3.14
2160,69.12,0.707875,0.205406,1.325695,5,FOLLOWING,69.77,64.48,73.09,68.28,72.95,64.51,67.12,67.8,3.1337,3.14
2161,69.152,0.708357,0.207342,1.328171,5,FOLLOWING,60.43,66.31,65.75,69.41,62.44,67.42,65.6,70.3,3.14,3.1319
2162,69.184,0.708852,0.209342,1.328171,5,FOLLOWING,61.79,67.08,65.25,61.28,65.55,76.04,65.54,62.74,3.14,3.1318
2163,69.216,0.709347,0.211341,1.328171,5,FOLLOWING,72.59,67.01,67.57,60.86,72.21,68.1,68.95,68.79,3.14,3.1318
2164,69.248,0.709842,0.213341,1.328171,5,FOLLOWING,68.33,71.23,66.37,70.3,67.44,66.29,66.3,66.67,3.14,3.1317
2165,69.28,0.710336,0.21534,1.328171,5,FOLLOWING,64.22,63.03,58.91,71.01,68.08,67.72,70.19,69.44,3.14,3.1316
2166,69.312,0.710831,0.21734,1.328171,5,FOLLOWING,69.09,67.12,66.46,67.97,70.71,67.2,67.93,67.24,3.14,3.1316
2167,69.344,0.711326,0.219339,1.328171,5,FOLLOWING,59.34,65.37,71.27,66.4,70.87,60.39,64.96,73.18,3.14,3.1315
2168,69.376,0.711821,0.221339,1.328171,5,FOLLOWING,67.58,66.65,71.87,68.82,63.78,66.19,64.7,68.05,3.14,3.1314
2169,69.408,0.712316,0.223338,1.328171,5,FOLLOWING,66.64,63.54,65.4,64.27,68.04,64.99,67.78,60.59,3.14,3.1314
2170,69.44,0.712811,0.225338,1.328171,5,FOLLOWING,67.0,65.7,64.81,69.48,63.14,60.87,69.22,68.59,3.14,3.1313
2171,69.472,0.713306,0.227337,1.328171,5,FOLLOWING,66.9,66.11,62.32,68.59,68.62,71.69,69.74,67.45,3.14,3.1312
2172,69.504,0.713801,0.229337,1.328171,5,FOLLOWING,67.01,64.09,63.28,67.09,71.5,67.34,67.36,65.12,3.14,3.1312
2173,69.536,0.714295,0.231336,1.328171,5,FOLLOWING,66.48,63.29,70.03,65.49,67.36,67.49,71.22,67.13,3.14,3.1311
2174,69.568,0.714777,0.233273,1.325695,5,FOLLOWING,61.7,68.94,67.69,64.97,65.91,65.4,71.49,65.99,3.1346,3.14
2175,69.6,0.715277,0.235271,1.325695,5,FOLLOWING,65.48,72.62,61.83,62.01,65.47,64.15,63.24,77.71,3.1345,3.14
2176,69.632,0.715777,0.237269,1.325695,5,FOLLOWING,67.09,67.21,62.48,68.91,69.14,65.1,64.61,66.8,3.1345,3.14
2177,69.664,0.716277,0.239267,1.325695,5,FOLLOWING,65.31,68.44,70.2,67.05,64.35,66.96,64.6,74.63,3.1344,3.14
2178,69.696,0.716777,0.241266,1.325695,5,FOLLOWING,68.26,68.62,71.42,71.4,66.36,69.92,67.17,64.06,3.1344,3.14
2179,69.728,0.717276,0.243264,1.325695,5,FOLLOWING,57.61,68.72,66.87,69.02,64.87,64.8,68.68,63.1,3.1343,3.14
2180,69.76,0.717776,0.245262,1.325695,5,FOLLOWING,69.89,70.49,69.13,69.63,75.57,66.72,68.25,67.66,3.1343,3.14
2181,69.792,0.718276,0.247261,1.325695,5,FOLLOWING,69.95,64.44,63.9,64.94,66.17,70.13,69.78,67.81,3.1342,3.14
2182,69.824,0.718776,0.249259,1.325695,5,FOLLOWING,65.33,67.1,72.25,62.14,69.46,61.82,64.42,63.78,3.1342,3.14
2183,69.856,0.719276,0.251257,1.325695,5,FOLLOWING,64.21,65.31,60.98,63.3,64.66,67.97,74.73,62.04,3.1341,3.14
2184,69.888,0.719776,0.253255,1.325695,5,FOLLOWING,66.27,68.97,65.13,60.8,68.62,66.72,67.92,64.82,3.1341,3.14
2185,69.92,0.720275,0.255254,1.325695,5,FOLLOWING,62.39,70.63,63.07,71.38,72.04,66.86,70.15,66.7,3.134,3.14
2186,69.952,0.720775,0.257252,1.325695,5,FOLLOWING,69.69,68.66,65.76,62.44,64.21,61.21,62.57,65.41,3.134,3.14
2187,69.984,0.721275,0.25925,1.325695,5,FOLLOWING,63.65,69.03,65.0,66.43,65.39,71.76,69.35,62.07,3.1339,3.14
2188,70.016,0.721775,0.261248,1.325695,5,FOLLOWING,68.64,71.1,69.5,69.66,64.0,59.62,65.74,70.01,3.1338,3.14
2189,70.048,0.722275,0.263247,1.325695,5,FOLLOWING,66.92,65.47,63.07,66.29,67.35,68.0,61.28,92.62,3.1338,3.14
2190,70.08,0.722775,0.265245,1.325695,5,FOLLOWING,60.97,67.65,64.23,61.92,60.54,65.66,66.14,95.0,3.1337,3.14
2191,70.112,0.723274,0.267243,1.325695,5,AVOID_RIGHT,65.95,69.85,67.46,63.3,65.96,67.74,63.13,104.75,0.8,0.15
2192,70.144,0.723354,0.267555,1.318268,5,AVOID_RIGHT,64.65,71.4,63.99,68.51,67.19,64.12,65.8,104.75,0.8,0.15
2193,70.176,0.723435,0.267867,1.310841,5,AVOID_RIGHT,70.55,68.51,61.66,69.28,68.18,69.58,67.38,107.63,0.8,0.15
2194,70.208,0.723519,0.268177,1.303413,5,AVOID_RIGHT,69.88,65.47,66.0,65.28,70.17,69.5,68.07,110.16,0.8,0.15
2195,70.24,0.723588,0.268425,1.29351,5,AVOID_RIGHT,69.13,65.82,70.79,68.91,67.83,69.12,67.18,106.88,0.8,0.15
2196,70.272,0.723678,0.268735,1.286083,5,AVOID_RIGHT,67.8,69.04,73.14,69.88,64.12,69.62,66.42,112.49,0.8,0.15
2197,70.304,0.723769,0.269043,1.278656,5,AVOID_RIGHT,68.57,65.49,67.76,65.77,65.63,65.53,70.42,105.89,0.8,0.15
2198,70.336,0.723863,0.269351,1.271228,5,AVOID_RIGHT,66.19,66.34,67.47,67.14,71.99,70.12,67.96,110.69,0.8,0.15
2199,70.368,0.72394,0.269597,1.261325,5,AVOID_RIGHT,62.87,70.5,60.28,63.49,70.08,73.9,71.56,113.4,0.8,0.15
2200,70.4,0.724039,0.269903,1.253898,5,AVOID_RIGHT,69.15,61.99,69.44,72.52,69.85,65.15,65.62,117.37,0.8,0.15
2201,70.432,0.724141,0.270208,1.246471,5,AVOID_RIGHT,71.47,64.27,64.81,65.45,71.4,67.12,69.56,117.05,0.8,0.15
2202,70.464,0.724244,0.270513,1.239043,5,AVOID_RIGHT,67.95,70.05,66.29,72.98,66.68,72.38,68.32,117.09,0.8,0.15
2203,70.496,0.72433,0.270756,1.22914,5,AVOID_RIGHT,66.56,56.92,69.38,67.91,59.67,70.24,76.62,106.05,0.8,0.15
2204,70.528,0.724461,0.271119,1.219237,5,AVOID_RIGHT,67.69,66.89,68.48,64.89,61.24,66.96,77.98,120.89,0.8,0.15
2205,70.56,0.724573,0.271421,1.21181,5,AVOID_RIGHT,59.7,64.66,62.99,62.57,70.47,65.12,84.41,123.7,0.8,0.15
2206,70.592,0.724687,0.271722,1.204382,5,AVOID_RIGHT,65.03,67.97,68.27,70.18,65.56,67.42,85.97,117.55,0.8,0.15
2207,70.624,0.72478,0.271962,1.194479,5,AVOID_RIGHT,69.35,69.43,66.73,65.45,66.51,61.73,94.23,115.63,0.8,0.15
2208,70.656,0.7249,0.272261,1.187052,5,AVOID_RIGHT,67.98,64.11,66.71,69.26,72.71,72.25,93.33,121.55,0.8,0.15
2209,70.688,0.725021,0.272559,1.179625,5,AVOID_RIGHT,71.19,69.78,65.75,62.27,66.63,63.1,102.15,121.68,0.8,0.15
2210,70.72,0.725145,0.272856,1.172197,5,AVOID_RIGHT,64.49,67.67,65.5,67.64,67.18,73.26,100.41,117.56,0.8,0.15
2211,70.752,0.725271,0.273152,1.16477,5,AVOID_RIGHT,72.18,64.31,69.59,69.9,67.95,64.98,104.98,117.49,0.8,0.15
2212,70.784,0.725374,0.273388,1.154867,5,AVOID_RIGHT,63.98,66.75,73.94,70.85,65.38,61.65,103.26,122.77,0.8,0.15
2213,70.816,0.725505,0.273682,1.14744,5,AVOID_RIGHT,69.32,73.0,67.05,68.81,65.77,67.16,104.43,132.29,0.8,0.15
2214,70.848,0.725638,0.273975,1.140012,5,AVOID_RIGHT,69.8,67.21,69.52,69.39,67.26,64.55,108.77,114.78,0.8,0.15
2215,70.88,0.725774,0.274267,1.132585,5,AVOID_RIGHT,68.42,70.1,67.79,72.49,64.1,69.15,114.84,130.63,0.8,0.15
2216,70.912,0.725884,0.274499,1.122682,5,AVOID_RIGHT,68.29,63.63,64.23,68.31,64.8,66.98,112.05,121.99,0.8,0.15
2217,70.944,0.726053,0.274847,1.112779,5,AVOID_RIGHT,62.88,68.28,69.91,63.94,68.52,66.42,117.17,133.1,0.8,0.15
2218,70.976,0.726197,0.275135,1.105352,5,AVOID_RIGHT,67.05,66.42,70.69,72.19,67.89,67.86,113.75,126.37,0.8,0.15
2219,71.008,0.726342,0.275422,1.097924,5,AVOID_RIGHT,65.96,71.82,65.25,72.21,71.16,66.13,111.93,128.28,0.8,0.15
2220,71.04,0.726461,0.27565,1.088021,5,AVOID_RIGHT,63.48,66.96,67.84,67.64,66.79,68.38,115.04,139.3,0.8,0.15
2221,71.072,0.726611,0.275935,1.080594,5,AVOID_RIGHT,70.39,64.21,71.99,66.96,68.77,70.3,119.6,133.05,0.8,0.15
2222,71.104,0.726764,0.276218,1.073167,5,AVOID_RIGHT,62.56,61.92,67.5,68.99,64.84,62.87,118.16,137.1,0.8,0.15
2223,71.136,0.726918,0.276501,1.065739,5,AVOID_RIGHT,67.13,70.38,66.47,69.21,74.81,66.12,116.26,138.13,0.8,0.15
2224,71.168,0.727044,0.276725,1.055836,5,AVOID_RIGHT,67.19,68.74,66.47,65.0,72.15,68.37,121.59,138.55,0.8,0.15
2225,71.2,0.727204,0.277005,1.048409,5,AVOID_RIGHT,66.01,57.57,63.95,69.83,66.62,66.87,135.85,140.97,0.8,0.15
2226,71.232,0.727365,0.277283,1.040982,5,AVOID_RIGHT,65.12,62.85,63.42,63.85,70.27,65.72,125.48,140.06,0.8,0.15
2227,71.264,0.727529,0.27756,1.033554,5,AVOID_RIGHT,70.03,73.09,67.77,69.71,74.22,66.42,127.19,149.62,0.8,0.15
2228,71.296,0.727695,0.277836,1.026127,5,AVOID_RIGHT,66.47,67.62,72.99,68.58,68.35,69.98,138.68,144.74,0.8,0.15
2229,71.328,0.727829,0.278056,1.016224,5,AVOID_RIGHT,69.75,71.26,66.09,66.32,66.96,66.71,133.41,140.52,0.8,0.15
2230,71.36,0.728034,0.278383,1.006321,5,AVOID_RIGHT,70.36,71.9,68.35,65.54,72.29,66.47,143.13,140.76,0.8,0.15
2231,71.392,0.728207,0.278654,0.998894,5,AVOID_RIGHT,66.4,67.67,66.62,60.38,65.23,63.98,144.99,140.06,0.8,0.15
2232,71.424,0.728383,0.278924,0.991466,5,AVOID_RIGHT,67.95,64.02,65.33,69.62,64.04,67.85,141.08,141.76,0.8,0.15
2233,71.456,0.728525,0.279139,0.981563,5,AVOID_RIGHT,70.04,67.2,66.7,67.73,63.26,70.42,148.22,147.23,0.8,0.15
2234,71.488,0.728705,0.279406,0.974136,5,AVOID_RIGHT,60.33,69.1,65.63,65.46,72.89,62.26,154.62,152.63,0.8,0.15
2235,71.52,0.728886,0.279672,0.966709,5,AVOID_RIGHT,68.49,70.76,63.05,68.12,69.34,67.21,146.42,145.89,0.8,0.15
2236,71.552,0.72907,0.279936,0.959281,5,AVOID_RIGHT,68.92,69.09,73.49,71.68,63.25,69.87,152.62,155.31,0.8,0.15
2237,71.584,0.729219,0.280146,0.949378,5,AVOID_RIGHT,66.03,70.17,59.2,68.26,62.94,65.79,156.5,150.99,0.8,0.15
2238,71.616,0.729407,0.280407,0.941951,5,AVOID_RIGHT,71.61,68.33,68.2,68.31,67.22,66.62,155.05,153.37,0.8,0.15
2239,71.648,0.729598,0.280666,0.934524,5,AVOID_RIGHT,61.14,68.57,66.22,65.19,68.45,67.59,162.08,153.51,0.8,0.15
2240,71.68,0.72979,0.280925,0.927096,5,AVOID_RIGHT,62.34,68.28,68.48,65.11,67.27,66.79,163.33,153.83,0.8,0.15
2241,71.712,0.729945,0.28113,0.917193,5,AVOID_RIGHT,68.09,63.78,67.13,68.0,63.95,67.36,180.04,155.93,0.8,0.15
2242,71.744,0.730142,0.281385,0.909766,5,AVOID_RIGHT,68.17,71.58,62.94,67.71,65.21,67.17,179.74,154.22,0.8,0.15
2243,71.776,0.730381,0.281688,0.899863,5,AVOID_RIGHT,73.66,66.85,62.44,70.14,64.08,70.21,180.03,156.22,0.8,0.15
2244,71.808,0.730582,0.28194,0.892436,5,AVOID_RIGHT,74.54,63.89,64.03,74.45,68.72,64.29,178.49,164.3,0.8,0.15
2245,71.84,0.730785,0.282189,0.885008,5,AVOID_RIGHT,62.8,67.89,67.31,66.63,67.9,70.68,190.38,157.58,0.8,0.15
2246,71.872,0.730949,0.282388,0.875105,5,AVOID_RIGHT,61.16,63.04,68.21,63.43,67.68,69.63,191.07,164.96,0.8,0.15
2247,71.904,0.731156,0.282634,0.867678,5,AVOID_RIGHT,63.23,73.43,69.24,66.48,62.56,68.07,199.02,168.33,0.8,0.15
2248,71.936,0.731365,0.282879,0.860251,5,AVOID_RIGHT,71.64,68.59,68.48,66.82,66.29,63.35,199.32,159.92,0.8,0.15
2249,71.968,0.731576,0.283122,0.852823,5,AVOID_RIGHT,57.9,66.36,69.3,68.2,71.49,68.79,209.49,172.13,0.8,0.15
2250,72.0,0.731746,0.283315,0.84292,5,AVOID_RIGHT,69.65,70.28,67.36,64.06,70.0,63.93,204.16,173.07,0.8,0.15
2251,72.032,0.731961,0.283555,0.835493,5,AVOID_RIGHT,67.72,66.95,67.03,66.15,66.24,64.06,214.8,172.21,0.8,0.15
2252,72.064,0.732178,0.283793,0.828066,5,AVOID_RIGHT,70.26,69.25,69.24,63.55,65.92,63.04,209.88,173.0,0.8,0.15
2253,72.096,0.732396,0.284029,0.820638,5,AVOID_RIGHT,69.67,68.39,67.88,69.77,63.63,68.57,228.76,172.83,0.8,0.15
2254,72.128,0.732573,0.284216,0.810735,5,AVOID_RIGHT,71.51,66.07,65.53,65.75,65.85,65.29,222.2,177.56,0.8,0.15
2255,72.16,0.732795,0.284449,0.803308,5,AVOID_RIGHT,66.86,71.55,60.8,66.34,66.22,67.23,224.43,171.88,0.8,0.15
2256,72.192,0.733065,0.284725,0.793405,5,AVOID_RIGHT,61.31,69.18,66.07,68.65,67.84,70.01,232.42,165.75,0.8,0.15
2257,72.224,0.733292,0.284954,0.785977,5,AVOID_RIGHT,68.04,65.34,68.27,71.72,62.5,72.03,223.89,185.26,0.8,0.15
2258,72.256,0.733474,0.285135,0.776074,5,AVOID_RIGHT,71.48,67.68,64.68,62.28,62.5,69.88,237.42,179.6,0.8,0.15
2259,72.288,0.733705,0.28536,0.768647,5,AVOID_RIGHT,67.55,64.52,68.99,66.69,60.75,72.24,249.45,182.31,0.8,0.15
2260,72.32,0.733937,0.285583,0.76122,5,AVOID_RIGHT,60.2,66.66,71.34,62.08,74.58,68.96,252.73,181.76,0.6,-0.6
2261,72.352,0.733937,0.285583,0.746365,5,AVOID_RIGHT,62.94,64.48,61.79,66.53,64.64,65.98,256.91,182.46,0.6,-0.6
2262,72.384,0.733937,0.285583,0.731511,5,AVOID_RIGHT,66.47,67.98,65.62,65.49,65.52,68.72,263.32,164.83,0.6,-0.6
2263,72.416,0.733937,0.285583,0.716656,5,AVOID_RIGHT,71.64,71.5,66.94,62.53,61.77,75.53,263.73,175.71,0.6,-0.6
2264,72.448,0.733937,0.285583,0.701801,5,AVOID_RIGHT,64.74,69.61,61.66,70.58,69.23,72.71,268.1,160.27,0.6,-0.6
2265,72.48,0.733937,0.285583,0.686947,5,AVOID_RIGHT,65.26,65.94,74.03,67.35,70.2,79.79,264.06,155.3,0.6,-0.6
2266,72.512,0.733937,0.285583,0.672092,5,AVOID_RIGHT,69.55,73.01,62.8,65.45,60.52,89.31,256.8,153.25,0.6,-0.6
2267,72.544,0.733937,0.285583,0.657237,5,AVOID_RIGHT,66.24,65.06,69.96,70.29,62.17,91.85,262.78,159.87,0.6,-0.6
2268,72.576,0.733937,0.285583,0.642383,5,AVOID_RIGHT,66.61,62.87,63.0,66.28,68.23,96.76,256.48,151.06,0.6,-0.6
2269,72.608,0.733885,0.285545,0.625052,5,AVOID_RIGHT,69.59,60.08,66.27,70.81,65.57,104.18,257.36,144.4,0.6,-0.6
2270,72.64,0.733885,0.285545,0.610198,5,AVOID_RIGHT,67.75,69.53,60.84,71.73,72.1,104.61,261.49,157.62,0.6,-0.6
2271,72.672,0.733885,0.285545,0.595343,5,AVOID_RIGHT,67.75,60.19,68.02,70.31,66.13,112.26,255.97,144.21,0.6,-0.6
2272,72.704,0.733939,0.28558,0.578013,5,AVOID_RIGHT,68.78,64.95,59.04,62.37,71.25,115.32,260.04,139.06,0.6,-0.6
2273,72.736,0.733939,0.28558,0.563158,5,AVOID_RIGHT,63.3,68.32,67.47,68.69,69.32,116.94,259.52,145.39,0.6,-0.6
2274,72.768,0.733939,0.28558,0.548304,5,AVOID_RIGHT,66.95,68.74,71.03,67.86,68.95,112.87,258.27,133.0,0.6,-0.6
2275,72.8,0.733939,0.28558,0.533449,5,AVOID_RIGHT,65.39,65.35,61.78,69.45,67.6,117.77,251.42,133.91,0.6,-0.6
2276,72.832,0.733939,0.28558,0.518594,5,AVOID_RIGHT,66.68,60.67,65.6,69.88,63.06,113.11,261.97,67.86,0.6,-0.6
2277,72.864,0.733939,0.28558,0.50374,5,AVOID_RIGHT,69.69,76.42,70.74,68.47,62.44,125.92,256.45,68.4,0.6,-0.6
2278,72.896,0.733939,0.28558,0.488885,5,AVOID_RIGHT,71.82,67.7,70.56,61.0,61.27,125.83,247.99,64.85,0.8,0.15
2279,72.928,0.734224,0.28573,0.481458,5,AVOID_RIGHT,65.07,68.1,69.01,67.7,65.08,121.35,260.55,71.41,0.6,-0.6
2280,72.96,0.734224,0.28573,0.466603,5,AVOID_RIGHT,63.85,65.53,68.67,64.84,69.56,126.98,249.94,66.11,0.8,0.15
2281,72.992,0.734454,0.285845,0.4567,5,AVOID_RIGHT,66.57,60.7,67.1,70.1,67.09,129.9,256.77,68.32,0.6,-0.6
2282,73.024,0.734454,0.285845,0.441846,5,AVOID_RIGHT,65.84,66.28,68.02,65.98,68.1,136.47,248.49,63.54,0.8,0.15
2283,73.056,0.734746,0.285982,0.434418,5,AVOID_RIGHT,67.73,64.2,56.78,71.65,68.56,138.03,253.15,69.41,0.6,-0.6
2284,73.088,0.734746,0.285982,0.419564,5,AVOID_RIGHT,67.9,67.8,73.83,68.65,67.62,141.67,241.89,66.81,0.8,0.15
2285,73.12,0.73504,0.286112,0.412136,5,AVOID_RIGHT,67.96,66.79,67.74,71.59,69.2,140.57,253.38,72.81,0.6,-0.6
2286,73.152,0.73504,0.286112,0.397282,5,AVOID_RIGHT,70.11,64.74,67.39,66.65,68.17,149.42,247.88,72.26,0.8,0.15
2287,73.184,0.735337,0.286235,0.389854,5,AVOID_RIGHT,66.75,67.02,65.96,72.15,72.67,135.94,250.62,68.12,0.6,-0.6
2288,73.216,0.735337,0.286235,0.370048,5,AVOID_RIGHT,62.84,68.95,66.1,65.33,73.05,151.07,258.11,67.53,0.6,-0.6
2289,73.248,0.735337,0.286235,0.355194,5,AVOID_RIGHT,65.85,65.4,72.98,66.17,71.14,149.69,256.22,63.52,0.6,-0.6
2290,73.28,0.735337,0.286235,0.340339,5,AVOID_RIGHT,68.12,65.92,63.76,68.8,68.95,156.8,243.24,64.47,0.8,0.15
2291,73.312,0.735641,0.286341,0.332912,5,AVOID_RIGHT,67.28,62.98,70.46,69.02,64.8,156.48,251.5,63.52,0.6,-0.6
2292,73.344,0.735641,0.286341,0.318057,5,AVOID_RIGHT,75.11,63.57,68.58,67.33,72.38,152.37,238.26,67.01,0.8,0.15
2293,73.376,0.735947,0.286441,0.31063,5,AVOID_RIGHT,65.03,70.48,63.15,63.05,62.76,161.56,240.5,60.84,0.8,0.15
2294,73.408,0.736254,0.286538,0.303202,5,AVOID_RIGHT,68.18,69.25,71.45,71.52,70.3,160.1,239.22,67.54,0.8,0.15
2295,73.44,0.7365,0.286614,0.293299,5,AVOID_RIGHT,70.9,68.18,68.42,67.59,63.65,176.03,244.14,66.09,0.8,0.15
2296,73.472,0.736809,0.286706,0.285872,5,AVOID_RIGHT,71.5,70.95,68.03,73.47,65.31,183.68,235.12,61.9,0.8,0.15
2297,73.504,0.737118,0.286795,0.278445,5,AVOID_RIGHT,71.68,67.55,67.88,72.03,69.05,173.35,248.16,64.39,0.8,0.15
2298,73.536,0.737427,0.286883,0.271017,5,AVOID_RIGHT,65.84,69.12,66.93,63.57,65.07,183.36,233.13,66.75,0.8,0.15
2299,73.568,0.737676,0.28695,0.261114,5,AVOID_RIGHT,70.62,65.2,69.0,65.24,70.15,188.58,245.63,72.5,0.8,0.15
2300,73.6,0.737987,0.287032,0.253687,5,AVOID_RIGHT,71.01,68.22,67.92,63.01,69.75,182.66,239.66,66.93,0.8,0.15
2301,73.632,0.738299,0.287112,0.24626,5,AVOID_RIGHT,69.48,68.23,66.49,70.82,61.1,189.31,251.94,67.38,0.6,-0.6
2302,73.664,0.738361,0.287127,0.228929,5,AVOID_RIGHT,67.17,69.11,63.83,67.39,66.3,209.72,237.21,71.11,0.8,0.15
2303,73.696,0.738675,0.287199,0.221502,5,AVOID_RIGHT,62.48,65.18,67.92,69.04,67.65,201.31,237.34,70.99,0.8,0.15
2304,73.728,0.738927,0.287254,0.211599,5,AVOID_RIGHT,69.26,70.48,67.58,71.25,67.86,198.09,233.78,58.59,0.8,0.15
2305,73.76,0.739242,0.287321,0.204172,5,AVOID_RIGHT,64.87,68.74,73.24,65.95,62.15,197.2,220.17,66.32,0.8,0.15
2306,73.792,0.739557,0.287385,0.196744,5,AVOID_RIGHT,65.27,68.44,68.76,71.82,69.31,213.16,229.67,68.08,0.8,0.15
2307,73.824,0.739873,0.287446,0.189317,5,AVOID_RIGHT,68.47,60.61,70.12,69.36,68.15,214.56,233.78,69.74,0.8,0.15
2308,73.856,0.740126,0.287494,0.179414,5,AVOID_RIGHT,69.56,72.1,68.21,65.86,64.05,218.1,231.73,68.29,0.8,0.15
2309,73.888,0.740443,0.28755,0.171987,5,AVOID_RIGHT,69.5,69.44,67.17,65.03,59.87,208.64,225.55,69.26,0.8,0.15
2310,73.92,0.74076,0.287604,0.164559,5,AVOID_RIGHT,63.84,64.23,69.7,66.17,62.34,221.97,230.37,69.96,0.8,0.15
2311,73.952,0.741078,0.287655,0.157132,5,AVOID_RIGHT,71.7,66.13,66.5,66.58,65.5,242.2,234.45,67.54,0.8,0.15
2312,73.984,0.741396,0.287704,0.149705,5,AVOID_RIGHT,63.53,66.74,68.34,63.88,64.52,229.22,241.94,66.45,0.8,0.15
2313,74.016,0.741651,0.287742,0.139802,5,AVOID_RIGHT,64.4,70.27,66.48,68.69,62.87,226.97,235.38,62.53,0.8,0.15
2314,74.048,0.74197,0.287785,0.132374,5,AVOID_RIGHT,71.07,69.93,70.3,69.91,64.0,240.18,228.9,65.0,0.8,0.15
2315,74.08,0.742353,0.287834,0.122471,5,AVOID_RIGHT,64.26,66.85,71.12,69.05,68.47,229.51,220.68,65.54,0.8,0.15
2316,74.112,0.742672,0.287873,0.115044,5,AVOID_RIGHT,63.33,66.11,68.95,71.32,65.68,247.05,230.03,62.06,0.8,0.15
2317,74.144,0.742928,0.287901,0.105141,5,AVOID_RIGHT,59.99,69.53,71.09,66.98,63.72,239.8,228.04,64.59,0.8,0.15
2318,74.176,0.743248,0.287933,0.097714,5,AVOID_RIGHT,61.17,66.99,72.79,62.61,64.42,252.25,229.09,61.51,0.6,-0.6
2319,74.208,0.743248,0.287933,0.082859,5,AVOID_RIGHT,70.82,63.59,66.44,67.74,69.31,261.79,216.26,66.31,0.6,-0.6
2320,74.24,0.743248,0.287933,0.068004,5,AVOID_RIGHT,68.99,69.2,64.26,64.7,63.63,265.48,213.27,64.87,0.6,-0.6
2321,74.272,0.743248,0.287933,0.05315,5,AVOID_RIGHT,61.41,68.4,64.84,65.95,67.79,262.18,213.03,69.86,0.6,-0.6
2322,74.304,0.743248,0.287933,0.038295,5,AVOID_RIGHT,64.84,68.36,64.22,66.19,68.26,263.29,64.87,66.86,0.6,-0.6
2323,74.336,0.743248,0.287933,0.023441,5,AVOID_RIGHT,65.62,68.32,63.28,67.49,68.67,263.56,71.98,66.37,0.6,-0.6
2324,74.368,0.743248,0.287933,0.008586,5,AVOID_RIGHT,68.2,68.69,72.98,67.33,70.37,270.7,69.21,66.38,0.6,-0.6
2325,74.4,0.743248,0.287933,-0.006269,5,AVOID_RIGHT,65.35,66.9,66.26,70.32,67.87,273.06,69.0,68.49,0.6,-0.6
2326,74.432,0.743248,0.287933,-0.021123,5,AVOID_RIGHT,67.75,69.19,64.61,63.08,62.38,283.06,74.02,66.2,0.6,-0.6
2327,74.464,0.743248,0.287933,-0.035978,5,AVOID_RIGHT,66.18,71.11,58.92,65.72,71.38,283.4,67.27,74.88,0.6,-0.6
2328,74.496,0.743248,0.287933,-0.050833,5,AVOID_RIGHT,70.15,62.9,66.57,68.32,67.42,278.55,63.7,62.46,0.6,-0.6
2329,74.528,0.743248,0.287933,-0.065687,5,AVOID_RIGHT,71.14,66.57,71.19,67.52,64.52,291.32,68.71,68.04,0.6,-0.6
2330,74.56,0.743184,0.287938,-0.083018,5,AVOID_RIGHT,64.36,69.49,72.19,66.45,67.28,284.18,67.28,67.19,0.6,-0.6
2331,74.592,0.743184,0.287938,-0.097872,5,AVOID_RIGHT,66.11,69.02,63.84,70.64,67.79,289.82,65.78,64.12,0.6,-0.6
2332,74.624,0.743248,0.287931,-0.115203,5,AVOID_RIGHT,68.75,66.97,69.7,65.42,61.99,296.7,66.78,66.45,0.6,-0.6
2333,74.656,0.743248,0.287931,-0.130057,5,AVOID_RIGHT,63.47,64.93,67.08,59.95,66.09,276.95,66.3,69.13,0.6,-0.6
2334,74.688,0.743248,0.287931,-0.144912,5,AVOID_RIGHT,66.44,70.51,69.19,66.02,67.22,289.98,67.71,68.95,0.6,-0.6
2335,74.72,0.743248,0.287931,-0.159766,5,AVOID_RIGHT,68.86,62.64,69.87,65.07,63.46,281.05,66.18,72.9,0.6,-0.6
2336,74.752,0.743248,0.287931,-0.174621,5,AVOID_RIGHT,63.69,76.6,63.84,65.67,69.61,288.76,64.07,70.37,0.6,-0.6
2337,74.784,0.743248,0.287931,-0.189476,5,AVOID_RIGHT,70.78,69.13,69.77,72.28,71.02,289.48,65.35,66.62,0.6,-0.6
2338,74.816,0.743248,0.287931,-0.20433,5,AVOID_RIGHT,72.02,66.94,60.13,67.68,68.58,301.41,72.02,63.5,0.6,-0.6
2339,74.848,0.743248,0.287931,-0.219185,5,AVOID_RIGHT,67.6,67.05,66.0,62.83,62.99,300.88,61.14,69.89,0.6,-0.6
2340,74.88,0.743248,0.287931,-0.234039,5,AVOID_RIGHT,70.06,70.58,63.92,64.1,64.2,286.03,71.04,68.12,0.6,-0.6
2341,74.912,0.743248,0.287931,-0.248894,5,AVOID_RIGHT,63.34,70.24,71.75,70.47,68.98,292.38,68.54,68.58,0.6,-0.6
2342,74.944,0.743248,0.287931,-0.263749,5,AVOID_RIGHT,72.87,65.86,70.66,64.54,63.36,300.58,68.09,65.18,0.6,-0.6
2343,74.976,0.743248,0.287931,-0.278603,5,AVOID_RIGHT,64.6,63.93,73.34,65.62,67.45,293.02,70.3,63.57,0.6,-0.6
2344,75.008,0.743248,0.287931,-0.293458,5,AVOID_RIGHT,61.72,66.23,69.99,66.85,69.13,281.88,65.09,69.41,0.6,-0.6
2345,75.04,0.743248,0.287931,-0.308313,5,AVOID_RIGHT,68.55,70.49,67.91,65.63,74.68,291.13,67.32,71.57,0.6,-0.6
2346,75.072,0.743248,0.287931,-0.323167,5,AVOID_RIGHT,69.49,62.69,70.02,70.93,66.8,286.29,69.2,71.33,0.6,-0.6
2347,75.104,0.743187,0.287952,-0.340498,5,AVOID_RIGHT,64.04,67.66,65.7,64.7,60.65,284.59,64.4,67.23,0.6,-0.6
2348,75.136,0.743187,0.287952,-0.355352,5,AVOID_RIGHT,61.72,65.38,67.1,67.53,65.14,273.33,64.4,64.21,0.6,-0.6
2349,75.168,0.743248,0.287929,-0.372683,5,AVOID_RIGHT,70.52,65.36,67.13,67.39,70.68,281.86,72.39,65.89,0.6,-0.6
2350,75.2,0.743248,0.287929,-0.387537,5,AVOID_RIGHT,67.21,69.79,67.75,69.31,65.47,288.19,66.23,68.62,0.6,-0.6
2351,75.232,0.743248,0.287929,-0.402392,5,AVOID_RIGHT,67.5,68.76,69.7,66.15,72.74,277.21,68.08,64.62,0.6,-0.6
2352,75.264,0.743248,0.287929,-0.417246,5,AVOID_RIGHT,65.04,72.87,66.07,59.92,77.19,262.28,67.66,66.04,0.6,-0.6
2353,75.296,0.743248,0.287929,-0.432101,5,AVOID_RIGHT,64.96,61.47,62.4,71.44,85.8,267.89,67.83,67.29,0.6,-0.6
2354,75.328,0.743248,0.287929,-0.446956,5,AVOID_RIGHT,64.33,67.16,70.34,69.1,85.56,275.35,71.73,63.42,0.6,-0.6
2355,75.36,0.743248,0.287929,-0.46181,5,AVOID_RIGHT,60.31,67.25,67.06,71.69,99.23,269.6,67.71,63.91,0.6,-0.6
2356,75.392,0.743248,0.287929,-0.476665,5,AVOID_RIGHT,73.38,71.64,71.15,68.02,107.6,254.54,67.63,69.42,0.6,-0.6
2357,75.424,0.743248,0.287929,-0.491519,5,AVOID_RIGHT,72.49,68.48,59.22,68.14,112.86,249.57,66.16,70.29,0.8,0.15
2358,75.456,0.743531,0.287776,-0.498947,5,AVOID_RIGHT,60.89,66.78,65.84,67.28,105.44,259.14,71.15,66.21,0.6,-0.6
2359,75.488,0.743531,0.287776,-0.513801,5,AVOID_RIGHT,66.6,62.23,65.91,68.32,108.48,251.87,63.78,66.17,0.6,-0.6
2360,75.52,0.743531,0.287776,-0.528656,5,AVOID_RIGHT,62.79,65.04,71.89,65.25,118.09,257.59,66.9,71.08,0.6,-0.6
2361,75.552,0.743475,0.287809,-0.545986,5,AVOID_RIGHT,68.38,67.45,64.03,70.5,114.32,250.1,68.92,72.75,0.6,-0.6
2362,75.584,0.743475,0.287809,-0.560841,5,AVOID_RIGHT,66.93,65.98,73.91,71.8,115.52,228.88,65.52,64.75,0.8,0.15
2363,75.616,0.743747,0.287637,-0.568268,5,AVOID_RIGHT,66.96,70.14,64.87,62.92,114.93,232.45,70.66,71.46,0.8,0.15
2364,75.648,0.744018,0.287463,-0.575696,5,AVOID_RIGHT,75.17,67.2,60.74,65.61,118.42,221.7,66.48,63.2,0.8,0.15
2365,75.68,0.744341,0.287251,-0.585599,5,AVOID_RIGHT,66.53,63.26,66.54,64.05,124.02,222.06,71.53,60.32,0.8,0.15
2366,75.712,0.744555,0.287108,-0.595502,5,AVOID_RIGHT,67.64,67.35,71.38,75.22,129.58,229.84,64.94,61.43,0.8,0.15
2367,75.744,0.74482,0.286926,-0.602929,5,AVOID_RIGHT,72.2,67.7,65.86,62.15,123.76,229.94,63.76,64.56,0.8,0.15
2368,75.776,0.745085,0.286743,-0.610356,5,AVOID_RIGHT,69.97,72.71,68.7,69.1,129.93,211.98,65.58,65.63,0.8,0.15
2369,75.808,0.745348,0.286557,-0.617784,5,AVOID_RIGHT,65.87,63.44,72.41,72.93,139.56,216.61,58.95,68.77,0.8,0.15
2370,75.84,0.74561,0.28637,-0.625211,5,AVOID_RIGHT,68.49,61.8,64.5,73.29,134.07,209.55,66.24,68.82,0.8,0.15
2371,75.872,0.745818,0.286218,-0.635114,5,AVOID_RIGHT,69.15,66.33,66.02,73.3,142.59,220.09,65.6,57.9,0.8,0.15
2372,75.904,0.746076,0.286026,-0.642541,5,AVOID_RIGHT,72.98,63.1,65.79,60.62,134.23,213.14,64.17,68.18,0.8,0.15
2373,75.936,0.746333,0.285832,-0.649969,5,AVOID_RIGHT,67.61,66.31,66.43,65.99,128.34,203.42,69.67,64.13,0.8,0.15
2374,75.968,0.746588,0.285637,-0.657396,5,AVOID_RIGHT,68.43,62.81,71.65,65.44,132.31,189.52,63.24,62.2,0.8,0.15
2375,76.0,0.746792,0.285478,-0.667299,5,AVOID_RIGHT,70.8,67.15,65.49,62.15,139.6,207.24,69.47,60.93,0.8,0.15
2376,76.032,0.747044,0.285278,-0.674726,5,AVOID_RIGHT,67.39,68.52,62.7,71.63,136.34,194.83,63.45,67.8,0.8,0.15
2377,76.064,0.747294,0.285076,-0.682154,5,AVOID_RIGHT,71.69,61.64,70.98,67.19,148.94,193.74,61.42,59.55,0.8,0.15
2378,76.096,0.747543,0.284872,-0.689581,5,AVOID_RIGHT,70.05,66.49,69.86,68.29,146.16,68.88,70.76,60.7,0.8,0.15
2379,76.128,0.74779,0.284666,-0.70196,5,AVOID_RIGHT,74.05,64.47,65.75,70.14,131.41,66.11,68.04,69.78,0.8,0.15
2380,76.16,0.748035,0.284457,-0.709387,5,AVOID_RIGHT,69.84,64.64,64.33,68.9,151.49,67.92,72.5,70.27,0.8,0.15
2381,76.192,0.748279,0.284247,-0.716814,5,AVOID_RIGHT,71.48,68.96,65.37,67.19,146.24,67.73,68.98,70.51,0.8,0.15
2382,76.224,0.748521,0.284034,-0.724242,5,AVOID_RIGHT,69.07,69.29,72.92,66.61,141.53,70.97,65.02,72.66,0.8,0.15
2383,76.256,0.748713,0.283863,-0.734145,5,AVOID_RIGHT,65.91,68.64,65.46,68.3,150.31,64.66,69.8,69.21,0.8,0.15
2384,76.288,0.748951,0.283646,-0.741572,5,AVOID_RIGHT,69.6,64.5,67.75,68.16,145.44,67.69,69.56,64.65,0.8,0.15
2385,76.32,0.749187,0.283428,-0.748999,5,AVOID_RIGHT,65.86,71.53,68.35,71.27,145.85,66.36,66.03,71.3,0.8,0.15
2386,76.352,0.749422,0.283208,-0.756427,5,AVOID_RIGHT,66.01,68.92,67.52,74.09,152.08,66.49,61.88,74.07,0.8,0.15
2387,76.384,0.749655,0.282986,-0.763854,5,AVOID_RIGHT,70.8,62.0,67.34,62.8,148.93,62.14,68.41,69.62,0.8,0.15
2388,76.416,0.74984,0.282807,-0.773757,5,AVOID_RIGHT,66.26,73.16,67.16,66.56,148.44,68.62,65.02,70.22,0.8,0.15
2389,76.448,0.75007,0.282582,-0.781184,5,AVOID_RIGHT,64.69,66.48,74.69,66.8,150.24,62.42,66.02,72.36,0.8,0.15
2390,76.48,0.750298,0.282354,-0.788612,5,AVOID_RIGHT,67.39,65.28,65.64,77.66,151.51,71.03,63.59,66.33,0.8,0.15
2391,76.512,0.750524,0.282125,-0.796039,5,FOLLOWING,73.28,67.74,65.43,69.24,143.63,73.75,71.35,68.46,-3.14,3.14
2392,76.544,0.75057,0.282081,-0.71929,5,FOLLOWING,67.1,70.14,68.4,65.34,136.57,68.32,69.3,67.12,-3.14,3.14
2393,76.576,0.75057,0.282081,-0.640066,5,FOLLOWING,66.99,75.45,71.39,71.28,123.07,70.34,69.05,72.36,-3.14,3.14
2394,76.608,0.75057,0.282081,-0.560841,5,FOLLOWING,68.54,65.69,65.76,66.63,102.75,200.07,68.23,67.94,-3.14,3.14
2395,76.64,0.750514,0.282113,-0.484092,5,FOLLOWING,67.84,71.48,67.3,66.92,75.29,202.87,67.73,70.0,-3.14,3.14
2396,76.672,0.750514,0.282113,-0.404868,5,FOLLOWING,65.33,69.7,67.21,68.67,65.98,225.63,75.31,74.31,-3.14,3.14
2397,76.704,0.750514,0.282113,-0.325643,5,FOLLOWING,63.43,63.89,67.14,70.42,67.09,224.38,67.06,70.77,-3.14,3.14
2398,76.736,0.750514,0.282113,-0.246418,5,FOLLOWING,67.53,70.13,70.4,62.72,67.31,223.55,62.69,64.38,-3.14,3.14
2399,76.768,0.750514,0.282113,-0.167194,5,FOLLOWING,67.46,69.29,65.32,64.37,62.49,220.43,68.14,65.97,-3.14,3.14
2400,76.8,0.750514,0.282113,-0.087969,5,FOLLOWING,64.54,60.99,68.11,67.02,66.36,218.83,67.12,68.64,-3.14,3.14
2401,76.832,0.750514,0.282113,-0.008744,5,FOLLOWING,74.21,68.72,64.87,66.19,65.49,208.11,69.04,69.27,-3.14,3.14
2402,76.864,0.750514,0.282113,0.07048,5,FOLLOWING,63.12,71.63,68.18,70.43,69.15,211.69,70.79,64.95,-3.14,3.14
2403,76.896,0.750578,0.28212,0.152181,5,FOLLOWING,66.95,62.83,67.93,63.02,69.68,184.99,65.57,64.53,-3.14,3.14
2404,76.928,0.750515,0.282108,0.228929,5,AVOID_RIGHT,67.22,63.85,65.14,65.1,70.07,165.01,213.73,64.13,0.8,0.15
2405,76.96,0.750829,0.28218,0.221502,5,AVOID_RIGHT,69.61,68.92,69.16,66.76,69.62,174.04,210.06,64.13,0.8,0.15
2406,76.992,0.751143,0.282249,0.214075,5,AVOID_RIGHT,70.8,70.35,66.22,63.94,65.0,170.71,214.25,67.93,0.8,0.15
2407,77.024,0.751458,0.282316,0.206647,5,AVOID_RIGHT,66.38,67.52,63.79,73.39,64.81,173.14,72.32,61.35,0.8,0.15
2408,77.056,0.75171,0.282368,0.196744,5,AVOID_RIGHT,69.1,66.45,70.82,67.47,60.79,171.53,66.79,67.37,0.8,0.15
2409,77.088,0.752026,0.28243,0.189317,5,AVOID_RIGHT,66.3,64.8,72.01,66.0,61.62,191.62,70.81,65.17,0.8,0.15
2410,77.12,0.752342,0.282489,0.18189,5,AVOID_RIGHT,65.72,63.27,67.61,67.96,76.25,193.61,70.26,70.41,0.8,0.15
2411,77.152,0.752659,0.282546,0.174462,5,AVOID_RIGHT,74.47,62.77,73.53,68.06,62.78,189.84,63.02,65.78,0.8,0.15
2412,77.184,0.752913,0.28259,0.164559,5,AVOID_RIGHT,59.49,67.03,67.21,64.79,69.47,193.85,69.98,71.74,0.8,0.15
2413,77.216,0.753231,0.282641,0.157132,5,AVOID_RIGHT,68.41,68.38,67.41,65.14,65.74,194.76,63.65,69.57,0.8,0.15
2414,77.248,0.753612,0.2827,0.147229,5,AVOID_RIGHT,68.33,69.37,67.66,66.47,67.52,194.19,66.42,62.86,0.8,0.15
2415,77.28,0.753931,0.282746,0.139802,5,AVOID_RIGHT,68.18,67.81,69.06,70.24,71.78,202.1,69.01,68.56,0.8,0.15
2416,77.312,0.754186,0.28278,0.129899,5,AVOID_RIGHT,65.37,66.53,66.86,64.56,65.02,205.74,66.69,67.63,0.8,0.15
2417,77.344,0.754505,0.282821,0.122471,5,AVOID_RIGHT,67.44,68.41,66.23,66.9,67.81,204.86,63.75,70.67,0.8,0.15
2418,77.376,0.754825,0.282859,0.115044,5,AVOID_RIGHT,65.93,64.31,65.45,67.43,69.95,208.01,64.4,69.93,0.8,0.15
2419,77.408,0.755145,0.282895,0.107617,5,AVOID_RIGHT,59.91,67.97,68.75,63.39,66.14,202.55,70.83,68.04,0.8,0.15
2420,77.44,0.755465,0.282928,0.100189,5,AVOID_RIGHT,63.72,75.07,68.0,70.05,68.26,204.26,66.03,64.81,0.8,0.15
2421,77.472,0.755721,0.282953,0.090286,5,FOLLOWING,67.99,59.27,70.22,72.59,70.96,209.3,68.41,68.7,-3.14,3.14
2422,77.504,0.755721,0.282953,0.169511,5,FOLLOWING,69.07,66.19,73.42,61.75,69.19,201.51,73.8,65.53,-3.14,3.14
2423,77.536,0.755721,0.282953,0.248736,5,FOLLOWING,65.86,64.72,66.69,63.39,75.53,184.55,60.0,73.49,-3.14,3.14
2424,77.568,0.755721,0.282953,0.32796,5,AVOID_RIGHT,64.59,70.2,68.04,61.2,64.58,158.29,273.76,68.25,0.6,-0.6
2425,77.6,0.755721,0.282953,0.313106,5,AVOID_RIGHT,68.95,62.95,64.88,64.06,69.53,169.87,267.26,66.87,0.6,-0.6
2426,77.632,0.755721,0.282953,0.298251,5,AVOID_RIGHT,63.21,60.42,66.55,67.72,66.74,167.01,266.32,66.13,0.6,-0.6
2427,77.664,0.755721,0.282953,0.283396,5,AVOID_RIGHT,72.67,72.0,62.16,65.3,67.45,175.52,69.39,69.64,0.8,0.15
2428,77.696,0.756031,0.283041,0.275969,5,AVOID_RIGHT,63.36,63.6,66.75,70.27,66.08,175.38,70.79,70.4,0.8,0.15
2429,77.728,0.756341,0.283128,0.268542,5,AVOID_RIGHT,63.11,64.5,63.58,65.64,66.6,176.22,67.4,65.75,0.8,0.15
2430,77.76,0.756651,0.283211,0.256163,5,AVOID_RIGHT,68.29,69.13,67.4,71.36,64.0,187.56,67.6,64.46,0.8,0.15
2431,77.792,0.756963,0.283292,0.248736,5,AVOID_RIGHT,65.08,65.57,69.45,58.16,65.26,188.68,66.45,68.05,0.8,0.15
2432,77.824,0.757275,0.28337,0.241308,5,AVOID_RIGHT,65.44,68.12,70.62,71.12,60.98,203.17,63.24,66.66,0.8,0.15
2433,77.856,0.757588,0.283446,0.233881,5,AVOID_RIGHT,65.07,62.95,66.18,67.02,63.85,202.29,67.84,59.9,0.8,0.15
2434,77.888,0.757839,0.283504,0.223978,5,AVOID_RIGHT,70.47,72.2,71.92,65.15,63.25,194.66,64.69,62.78,0.8,0.15
2435,77.92,0.758153,0.283574,0.216551,5,AVOID_RIGHT,65.4,70.01,66.08,68.04,66.34,203.75,66.13,70.76,0.8,0.15
2436,77.952,0.758468,0.283642,0.209123,5,AVOID_RIGHT,62.51,66.39,66.48,64.59,63.29,220.59,71.08,68.94,0.8,0.15
2437,77.984,0.758783,0.283708,0.201696,5,AVOID_RIGHT,67.65,68.06,66.91,70.53,73.09,214.27,71.7,61.33,0.8,0.15
2438,78.016,0.759035,0.283758,0.191793,5,AVOID_RIGHT,72.2,67.44,69.4,69.3,63.43,207.74,62.66,64.49,0.8,0.15
2439,78.048,0.759351,0.283819,0.184366,5,AVOID_RIGHT,71.52,67.04,64.43,65.04,66.77,212.78,66.35,68.18,0.8,0.15
2440,78.08,0.759668,0.283876,0.176938,5,AVOID_RIGHT,68.0,67.91,69.5,64.48,65.61,223.15,63.52,62.52,0.8,0.15
2441,78.112,0.759985,0.283932,0.169511,5,AVOID_RIGHT,68.59,64.72,63.77,74.44,65.95,218.6,67.82,69.32,0.8,0.15
2442,78.144,0.760302,0.283985,0.162084,5,AVOID_RIGHT,68.74,65.28,66.39,69.64,70.31,226.34,69.24,65.93,0.8,0.15
2443,78.176,0.76062,0.284035,0.149705,5,AVOID_RIGHT,65.16,65.9,66.8,67.19,68.03,231.83,65.28,66.87,0.8,0.15
2444,78.208,0.760939,0.284082,0.142277,5,AVOID_RIGHT,65.87,69.75,69.81,70.11,72.57,241.83,66.48,70.74,0.8,0.15
2445,78.24,0.761258,0.284126,0.13485,5,AVOID_RIGHT,65.9,70.87,62.16,74.29,63.02,243.97,66.41,70.12,0.8,0.15
2446,78.272,0.761577,0.284168,0.127423,5,AVOID_RIGHT,74.24,65.83,71.07,63.54,59.78,240.8,63.18,68.81,0.8,0.15
2447,78.304,0.761832,0.2842,0.11752,5,AVOID_RIGHT,64.78,75.39,74.61,71.01,69.88,252.9,68.54,66.91,0.6,-0.6
2448,78.336,0.761832,0.2842,0.102665,5,AVOID_RIGHT,64.17,66.36,64.79,72.99,67.57,255.08,70.83,69.2,0.6,-0.6
2449,78.368,0.761832,0.2842,0.087811,5,AVOID_RIGHT,68.93,64.9,67.3,67.41,69.01,254.63,68.38,64.55,0.6,-0.6
2450,78.4,0.761832,0.2842,0.072956,5,AVOID_RIGHT,65.96,68.54,69.43,66.38,67.14,264.64,64.34,62.25,0.6,-0.6
2451,78.432,0.761832,0.2842,0.058101,5,AVOID_RIGHT,62.91,70.09,70.08,74.15,69.95,259.52,63.13,64.67,0.6,-0.6
2452,78.464,0.761832,0.2842,0.043247,5,AVOID_RIGHT,67.76,66.28,65.19,62.29,68.28,266.2,60.79,65.22,0.6,-0.6
2453,78.496,0.761832,0.2842,0.028392,5,AVOID_RIGHT,68.59,72.22,63.85,62.75,62.68,276.8,68.44,66.06,0.6,-0.6
2454,78.528,0.761832,0.2842,0.013537,5,AVOID_RIGHT,72.22,66.54,69.08,70.53,62.62,279.07,68.86,61.56,0.6,-0.6
2455,78.56,0.761832,0.2842,-0.001317,5,AVOID_RIGHT,71.24,70.73,71.87,58.64,67.12,276.88,62.78,72.58,0.6,-0.6
2456,78.592,0.761832,0.2842,-0.016172,5,AVOID_RIGHT,66.27,64.09,67.85,60.71,69.93,275.97,64.66,67.71,0.6,-0.6
2457,78.624,0.761832,0.2842,-0.031026,5,AVOID_RIGHT,68.94,69.8,64.3,63.43,63.63,283.02,67.45,71.84,0.6,-0.6
2458,78.656,0.761832,0.2842,-0.045881,5,AVOID_RIGHT,64.69,61.96,68.86,71.19,65.11,282.9,63.76,62.85,0.6,-0.6
2459,78.688,0.761896,0.284196,-0.063211,5,AVOID_RIGHT,70.33,68.46,63.01,61.31,68.58,295.22,67.92,66.36,0.6,-0.6
2460,78.72,0.761896,0.284196,-0.078066,5,AVOID_RIGHT,62.66,67.53,67.21,67.7,58.61,294.38,70.72,68.64,0.6,-0.6
2461,78.752,0.761896,0.284196,-0.092921,5,AVOID_RIGHT,71.21,64.17,65.73,67.98,62.86,300.86,62.08,70.68,0.6,-0.6
2462,78.784,0.761832,0.284203,-0.110251,5,AVOID_RIGHT,72.45,70.51,62.81,64.63,69.01,302.88,65.88,64.69,0.6,-0.6
2463,78.816,0.761832,0.284203,-0.125106,5,AVOID_RIGHT,65.39,61.59,75.14,66.86,67.28,289.39,67.98,67.37,0.6,-0.6
2464,78.848,0.761832,0.284203,-0.13996,5,AVOID_RIGHT,71.25,68.06,67.18,65.39,62.87,292.08,70.25,64.87,0.6,-0.6
2465,78.88,0.761832,0.284203,-0.154815,5,AVOID_RIGHT,66.57,74.54,62.44,65.85,62.99,294.74,67.07,68.87,0.6,-0.6
2466,78.912,0.761832,0.284203,-0.169669,5,AVOID_RIGHT,67.36,67.43,64.32,65.24,69.67,302.57,67.28,67.04,0.6,-0.6
2467,78.944,0.761832,0.284203,-0.184524,5,AVOID_RIGHT,69.8,69.83,67.55,66.13,69.71,299.72,71.58,66.1,0.6,-0.6
2468,78.976,0.761832,0.284203,-0.199379,5,AVOID_RIGHT,70.23,73.82,74.1,67.56,71.64,299.42,67.1,70.53,0.6,-0.6
2469,79.008,0.761832,0.284203,-0.214233,5,AVOID_RIGHT,66.95,66.87,70.02,64.7,68.94,313.5,63.78,68.24,0.6,-0.6
2470,79.04,0.761832,0.284203,-0.229088,5,AVOID_RIGHT,72.84,70.31,66.05,68.01,65.88,302.81,66.17,67.62,0.6,-0.6
2471,79.072,0.761832,0.284203,-0.243943,5,AVOID_RIGHT,69.89,68.52,68.87,67.42,69.61,304.19,68.3,63.33,0.6,-0.6
2472,79.104,0.761832,0.284203,-0.258797,5,AVOID_RIGHT,69.06,60.68,70.69,70.44,72.33,297.87,69.6,69.4,0.6,-0.6
2473,79.136,0.761832,0.284203,-0.273652,5,AVOID_RIGHT,63.98,66.93,64.63,66.52,63.2,299.8,63.36,63.09,0.6,-0.6
2474,79.168,0.761832,0.284203,-0.288506,5,AVOID_RIGHT,72.45,65.32,64.61,65.94,62.92,297.77,69.65,67.84,0.6,-0.6
2475,79.2,0.761832,0.284203,-0.303361,5,AVOID_RIGHT,66.89,69.11,67.22,68.28,74.12,299.64,68.52,70.41,0.6,-0.6
2476,79.232,0.761894,0.284183,-0.320691,5,AVOID_RIGHT,67.31,66.69,69.67,70.72,75.27,308.61,61.99,66.09,0.6,-0.6
2477,79.264,0.761894,0.284183,-0.335546,5,AVOID_RIGHT,73.1,64.88,69.09,69.35,65.24,306.55,64.94,64.02,0.6,-0.6
2478,79.296,0.761894,0.284183,-0.350401,5,AVOID_RIGHT,64.49,65.58,64.09,69.48,69.4,297.91,65.81,63.08,0.6,-0.6
2479,79.328,0.761833,0.284206,-0.367731,5,AVOID_RIGHT,65.0,61.27,69.95,69.65,68.47,295.36,67.29,66.93,0.6,-0.6
2480,79.36,0.761833,0.284206,-0.382586,5,AVOID_RIGHT,64.4,69.1,63.39,64.05,68.78,296.2,69.86,65.72,0.6,-0.6
2481,79.392,0.761833,0.284206,-0.39744,5,AVOID_RIGHT,65.39,65.02,62.24,68.08,68.55,300.04,64.02,68.58,0.6,-0.6
2482,79.424,0.761833,0.284206,-0.412295,5,AVOID_RIGHT,71.2,72.58,66.65,68.73,73.16,283.46,69.1,63.55,0.6,-0.6
2483,79.456,0.761833,0.284206,-0.427149,5,AVOID_RIGHT,67.13,66.96,62.93,64.67,68.21,288.22,64.05,66.3,0.6,-0.6
2484,79.488,0.761833,0.284206,-0.442004,5,AVOID_RIGHT,63.34,63.34,70.13,63.08,84.53,63.58,62.51,63.2,0.8,0.15
2485,79.52,0.762124,0.284067,-0.449431,5,AVOID_RIGHT,68.38,65.93,66.2,70.8,90.96,71.37,68.18,69.55,0.8,0.15
2486,79.552,0.762413,0.283926,-0.456859,5,AVOID_RIGHT,68.9,66.31,65.86,69.74,92.19,68.3,60.01,66.76,0.8,0.15
2487,79.584,0.762702,0.283783,-0.464286,5,AVOID_RIGHT,65.51,67.43,71.59,64.98,97.57,68.39,70.43,72.37,0.8,0.15
2488,79.616,0.762931,0.283667,-0.474189,5,AVOID_RIGHT,75.87,67.39,62.86,68.44,98.69,70.35,68.39,67.33,0.8,0.15
2489,79.648,0.763217,0.283518,-0.481616,5,AVOID_RIGHT,68.69,70.09,70.22,63.64,98.54,67.81,59.35,64.62,0.8,0.15
2490,79.68,0.763502,0.283368,-0.489044,5,AVOID_RIGHT,61.34,67.9,70.52,68.88,107.89,68.31,65.73,66.75,0.8,0.15
2491,79.712,0.763842,0.283185,-0.498947,5,AVOID_RIGHT,74.38,66.94,70.44,70.07,110.68,68.73,62.2,66.52,0.8,0.15
2492,79.744,0.764067,0.283061,-0.50885,5,AVOID_RIGHT,73.73,64.99,61.57,67.74,108.17,71.67,71.47,70.42,0.8,0.15
2493,79.776,0.764348,0.282903,-0.516277,5,AVOID_RIGHT,66.79,63.45,66.3,68.59,115.12,69.95,70.46,65.26,0.8,0.15
2494,79.808,0.764627,0.282743,-0.523704,5,AVOID_RIGHT,61.14,72.09,71.95,68.3,109.6,67.88,65.07,71.77,0.8,0.15
2495,79.84,0.764905,0.282581,-0.531132,5,AVOID_RIGHT,67.53,64.51,63.31,67.45,105.67,67.74,67.04,63.97,0.8,0.15
2496,79.872,0.765126,0.28245,-0.541035,5,AVOID_RIGHT,63.97,68.12,72.8,66.64,107.74,67.49,61.44,66.38,0.8,0.15
2497,79.904,0.765402,0.282283,-0.548462,5,AVOID_RIGHT,69.01,62.47,66.38,72.75,106.8,67.57,69.74,72.28,0.8,0.15
2498,79.936,0.765676,0.282114,-0.555889,5,AVOID_RIGHT,66.11,61.64,71.78,66.35,122.82,69.66,71.78,64.18,0.8,0.15
2499,79.968,0.765948,0.281943,-0.563317,5,AVOID_RIGHT,68.49,67.82,68.08,68.67,105.79,68.74,65.21,69.49,0.8,0.15
2500,80.0,0.766165,0.281805,-0.57322,5,AVOID_RIGHT,61.64,70.36,68.44,63.46,117.42,69.67,66.03,71.51,0.8,0.15
2501,80.032,0.766435,0.281629,-0.580647,5,AVOID_RIGHT,71.07,66.85,67.64,60.61,111.71,62.94,65.77,63.47,0.8,0.15
2502,80.064,0.766704,0.281451,-0.588074,5,AVOID_RIGHT,68.34,63.66,71.67,70.5,121.25,67.16,66.59,72.95,0.8,0.15
2503,80.096,0.766971,0.281272,-0.595502,5,AVOID_RIGHT,68.22,72.65,67.77,61.29,114.24,66.34,64.08,64.3,0.8,0.15
2504,80.128,0.767236,0.28109,-0.607881,5,AVOID_RIGHT,67.94,68.0,69.04,65.73,121.34,64.59,66.16,67.61,0.8,0.15
2505,80.16,0.7675,0.280905,-0.615308,5,AVOID_RIGHT,70.84,69.33,64.81,67.05,112.72,69.28,64.19,65.57,0.8,0.15
2506,80.192,0.767762,0.280718,-0.622735,5,AVOID_RIGHT,67.08,68.91,64.6,64.72,123.78,67.97,66.72,63.57,0.8,0.15
2507,80.224,0.768022,0.28053,-0.630163,5,AVOID_RIGHT,65.69,63.81,68.93,71.21,125.83,67.66,66.56,63.37,0.8,0.15
2508,80.256,0.768282,0.280339,-0.63759,5,AVOID_RIGHT,69.41,70.74,65.94,67.28,114.8,73.47,66.19,69.3,0.8,0.15
2509,80.288,0.768488,0.280185,-0.647493,5,AVOID_RIGHT,66.33,65.7,65.35,70.55,129.05,65.28,67.13,64.1,0.8,0.15
2510,80.32,0.768744,0.27999,-0.65492,5,AVOID_RIGHT,70.91,71.9,67.22,64.22,120.88,66.25,66.37,70.5,0.8,0.15
2511,80.352,0.768998,0.279793,-0.662348,5,AVOID_RIGHT,68.07,62.71,69.12,65.24,128.37,70.14,66.17,62.68,0.8,0.15
2512,80.384,0.769252,0.279594,-0.669775,5,AVOID_RIGHT,67.5,70.28,72.47,67.95,123.12,65.83,63.45,59.73,0.8,0.15
2513,80.416,0.769453,0.279433,-0.679678,5,FOLLOWING,70.69,68.85,66.8,67.88,141.09,67.72,58.43,61.64,-3.14,3.14
2514,80.448,0.769453,0.279433,-0.600453,5,FOLLOWING,71.17,69.52,73.01,66.73,112.77,61.75,69.05,69.08,-3.14,3.14
2515,80.48,0.769453,0.279433,-0.521229,5,FOLLOWING,70.04,66.14,65.89,66.72,93.34,69.61,65.77,68.64,-3.14,3.14
2516,80.512,0.769453,0.279433,-0.442004,5,FOLLOWING,69.22,65.06,67.27,68.33,67.74,70.78,69.71,64.86,-3.14,3.14
2517,80.544,0.769453,0.279433,-0.362779,5,FOLLOWING,64.32,74.14,66.85,70.56,62.2,62.22,64.27,68.3,-3.14,3.14
2518,80.576,0.769453,0.279433,-0.283555,5,FOLLOWING,65.63,67.89,68.93,64.41,61.37,68.57,70.18,66.54,-3.14,3.14
2519,80.608,0.769453,0.279433,-0.20433,5,FOLLOWING,66.4,68.6,71.34,59.32,67.61,246.87,67.13,65.51,-3.14,3.14
2520,80.64,0.769453,0.279433,-0.125106,5,FOLLOWING,68.3,65.57,65.7,66.1,64.79,241.46,63.69,69.53,-3.14,3.14
2521,80.672,0.769453,0.279433,-0.045881,5,FOLLOWING,66.83,68.11,59.87,69.12,61.93,235.47,69.78,66.81,-3.14,3.14
2522,80.704,0.769453,0.279433,0.033344,5,FOLLOWING,68.43,71.33,68.52,65.39,68.3,230.7,66.4,64.7,-3.14,3.14
2523,80.736,0.769453,0.279433,0.112568,5,FOLLOWING,63.78,67.08,67.52,72.2,69.41,208.21,69.35,64.45,-3.14,3.14
2524,80.768,0.769453,0.279433,0.191793,5,FOLLOWING,65.6,69.65,68.64,60.8,65.23,187.94,62.84,69.88,-3.14,3.14
2525,80.8,0.769453,0.279433,0.271017,5,FOLLOWING,64.28,67.13,69.86,64.1,68.65,164.66,69.38,66.68,-3.14,3.14
2526,80.832,0.769453,0.279433,0.350242,5,FOLLOWING,66.36,71.2,64.23,70.61,74.57,158.75,66.05,66.47,-3.14,3.14
2527,80.864,0.769453,0.279433,0.429467,5,FOLLOWING,67.03,62.93,63.43,70.05,64.5,136.54,69.03,65.7,-3.14,3.14
2528,80.896,0.769453,0.279433,0.508691,5,FOLLOWING,60.74,71.85,69.46,66.32,67.25,117.41,63.18,70.86,-2.8597,3.14
2529,80.928,0.769563,0.2795,0.582964,5,AVOID_RIGHT,63.53,70.53,66.27,67.37,64.84,109.51,309.22,63.89,0.6,-0.6
2530,80.96,0.769563,0.2795,0.56811,5,AVOID_RIGHT,68.98,67.32,60.97,70.71,67.8,109.52,63.74,66.39,0.8,0.15
2531,80.992,0.769835,0.279672,0.560682,5,AVOID_RIGHT,67.78,73.02,73.52,66.31,66.61,109.24,72.17,65.49,0.8,0.15
2532,81.024,0.770108,0.279842,0.553255,5,AVOID_RIGHT,60.58,65.71,64.54,61.52,72.96,105.11,70.25,71.49,0.8,0.15
2533,81.056,0.770327,0.279976,0.543352,5,AVOID_RIGHT,71.76,62.71,63.28,67.86,61.78,119.35,70.85,68.42,0.8,0.15
2534,81.088,0.770604,0.280142,0.535925,5,AVOID_RIGHT,73.19,67.8,68.9,64.69,70.52,111.58,65.06,65.94,0.8,0.15
2535,81.12,0.770881,0.280305,0.528497,5,AVOID_RIGHT,67.5,65.61,67.73,68.04,68.17,122.4,69.73,69.52,0.8,0.15
2536,81.152,0.771159,0.280466,0.52107,5,AVOID_RIGHT,70.74,69.58,63.05,65.76,70.88,129.52,68.53,61.33,0.8,0.15
2537,81.184,0.77144,0.280625,0.508691,5,AVOID_RIGHT,72.18,68.19,73.21,64.73,68.73,116.97,65.7,66.09,0.8,0.15
2538,81.216,0.771721,0.28078,0.501264,5,AVOID_RIGHT,69.1,71.64,67.37,61.53,69.92,133.32,70.82,67.94,0.8,0.15
2539,81.248,0.772004,0.280934,0.493837,5,AVOID_RIGHT,68.4,66.19,66.65,65.73,70.3,142.28,70.05,70.2,0.8,0.15
2540,81.28,0.772288,0.281085,0.486409,5,AVOID_RIGHT,70.2,68.67,67.02,64.86,68.21,147.23,63.04,70.09,0.8,0.15
2541,81.312,0.772516,0.281205,0.476506,5,AVOID_RIGHT,71.03,65.72,66.7,66.47,68.64,139.68,69.33,63.94,0.8,0.15
2542,81.344,0.772803,0.281351,0.469079,5,AVOID_RIGHT,67.56,69.74,64.94,58.15,64.87,148.85,65.08,71.7,0.8,0.15
2543,81.376,0.77309,0.281496,0.461652,5,AVOID_RIGHT,66.03,65.02,72.67,68.77,69.73,154.64,64.39,67.91,0.8,0.15
2544,81.408,0.773379,0.281638,0.454224,5,AVOID_RIGHT,61.25,73.48,63.77,71.61,63.13,148.39,66.49,71.57,0.8,0.15
2545,81.44,0.773611,0.28175,0.444321,5,AVOID_RIGHT,70.91,64.51,69.48,63.28,68.2,157.52,74.23,63.93,0.8,0.15
2546,81.472,0.773902,0.281887,0.436894,5,AVOID_RIGHT,66.74,69.04,69.11,66.5,64.26,166.07,71.11,66.73,0.8,0.15
2547,81.504,0.774194,0.282022,0.429467,5,AVOID_RIGHT,68.54,59.84,72.98,69.56,63.48,166.87,66.83,68.27,0.8,0.15
2548,81.536,0.774487,0.282155,0.422039,5,AVOID_RIGHT,67.25,62.08,69.43,66.76,67.29,177.89,64.49,70.85,0.8,0.15
2549,81.568,0.774782,0.282286,0.414612,5,AVOID_RIGHT,65.49,66.86,68.41,69.78,67.84,162.81,67.05,68.43,0.8,0.15
2550,81.6,0.775077,0.282414,0.402233,5,AVOID_RIGHT,74.04,69.23,63.65,67.17,65.03,181.67,70.83,64.64,0.8,0.15
2551,81.632,0.775374,0.282539,0.394806,5,AVOID_RIGHT,65.72,58.57,63.19,61.31,63.37,190.63,70.96,67.85,0.8,0.15
2552,81.664,0.775671,0.282661,0.387379,5,AVOID_RIGHT,63.97,69.02,70.03,69.51,71.08,188.09,64.82,67.57,0.8,0.15
2553,81.696,0.77597,0.282782,0.379951,5,AVOID_RIGHT,68.52,67.7,66.0,61.51,63.22,200.97,63.91,70.72,0.8,0.15
2554,81.728,0.776209,0.282876,0.370048,5,AVOID_RIGHT,73.17,61.3,63.38,68.7,68.65,206.36,64.05,72.04,0.8,0.15
2555,81.76,0.77651,0.282991,0.362621,5,AVOID_RIGHT,63.16,61.47,63.4,67.4,71.36,207.3,66.92,62.76,0.8,0.15
2556,81.792,0.776811,0.283104,0.355194,5,AVOID_RIGHT,74.85,64.9,66.05,69.15,68.55,208.47,74.02,66.04,0.8,0.15
2557,81.824,0.777113,0.283215,0.347766,5,AVOID_RIGHT,65.42,61.5,67.74,71.09,65.15,217.46,65.3,65.42,0.8,0.15
2558,81.856,0.777356,0.283302,0.337863,5,AVOID_RIGHT,70.01,70.76,65.27,69.62,68.5,215.35,60.44,69.75,0.8,0.15
2559,81.888,0.77766,0.283407,0.330436,5,FOLLOWING,71.09,64.83,59.38,74.54,67.64,219.95,67.92,63.87,-3.14,3.14
2560,81.92,0.77766,0.283407,0.409661,5,FOLLOWING,62.77,70.96,67.13,65.03,69.97,203.81,59.33,69.86,-3.14,3.14
2561,81.952,0.77766,0.283407,0.488885,5,FOLLOWING,71.95,70.68,66.39,71.38,67.89,168.51,63.15,65.76,-3.14,3.14
2562,81.984,0.77766,0.283407,0.56811,5,FOLLOWING,67.08,67.53,66.77,67.42,69.5,144.96,72.76,62.99,-2.76,3.14
2563,82.016,0.777766,0.283481,0.642383,5,FOLLOWING,67.68,65.06,74.18,66.34,67.15,117.81,64.92,66.14,-2.3322,3.14
2564,82.048,0.777966,0.283642,0.711704,5,FOLLOWING,63.65,70.32,68.4,69.12,63.54,105.6,116.18,64.33,-1.936,3.14
2565,82.08,0.778298,0.283947,0.773599,5,AVOID_RIGHT,66.19,68.28,71.48,70.53,65.19,86.94,442.89,62.62,0.6,-0.6
2566,82.112,0.778298,0.283947,0.758744,5,AVOID_RIGHT,65.3,66.96,69.67,70.32,60.94,94.3,341.86,66.64,0.6,-0.6
2567,82.144,0.778298,0.283947,0.743889,5,AVOID_RIGHT,65.95,66.14,73.01,66.4,69.81,108.3,223.66,71.35,0.8,0.15
2568,82.176,0.778536,0.284164,0.736462,5,AVOID_RIGHT,67.79,73.43,70.25,68.34,67.47,104.28,168.69,64.9,0.8,0.15
2569,82.208,0.778727,0.284336,0.726559,5,AVOID_RIGHT,72.3,64.79,68.57,67.79,63.04,110.07,118.7,74.59,0.8,0.15
2570,82.24,0.778969,0.284548,0.719132,5,AVOID_RIGHT,67.35,60.18,61.28,69.44,72.55,115.09,100.85,69.53,0.8,0.15
2571,82.272,0.779212,0.28476,0.711704,5,AVOID_RIGHT,70.54,69.22,69.84,66.0,66.04,116.28,64.71,70.84,0.8,0.15
2572,82.304,0.779456,0.284969,0.704277,5,AVOID_RIGHT,74.1,65.43,67.45,63.05,67.2,106.71,60.65,64.92,0.8,0.15
2573,82.336,0.779653,0.285135,0.694374,5,AVOID_RIGHT,60.54,64.19,66.71,64.86,68.71,110.94,70.07,66.21,0.8,0.15
2574,82.368,0.779901,0.28534,0.686947,5,AVOID_RIGHT,63.78,67.86,65.23,67.89,66.19,123.3,65.25,63.81,0.8,0.15
2575,82.4,0.780151,0.285543,0.679519,5,AVOID_RIGHT,67.96,68.08,66.53,71.35,70.12,128.29,69.51,70.35,0.8,0.15
2576,82.432,0.780402,0.285744,0.672092,5,AVOID_RIGHT,65.66,66.05,67.89,70.8,65.67,132.82,69.37,74.46,0.8,0.15
2577,82.464,0.780655,0.285944,0.664665,5,AVOID_RIGHT,61.8,67.37,69.9,68.97,66.42,134.37,67.05,65.84,0.8,0.15
2578,82.496,0.780858,0.286101,0.654762,5,AVOID_RIGHT,66.26,63.66,61.24,66.05,73.24,142.63,68.25,66.34,0.8,0.15
2579,82.528,0.781166,0.286335,0.644859,5,AVOID_RIGHT,69.0,62.82,64.74,67.57,65.94,147.97,65.11,66.42,0.8,0.15
2580,82.56,0.781424,0.286528,0.637431,5,AVOID_RIGHT,70.03,65.98,65.45,69.08,64.08,152.88,65.73,66.15,0.8,0.15
2581,82.592,0.781683,0.286718,0.630004,5,AVOID_RIGHT,71.05,66.98,64.34,68.78,62.82,150.94,66.04,64.83,0.8,0.15
2582,82.624,0.781892,0.286869,0.620101,5,AVOID_RIGHT,69.79,64.73,68.37,68.26,68.54,166.27,68.88,71.22,0.8,0.15
2583,82.656,0.782154,0.287055,0.612674,5,AVOID_RIGHT,67.6,66.9,68.48,73.14,71.46,165.51,71.73,68.97,0.8,0.15
2584,82.688,0.782418,0.287239,0.605246,5,AVOID_RIGHT,65.09,65.12,69.75,75.48,67.81,166.97,65.16,64.14,0.8,0.15
2585,82.72,0.782684,0.287421,0.597819,5,AVOID_RIGHT,70.72,65.77,68.67,65.79,67.99,187.24,66.37,63.81,0.8,0.15
2586,82.752,0.782897,0.287565,0.587916,5,AVOID_RIGHT,63.53,68.67,63.1,71.75,69.33,186.3,72.29,66.24,0.8,0.15
2587,82.784,0.783166,0.287743,0.580489,5,AVOID_RIGHT,63.3,70.87,71.45,63.72,62.06,198.8,72.12,65.81,0.8,0.15
2588,82.816,0.783435,0.287918,0.573061,5,AVOID_RIGHT,66.5,68.55,63.26,67.77,72.81,206.32,63.89,66.11,0.8,0.15
2589,82.848,0.783707,0.288092,0.565634,5,AVOID_RIGHT,66.25,65.24,66.05,67.19,71.9,210.6,67.67,66.69,0.8,0.15
2590,82.88,0.783925,0.288228,0.555731,5,AVOID_RIGHT,65.03,60.72,65.48,62.03,61.59,206.56,68.89,66.84,0.8,0.15
2591,82.912,0.784199,0.288397,0.548304,5,AVOID_RIGHT,65.16,66.91,66.66,67.35,70.5,217.94,65.3,67.16,0.8,0.15
2592,82.944,0.784529,0.288597,0.538401,5,AVOID_RIGHT,65.78,71.21,71.29,66.2,74.87,219.21,61.09,64.38,0.8,0.15
2593,82.976,0.784806,0.288761,0.530973,5,AVOID_RIGHT,65.79,66.42,66.45,57.86,69.78,253.03,72.24,66.02,0.6,-0.6
2594,83.008,0.784806,0.288761,0.516119,5,AVOID_RIGHT,61.27,74.26,66.85,61.58,66.8,253.19,67.85,66.91,0.6,-0.6
2595,83.04,0.784806,0.288761,0.501264,5,AVOID_RIGHT,61.55,63.07,65.78,67.78,70.7,260.03,65.33,66.12,0.6,-0.6
2596,83.072,0.784806,0.288761,0.486409,5,AVOID_RIGHT,69.46,69.92,70.74,61.52,73.71,276.26,70.07,70.61,0.6,-0.6
2597,83.104,0.784806,0.288761,0.471555,5,AVOID_RIGHT,68.07,66.38,64.44,64.98,64.56,287.43,65.38,67.78,0.6,-0.6
2598,83.136,0.784749,0.288732,0.454224,5,AVOID_RIGHT,59.44,64.27,69.07,68.19,70.47,296.79,66.07,72.09,0.6,-0.6
2599,83.168,0.784749,0.288732,0.43937,5,AVOID_RIGHT,62.67,66.62,68.25,60.8,67.01,295.92,66.51,65.68,0.6,-0.6
2600,83.2,0.784749,0.288732,0.424515,5,AVOID_RIGHT,66.18,60.5,70.99,73.33,67.03,314.36,68.12,70.4,0.6,-0.6
2601,83.232,0.784749,0.288732,0.409661,5,AVOID_RIGHT,67.01,66.4,67.9,68.12,66.78,319.55,67.98,66.84,0.6,-0.6
2602,83.264,0.784749,0.288732,0.394806,5,AVOID_RIGHT,67.01,61.7,67.91,69.07,66.99,336.36,69.85,70.78,0.6,-0.6
2603,83.296,0.784749,0.288732,0.379951,5,AVOID_RIGHT,69.07,64.66,63.39,70.83,59.89,335.89,67.96,68.7,0.6,-0.6
2604,83.328,0.784749,0.288732,0.365097,5,AVOID_RIGHT,64.94,65.47,75.95,60.47,63.81,361.74,65.27,65.69,0.6,-0.6
2605,83.36,0.784749,0.288732,0.350242,5,AVOID_RIGHT,63.98,65.64,64.13,64.07,71.18,363.78,69.71,68.59,0.6,-0.6
2606,83.392,0.784749,0.288732,0.335387,5,AVOID_RIGHT,68.55,66.38,69.95,66.07,72.44,371.98,69.28,68.22,0.6,-0.6
2607,83.424,0.784749,0.288732,0.320533,5,AVOID_RIGHT,68.83,63.72,65.76,67.85,68.32,380.33,66.43,73.95,0.6,-0.6
2608,83.456,0.784749,0.288732,0.305678,5,AVOID_RIGHT,65.56,63.98,72.09,73.8,64.21,388.3,67.94,67.68,0.6,-0.6
2609,83.488,0.78481,0.288751,0.288348,5,AVOID_RIGHT,68.61,65.06,68.6,68.09,68.03,398.15,69.29,71.22,0.6,-0.6
2610,83.52,0.78481,0.288751,0.273493,5,AVOID_RIGHT,73.8,74.25,76.08,68.65,69.46,412.76,66.87,62.18,0.6,-0.6
2611,83.552,0.78481,0.288751,0.258639,5,AVOID_RIGHT,65.84,70.17,67.5,65.59,70.11,445.94,66.69,67.54,0.6,-0.6
2612,83.584,0.78481,0.288751,0.243784,5,AVOID_RIGHT,66.16,66.6,70.9,69.25,70.64,469.3,63.62,73.18,0.6,-0.6
2613,83.616,0.78481,0.288751,0.228929,5,AVOID_RIGHT,70.67,64.99,59.61,62.16,59.04,496.49,69.94,66.6,0.6,-0.6
2614,83.648,0.78481,0.288751,0.214075,5,AVOID_RIGHT,68.53,67.58,64.12,67.6,65.36,504.03,68.29,68.51,0.3,-0.7
2615,83.68,0.784621,0.288711,0.201696,5,AVOID_RIGHT,64.68,63.15,68.45,69.33,61.03,522.3,71.01,62.84,0.3,-0.7
2616,83.712,0.784495,0.288686,0.186841,5,AVOID_RIGHT,69.55,70.47,66.46,67.64,73.93,500.1,65.03,72.14,0.3,-0.7
2617,83.744,0.784368,0.288663,0.176938,5,AVOID_RIGHT,68.18,67.91,71.11,70.51,65.61,516.02,66.05,64.45,0.3,-0.7
2618,83.776,0.784241,0.288641,0.162084,5,AVOID_RIGHT,67.53,64.68,66.52,68.7,74.12,539.95,65.51,67.38,0.3,-0.7
2619,83.808,0.784114,0.288621,0.152181,5,AVOID_RIGHT,69.43,65.74,64.88,64.77,67.05,535.47,67.04,68.58,0.3,-0.7
2620,83.84,0.783987,0.288603,0.137326,5,AVOID_RIGHT,72.22,68.36,59.04,64.08,63.75,531.74,72.38,69.46,0.3,-0.7
2621,83.872,0.783923,0.288594,0.124947,5,AVOID_RIGHT,68.86,68.4,62.7,65.01,67.75,557.9,62.87,64.15,0.3,-0.7
2622,83.904,0.783731,0.288571,0.112568,5,AVOID_RIGHT,70.51,65.41,72.9,75.29,62.79,583.29,62.85,68.94,0.3,-0.7
2623,83.936,0.783603,0.288558,0.097714,5,AVOID_RIGHT,68.65,64.15,63.28,58.72,68.51,559.47,68.8,65.78,0.3,-0.7
2624,83.968,0.783475,0.288546,0.087811,5,AVOID_RIGHT,67.55,64.94,74.44,71.31,65.27,542.04,67.76,65.02,0.3,-0.7
2625,84.0,0.783347,0.288536,0.072956,5,AVOID_RIGHT,67.96,66.24,65.49,69.16,65.75,517.46,70.34,70.33,0.3,-0.7
2626,84.032,0.783218,0.288527,0.063053,5,AVOID_RIGHT,66.16,71.81,63.04,66.79,62.35,448.8,63.89,66.13,0.6,-0.6
2627,84.064,0.783218,0.288527,0.048198,5,AVOID_RIGHT,62.62,72.39,63.76,69.01,68.88,355.66,62.13,71.64,0.6,-0.6
2628,84.096,0.783218,0.288527,0.033344,5,AVOID_RIGHT,65.63,69.74,68.37,65.66,68.67,303.98,65.59,60.97,0.6,-0.6
2629,84.128,0.783218,0.288527,0.018489,5,AVOID_RIGHT,73.38,65.33,67.65,64.82,68.66,243.36,64.45,72.85,0.8,0.15
2630,84.16,0.783476,0.28853,0.008586,5,AVOID_RIGHT,62.38,70.42,68.04,70.07,67.76,205.51,62.24,67.04,0.8,0.15
2631,84.192,0.783798,0.288532,0.001159,5,AVOID_RIGHT,71.41,69.26,67.51,61.29,65.59,174.24,72.65,63.19,0.8,0.15
2632,84.224,0.784184,0.28853,-0.008744,5,AVOID_RIGHT,73.69,66.55,68.64,64.19,69.41,139.2,70.03,71.04,0.8,0.15
2633,84.256,0.784506,0.288526,-0.016172,5,AVOID_RIGHT,63.62,64.24,66.63,71.2,75.69,126.54,67.13,66.29,0.8,0.15
2634,84.288,0.784763,0.288521,-0.026075,5,AVOID_RIGHT,72.42,64.86,65.25,69.4,71.16,112.96,69.39,70.07,0.8,0.15
2635,84.32,0.785085,0.288511,-0.033502,5,AVOID_RIGHT,61.01,64.72,70.57,59.27,71.53,102.28,68.35,64.77,0.8,0.15
2636,84.352,0.785406,0.288499,-0.040929,5,AVOID_LEFT,69.84,65.12,64.25,65.87,56.63,71.5,66.53,65.83,0.15,0.8
2637,84.384,0.785728,0.288487,-0.033502,5,AVOID_RIGHT,63.71,67.86,62.46,68.91,68.23,80.94,67.78,65.56,0.8,0.15
2638,84.416,0.78605,0.288475,-0.040929,5,AVOID_LEFT,66.69,70.58,75.3,68.7,68.77,67.98,70.11,60.82,0.15,0.8
2639,84.448,0.786307,0.288466,-0.031026,5,AVOID_LEFT,64.5,67.39,70.64,67.46,67.6,66.87,67.2,61.88,0.15,0.8
2640,84.48,0.786629,0.288457,-0.023599,5,AVOID_RIGHT,64.31,66.12,64.78,70.87,69.07,72.21,60.93,67.62,0.8,0.15
2641,84.512,0.78695,0.288449,-0.031026,5,AVOID_LEFT,65.02,65.08,66.69,71.26,64.24,65.73,66.36,64.21,0.15,0.8
2642,84.544,0.787272,0.28844,-0.023599,5,AVOID_LEFT,67.66,71.97,66.68,67.54,68.24,64.9,60.23,70.15,0.15,0.8
2643,84.576,0.787594,0.288433,-0.016172,5,AVOID_RIGHT,63.88,67.03,73.6,65.13,70.69,69.02,67.52,63.31,0.8,0.15
2644,84.608,0.787916,0.288427,-0.023599,5,AVOID_LEFT,67.35,70.18,63.87,68.07,63.55,64.66,67.66,62.25,0.15,0.8
2645,84.64,0.788237,0.288421,-0.016172,5,AVOID_RIGHT,67.41,64.99,66.42,69.07,68.28,68.57,65.64,71.18,0.8,0.15
2646,84.672,0.788495,0.288415,-0.026075,5,AVOID_RIGHT,63.43,64.49,69.23,64.06,70.35,68.83,69.03,67.34,0.8,0.15
2647,84.704,0.788817,0.288406,-0.033502,5,AVOID_RIGHT,73.97,66.38,61.21,64.5,65.63,68.15,71.2,64.06,0.8,0.15
2648,84.736,0.789138,0.288394,-0.040929,5,AVOID_LEFT,65.56,70.96,70.03,70.42,66.88,66.44,67.25,66.5,0.15,0.8
2649,84.768,0.78946,0.288382,-0.033502,5,AVOID_RIGHT,62.77,60.35,70.05,69.18,66.95,70.7,66.95,65.4,0.8,0.15
2650,84.8,0.789781,0.28837,-0.040929,5,AVOID_LEFT,64.37,68.35,68.41,67.68,63.58,63.08,67.64,60.97,0.15,0.8
2651,84.832,0.790103,0.288358,-0.033502,5,AVOID_RIGHT,70.04,66.64,63.94,69.66,71.04,63.56,68.72,72.56,0.8,0.15
2652,84.864,0.790425,0.288346,-0.040929,5,AVOID_RIGHT,67.45,63.58,68.58,69.95,69.88,65.15,72.95,69.59,0.8,0.15
2653,84.896,0.790682,0.288334,-0.050833,5,AVOID_RIGHT,64.28,65.64,62.86,66.96,69.38,67.12,63.73,69.89,0.8,0.15
2654,84.928,0.791003,0.288316,-0.05826,5,AVOID_LEFT,71.5,65.07,70.98,67.75,64.48,69.73,66.52,69.53,0.15,0.8
2655,84.96,0.791325,0.288299,-0.050833,5,AVOID_LEFT,67.7,74.5,67.69,67.53,69.18,68.12,66.42,67.8,0.15,0.8
2656,84.992,0.791582,0.288287,-0.040929,5,AVOID_LEFT,66.7,69.6,69.59,71.09,68.25,67.89,66.51,71.32,0.15,0.8
2657,85.024,0.791904,0.288275,-0.033502,5,AVOID_LEFT,64.69,68.42,68.93,71.22,68.4,66.69,62.95,65.57,0.15,0.8
2658,85.056,0.792225,0.288265,-0.026075,5,AVOID_RIGHT,66.07,69.11,70.17,71.38,72.08,66.96,70.54,68.32,0.8,0.15
2659,85.088,0.792547,0.288256,-0.033502,5,AVOID_RIGHT,61.55,67.02,65.48,64.57,64.04,69.73,68.85,67.25,0.8,0.15
2660,85.12,0.792869,0.288244,-0.040929,5,AVOID_LEFT,68.55,73.92,63.44,65.74,70.38,64.46,65.76,65.52,0.15,0.8
2661,85.152,0.79319,0.288232,-0.033502,5,AVOID_RIGHT,69.61,63.82,60.96,67.42,72.33,68.33,61.45,64.88,0.8,0.15
2662,85.184,0.793512,0.28822,-0.040929,5,AVOID_LEFT,68.58,66.89,69.48,70.01,60.84,67.69,67.29,66.66,0.15,0.8
2663,85.216,0.793833,0.288208,-0.033502,5,AVOID_LEFT,62.69,69.1,62.79,67.05,70.0,60.61,63.18,62.61,0.15,0.8
2664,85.248,0.794091,0.288201,-0.023599,5,AVOID_RIGHT,69.57,64.61,66.73,65.41,68.84,70.84,65.3,64.04,0.8,0.15
2665,85.28,0.794413,0.288192,-0.031026,5,AVOID_RIGHT,67.19,68.05,62.28,61.33,66.74,70.74,68.53,68.06,0.8,0.15
2666,85.312,0.794734,0.288181,-0.038454,5,AVOID_RIGHT,76.37,65.95,66.59,68.32,68.96,72.53,71.35,68.81,0.8,0.15
2667,85.344,0.795056,0.288166,-0.050833,5,AVOID_LEFT,65.72,64.84,68.59,73.71,70.09,66.58,61.9,66.51,0.15,0.8
2668,85.376,0.795313,0.288154,-0.040929,5,AVOID_LEFT,65.0,67.82,69.36,71.94,67.87,66.76,63.02,67.36,0.15,0.8
2669,85.408,0.795635,0.288142,-0.033502,5,AVOID_LEFT,67.81,65.63,66.17,68.42,69.34,61.89,66.36,64.09,0.15,0.8
2670,85.44,0.796021,0.288131,-0.023599,5,AVOID_LEFT,67.72,67.14,72.62,68.91,65.5,67.67,68.52,64.3,0.15,0.8
2671,85.472,0.796342,0.288125,-0.016172,5,AVOID_LEFT,65.76,70.44,67.23,64.92,66.23,64.55,59.64,73.12,0.15,0.8
2672,85.504,0.7966,0.288122,-0.006269,5,AVOID_LEFT,70.23,65.45,66.6,68.59,63.42,68.74,70.21,68.04,0.15,0.8
2673,85.536,0.796922,0.288121,0.001159,5,AVOID_RIGHT,66.46,66.52,63.26,68.43,66.28,64.61,70.2,67.27,0.8,0.15
2674,85.568,0.797244,0.288121,-0.006269,5,AVOID_LEFT,66.72,66.58,69.1,68.35,63.95,66.64,64.08,65.59,0.15,0.8
2675,85.6,0.797565,0.28812,0.001159,5,FOLLOWING,64.91,61.49,58.92,71.95,72.84,73.24,66.34,60.54,-3.14,3.14
2676,85.632,0.797565,0.28812,0.080383,5,FOLLOWING,62.26,65.42,68.19,67.78,65.35,60.67,69.45,65.46,-3.14,3.14
2677,85.664,0.797565,0.28812,0.159608,5,FOLLOWING,61.56,67.62,68.91,68.26,63.16,96.72,65.69,72.5,-3.14,3.14
2678,85.696,0.797565,0.28812,0.238832,5,FOLLOWING,63.07,68.9,67.06,66.3,73.79,138.74,61.7,68.97,-3.14,3.14
2679,85.728,0.797504,0.288102,0.315581,5,FOLLOWING,64.57,62.07,66.85,71.88,72.57,209.54,67.09,72.13,-3.14,3.14
2680,85.76,0.797504,0.288102,0.394806,5,AVOID_RIGHT,60.03,68.25,67.27,72.53,69.45,315.19,71.66,73.9,0.6,-0.6
2681,85.792,0.797504,0.288102,0.379951,5,AVOID_RIGHT,64.58,62.08,72.02,67.87,61.44,300.06,67.13,64.26,0.6,-0.6
2682,85.824,0.797504,0.288102,0.365097,5,AVOID_RIGHT,69.65,66.06,69.1,70.65,68.44,282.74,69.88,72.06,0.6,-0.6
2683,85.856,0.797504,0.288102,0.350242,5,AVOID_RIGHT,67.05,71.03,70.13,66.25,68.63,255.66,69.0,70.65,0.6,-0.6
2684,85.888,0.797504,0.288102,0.335387,5,AVOID_RIGHT,64.6,67.93,59.46,71.21,64.82,235.14,68.56,65.47,0.8,0.15
2685,85.92,0.797808,0.288207,0.32796,5,AVOID_RIGHT,61.75,68.02,69.46,64.91,63.64,217.3,65.8,65.93,0.8,0.15
2686,85.952,0.798113,0.288309,0.320533,5,AVOID_RIGHT,70.49,62.36,60.88,70.12,64.52,204.35,61.82,63.19,0.8,0.15
2687,85.984,0.79848,0.288429,0.31063,5,AVOID_RIGHT,62.56,63.09,67.85,66.18,62.69,191.81,63.23,64.8,0.8,0.15
2688,86.016,0.798726,0.288507,0.300727,5,AVOID_RIGHT,62.5,64.04,67.74,68.95,60.82,172.73,68.03,67.07,0.8,0.15
2689,86.048,0.799033,0.288601,0.293299,5,AVOID_RIGHT,68.92,63.91,69.85,66.26,62.59,158.25,65.89,62.95,0.8,0.15
2690,86.08,0.799342,0.288693,0.285872,5,AVOID_RIGHT,65.96,66.52,64.13,62.49,66.22,152.55,67.65,65.11,0.8,0.15
2691,86.112,0.799651,0.288782,0.278445,5,AVOID_RIGHT,63.97,63.52,71.86,66.01,67.73,141.39,67.41,69.0,0.8,0.15
2692,86.144,0.799899,0.288852,0.268542,5,AVOID_RIGHT,71.44,72.61,70.42,66.33,70.5,135.44,71.21,63.44,0.8,0.15
2693,86.176,0.800209,0.288936,0.261114,5,AVOID_RIGHT,66.4,74.75,67.65,63.23,65.27,117.11,66.83,68.87,0.8,0.15
2694,86.208,0.800521,0.289018,0.253687,5,AVOID_RIGHT,68.39,67.33,65.88,64.19,71.59,129.65,67.44,67.45,0.8,0.15
2695,86.24,0.800833,0.289098,0.24626,5,AVOID_RIGHT,71.08,62.97,67.05,71.04,60.4,114.78,68.74,73.04,0.8,0.15
2696,86.272,0.801083,0.289159,0.236357,5,AVOID_RIGHT,65.23,68.41,60.42,68.67,67.84,112.68,66.97,71.52,0.8,0.15
2697,86.304,0.801396,0.289234,0.228929,5,AVOID_RIGHT,69.85,66.35,66.56,69.48,66.45,102.36,70.28,69.23,0.8,0.15
2698,86.336,0.801709,0.289305,0.221502,5,AVOID_RIGHT,68.89,69.37,70.62,71.16,68.67,98.17,73.46,65.58,0.8,0.15
2699,86.368,0.802024,0.289375,0.214075,5,AVOID_RIGHT,71.61,67.12,70.85,64.15,65.72,84.74,60.87,65.36,0.8,0.15
2700,86.4,0.802339,0.289441,0.201696,5,AVOID_RIGHT,62.68,66.73,65.1,74.05,65.63,72.59,66.73,68.87,0.8,0.15
2701,86.432,0.802654,0.289505,0.194269,5,AVOID_RIGHT,69.66,71.97,64.72,62.11,73.79,72.31,68.04,67.97,0.8,0.15
2702,86.464,0.80297,0.289566,0.186841,5,AVOID_LEFT,66.83,68.68,69.61,66.12,64.24,66.68,63.09,63.67,0.15,0.8
2703,86.496,0.803223,0.289615,0.196744,5,AVOID_LEFT,66.68,70.13,72.83,62.75,69.49,61.17,67.01,59.11,0.15,0.8
2704,86.528,0.803538,0.289679,0.204172,5,AVOID_LEFT,66.85,63.67,68.67,69.41,67.58,69.33,61.45,63.82,0.15,0.8
2705,86.56,0.803853,0.289745,0.211599,5,AVOID_LEFT,64.9,73.94,65.5,67.17,64.18,67.83,62.33,71.99,0.15,0.8
2706,86.592,0.804168,0.289814,0.219026,5,AVOID_LEFT,71.02,70.75,66.56,71.6,63.53,65.96,60.13,69.87,0.15,0.8
2707,86.624,0.804482,0.289885,0.226454,5,AVOID_LEFT,71.34,67.0,63.23,68.82,58.61,75.64,63.27,70.67,0.15,0.8
2708,86.656,0.804732,0.289944,0.236357,5,AVOID_LEFT,71.32,69.04,67.97,70.08,71.28,71.67,65.75,66.12,0.15,0.8
2709,86.688,0.805107,0.290036,0.24626,5,AVOID_RIGHT,65.04,68.79,60.01,68.19,66.8,76.84,67.1,60.3,0.8,0.15
2710,86.72,0.805357,0.290098,0.236357,5,AVOID_LEFT,69.29,64.33,63.5,79.09,61.69,64.73,67.51,72.43,0.15,0.8
2711,86.752,0.80567,0.290175,0.243784,5,AVOID_LEFT,68.49,72.67,67.45,69.99,70.48,70.35,68.36,59.89,0.15,0.8
2712,86.784,0.805982,0.290253,0.251211,5,AVOID_LEFT,67.11,61.11,73.81,61.89,61.27,71.85,63.77,64.03,0.15,0.8
2713,86.816,0.806293,0.290335,0.26359,5,FOLLOWING,62.95,71.74,64.17,67.41,67.44,73.66,67.08,67.38,-3.14,3.14
2714,86.848,0.806232,0.290316,0.340339,5,FOLLOWING,67.11,67.1,68.25,68.59,68.74,112.61,67.6,68.28,-3.14,3.14
2715,86.88,0.806232,0.290316,0.419564,5,FOLLOWING,61.89,74.18,67.96,66.69,67.17,146.59,62.54,65.18,-3.14,3.14
2716,86.912,0.806232,0.290316,0.498788,5,FOLLOWING,66.16,64.8,64.59,64.34,70.49,196.57,67.11,69.71,-3.14,3.14
2717,86.944,0.806287,0.290349,0.575537,5,AVOID_RIGHT,68.71,64.34,65.37,72.61,62.74,267.73,64.83,64.42,0.6,-0.6
2718,86.976,0.806287,0.290349,0.560682,5,AVOID_RIGHT,67.58,66.82,61.84,69.63,62.38,230.26,70.59,66.55,0.8,0.15
2719,87.008,0.80656,0.290519,0.553255,5,AVOID_RIGHT,65.85,65.02,66.03,67.22,66.47,228.62,62.77,70.67,0.8,0.15
2720,87.04,0.806835,0.290687,0.545828,5,AVOID_RIGHT,62.97,67.45,68.03,65.99,68.71,227.98,70.01,67.11,0.8,0.15
2721,87.072,0.80711,0.290853,0.538401,5,AVOID_RIGHT,67.33,68.17,62.62,64.41,66.71,206.16,64.3,70.45,0.8,0.15
2722,87.104,0.807332,0.290984,0.528497,5,AVOID_RIGHT,68.21,73.3,68.97,67.41,65.49,196.41,71.88,59.68,0.8,0.15
2723,87.136,0.807611,0.291146,0.52107,5,AVOID_RIGHT,65.22,66.0,74.02,68.34,67.32,193.68,69.1,69.69,0.8,0.15
2724,87.168,0.80789,0.291305,0.513643,5,AVOID_RIGHT,67.43,72.26,65.84,66.67,73.9,183.52,63.96,70.27,0.8,0.15
2725,87.2,0.808171,0.291462,0.506216,5,AVOID_RIGHT,70.58,68.43,66.83,69.77,67.76,166.2,60.74,66.75,0.8,0.15
2726,87.232,0.808397,0.291586,0.496312,5,AVOID_RIGHT,62.86,67.16,63.14,73.89,60.75,158.15,63.06,67.61,0.8,0.15
2727,87.264,0.808681,0.291738,0.488885,5,AVOID_RIGHT,70.68,66.62,67.07,73.61,62.3,153.78,69.62,71.35,0.8,0.15
2728,87.296,0.808965,0.291888,0.481458,5,AVOID_RIGHT,64.22,64.21,62.31,57.13,71.36,146.7,70.08,62.16,0.8,0.15
2729,87.328,0.809251,0.292036,0.474031,5,AVOID_RIGHT,70.17,67.21,64.18,71.31,64.62,143.43,68.67,67.09,0.8,0.15
2730,87.36,0.809596,0.29221,0.464127,5,AVOID_RIGHT,58.73,70.4,66.25,67.79,66.4,127.83,62.08,70.29,0.8,0.15
2731,87.392,0.809827,0.292325,0.454224,5,AVOID_RIGHT,67.63,65.91,71.37,73.08,69.2,133.39,68.5,70.71,0.8,0.15
2732,87.424,0.810116,0.292465,0.446797,5,AVOID_RIGHT,64.7,66.13,64.84,70.78,61.52,122.11,74.29,66.51,0.8,0.15
2733,87.456,0.810407,0.292603,0.43937,5,AVOID_RIGHT,60.98,62.05,70.79,72.17,65.16,126.7,68.93,63.41,0.8,0.15
2734,87.488,0.810699,0.292739,0.431942,5,AVOID_RIGHT,66.41,72.43,61.35,67.66,66.09,115.74,67.42,72.29,0.8,0.15
2735,87.52,0.810933,0.292845,0.422039,5,AVOID_RIGHT,67.07,69.02,63.47,67.18,69.6,114.33,64.05,71.36,0.8,0.15
2736,87.552,0.811227,0.292976,0.414612,5,AVOID_RIGHT,65.57,65.01,63.68,70.25,70.06,108.5,67.14,69.55,0.8,0.15
2737,87.584,0.811522,0.293104,0.407185,5,AVOID_RIGHT,70.58,71.38,64.9,62.29,69.24,113.72,66.76,66.81,0.8,0.15
2738,87.616,0.811818,0.293231,0.399757,5,AVOID_RIGHT,59.0,66.55,64.19,66.84,68.41,108.25,62.65,67.02,0.8,0.15
2739,87.648,0.812056,0.29333,0.389854,5,AVOID_RIGHT,69.06,68.7,72.29,67.05,63.84,99.88,68.39,67.57,0.8,0.15
2740,87.68,0.812354,0.293451,0.382427,5,AVOID_RIGHT,70.89,66.65,67.32,66.58,61.62,96.63,64.78,62.86,0.8,0.15
2741,87.712,0.812653,0.29357,0.375,5,AVOID_RIGHT,67.37,62.46,69.21,68.75,77.49,82.25,77.96,65.53,0.8,0.15
2742,87.744,0.812953,0.293687,0.367572,5,AVOID_LEFT,71.51,64.43,69.96,73.01,69.13,78.31,64.78,59.85,0.15,0.8
2743,87.776,0.813253,0.293804,0.375,5,AVOID_RIGHT,65.35,69.79,62.89,67.86,66.03,80.98,64.78,65.21,0.8,0.15
2744,87.808,0.813553,0.29392,0.367572,5,AVOID_RIGHT,67.76,61.59,70.66,69.92,68.05,71.91,72.22,70.0,0.8,0.15
2745,87.84,0.813794,0.294012,0.357669,5,AVOID_LEFT,69.27,65.38,66.23,70.09,66.2,67.34,64.32,72.02,0.15,0.8
2746,87.872,0.814095,0.294126,0.365097,5,AVOID_RIGHT,59.76,68.48,65.65,64.76,61.89,66.06,69.84,68.07,0.8,0.15
2747,87.904,0.814396,0.294239,0.357669,5,FOLLOWING,61.52,67.97,64.06,60.46,72.28,69.73,63.57,60.47,-3.14,3.14
2748,87.936,0.814396,0.294239,0.436894,5,FOLLOWING,70.39,65.13,69.96,67.23,66.94,102.89,66.63,63.34,-3.14,3.14
2749,87.968,0.814396,0.294239,0.516119,5,FOLLOWING,68.1,67.46,65.84,68.05,66.29,120.95,65.08,68.81,-3.14,3.14
2750,88.0,0.814396,0.294239,0.595343,5,FOLLOWING,65.38,63.57,66.55,64.19,64.55,150.45,70.02,69.82,-3.14,3.14
2751,88.032,0.814396,0.294239,0.674568,5,FOLLOWING,66.21,62.69,67.79,66.84,64.92,191.52,61.32,66.87,-3.14,3.14
2752,88.064,0.814396,0.294239,0.753792,5,FOLLOWING,68.28,68.02,60.88,67.67,63.83,231.8,68.07,66.49,-2.8472,3.14
2753,88.096,0.814486,0.294331,0.828066,5,AVOID_RIGHT,68.27,64.97,64.99,72.28,64.16,269.18,61.94,63.11,0.6,-0.6
2754,88.128,0.814486,0.294331,0.813211,5,AVOID_RIGHT,73.02,66.87,68.43,71.41,72.67,263.25,66.27,65.93,0.6,-0.6
2755,88.16,0.814486,0.294331,0.798356,5,AVOID_RIGHT,75.36,63.52,70.35,66.58,72.92,242.49,69.83,65.9,0.8,0.15
2756,88.192,0.814712,0.294561,0.790929,5,AVOID_RIGHT,67.81,62.73,69.17,62.65,62.71,228.55,68.24,64.13,0.8,0.15
2757,88.224,0.814894,0.294743,0.781026,5,AVOID_RIGHT,64.76,68.38,69.62,63.46,66.34,229.54,67.93,66.72,0.8,0.15
2758,88.256,0.815123,0.294968,0.773599,5,AVOID_RIGHT,70.19,65.14,67.54,70.32,63.23,211.93,64.32,69.76,0.8,0.15
2759,88.288,0.815354,0.295192,0.766171,5,AVOID_RIGHT,70.0,64.33,69.38,73.95,71.01,210.38,71.99,63.4,0.8,0.15
2760,88.32,0.815587,0.295415,0.758744,5,AVOID_RIGHT,69.49,66.27,66.2,61.7,68.15,205.16,65.57,68.09,0.8,0.15
2761,88.352,0.815775,0.295591,0.748841,5,AVOID_RIGHT,69.95,66.88,67.58,65.85,67.25,200.08,74.8,70.2,0.8,0.15
2762,88.384,0.816011,0.295809,0.741414,5,AVOID_RIGHT,69.55,66.7,66.62,63.34,70.3,180.54,65.5,69.97,0.8,0.15
2763,88.416,0.816297,0.296069,0.731511,5,AVOID_RIGHT,71.73,64.01,67.51,58.5,68.13,184.92,67.52,70.21,0.8,0.15
2764,88.448,0.816538,0.296283,0.724083,5,AVOID_RIGHT,72.18,64.25,66.95,67.95,71.11,181.52,66.18,71.04,0.8,0.15
2765,88.48,0.816731,0.296452,0.71418,5,AVOID_RIGHT,69.73,72.4,69.67,65.09,72.19,174.42,67.13,59.39,0.8,0.15
2766,88.512,0.816975,0.296662,0.706753,5,AVOID_RIGHT,66.0,68.28,62.03,64.63,66.6,162.66,63.1,69.29,0.8,0.15
2767,88.544,0.817221,0.29687,0.699326,5,AVOID_RIGHT,66.72,64.15,70.62,69.84,68.56,149.19,62.52,69.39,0.8,0.15
2768,88.576,0.817468,0.297077,0.691898,5,AVOID_RIGHT,65.91,69.59,60.08,64.62,59.34,150.79,67.7,71.81,0.8,0.15
2769,88.608,0.817717,0.297281,0.684471,5,AVOID_RIGHT,67.68,63.62,67.08,69.94,70.12,153.49,68.44,58.76,0.8,0.15
2770,88.64,0.817917,0.297443,0.674568,5,AVOID_RIGHT,64.77,60.62,65.87,61.91,67.14,145.05,65.09,67.37,0.8,0.15
2771,88.672,0.818169,0.297643,0.667141,5,AVOID_RIGHT,68.06,72.41,67.72,69.25,65.54,143.78,69.18,69.03,0.8,0.15
2772,88.704,0.818423,0.297841,0.659713,5,AVOID_RIGHT,63.56,68.21,72.15,64.03,70.47,131.04,70.06,68.0,0.8,0.15
2773,88.736,0.818678,0.298037,0.652286,5,AVOID_RIGHT,69.02,69.37,70.1,71.83,61.79,137.46,71.93,64.69,0.8,0.15
2774,88.768,0.818883,0.298193,0.642383,5,AVOID_RIGHT,63.89,71.78,68.12,67.05,64.51,134.4,72.38,58.35,0.8,0.15
2775,88.8,0.819141,0.298385,0.634956,5,AVOID_RIGHT,67.94,62.33,60.85,70.24,69.9,135.93,66.01,63.5,0.8,0.15
2776,88.832,0.819454,0.298612,0.625052,5,AVOID_RIGHT,66.96,68.87,65.42,67.92,64.94,126.85,65.9,72.96,0.8,0.15
2777,88.864,0.819715,0.298799,0.617625,5,AVOID_RIGHT,66.7,69.98,68.96,74.05,73.03,121.9,61.45,72.54,0.8,0.15
2778,88.896,0.819926,0.298948,0.607722,5,AVOID_RIGHT,69.79,70.06,59.42,67.51,67.51,113.42,66.9,66.55,0.8,0.15
2779,88.928,0.820191,0.29913,0.600295,5,AVOID_RIGHT,64.17,66.51,70.79,69.86,72.67,120.55,66.72,68.97,0.8,0.15
2780,88.96,0.820457,0.299311,0.592867,5,AVOID_RIGHT,62.17,69.97,63.27,63.21,66.47,111.05,67.26,63.48,0.8,0.15
2781,88.992,0.820725,0.29949,0.58544,5,AVOID_RIGHT,65.05,68.54,67.68,64.64,65.62,118.35,66.95,63.12,0.8,0.15
2782,89.024,0.82094,0.299631,0.575537,5,AVOID_RIGHT,67.6,64.64,64.91,68.63,68.14,111.84,71.76,62.98,0.8,0.15
2783,89.056,0.821211,0.299805,0.56811,5,AVOID_RIGHT,67.54,64.07,65.04,67.48,71.94,102.01,70.68,65.23,0.8,0.15
2784,89.088,0.821483,0.299978,0.560682,5,FOLLOWING,67.22,72.05,65.49,64.12,63.65,102.48,66.19,67.41,-3.14,3.14
2785,89.12,0.821483,0.299978,0.639907,5,FOLLOWING,72.57,68.92,63.09,65.83,68.43,117.81,63.45,70.0,-3.14,3.14
2786,89.152,0.821483,0.299978,0.719132,5,FOLLOWING,67.14,63.65,63.84,66.81,65.47,132.72,70.04,63.23,-3.14,3.14
2787,89.184,0.821483,0.299978,0.798356,5,FOLLOWING,67.54,67.69,69.32,72.12,65.46,151.67,64.14,64.34,-2.8498,3.14
2788,89.216,0.821569,0.300073,0.872629,5,FOLLOWING,64.46,69.0,68.96,62.54,68.51,181.57,71.16,67.68,-2.4221,3.14
2789,89.248,0.821688,0.300225,0.944427,5,FOLLOWING,63.17,67.1,65.15,62.96,72.54,207.35,66.37,65.28,-2.0104,3.14
2790,89.28,0.821904,0.300545,1.008797,5,FOLLOWING,66.89,66.27,71.26,65.1,63.02,231.55,66.16,67.37,-1.6461,3.14
2791,89.312,0.822165,0.300989,1.068215,5,FOLLOWING,67.66,69.43,62.55,67.72,67.94,201.73,63.13,64.9,-1.3131,3.14
2792,89.344,0.82243,0.301504,1.125158,5,FOLLOWING,64.74,63.3,67.74,65.02,66.79,145.58,71.77,63.41,-0.9952,3.14
2793,89.376,0.822718,0.302151,1.177149,5,FOLLOWING,70.37,69.18,70.68,68.47,65.12,119.88,65.41,65.89,-0.708,3.14
2794,89.408,0.822997,0.302872,1.226664,5,FOLLOWING,67.42,67.38,69.75,67.34,72.99,87.89,61.79,64.2,-0.4356,3.14
2795,89.44,0.823282,0.303726,1.271228,5,FOLLOWING,67.08,70.34,73.58,63.17,66.74,69.16,73.5,61.4,-0.1934,3.14
2796,89.472,0.823547,0.304655,1.313316,5,FOLLOWING,65.99,66.4,68.33,69.3,69.33,60.14,63.02,71.42,0.0343,3.14
2797,89.504,0.82379,0.305656,1.352929,5,FOLLOWING,72.72,70.27,65.51,69.91,69.72,67.8,82.48,64.63,0.2475,3.14
2798,89.536,0.824021,0.306791,1.387589,5,FOLLOWING,67.95,70.16,69.68,65.12,66.77,64.86,97.97,64.1,0.4309,3.14
2799,89.568,0.824212,0.307934,1.42225,5,FOLLOWING,72.8,66.73,63.91,63.55,66.61,66.1,108.52,69.14,0.6153,3.14
2800,89.6,0.824373,0.309146,1.454435,5,FOLLOWING,65.5,72.81,62.36,61.87,66.05,65.62,115.4,65.18,0.7854,3.14
2801,89.632,0.824504,0.310427,1.484144,5,FOLLOWING,66.44,62.79,67.42,65.2,63.04,68.83,118.27,66.11,0.9412,3.14
2802,89.664,0.824602,0.311775,1.511378,5,FOLLOWING,67.73,63.7,70.3,64.09,72.28,71.86,124.12,69.73,1.0829,3.14
2803,89.696,0.824664,0.313126,1.538611,5,FOLLOWING,66.93,66.66,64.57,63.39,72.21,67.55,122.02,64.66,1.2254,3.14
2804,89.728,0.824696,0.314606,1.560893,5,FOLLOWING,66.25,67.95,73.81,71.82,68.79,66.43,133.18,61.4,1.3387,3.14
2805,89.76,0.824692,0.316022,1.585651,5,FOLLOWING,66.24,66.31,70.9,63.08,66.71,69.98,145.14,67.72,1.4679,3.14
2806,89.792,0.824654,0.317566,1.605457,5,FOLLOWING,68.61,61.46,68.06,66.26,68.5,59.93,143.68,68.69,1.568,3.14
2807,89.824,0.824585,0.31911,1.625263,5,FOLLOWING,69.8,69.24,75.45,70.17,69.16,67.95,149.24,69.38,1.6688,3.14
2808,89.856,0.824486,0.320651,1.645069,5,AVOID_RIGHT,72.02,68.0,69.52,67.9,70.56,68.98,155.88,66.03,0.8,0.15
2809,89.888,0.824468,0.320908,1.635166,5,AVOID_RIGHT,67.74,77.43,66.43,64.41,64.77,63.34,159.36,68.53,0.8,0.15
2810,89.92,0.824448,0.321229,1.627739,5,AVOID_RIGHT,71.89,68.51,63.05,69.81,64.09,64.42,149.76,62.93,0.8,0.15
2811,89.952,0.824428,0.321615,1.617836,5,AVOID_RIGHT,67.89,62.54,67.82,65.42,65.22,71.54,153.28,63.7,0.8,0.15
2812,89.984,0.824414,0.321937,1.610409,5,AVOID_RIGHT,69.95,67.67,65.26,72.03,67.26,69.39,152.56,65.13,0.8,0.15
2813,90.016,0.824405,0.322194,1.600506,5,AVOID_RIGHT,59.04,65.21,71.84,72.77,60.01,68.79,151.88,68.78,0.8,0.15
2814,90.048,0.824397,0.322516,1.593078,5,AVOID_RIGHT,72.25,65.88,63.43,63.85,63.98,71.63,142.11,65.91,0.8,0.15
2815,90.08,0.824391,0.322838,1.585651,5,AVOID_RIGHT,68.56,69.44,65.86,65.59,67.55,72.96,153.62,60.92,0.8,0.15
2816,90.112,0.824387,0.323159,1.578224,5,AVOID_RIGHT,61.37,66.8,74.31,66.45,66.09,73.11,147.54,68.58,0.8,0.15
2817,90.144,0.824386,0.323481,1.570796,5,AVOID_RIGHT,66.33,66.62,69.19,61.58,59.09,63.61,140.33,57.9,0.8,0.15
2818,90.176,0.824387,0.323739,1.560893,5,AVOID_RIGHT,65.71,66.26,69.11,62.48,62.59,68.69,148.74,64.59,0.8,0.15
2819,90.208,0.824392,0.324061,1.553466,5,AVOID_RIGHT,63.97,68.04,64.0,65.37,66.78,308.2,142.4,69.99,0.6,-0.6
2820,90.24,0.824392,0.324061,1.538611,5,AVOID_RIGHT,67.65,67.62,61.63,64.52,64.68,309.79,141.64,69.47,0.6,-0.6
2821,90.272,0.824392,0.324061,1.523757,5,AVOID_RIGHT,61.14,75.09,64.09,67.37,67.16,303.19,126.94,65.85,0.6,-0.6
2822,90.304,0.824392,0.324061,1.508902,5,AVOID_RIGHT,68.82,71.56,71.97,70.05,62.39,302.03,124.53,65.85,0.6,-0.6
2823,90.336,0.824392,0.324061,1.494047,5,AVOID_RIGHT,63.37,71.49,64.33,67.33,65.98,299.93,110.12,74.81,0.6,-0.6
2824,90.368,0.824392,0.324061,1.479193,5,AVOID_RIGHT,68.46,58.81,64.16,63.93,65.43,297.47,118.2,65.68,0.6,-0.6
2825,90.4,0.824392,0.324061,1.464338,5,AVOID_RIGHT,73.31,67.25,66.15,72.97,67.73,301.76,119.45,65.29,0.6,-0.6
2826,90.432,0.824399,0.324124,1.447008,5,AVOID_RIGHT,68.51,66.19,66.93,64.69,67.9,294.21,119.12,63.61,0.6,-0.6
2827,90.464,0.824399,0.324124,1.432153,5,AVOID_RIGHT,66.47,68.79,74.15,67.09,71.92,296.91,111.91,65.04,0.6,-0.6
2828,90.496,0.824399,0.324124,1.417299,5,AVOID_RIGHT,72.9,68.83,64.23,64.04,59.69,297.0,110.93,65.99,0.6,-0.6
2829,90.528,0.824389,0.324061,1.399968,5,AVOID_RIGHT,67.82,68.76,70.3,65.32,58.36,296.77,104.04,65.49,0.6,-0.6
2830,90.56,0.824389,0.324061,1.385114,5,AVOID_RIGHT,66.82,65.95,68.69,61.12,69.09,298.97,101.52,65.81,0.6,-0.6
2831,90.592,0.824389,0.324061,1.370259,5,AVOID_RIGHT,62.53,68.18,64.35,69.56,67.22,289.86,92.9,70.96,0.6,-0.6
2832,90.624,0.824389,0.324061,1.355404,5,AVOID_RIGHT,70.5,70.61,66.89,70.52,65.8,287.67,80.73,62.59,0.6,-0.6
2833,90.656,0.824389,0.324061,1.34055,5,AVOID_RIGHT,72.97,69.61,62.64,64.34,63.6,273.65,75.28,68.28,0.6,-0.6
2834,90.688,0.824389,0.324061,1.325695,5,AVOID_RIGHT,67.27,64.63,66.6,69.85,65.37,275.96,77.12,65.67,0.6,-0.6
2835,90.72,0.824389,0.324061,1.310841,5,AVOID_RIGHT,62.59,65.89,68.59,70.83,66.67,286.15,61.59,69.84,0.6,-0.6
2836,90.752,0.824389,0.324061,1.295986,5,AVOID_RIGHT,67.44,68.1,68.49,73.82,66.95,267.92,66.53,68.96,0.6,-0.6
2837,90.784,0.824389,0.324061,1.281131,5,AVOID_RIGHT,68.69,68.21,64.61,67.98,69.97,268.57,71.21,70.02,0.6,-0.6
2838,90.816,0.824389,0.324061,1.266277,5,AVOID_RIGHT,64.78,65.81,65.84,68.11,72.87,287.77,64.18,70.5,0.6,-0.6
2839,90.848,0.824389,0.324061,1.251422,5,AVOID_RIGHT,69.79,68.83,73.98,68.81,61.92,270.16,70.75,67.15,0.6,-0.6
2840,90.88,0.824389,0.324061,1.236567,5,AVOID_RIGHT,68.2,66.36,64.7,63.24,68.91,266.45,63.71,69.63,0.6,-0.6
2841,90.912,0.824389,0.324061,1.221713,5,AVOID_RIGHT,67.91,66.84,74.63,67.94,67.01,264.24,65.54,71.19,0.6,-0.6
2842,90.944,0.824389,0.324061,1.206858,5,AVOID_RIGHT,62.92,63.28,61.54,68.9,62.58,260.2,69.18,67.03,0.6,-0.6
2843,90.976,0.824412,0.324121,1.189528,5,AVOID_RIGHT,66.04,67.63,66.31,65.05,71.81,247.6,61.93,66.2,0.8,0.15
2844,91.008,0.824509,0.324359,1.179625,5,AVOID_RIGHT,66.07,68.4,62.26,63.72,63.71,248.0,64.58,66.77,0.8,0.15
2845,91.04,0.824633,0.324656,1.172197,5,AVOID_RIGHT,71.11,63.48,63.82,69.83,67.77,247.85,67.29,72.78,0.8,0.15
2846,91.072,0.824759,0.324953,1.16477,5,AVOID_RIGHT,62.34,65.7,59.0,65.85,67.47,235.15,64.08,61.52,0.8,0.15
2847,91.104,0.824887,0.325248,1.157343,5,AVOID_RIGHT,65.2,70.33,71.02,65.52,66.8,245.72,61.89,66.31,0.8,0.15
2848,91.136,0.824992,0.325483,1.14744,5,AVOID_RIGHT,69.99,65.27,63.99,66.02,72.79,218.44,67.37,68.43,0.8,0.15
2849,91.168,0.825125,0.325776,1.140012,5,AVOID_RIGHT,62.92,67.31,66.15,67.61,68.91,237.33,68.47,64.79,0.8,0.15
2850,91.2,0.825261,0.326068,1.132585,5,AVOID_RIGHT,62.33,68.38,70.0,63.71,65.8,232.84,67.87,74.18,0.8,0.15
2851,91.232,0.825398,0.326359,1.125158,5,AVOID_RIGHT,62.22,73.89,70.65,71.47,67.7,226.28,71.18,65.78,0.8,0.15
2852,91.264,0.825538,0.326649,1.117731,5,AVOID_RIGHT,58.07,68.57,64.29,68.14,71.86,214.26,65.31,67.73,0.8,0.15
2853,91.296,0.825652,0.32688,1.107827,5,AVOID_RIGHT,67.78,61.66,69.97,68.84,71.72,227.64,67.16,68.52,0.8,0.15
2854,91.328,0.825797,0.327167,1.1004,5,AVOID_RIGHT,68.15,65.01,67.6,67.63,63.7,211.22,61.94,68.44,0.8,0.15
2855,91.36,0.825944,0.327454,1.092973,5,AVOID_RIGHT,70.29,67.56,64.48,66.53,65.52,204.38,63.04,67.76,0.8,0.15
2856,91.392,0.826123,0.327796,1.08307,5,AVOID_RIGHT,70.04,72.58,68.95,71.64,66.24,206.43,70.67,62.13,0.8,0.15
2857,91.424,0.826245,0.328023,1.073167,5,AVOID_RIGHT,70.19,64.7,64.27,64.52,68.0,208.98,69.17,63.37,0.8,0.15
2858,91.456,0.8264,0.328305,1.065739,5,AVOID_RIGHT,64.59,61.79,68.48,62.27,67.12,199.61,61.34,68.63,0.8,0.15
2859,91.488,0.826556,0.328586,1.058312,5,AVOID_RIGHT,74.11,66.72,72.4,69.88,65.92,202.38,67.76,67.71,0.8,0.15
2860,91.52,0.826715,0.328866,1.050885,5,AVOID_RIGHT,68.78,69.29,73.08,63.75,67.77,193.67,68.24,66.09,0.8,0.15
2861,91.552,0.826844,0.329089,1.040982,5,AVOID_RIGHT,70.76,66.42,63.82,67.29,69.77,193.59,69.64,64.3,0.8,0.15
2862,91.584,0.827008,0.329366,1.033554,5,AVOID_RIGHT,66.42,61.48,64.73,66.8,69.92,182.71,67.15,64.8,0.8,0.15
2863,91.616,0.827174,0.329642,1.026127,5,AVOID_RIGHT,63.21,70.33,65.27,72.05,66.96,192.52,66.23,67.82,0.8,0.15
2864,91.648,0.827341,0.329916,1.0187,5,AVOID_RIGHT,65.97,63.36,68.05,65.3,65.7,192.33,67.17,66.15,0.8,0.15
2865,91.68,0.827478,0.330135,1.008797,5,AVOID_RIGHT,67.29,61.74,65.14,60.92,68.7,171.76,63.65,64.16,0.8,0.15
2866,91.712,0.82765,0.330406,1.001369,5,AVOID_RIGHT,65.09,68.47,64.94,69.44,67.64,176.01,71.94,68.26,0.8,0.15
2867,91.744,0.827825,0.330677,0.993942,5,AVOID_RIGHT,65.81,68.18,74.63,66.12,64.83,169.49,63.38,66.54,0.8,0.15
2868,91.776,0.828001,0.330946,0.986515,5,AVOID_RIGHT,70.94,65.87,68.23,63.87,69.45,160.44,68.14,66.65,0.8,0.15
2869,91.808,0.82818,0.331214,0.979087,5,AVOID_RIGHT,71.53,65.02,66.34,62.78,62.35,156.09,70.03,64.91,0.8,0.15
2870,91.84,0.828361,0.33148,0.966709,5,AVOID_RIGHT,66.58,69.23,64.84,75.27,68.01,157.9,68.35,67.85,0.8,0.15
2871,91.872,0.828545,0.331744,0.959281,5,AVOID_RIGHT,68.2,66.77,65.07,67.29,65.54,153.66,62.46,70.41,0.8,0.15
2872,91.904,0.82873,0.332007,0.951854,5,FOLLOWING,66.37,64.45,72.07,62.5,66.8,149.28,73.55,69.32,-2.5384,3.14
2873,91.936,0.828837,0.332168,1.023651,5,FOLLOWING,68.81,70.95,67.15,66.82,65.31,168.98,68.85,67.94,-2.1276,3.14
2874,91.968,0.828995,0.332448,1.090497,5,FOLLOWING,66.0,59.79,68.26,67.83,66.95,178.72,66.46,66.69,-1.749,3.14
2875,92.0,0.829191,0.332854,1.152391,5,FOLLOWING,69.94,68.84,61.38,69.54,66.31,188.36,69.32,63.19,-1.4023,3.14
2876,92.032,0.829411,0.33339,1.209334,5,FOLLOWING,69.22,69.04,71.01,70.93,64.95,208.99,69.99,65.56,-1.087,3.14
2877,92.064,0.829622,0.333998,1.263801,5,FOLLOWING,69.16,71.12,68.54,65.15,65.61,201.5,70.99,64.88,-0.7868,3.14
2878,92.096,0.829837,0.33474,1.313316,5,FOLLOWING,71.69,65.11,71.77,66.02,70.44,210.52,70.97,60.17,-0.5175,3.14
2879,92.128,0.830047,0.335616,1.35788,5,FOLLOWING,58.85,66.36,66.33,76.29,67.76,204.06,63.68,71.88,-0.2787,3.14
2880,92.16,0.830218,0.336501,1.402444,5,FOLLOWING,67.57,68.37,65.95,66.41,68.09,205.5,63.99,67.49,-0.0389,3.14
2881,92.192,0.83037,0.33752,1.442056,5,FOLLOWING,66.24,68.01,64.97,68.74,70.35,213.82,81.66,68.6,0.1707,3.14
2882,92.224,0.830491,0.338608,1.479193,5,FOLLOWING,73.8,68.17,68.56,70.98,64.18,227.77,97.29,62.37,0.3658,3.14
2883,92.256,0.830577,0.339763,1.513854,5,FOLLOWING,68.7,66.44,78.72,63.29,63.66,210.95,108.23,63.85,0.5465,3.14
2884,92.288,0.830627,0.340985,1.546039,5,FOLLOWING,72.34,70.07,67.23,64.4,65.05,202.75,110.87,72.76,0.7129,3.14
2885,92.32,0.830637,0.342208,1.578224,5,FOLLOWING,68.05,73.66,64.7,59.94,66.44,209.48,116.41,64.18,0.8804,3.14
2886,92.352,0.830609,0.343559,1.605457,5,FOLLOWING,65.84,72.24,69.22,68.69,68.5,223.0,119.68,69.95,1.0183,3.14
2887,92.384,0.830543,0.34491,1.632691,5,FOLLOWING,60.06,67.9,64.83,62.85,60.72,209.49,121.64,64.86,1.1572,3.14
2888,92.416,0.830438,0.346322,1.657448,5,FOLLOWING,67.67,70.28,67.36,64.63,67.44,222.66,130.02,68.98,1.2819,3.14
2889,92.448,0.830298,0.347731,1.682206,5,FOLLOWING,73.7,65.76,69.19,64.63,65.97,220.57,143.6,65.88,1.4077,3.14
2890,92.48,0.830111,0.349265,1.702012,5,FOLLOWING,71.04,68.49,72.84,67.31,65.46,210.95,143.82,67.65,1.504,3.14
2891,92.512,0.829901,0.35073,1.724294,5,AVOID_RIGHT,70.14,65.88,63.47,58.95,63.65,218.8,162.35,60.07,0.8,0.15
2892,92.544,0.829863,0.350985,1.714391,5,AVOID_RIGHT,64.47,73.06,65.59,71.25,63.73,216.88,156.87,68.36,0.8,0.15
2893,92.576,0.829818,0.351303,1.706964,5,AVOID_RIGHT,69.33,69.78,66.72,67.91,65.33,223.21,155.58,65.29,0.8,0.15
2894,92.608,0.829776,0.351623,1.699536,5,AVOID_RIGHT,58.09,71.79,70.05,68.62,70.09,219.81,156.8,64.88,0.8,0.15
2895,92.64,0.829736,0.351942,1.692109,5,AVOID_RIGHT,69.86,72.8,62.86,72.18,66.1,209.75,149.5,68.29,0.8,0.15
2896,92.672,0.829699,0.352262,1.67973,5,AVOID_RIGHT,65.05,66.24,72.57,69.49,64.85,234.92,155.59,68.37,0.8,0.15
2897,92.704,0.829665,0.352582,1.672303,5,AVOID_RIGHT,62.84,72.74,70.5,64.74,66.22,223.23,146.56,71.25,0.8,0.15
2898,92.736,0.829633,0.352902,1.664876,5,AVOID_RIGHT,68.38,65.57,70.06,69.6,63.27,229.72,142.7,69.05,0.8,0.15
2899,92.768,0.829604,0.353222,1.657448,5,AVOID_RIGHT,63.82,71.82,68.88,72.68,67.29,223.47,136.0,62.75,0.8,0.15
2900,92.8,0.829583,0.353479,1.647545,5,AVOID_RIGHT,67.66,62.46,70.95,69.94,60.88,228.27,140.11,74.41,0.8,0.15
2901,92.832,0.82956,0.3538,1.640118,5,AVOID_RIGHT,71.11,66.88,66.37,63.13,62.37,225.24,137.37,66.19,0.8,0.15
2902,92.864,0.829539,0.354121,1.632691,5,AVOID_RIGHT,71.66,73.79,69.85,69.35,71.14,228.05,141.76,66.31,0.8,0.15
2903,92.896,0.82952,0.354443,1.625263,5,AVOID_RIGHT,66.07,68.43,67.91,65.99,71.69,230.56,134.81,72.46,0.8,0.15
2904,92.928,0.829507,0.3547,1.61536,5,AVOID_RIGHT,67.18,71.15,68.53,70.22,72.0,227.64,135.45,74.79,0.8,0.15
2905,92.96,0.829494,0.355021,1.607933,5,AVOID_RIGHT,70.73,61.18,63.64,66.16,65.59,221.6,126.59,64.86,0.8,0.15
2906,92.992,0.829483,0.355343,1.600506,5,AVOID_RIGHT,65.01,67.11,55.68,65.13,62.95,231.88,132.03,68.59,0.8,0.15
2907,93.024,0.829475,0.355665,1.593078,5,AVOID_RIGHT,68.8,61.78,74.17,69.94,64.01,227.02,130.05,71.86,0.8,0.15
2908,93.056,0.829469,0.355987,1.585651,5,AVOID_RIGHT,68.53,67.13,71.43,71.06,66.09,232.07,125.6,65.16,0.8,0.15
2909,93.088,0.829466,0.356308,1.573272,5,AVOID_RIGHT,66.31,63.44,70.48,63.5,71.38,245.83,124.67,70.38,0.8,0.15
2910,93.12,0.829467,0.35663,1.565845,5,AVOID_RIGHT,69.05,69.94,65.73,69.66,65.82,238.92,120.41,66.27,0.8,0.15
2911,93.152,0.82947,0.356952,1.558417,5,FOLLOWING,68.23,62.12,73.89,64.85,64.4,223.71,120.94,71.62,0.5591,3.14
2912,93.184,0.829465,0.358175,1.590602,5,FOLLOWING,68.49,67.28,68.27,63.43,67.39,244.99,129.36,65.66,0.723,3.14
2913,93.216,0.829421,0.359397,1.622787,5,FOLLOWING,67.73,67.42,68.48,72.4,69.92,233.43,143.16,68.93,0.8881,3.14
2914,93.248,0.829332,0.360746,1.650021,5,FOLLOWING,60.34,67.87,64.03,69.55,69.35,224.95,146.87,67.41,1.0235,3.14
2915,93.28,0.829207,0.362092,1.677254,5,FOLLOWING,64.93,70.64,63.34,66.44,66.4,232.24,147.27,65.79,1.16,3.14
2916,93.312,0.829039,0.363498,1.702012,5,AVOID_RIGHT,64.42,65.01,68.02,69.19,69.82,241.35,159.86,63.57,0.8,0.15
2917,93.344,0.829007,0.363754,1.692109,5,AVOID_RIGHT,64.98,68.87,64.43,67.62,69.84,233.56,154.88,67.09,0.8,0.15
2918,93.376,0.828969,0.364073,1.684682,5,AVOID_RIGHT,70.22,67.69,68.79,76.65,66.41,245.56,153.68,72.03,0.8,0.15
2919,93.408,0.828934,0.364393,1.677254,5,AVOID_RIGHT,64.53,67.46,62.36,67.58,68.24,248.16,157.1,60.8,0.8,0.15
2920,93.44,0.828901,0.364713,1.669827,5,AVOID_RIGHT,67.06,69.25,66.88,67.49,72.87,248.88,158.23,67.17,0.8,0.15
2921,93.472,0.82887,0.365034,1.6624,5,AVOID_RIGHT,71.97,63.7,68.56,66.47,72.64,244.27,155.67,70.43,0.8,0.15
2922,93.504,0.828848,0.36529,1.652497,5,AVOID_RIGHT,68.34,70.34,64.96,58.98,61.91,254.83,149.6,61.2,0.6,-0.6
2923,93.536,0.828848,0.36529,1.637642,5,AVOID_RIGHT,70.76,67.66,68.14,64.83,66.97,248.76,151.11,68.47,0.8,0.15
2924,93.568,0.828827,0.365611,1.630215,5,AVOID_RIGHT,64.41,62.59,76.22,66.7,68.21,251.13,142.02,62.7,0.6,-0.6
2925,93.6,0.828824,0.365676,1.612884,5,AVOID_RIGHT,63.55,66.84,76.1,68.44,68.66,255.73,143.32,64.18,0.6,-0.6
2926,93.632,0.828824,0.365676,1.59803,5,AVOID_RIGHT,66.23,72.37,65.37,72.48,68.46,255.65,125.61,70.58,0.6,-0.6
2927,93.664,0.828824,0.365676,1.583175,5,AVOID_RIGHT,65.08,68.72,67.47,71.99,67.54,262.61,127.59,67.44,0.6,-0.6
2928,93.696,0.828824,0.365676,1.568321,5,AVOID_RIGHT,68.83,66.78,66.57,61.61,65.55,250.64,129.01,73.87,0.6,-0.6
2929,93.728,0.828824,0.365676,1.553466,5,AVOID_RIGHT,68.2,66.53,75.82,68.62,61.56,257.2,125.38,71.71,0.6,-0.6
2930,93.76,0.828824,0.365676,1.538611,5,AVOID_RIGHT,67.59,67.75,71.33,65.51,68.34,261.96,123.01,64.9,0.6,-0.6
2931,93.792,0.828824,0.365676,1.523757,5,AVOID_RIGHT,62.25,72.3,64.33,69.32,62.19,267.5,118.06,61.95,0.6,-0.6
2932,93.824,0.828824,0.365676,1.508902,5,AVOID_RIGHT,63.84,68.64,69.56,67.18,65.96,263.75,113.25,67.32,0.6,-0.6
2933,93.856,0.828824,0.365676,1.494047,5,AVOID_RIGHT,67.12,69.64,66.01,61.4,61.34,253.22,110.96,64.39,0.6,-0.6
2934,93.888,0.828819,0.365612,1.476717,5,AVOID_RIGHT,71.72,65.52,69.17,64.99,72.19,268.16,116.89,62.23,0.6,-0.6
2935,93.92,0.828819,0.365612,1.461862,5,AVOID_RIGHT,65.14,68.33,64.49,66.25,64.47,258.39,105.18,66.57,0.6,-0.6
2936,93.952,0.828819,0.365612,1.447008,5,AVOID_RIGHT,63.13,67.79,66.6,68.65,67.64,258.05,111.75,61.8,0.6,-0.6
2937,93.984,0.828819,0.365612,1.432153,5,AVOID_RIGHT,64.03,73.51,65.57,68.7,66.46,256.94,106.91,65.76,0.6,-0.6
2938,94.016,0.828819,0.365612,1.417299,5,AVOID_RIGHT,69.78,64.62,68.67,67.06,66.77,257.32,97.17,64.4,0.6,-0.6
2939,94.048,0.828819,0.365612,1.402444,5,AVOID_RIGHT,72.91,65.73,66.87,67.95,69.44,248.24,91.66,68.91,0.8,0.15
2940,94.08,0.828874,0.365929,1.395017,5,AVOID_RIGHT,65.9,65.11,67.17,61.68,70.54,246.91,87.41,69.25,0.8,0.15
2941,94.112,0.828931,0.366245,1.387589,5,AVOID_RIGHT,63.29,72.15,57.15,64.54,62.61,251.33,84.83,66.15,0.6,-0.6
2942,94.144,0.828944,0.366309,1.370259,5,AVOID_RIGHT,71.87,63.66,68.89,68.35,67.4,247.21,68.99,67.18,0.8,0.15
2943,94.176,0.828996,0.366561,1.360356,5,AVOID_RIGHT,66.4,65.98,69.69,71.38,68.58,256.95,76.68,64.44,0.6,-0.6
2944,94.208,0.828996,0.366561,1.345501,5,AVOID_RIGHT,66.66,68.97,70.45,67.42,68.29,243.47,63.67,70.36,0.8,0.15
2945,94.24,0.829069,0.366874,1.338074,5,AVOID_RIGHT,69.9,70.88,63.26,70.4,63.16,235.79,59.21,66.72,0.8,0.15
2946,94.272,0.829145,0.367187,1.330647,5,AVOID_RIGHT,65.71,70.37,70.57,68.93,71.96,244.61,65.7,62.49,0.8,0.15
2947,94.304,0.829222,0.367499,1.323219,5,AVOID_RIGHT,62.76,63.78,68.12,67.62,71.45,244.54,64.91,69.53,0.8,0.15
2948,94.336,0.829287,0.367749,1.313316,5,AVOID_RIGHT,69.2,61.21,67.04,66.37,63.95,235.24,65.06,66.0,0.8,0.15
2949,94.368,0.82937,0.36806,1.305889,5,AVOID_RIGHT,67.66,64.97,68.12,67.45,71.07,228.67,67.38,72.27,0.8,0.15
2950,94.4,0.829455,0.36837,1.298462,5,AVOID_RIGHT,72.61,68.44,64.96,69.3,64.85,236.65,66.74,65.69,0.8,0.15
2951,94.432,0.829543,0.36868,1.291034,5,AVOID_RIGHT,68.93,61.29,65.11,63.99,67.78,231.17,66.01,61.28,0.8,0.15
2952,94.464,0.829615,0.368927,1.281131,5,AVOID_RIGHT,65.87,68.79,72.55,68.56,67.08,224.14,63.16,69.65,0.8,0.15
2953,94.496,0.829708,0.369235,1.273704,5,AVOID_RIGHT,65.78,61.78,64.41,63.05,71.02,224.52,68.69,69.43,0.8,0.15
2954,94.528,0.829804,0.369542,1.266277,5,AVOID_RIGHT,66.67,72.65,69.59,71.63,73.22,224.58,68.31,68.07,0.8,0.15
2955,94.56,0.829921,0.36991,1.256374,5,AVOID_RIGHT,66.56,72.07,66.63,66.73,70.29,224.02,70.16,75.54,0.8,0.15
2956,94.592,0.830022,0.370216,1.248946,5,AVOID_RIGHT,67.93,68.42,64.66,62.88,66.01,230.45,69.26,68.45,0.8,0.15
2957,94.624,0.830105,0.37046,1.239043,5,AVOID_RIGHT,63.54,72.0,63.72,68.62,63.83,220.54,65.18,68.38,0.8,0.15
2958,94.656,0.830211,0.370764,1.231616,5,AVOID_RIGHT,67.65,68.97,64.08,67.15,64.09,208.83,66.58,67.72,0.8,0.15
2959,94.688,0.830319,0.371067,1.224189,5,AVOID_RIGHT,67.4,63.33,65.63,66.66,67.33,213.88,71.04,66.14,0.8,0.15
2960,94.72,0.830429,0.371369,1.216761,5,AVOID_RIGHT,69.73,67.79,64.44,66.15,62.65,220.5,65.77,66.32,0.8,0.15
2961,94.752,0.83052,0.37161,1.206858,5,AVOID_RIGHT,65.41,71.48,70.56,66.82,68.27,213.05,69.94,64.61,0.8,0.15
2962,94.784,0.830635,0.37191,1.199431,5,AVOID_RIGHT,63.58,63.56,64.3,69.5,69.35,201.85,65.3,66.01,0.8,0.15
2963,94.816,0.830753,0.37221,1.192004,5,AVOID_RIGHT,64.73,62.34,64.88,70.86,72.82,203.02,68.14,72.18,0.8,0.15
2964,94.848,0.830873,0.372508,1.184576,5,AVOID_RIGHT,66.38,68.48,57.08,62.67,70.61,216.5,66.77,63.65,0.8,0.15
2965,94.88,0.830972,0.372746,1.174673,5,AVOID_RIGHT,72.86,67.83,63.61,70.34,66.27,207.21,68.28,65.66,0.8,0.15
2966,94.912,0.831097,0.373043,1.167246,5,AVOID_RIGHT,74.54,68.42,67.52,70.8,67.83,195.51,66.66,67.02,0.8,0.15
2967,94.944,0.831224,0.373338,1.159819,5,AVOID_RIGHT,64.9,68.99,67.65,63.68,113.57,208.25,67.84,66.91,0.8,0.15
2968,94.976,0.83138,0.373692,1.149916,5,AVOID_RIGHT,72.01,66.18,67.63,68.64,111.21,188.6,65.8,64.52,0.8,0.15
2969,95.008,0.831487,0.373926,1.140012,5,AVOID_RIGHT,66.63,68.31,67.21,64.5,112.99,192.71,68.7,66.33,0.8,0.15
2970,95.04,0.831622,0.374218,1.132585,5,AVOID_RIGHT,67.7,70.13,66.84,67.97,105.9,182.92,66.19,64.56,0.8,0.15
2971,95.072,0.83176,0.374509,1.125158,5,AVOID_RIGHT,71.6,64.52,69.28,62.26,107.97,179.41,65.19,66.82,0.8,0.15
2972,95.104,0.8319,0.374799,1.117731,5,AVOID_RIGHT,71.49,59.7,67.37,66.03,111.68,180.22,58.91,67.86,0.8,0.15
2973,95.136,0.832042,0.375088,1.110303,5,FOLLOWING,70.02,66.89,63.59,63.41,117.61,179.69,64.41,66.26,-2.5435,3.14
2974,95.168,0.832095,0.375205,1.179625,5,FOLLOWING,67.2,76.5,63.89,61.71,68.16,187.82,70.34,62.97,-2.1464,3.14
2975,95.2,0.832207,0.375507,1.246471,5,FOLLOWING,66.0,68.8,69.44,73.77,69.45,200.68,62.84,65.4,-1.7709,3.14
2976,95.232,0.832338,0.375938,1.308365,5,FOLLOWING,65.46,69.31,65.88,76.18,64.79,214.91,72.65,69.2,-1.4283,3.14
2977,95.264,0.832472,0.376501,1.365307,5,FOLLOWING,66.5,62.37,68.33,68.42,61.33,208.92,63.9,65.72,-1.1181,3.14
2978,95.296,0.832586,0.377135,1.419774,5,FOLLOWING,62.76,62.36,64.71,62.02,70.94,220.24,77.32,67.59,-0.8234,3.14
2979,95.328,0.832684,0.377901,1.46929,5,FOLLOWING,66.14,76.84,65.75,67.54,70.08,214.48,94.4,69.39,-0.5603,3.14
2980,95.36,0.832749,0.378735,1.516329,5,FOLLOWING,72.87,69.78,72.18,66.55,66.27,215.88,111.31,68.99,-0.3122,3.14
2981,95.392,0.832778,0.379636,1.560893,5,FOLLOWING,66.17,67.01,67.63,62.28,69.58,218.57,117.99,64.59,-0.079,3.14
2982,95.424,0.832768,0.380666,1.600506,5,FOLLOWING,71.61,69.95,68.09,69.52,66.84,209.05,125.52,65.6,0.1234,3.14
2983,95.456,0.832715,0.381759,1.637642,5,FOLLOWING,62.62,63.04,72.7,78.7,64.54,211.76,116.74,67.77,0.3111,3.14
2984,95.488,0.832621,0.382849,1.674779,5,FOLLOWING,70.94,64.91,65.96,67.82,71.28,208.4,136.74,66.22,0.5002,3.14
2985,95.52,0.832475,0.384064,1.706964,5,FOLLOWING,66.23,68.34,64.17,67.43,63.76,209.83,148.55,64.51,0.659,3.14
2986,95.552,0.832289,0.385272,1.739149,5,AVOID_RIGHT,64.55,61.59,62.01,66.14,63.53,207.6,152.88,65.47,0.8,0.15
2987,95.584,0.832237,0.38559,1.731721,5,AVOID_RIGHT,70.17,68.28,68.63,68.38,69.34,209.83,148.0,65.37,0.8,0.15
2988,95.616,0.832186,0.385908,1.724294,5,AVOID_RIGHT,67.5,69.2,69.69,68.36,68.95,219.39,153.98,65.13,0.8,0.15
2989,95.648,0.832138,0.386226,1.716867,5,AVOID_RIGHT,63.47,63.73,68.64,64.07,68.88,213.79,149.29,62.37,0.8,0.15
2990,95.68,0.832102,0.386481,1.706964,5,AVOID_RIGHT,68.17,66.22,69.23,68.95,71.79,208.33,148.61,68.1,0.8,0.15
2991,95.712,0.832059,0.3868,1.699536,5,AVOID_RIGHT,69.98,61.65,61.8,67.81,63.94,230.66,147.12,65.45,0.8,0.15
2992,95.744,0.832012,0.387183,1.689633,5,AVOID_RIGHT,60.66,69.09,67.11,65.89,64.53,217.36,149.87,68.53,0.8,0.15
2993,95.776,0.831975,0.387503,1.682206,5,AVOID_RIGHT,71.59,64.21,65.79,66.71,69.32,214.24,148.28,61.23,0.8,0.15
2994,95.808,0.831947,0.387759,1.672303,5,AVOID_RIGHT,70.27,69.18,65.34,64.64,71.38,223.28,151.75,67.95,0.8,0.15
2995,95.84,0.831916,0.388079,1.664876,5,AVOID_RIGHT,68.61,70.08,66.25,71.55,68.88,230.11,131.49,66.45,0.8,0.15
2996,95.872,0.831887,0.3884,1.657448,5,AVOID_RIGHT,58.53,68.15,66.15,67.6,63.33,218.35,140.01,68.2,0.8,0.15
2997,95.904,0.83186,0.388721,1.650021,5,AVOID_RIGHT,68.44,66.78,68.6,65.52,67.92,220.63,140.05,67.32,0.8,0.15
2998,95.936,0.831841,0.388977,1.640118,5,AVOID_RIGHT,67.58,75.54,65.84,67.6,66.23,233.13,135.27,70.26,0.8,0.15
2999,95.968,0.83182,0.389299,1.632691,5,AVOID_RIGHT,67.6,71.44,69.06,73.08,63.88,226.13,135.31,67.32,0.8,0.15
3000,96.0,0.831801,0.38962,1.625263,5,AVOID_RIGHT,66.98,66.8,65.53,66.03,67.12,230.73,122.84,62.81,0.8,0.15
3001,96.032,0.831785,0.389941,1.617836,5,AVOID_RIGHT,68.2,63.12,68.47,74.94,71.2,228.23,132.84,68.58,0.8,0.15
3002,96.064,0.831771,0.390263,1.610409,5,AVOID_RIGHT,71.46,70.82,66.52,68.22,66.54,219.98,126.5,65.24,0.8,0.15
3003,96.096,0.831762,0.39052,1.600506,5,AVOID_RIGHT,67.03,68.68,68.21,77.36,65.46,220.55,126.33,70.03,0.8,0.15
3004,96.128,0.831754,0.390842,1.593078,5,AVOID_RIGHT,64.93,65.92,62.46,68.76,70.32,237.43,120.67,64.2,0.8,0.15
3005,96.16,0.831747,0.391228,1.583175,5,AVOID_RIGHT,68.28,63.8,66.91,66.62,63.27,228.67,132.7,64.56,0.8,0.15
3006,96.192,0.831744,0.39155,1.575748,5,AVOID_RIGHT,68.23,67.19,65.94,67.38,67.65,220.2,123.13,67.64,0.8,0.15
3007,96.224,0.831744,0.391807,1.565845,5,AVOID_RIGHT,67.47,63.27,75.48,66.67,68.96,231.59,116.03,68.59,0.8,0.15
3008,96.256,0.831747,0.392129,1.558417,5,AVOID_RIGHT,73.86,67.48,68.77,64.28,70.06,241.92,124.99,66.15,0.8,0.15
3009,96.288,0.831752,0.392451,1.55099,5,FOLLOWING,72.46,68.24,67.36,67.22,67.73,237.62,117.96,65.52,-0.4705,3.14
3010,96.32,0.831749,0.393288,1.59803,5,FOLLOWING,65.39,68.73,67.8,65.71,66.47,241.67,132.14,66.71,-0.225,3.14
3011,96.352,0.831703,0.394252,1.640118,5,FOLLOWING,64.7,62.88,67.66,66.13,69.61,229.85,134.25,66.53,-0.0109,3.14
3012,96.384,0.831611,0.395278,1.67973,5,AVOID_RIGHT,65.05,68.99,68.42,69.5,68.93,225.42,153.24,66.63,0.8,0.15
3013,96.416,0.831577,0.395598,1.672303,5,AVOID_RIGHT,70.79,71.52,70.15,59.89,71.36,228.06,149.95,68.12,0.8,0.15
3014,96.448,0.831552,0.395854,1.6624,5,AVOID_RIGHT,69.87,67.04,67.24,69.85,67.92,232.74,147.76,69.16,0.8,0.15
3015,96.48,0.831524,0.396175,1.654972,5,AVOID_RIGHT,66.29,62.1,65.59,70.21,69.12,233.94,144.92,71.48,0.8,0.15
3016,96.512,0.831493,0.39656,1.645069,5,AVOID_RIGHT,66.43,65.93,68.75,70.39,67.35,227.2,148.32,64.75,0.8,0.15
3017,96.544,0.831471,0.396881,1.637642,5,AVOID_RIGHT,67.32,68.19,69.88,69.87,64.92,233.7,138.05,69.14,0.8,0.15
3018,96.576,0.831455,0.397138,1.627739,5,AVOID_RIGHT,64.23,68.92,65.08,64.81,64.01,232.26,131.01,63.34,0.8,0.15
3019,96.608,0.831438,0.39746,1.620312,5,AVOID_RIGHT,68.08,66.21,61.53,66.87,65.46,241.9,143.93,62.1,0.8,0.15
3020,96.64,0.831423,0.397781,1.612884,5,AVOID_RIGHT,61.41,67.6,71.94,69.41,67.28,245.24,138.75,68.21,0.8,0.15
3021,96.672,0.831411,0.398103,1.605457,5,AVOID_RIGHT,63.15,64.26,66.68,70.3,74.81,253.62,140.76,75.65,0.6,-0.6
3022,96.704,0.831411,0.398103,1.590602,5,AVOID_RIGHT,64.37,70.2,63.17,64.67,67.3,247.84,132.98,68.46,0.8,0.15
3023,96.736,0.831407,0.39836,1.580699,5,AVOID_RIGHT,65.59,67.94,67.44,65.77,68.56,230.67,115.1,68.41,0.8,0.15
3024,96.768,0.831405,0.398682,1.573272,5,AVOID_RIGHT,68.87,65.58,67.97,68.1,66.95,245.98,133.91,68.2,0.8,0.15
3025,96.8,0.831405,0.399004,1.565845,5,AVOID_RIGHT,62.43,68.0,71.08,66.99,59.15,244.74,121.98,69.39,0.8,0.15
3026,96.832,0.831408,0.399326,1.558417,5,AVOID_RIGHT,63.57,69.44,63.13,64.23,64.14,251.51,116.63,71.51,0.6,-0.6
3027,96.864,0.831408,0.399326,1.543563,5,AVOID_RIGHT,62.39,63.48,68.0,70.87,68.18,239.14,65.24,59.93,0.8,0.15
3028,96.896,0.831416,0.399583,1.53366,5,AVOID_RIGHT,67.91,60.47,68.79,67.92,66.21,242.45,64.81,70.26,0.8,0.15
3029,96.928,0.831433,0.399969,1.523757,5,AVOID_RIGHT,65.79,70.1,71.12,66.56,69.04,247.43,65.21,68.25,0.8,0.15
3030,96.96,0.831449,0.40029,1.516329,5,AVOID_RIGHT,65.0,70.8,67.87,70.22,71.03,260.3,65.04,68.7,0.6,-0.6
3031,96.992,0.831449,0.40029,1.501475,5,AVOID_RIGHT,64.27,66.45,69.1,62.23,64.47,240.8,65.09,64.75,0.8,0.15
3032,97.024,0.831472,0.400611,1.494047,5,AVOID_RIGHT,62.44,62.79,66.85,70.3,62.72,251.79,63.79,66.68,0.6,-0.6
3033,97.056,0.831472,0.400611,1.479193,5,AVOID_RIGHT,68.46,72.24,68.22,72.31,73.17,244.43,68.5,68.77,0.8,0.15
3034,97.088,0.831497,0.400868,1.46929,5,AVOID_RIGHT,67.54,61.48,73.31,69.88,75.58,249.64,61.33,67.8,0.8,0.15
3035,97.12,0.831531,0.401188,1.461862,5,AVOID_RIGHT,70.05,65.91,70.82,68.9,62.74,247.82,64.31,64.14,0.8,0.15
3036,97.152,0.831567,0.401507,1.454435,5,AVOID_RIGHT,61.14,64.95,68.64,66.42,66.97,240.51,62.4,65.83,0.8,0.15
3037,97.184,0.831606,0.401827,1.447008,5,AVOID_RIGHT,66.46,68.76,63.21,66.56,69.66,241.55,71.52,69.05,0.8,0.15
3038,97.216,0.831639,0.402082,1.437105,5,AVOID_RIGHT,67.43,61.04,64.9,63.4,65.4,237.86,65.34,63.61,0.8,0.15
3039,97.248,0.831683,0.402401,1.429677,5,AVOID_RIGHT,62.04,67.44,69.99,60.78,70.79,229.44,64.71,64.47,0.8,0.15
3040,97.28,0.831729,0.40272,1.42225,5,AVOID_RIGHT,66.42,67.24,60.97,70.73,66.13,242.26,63.61,61.82,0.8,0.15
3041,97.312,0.831778,0.403038,1.414823,5,AVOID_RIGHT,69.25,65.62,66.24,65.28,71.66,238.53,68.1,65.68,0.8,0.15
3042,97.344,0.831819,0.403292,1.40492,5,AVOID_RIGHT,66.5,66.71,64.56,67.16,69.8,233.82,61.3,69.13,0.8,0.15
3043,97.376,0.831885,0.403673,1.395017,5,AVOID_RIGHT,66.8,71.03,69.59,62.93,70.33,230.75,68.69,65.05,0.8,0.15
3044,97.408,0.831943,0.403989,1.387589,5,AVOID_RIGHT,68.24,70.77,66.24,67.31,73.67,252.03,64.01,61.08,0.6,-0.6
3045,97.44,0.831943,0.403989,1.372735,5,AVOID_RIGHT,69.28,66.71,68.41,65.65,61.59,225.47,66.94,67.93,0.8,0.15
3046,97.472,0.832007,0.404305,1.365307,5,AVOID_RIGHT,65.02,58.03,67.98,69.98,70.16,237.31,67.8,65.76,0.8,0.15
3047,97.504,0.832061,0.404556,1.355404,5,AVOID_RIGHT,68.65,67.61,71.37,72.88,64.6,235.86,68.35,67.4,0.8,0.15
3048,97.536,0.832131,0.40487,1.347977,5,AVOID_RIGHT,68.91,63.38,69.72,66.87,65.98,235.91,68.54,65.71,0.8,0.15
3049,97.568,0.832203,0.405184,1.34055,5,AVOID_RIGHT,64.48,69.12,62.25,67.76,72.7,231.52,63.16,60.94,0.8,0.15
3050,97.6,0.832278,0.405497,1.333122,5,AVOID_RIGHT,68.87,66.77,62.96,71.63,68.82,226.15,69.56,62.13,0.8,0.15
3051,97.632,0.832355,0.40581,1.325695,5,AVOID_RIGHT,59.51,68.14,62.88,68.88,71.7,220.34,68.25,68.56,0.8,0.15
3052,97.664,0.832418,0.406059,1.315792,5,AVOID_RIGHT,65.62,66.1,70.42,65.2,68.67,223.33,74.54,65.9,0.8,0.15
3053,97.696,0.832501,0.40637,1.308365,5,AVOID_RIGHT,63.11,63.27,62.4,68.25,68.67,230.07,64.96,71.5,0.8,0.15
3054,97.728,0.832585,0.406681,1.300937,5,AVOID_RIGHT,68.0,64.71,63.8,69.86,64.08,213.99,67.51,66.13,0.8,0.15
3055,97.76,0.832672,0.406991,1.29351,5,AVOID_RIGHT,67.31,65.4,68.48,63.66,64.18,222.75,69.35,70.77,0.8,0.15
3056,97.792,0.832762,0.4073,1.281131,5,AVOID_RIGHT,66.15,65.74,70.73,62.55,67.11,222.05,63.3,70.1,0.8,0.15
3057,97.824,0.832855,0.407608,1.273704,5,AVOID_RIGHT,70.06,63.96,65.13,65.41,71.9,211.7,64.93,66.22,0.8,0.15
3058,97.856,0.832951,0.407915,1.266277,5,AVOID_RIGHT,60.32,67.53,64.81,63.19,74.56,213.68,64.07,70.12,0.8,0.15
3059,97.888,0.833048,0.408222,1.258849,5,AVOID_RIGHT,65.08,69.33,71.49,65.14,76.78,212.77,73.78,66.26,0.8,0.15
3060,97.92,0.833129,0.408467,1.248946,5,AVOID_RIGHT,67.98,68.48,75.02,67.17,79.85,206.67,67.0,74.25,0.8,0.15
3061,97.952,0.833232,0.408771,1.241519,5,AVOID_RIGHT,72.23,64.99,61.28,64.36,77.48,218.75,63.48,62.5,0.8,0.15
3062,97.984,0.833337,0.409076,1.234092,5,AVOID_RIGHT,65.67,70.19,60.8,70.52,87.95,207.84,67.44,70.41,0.8,0.15
3063,98.016,0.833444,0.409379,1.226664,5,AVOID_RIGHT,74.52,64.44,65.8,68.81,87.04,198.56,64.06,59.05,0.8,0.15
3064,98.048,0.833532,0.409621,1.216761,5,AVOID_RIGHT,72.06,61.02,64.6,66.24,94.51,203.16,72.03,60.35,0.8,0.15
3065,98.08,0.833645,0.409922,1.209334,5,AVOID_RIGHT,68.52,77.89,63.9,64.4,92.7,203.49,64.36,64.43,0.8,0.15
3066,98.112,0.83376,0.410223,1.201907,5,AVOID_RIGHT,68.26,68.74,70.99,67.35,94.85,204.05,69.05,63.65,0.8,0.15
3067,98.144,0.833877,0.410523,1.194479,5,AVOID_RIGHT,66.47,66.22,70.12,71.45,93.39,204.2,59.69,64.76,0.8,0.15
3068,98.176,0.833996,0.410822,1.187052,5,AVOID_RIGHT,67.4,66.55,68.26,67.96,97.59,198.79,62.49,69.6,0.8,0.15
3069,98.208,0.834119,0.411119,1.174673,5,AVOID_RIGHT,69.1,64.63,68.22,69.11,100.48,198.49,69.69,61.81,0.8,0.15
3070,98.24,0.834244,0.411416,1.167246,5,AVOID_RIGHT,70.18,64.88,70.69,61.74,107.07,182.35,71.24,70.47,0.8,0.15
3071,98.272,0.834372,0.411711,1.159819,5,AVOID_RIGHT,69.91,66.88,64.77,67.2,103.18,186.28,72.14,71.25,0.8,0.15
3072,98.304,0.834501,0.412006,1.152391,5,AVOID_RIGHT,69.89,64.46,66.91,71.45,102.93,186.82,71.4,70.31,0.8,0.15
3073,98.336,0.834607,0.412241,1.142488,5,AVOID_RIGHT,60.12,69.77,67.38,66.99,106.33,179.12,64.13,66.51,0.8,0.15
3074,98.368,0.834742,0.412533,1.135061,5,FOLLOWING,66.82,63.82,66.14,67.63,103.83,179.52,67.58,68.08,-3.14,3.14
3075,98.4,0.834742,0.412533,1.214286,5,FOLLOWING,62.91,68.99,68.48,66.2,87.0,200.1,69.1,65.8,-3.14,3.14
3076,98.432,0.834742,0.412533,1.29351,5,FOLLOWING,68.81,68.16,68.92,67.21,71.55,198.74,66.37,71.3,-2.8983,3.14
3077,98.464,0.834757,0.412596,1.370259,5,FOLLOWING,72.92,71.62,60.52,70.98,69.81,209.39,65.02,69.81,-2.4565,3.14
3078,98.496,0.8348,0.41285,1.439581,5,FOLLOWING,66.24,64.71,68.7,67.32,68.34,222.81,70.05,63.48,-2.068,3.14
3079,98.528,0.834831,0.41317,1.506426,5,FOLLOWING,65.04,67.87,67.27,65.22,65.04,223.53,65.0,69.06,-1.6966,3.14
3080,98.56,0.834849,0.413684,1.565845,5,FOLLOWING,65.46,69.11,67.64,71.71,66.12,221.53,67.34,66.17,-1.3768,3.14
3081,98.592,0.834836,0.414199,1.625263,5,FOLLOWING,66.72,68.61,70.51,65.56,71.79,219.69,67.35,63.82,-1.0558,3.14
3082,98.624,0.834779,0.414905,1.677254,5,FOLLOWING,68.78,69.62,72.35,66.0,68.34,216.15,63.02,68.91,-0.7852,3.14
3083,98.656,0.834678,0.415671,1.72677,5,FOLLOWING,63.87,65.78,68.92,66.65,65.07,207.88,68.26,68.02,-0.5301,3.14
3084,98.688,0.834529,0.416494,1.773809,5,FOLLOWING,65.54,60.74,68.62,65.19,70.69,201.64,62.22,72.6,-0.2904,3.14
3085,98.72,0.834314,0.417436,1.815897,5,AVOID_RIGHT,65.22,63.13,69.22,74.04,64.96,195.58,182.2,66.64,0.8,0.15
3086,98.752,0.834237,0.417748,1.80847,5,AVOID_RIGHT,71.61,63.62,66.95,63.02,61.84,217.49,65.36,65.51,0.8,0.15
3087,98.784,0.834178,0.417999,1.798567,5,AVOID_RIGHT,71.08,68.89,67.67,65.93,69.12,197.61,71.61,76.79,0.8,0.15
3088,98.816,0.834106,0.418312,1.79114,5,AVOID_RIGHT,65.64,68.0,65.6,65.93,63.9,210.48,71.94,66.82,0.8,0.15
3089,98.848,0.834037,0.418627,1.783712,5,AVOID_RIGHT,62.79,66.64,60.78,68.31,71.09,202.36,70.88,66.17,0.8,0.15
3090,98.88,0.83397,0.418942,1.776285,5,AVOID_RIGHT,69.69,60.19,64.44,65.02,65.99,206.68,60.81,67.14,0.8,0.15
3091,98.912,0.833919,0.419194,1.766382,5,AVOID_RIGHT,65.8,69.89,69.65,72.99,61.61,217.05,67.06,66.97,0.8,0.15
3092,98.944,0.833858,0.41951,1.758955,5,AVOID_RIGHT,65.79,68.29,66.66,65.55,64.88,212.71,71.99,73.26,0.8,0.15
3093,98.976,0.833787,0.41989,1.749052,5,AVOID_RIGHT,68.28,65.36,66.0,72.53,68.94,219.44,68.18,68.66,0.8,0.15
3094,99.008,0.833731,0.420207,1.741624,5,AVOID_RIGHT,66.67,68.52,68.05,68.5,69.99,212.46,68.81,67.72,0.8,0.15
3095,99.04,0.833678,0.420524,1.734197,5,AVOID_RIGHT,70.06,67.02,59.0,72.31,66.48,211.93,69.93,72.06,0.8,0.15
3096,99.072,0.833637,0.420778,1.724294,5,AVOID_RIGHT,70.12,66.88,72.17,66.26,69.24,224.1,66.64,70.03,0.8,0.15
3097,99.104,0.833589,0.421096,1.716867,5,AVOID_RIGHT,67.35,63.97,63.78,62.06,68.32,217.0,67.11,72.03,0.8,0.15
3098,99.136,0.833544,0.421415,1.709439,5,AVOID_RIGHT,65.95,62.02,59.3,69.94,69.56,224.29,64.04,62.89,0.8,0.15
3099,99.168,0.8335,0.421734,1.702012,5,AVOID_RIGHT,72.63,64.54,67.45,72.13,74.19,229.18,60.94,67.32,0.8,0.15
3100,99.2,0.833468,0.421989,1.692109,6,FOLLOWING,72.17,69.49,63.81,67.94,64.54,220.5,69.1,61.81,2.3979,3.14
3101,99.232,0.833241,0.423777,1.702012,6,FOLLOWING,66.99,65.5,69.54,64.96,68.04,234.88,69.7,68.08,2.4516,3.14
3102,99.264,0.83299,0.425627,1.709439,6,FOLLOWING,68.15,68.55,66.88,72.32,66.81,235.92,64.27,70.9,2.4909,3.14
3103,99.296,0.832732,0.427411,1.719342,6,FOLLOWING,66.49,66.39,62.31,65.68,66.79,226.54,66.3,70.89,2.5451,3.14
3104,99.328,0.832449,0.429256,1.72677,6,AVOID_RIGHT,66.34,65.56,65.37,63.85,64.81,252.24,68.34,67.19,0.6,-0.6
3105,99.36,0.832449,0.429256,1.711915,6,AVOID_RIGHT,63.95,65.76,68.82,60.54,73.0,237.66,67.14,60.86,0.8,0.15
3106,99.392,0.832396,0.429639,1.702012,6,AVOID_RIGHT,64.4,66.73,61.0,69.45,69.61,252.84,71.33,67.67,0.6,-0.6
3107,99.424,0.832396,0.429639,1.687157,6,AVOID_RIGHT,65.93,67.37,69.89,69.19,65.76,253.55,73.36,70.77,0.6,-0.6
3108,99.456,0.832396,0.429639,1.672303,6,AVOID_RIGHT,63.28,72.12,65.23,66.02,72.95,244.03,67.43,62.24,0.8,0.15
3109,99.488,0.832365,0.429959,1.664876,6,AVOID_RIGHT,63.63,65.39,66.77,62.42,73.3,259.63,64.57,65.85,0.6,-0.6
3110,99.52,0.832365,0.429959,1.650021,6,AVOID_RIGHT,67.44,66.16,62.5,66.12,66.87,260.41,66.13,72.15,0.6,-0.6
3111,99.552,0.832365,0.429959,1.635166,6,AVOID_RIGHT,69.23,67.28,65.38,66.56,64.13,268.27,68.72,66.36,0.6,-0.6
3112,99.584,0.832368,0.429895,1.617836,6,AVOID_RIGHT,66.39,69.48,63.03,69.7,68.55,258.67,70.38,61.3,0.6,-0.6
3113,99.616,0.832368,0.429895,1.602981,6,AVOID_RIGHT,61.62,68.1,66.95,66.76,71.45,261.76,63.21,68.23,0.6,-0.6
3114,99.648,0.832368,0.429895,1.588127,6,AVOID_RIGHT,66.91,71.04,69.14,68.63,61.86,267.5,70.68,68.09,0.6,-0.6
3115,99.68,0.832368,0.429895,1.573272,6,AVOID_RIGHT,67.29,67.99,69.27,63.61,63.9,267.79,62.28,72.26,0.6,-0.6
3116,99.712,0.832368,0.429895,1.558417,6,AVOID_RIGHT,63.9,68.59,73.01,68.49,69.28,269.04,60.14,70.03,0.6,-0.6
3117,99.744,0.832368,0.429895,1.543563,6,AVOID_RIGHT,64.95,68.17,68.89,67.23,63.46,264.4,66.2,63.75,0.6,-0.6
3118,99.776,0.832368,0.429895,1.528708,6,AVOID_RIGHT,68.41,69.23,59.79,61.19,64.2,261.03,57.9,64.19,0.6,-0.6
3119,99.808,0.832368,0.429895,1.513854,6,AVOID_RIGHT,66.75,66.36,68.34,60.81,64.98,263.31,72.46,65.92,0.6,-0.6
3120,99.84,0.832368,0.429895,1.498999,6,AVOID_RIGHT,65.45,70.98,72.18,67.78,64.21,257.66,66.54,72.2,0.6,-0.6
3121,99.872,0.832368,0.429895,1.484144,6,AVOID_RIGHT,62.49,62.53,68.91,68.98,65.09,273.08,68.41,72.71,0.6,-0.6
3122,99.904,0.832368,0.429895,1.46929,6,AVOID_RIGHT,72.68,68.64,65.47,68.67,61.43,262.69,68.16,64.16,0.6,-0.6
3123,99.936,0.832375,0.429959,1.451959,6,AVOID_RIGHT,71.19,73.9,66.78,71.08,65.1,262.78,68.53,68.56,0.6,-0.6
3124,99.968,0.832375,0.429959,1.437105,6,AVOID_RIGHT,67.11,69.1,61.93,69.81,69.34,273.77,60.51,63.89,0.6,-0.6
3125,100.0,0.832375,0.429959,1.42225,6,AVOID_RIGHT,71.0,74.22,62.36,65.41,66.99,265.53,61.61,69.55,0.6,-0.6
3126,100.032,0.832375,0.429959,1.407396,6,AVOID_RIGHT,64.68,67.74,65.65,61.29,65.15,262.92,64.44,61.56,0.6,-0.6
3127,100.064,0.832375,0.429959,1.392541,6,AVOID_RIGHT,69.77,69.19,73.05,71.31,62.22,256.93,67.15,71.78,0.6,-0.6
3128,100.096,0.832375,0.429959,1.377686,6,AVOID_RIGHT,68.54,65.95,71.4,65.42,65.09,270.5,69.41,69.53,0.6,-0.6
3129,100.128,0.832363,0.429896,1.360356,6,AVOID_RIGHT,68.37,68.62,67.23,67.9,66.84,256.42,68.63,66.97,0.6,-0.6
3130,100.16,0.832363,0.429896,1.345501,6,AVOID_RIGHT,67.97,66.63,64.59,64.28,64.66,250.8,69.07,68.7,0.6,-0.6
3131,100.192,0.832363,0.429896,1.330647,6,AVOID_RIGHT,74.03,69.96,60.83,63.7,62.37,253.55,68.26,66.54,0.6,-0.6
3132,100.224,0.832363,0.429896,1.315792,6,AVOID_RIGHT,70.99,66.99,68.19,65.09,69.6,257.82,67.68,70.04,0.6,-0.6
3133,100.256,0.832363,0.429896,1.300937,6,AVOID_RIGHT,70.89,67.76,60.26,70.5,63.18,248.22,63.0,69.78,0.8,0.15
3134,100.288,0.83245,0.430206,1.29351,6,AVOID_RIGHT,68.47,66.09,69.69,60.9,71.85,248.53,66.95,69.28,0.8,0.15
3135,100.32,0.832539,0.430515,1.286083,6,AVOID_RIGHT,72.57,70.2,66.17,67.57,74.46,241.0,67.27,68.94,0.8,0.15
3136,100.352,0.83263,0.430823,1.278656,6,AVOID_RIGHT,64.52,65.54,65.54,66.93,83.32,240.69,68.51,74.34,0.8,0.15
3137,100.384,0.832706,0.43107,1.268752,6,AVOID_RIGHT,76.29,69.61,64.32,68.57,78.85,237.34,65.7,65.18,0.8,0.15
3138,100.416,0.832803,0.431377,1.261325,6,AVOID_RIGHT,69.86,69.94,62.65,65.29,84.32,231.02,62.25,72.21,0.8,0.15
3139,100.448,0.832922,0.431744,1.251422,6,AVOID_RIGHT,66.5,68.47,68.72,66.36,90.58,232.82,66.22,68.58,0.8,0.15
3140,100.48,0.833024,0.432049,1.243995,6,AVOID_RIGHT,68.1,60.29,68.09,74.97,83.01,224.7,65.73,73.54,0.8,0.15
3141,100.512,0.833108,0.432292,1.234092,6,AVOID_RIGHT,68.48,72.83,68.81,73.0,94.97,68.96,70.17,71.99,0.8,0.15
3142,100.544,0.833216,0.432596,1.226664,6,AVOID_RIGHT,68.98,64.92,69.91,64.87,95.42,64.47,61.46,67.36,0.8,0.15
3143,100.576,0.833325,0.432898,1.219237,6,AVOID_RIGHT,60.85,66.44,63.25,68.02,103.93,68.6,64.65,71.33,0.8,0.15
3144,100.608,0.833437,0.4332,1.21181,6,AVOID_RIGHT,59.92,62.4,66.21,67.75,95.45,66.43,71.24,65.62,0.8,0.15
3145,100.64,0.833529,0.433441,1.201907,6,AVOID_RIGHT,72.91,64.2,65.83,69.97,105.88,66.83,64.81,66.37,0.8,0.15
3146,100.672,0.833646,0.433741,1.194479,6,AVOID_RIGHT,66.96,65.21,62.17,71.34,107.99,63.67,64.18,67.42,0.8,0.15
3147,100.704,0.833765,0.434039,1.187052,6,AVOID_RIGHT,62.9,71.76,64.02,70.53,106.5,68.92,72.07,65.33,0.8,0.15
3148,100.736,0.833887,0.434337,1.179625,6,AVOID_RIGHT,66.15,68.36,74.28,61.79,105.28,71.54,67.74,69.81,0.8,0.15
3149,100.768,0.833986,0.434575,1.169722,6,AVOID_RIGHT,69.6,65.78,69.98,62.79,106.38,66.4,65.25,65.98,0.8,0.15
3150,100.8,0.834113,0.434871,1.162294,6,AVOID_RIGHT,65.62,66.3,65.18,69.65,114.25,64.26,66.66,63.88,0.8,0.15
3151,100.832,0.834242,0.435166,1.154867,6,AVOID_RIGHT,67.53,63.64,59.26,61.9,107.02,67.12,68.0,70.5,0.8,0.15
3152,100.864,0.8344,0.435518,1.144964,6,AVOID_RIGHT,61.53,66.22,65.02,74.64,113.09,69.81,76.38,66.43,0.8,0.15
3153,100.896,0.834534,0.435811,1.137537,6,AVOID_RIGHT,75.05,66.64,66.03,64.8,116.17,67.31,63.02,65.66,0.8,0.15
3154,100.928,0.834643,0.436044,1.127634,6,AVOID_RIGHT,74.3,62.73,72.52,61.28,103.54,61.18,62.86,66.3,0.8,0.15
3155,100.96,0.834782,0.436334,1.120206,6,AVOID_RIGHT,67.9,64.84,69.34,62.89,110.94,65.93,66.01,63.87,0.8,0.15
3156,100.992,0.834924,0.436623,1.112779,6,AVOID_RIGHT,68.22,64.1,60.46,67.1,110.5,67.74,63.06,68.25,0.8,0.15
3157,101.024,0.835067,0.436912,1.105352,6,AVOID_RIGHT,72.1,63.27,70.33,69.54,115.07,65.78,67.33,66.11,0.8,0.15
3158,101.056,0.835184,0.437141,1.095449,6,AVOID_RIGHT,68.39,75.26,64.96,66.69,112.58,74.13,67.12,66.98,0.8,0.15
3159,101.088,0.835332,0.437427,1.088021,6,AVOID_RIGHT,67.25,67.22,67.67,64.29,124.94,63.75,66.37,64.38,0.8,0.15
3160,101.12,0.835482,0.437711,1.080594,6,AVOID_RIGHT,75.35,66.04,65.89,73.64,122.25,70.55,69.56,67.85,0.8,0.15
3161,101.152,0.835635,0.437995,1.073167,6,AVOID_RIGHT,62.38,68.81,74.42,68.01,118.35,66.95,69.53,69.03,0.8,0.15
3162,101.184,0.835759,0.43822,1.063264,6,FOLLOWING,69.38,68.12,66.97,65.26,125.02,64.48,69.23,62.91,-1.3636,3.14
3163,101.216,0.836026,0.438734,1.120206,6,FOLLOWING,64.8,64.95,67.16,66.25,108.51,72.43,73.42,70.37,-1.0401,3.14
3164,101.248,0.836318,0.43938,1.172197,6,FOLLOWING,65.61,70.44,71.74,69.05,102.84,71.08,64.11,63.65,-0.7465,3.14
3165,101.28,0.8366,0.440099,1.221713,6,FOLLOWING,66.42,69.5,64.96,69.34,83.29,69.03,66.18,69.87,-0.4675,3.14
3166,101.312,0.836889,0.440952,1.266277,6,FOLLOWING,68.02,69.5,63.54,69.02,66.86,62.69,65.54,68.01,-0.2181,3.14
3167,101.344,0.837159,0.441879,1.308365,6,FOLLOWING,64.89,65.02,64.54,69.26,66.23,73.49,72.48,72.04,0.0169,3.14
3168,101.376,0.837421,0.442942,1.350453,6,FOLLOWING,68.83,65.38,60.92,72.08,63.03,71.58,69.82,65.46,0.2514,3.14
3169,101.408,0.837628,0.44395,1.385114,6,FOLLOWING,63.39,75.39,68.11,69.03,67.15,65.19,69.74,66.85,0.4439,3.14
3170,101.44,0.837823,0.445093,1.419774,6,FOLLOWING,67.11,67.53,72.07,62.68,67.53,69.71,59.17,70.32,0.6359,3.14
3171,101.472,0.837997,0.446368,1.449484,6,FOLLOWING,67.21,66.74,62.3,74.68,63.12,65.34,67.15,64.08,0.7987,3.14
3172,101.504,0.838134,0.447648,1.479193,6,FOLLOWING,66.48,72.07,69.76,72.34,71.39,60.15,64.78,64.95,0.9622,3.14
3173,101.536,0.838239,0.448996,1.506426,6,FOLLOWING,71.1,63.25,64.85,68.36,65.55,69.4,70.92,68.23,1.1114,3.14
3174,101.568,0.838308,0.450346,1.53366,6,FOLLOWING,64.67,68.32,65.53,64.75,66.34,68.37,72.07,64.55,1.2612,3.14
3175,101.6,0.838347,0.451826,1.555942,6,FOLLOWING,68.21,66.32,63.34,67.2,66.02,67.98,67.57,75.45,1.382,3.14
3176,101.632,0.838352,0.453307,1.578224,6,FOLLOWING,67.78,70.67,72.41,68.08,65.41,62.5,63.73,70.25,1.5033,3.14
3177,101.664,0.838325,0.454787,1.600506,6,FOLLOWING,69.35,64.38,65.37,61.76,63.52,64.69,63.55,70.06,1.6252,3.14
3178,101.696,0.838263,0.456395,1.617836,6,FOLLOWING,66.13,71.28,63.48,65.99,67.26,68.25,64.76,62.98,1.7181,3.14
3179,101.728,0.838175,0.457937,1.637642,6,FOLLOWING,64.26,64.81,64.2,67.83,67.77,68.9,61.75,68.16,1.8263,3.14
3180,101.76,0.838051,0.459606,1.652497,6,FOLLOWING,64.4,67.71,69.96,69.83,66.3,66.43,65.07,64.11,1.9055,3.14
3181,101.792,0.837905,0.461209,1.669827,6,FOLLOWING,67.14,69.42,66.28,68.05,65.69,66.05,62.98,64.53,1.9998,3.14
3182,101.824,0.837723,0.462937,1.682206,6,FOLLOWING,64.07,69.81,61.72,66.14,62.78,75.27,63.53,69.63,2.0653,3.14
3183,101.856,0.837524,0.464599,1.697061,6,FOLLOWING,72.06,65.45,64.02,59.76,64.04,66.17,67.63,67.01,2.1458,3.14
3184,101.888,0.837295,0.466322,1.709439,6,FOLLOWING,71.57,64.53,68.37,70.61,69.2,68.51,77.25,72.51,2.212,3.14
3185,101.92,0.837044,0.468042,1.721818,6,FOLLOWING,68.62,70.69,69.71,71.22,65.52,70.48,67.19,59.48,2.2787,3.14
3186,101.952,0.836764,0.469822,1.731721,6,FOLLOWING,62.5,70.59,59.15,72.99,65.03,68.23,66.2,68.25,2.331,3.14
3187,101.984,0.836467,0.4716,1.741624,6,FOLLOWING,67.97,66.73,59.56,71.1,70.4,69.92,62.5,64.37,2.3837,3.14
3188,102.016,0.836151,0.473374,1.751527,6,FOLLOWING,68.87,74.21,59.81,70.68,70.51,64.64,63.67,69.3,2.4367,3.14
3189,102.048,0.835819,0.475146,1.761431,6,FOLLOWING,68.52,68.1,65.17,70.48,64.86,65.04,67.26,64.83,2.4899,3.14
3190,102.08,0.835458,0.476977,1.768858,6,FOLLOWING,66.12,64.56,66.97,69.69,69.16,68.01,66.51,64.65,2.5289,3.14
3191,102.112,0.835084,0.478806,1.776285,6,FOLLOWING,64.22,66.83,68.62,69.45,67.39,63.82,70.04,64.87,2.5682,3.14
3192,102.144,0.834696,0.480632,1.783712,6,FOLLOWING,64.07,70.31,64.23,63.44,70.21,66.98,67.25,66.72,2.6077,3.14
3193,102.176,0.834295,0.482455,1.79114,6,FOLLOWING,61.99,65.58,73.8,70.88,70.46,61.3,62.07,66.01,2.6474,3.14
3194,102.208,0.833868,0.484339,1.796091,6,FOLLOWING,64.8,67.78,68.63,70.3,64.44,70.36,67.99,57.98,2.6728,3.14
3195,102.24,0.833445,0.486157,1.803519,6,FOLLOWING,71.74,68.6,67.6,68.2,64.64,59.33,66.28,73.63,2.7129,3.14
3196,102.272,0.832995,0.488035,1.80847,6,FOLLOWING,69.24,61.67,67.37,67.08,68.95,67.72,67.57,68.95,2.7387,3.14
3197,102.304,0.832535,0.48991,1.813422,6,FOLLOWING,71.12,65.79,65.04,70.38,69.43,66.08,67.31,74.14,2.7647,3.14
3198,102.336,0.832067,0.491784,1.818373,6,FOLLOWING,66.36,70.25,68.41,68.54,67.44,68.01,68.47,70.04,2.7909,3.14
3199,102.368,0.831589,0.493655,1.823325,6,FOLLOWING,66.1,71.05,69.27,69.14,72.81,69.15,66.85,76.52,2.8172,3.14
3200,102.4,0.831088,0.495586,1.825801,6,FOLLOWING,67.53,66.77,69.17,66.71,64.66,66.58,63.38,69.97,2.8293,3.14
3201,102.432,0.830596,0.497454,1.830752,6,FOLLOWING,67.8,69.13,65.95,62.66,64.39,63.77,67.81,65.51,2.8558,3.14
3202,102.464,0.830081,0.499382,1.833228,6,FOLLOWING,71.05,64.2,69.73,71.26,64.13,66.11,74.79,64.13,2.8681,3.14
3203,102.496,0.829575,0.501245,1.838179,6,FOLLOWING,66.13,69.41,69.7,63.64,71.22,68.38,69.63,64.87,2.8949,3.14
3204,102.528,0.829046,0.503169,1.840655,6,FOLLOWING,69.48,72.91,62.05,65.68,65.58,65.65,68.87,65.74,2.9075,3.14
3205,102.56,0.828511,0.505092,1.843131,6,FOLLOWING,67.75,64.57,67.95,65.28,69.91,62.86,60.34,73.65,2.9201,3.14
3206,102.592,0.827972,0.507013,1.845607,6,FOLLOWING,66.06,68.22,66.68,64.45,67.65,68.02,68.66,69.83,2.9328,3.14
3207,102.624,0.827428,0.508933,1.848082,6,FOLLOWING,70.29,58.47,63.9,63.65,67.01,69.36,66.3,68.32,2.9456,3.14
3208,102.656,0.82688,0.510852,1.850558,6,FOLLOWING,66.12,64.36,64.94,67.1,71.7,69.57,64.39,71.62,2.9585,3.14
3209,102.688,0.826326,0.512769,1.853034,6,FOLLOWING,67.09,66.63,65.2,64.04,63.68,67.59,71.06,72.28,2.9715,3.14
3210,102.72,0.825768,0.514685,1.85551,6,FOLLOWING,63.97,66.71,60.22,69.19,69.38,66.01,63.83,74.44,2.9845,3.14
3211,102.752,0.825205,0.516599,1.857986,6,FOLLOWING,65.24,63.52,68.98,68.05,62.67,66.87,71.58,69.28,2.9977,3.14
3212,102.784,0.824638,0.518512,1.860461,6,FOLLOWING,72.18,67.97,64.8,65.43,68.12,64.31,63.96,69.52,3.0109,3.14
3213,102.816,0.824049,0.520486,1.860461,6,FOLLOWING,69.01,67.26,67.07,70.08,71.52,68.73,65.13,69.72,3.0098,3.14
3214,102.848,0.823477,0.522398,1.862937,6,FOLLOWING,66.54,66.92,68.39,67.32,70.05,69.79,71.59,71.97,3.0232,3.14
3215,102.88,0.8229,0.524308,1.865413,6,FOLLOWING,65.72,60.48,67.39,69.99,66.73,63.66,71.94,70.27,3.0366,3.14
3216,102.912,0.822302,0.526279,1.865413,6,FOLLOWING,72.8,67.3,66.04,67.36,70.88,64.75,65.04,73.75,3.0357,3.14
3217,102.944,0.82172,0.528188,1.867889,6,FOLLOWING,65.05,67.93,68.16,68.31,64.78,61.95,66.8,69.2,3.0493,3.14
3218,102.976,0.821117,0.530157,1.867889,6,FOLLOWING,65.22,65.54,67.1,73.69,67.03,63.77,66.06,66.9,3.0485,3.14
3219,103.008,0.82053,0.532065,1.870364,6,FOLLOWING,68.72,60.08,70.34,72.43,65.46,64.24,67.24,67.03,3.0621,3.14
3220,103.04,0.819923,0.534033,1.870364,6,FOLLOWING,70.09,68.24,72.68,63.59,70.68,61.47,67.82,68.36,3.0614,3.14
3221,103.072,0.819315,0.536001,1.870364,6,FOLLOWING,63.33,63.48,66.21,63.57,66.67,64.83,70.31,66.45,3.0607,3.14
3222,103.104,0.818723,0.537907,1.87284,6,FOLLOWING,67.92,68.37,68.95,68.94,66.28,70.01,63.86,69.33,3.0744,3.14
3223,103.136,0.818111,0.539873,1.87284,6,FOLLOWING,65.28,64.12,70.98,65.83,67.47,69.87,67.85,68.88,3.0738,3.14
3224,103.168,0.817515,0.541778,1.875316,6,FOLLOWING,68.7,66.28,65.42,66.41,68.66,63.31,61.07,69.26,3.0876,3.14
3225,103.2,0.816897,0.543743,1.875316,6,FOLLOWING,62.47,66.45,65.44,68.59,65.28,65.37,60.41,69.71,3.0871,3.14
3226,103.232,0.81628,0.545708,1.875316,6,FOLLOWING,67.98,65.23,62.71,65.89,66.05,70.38,64.52,67.14,3.0866,3.14
3227,103.264,0.815662,0.547673,1.875316,6,FOLLOWING,64.39,68.26,72.31,62.51,65.53,65.63,67.01,63.46,3.0861,3.14
3228,103.296,0.815061,0.549576,1.877792,6,FOLLOWING,67.1,68.31,69.43,73.09,61.18,69.18,68.12,66.37,3.1,3.14
3229,103.328,0.814439,0.551539,1.877792,6,FOLLOWING,65.19,64.67,69.04,68.37,71.03,71.67,75.0,63.68,3.0996,3.14
3230,103.36,0.813838,0.553442,1.875316,6,FOLLOWING,64.64,67.07,67.82,64.08,67.95,69.11,64.91,67.24,3.0848,3.14
3231,103.392,0.81322,0.555407,1.875316,6,FOLLOWING,66.25,72.02,66.25,70.5,66.07,65.42,62.85,64.29,3.0842,3.14
3232,103.424,0.81262,0.55731,1.877792,6,FOLLOWING,66.88,72.89,70.51,68.87,73.51,64.36,68.39,63.32,3.0981,3.14
3233,103.456,0.811997,0.559274,1.877792,6,FOLLOWING,63.99,62.87,64.4,70.22,66.51,62.83,66.89,68.78,3.0977,3.14
3234,103.488,0.811375,0.561237,1.877792,6,FOLLOWING,68.84,68.41,67.06,67.89,67.29,68.04,64.08,65.83,3.0972,3.14
3235,103.52,0.810752,0.563201,1.877792,6,FOLLOWING,73.55,69.19,62.52,74.34,66.54,68.94,66.64,70.26,3.0968,3.14
3236,103.552,0.810147,0.565102,1.880267,6,FOLLOWING,67.78,66.26,69.04,68.94,69.19,70.95,70.71,65.97,3.1108,3.14
3237,103.584,0.80952,0.567064,1.880267,6,FOLLOWING,66.28,68.07,65.73,66.75,59.42,64.89,68.2,67.14,3.1105,3.14
3238,103.616,0.808892,0.569026,1.880267,6,FOLLOWING,64.04,60.41,66.33,63.6,68.71,69.64,68.47,68.25,3.1102,3.14
3239,103.648,0.808265,0.570988,1.880267,6,FOLLOWING,67.62,71.35,68.48,71.41,63.23,71.17,62.82,68.72,3.1098,3.14
3240,103.68,0.807638,0.57295,1.880267,6,FOLLOWING,68.48,63.27,70.72,63.9,70.5,65.11,71.14,69.53,3.1095,3.14
3241,103.712,0.807028,0.57485,1.882743,6,FOLLOWING,63.84,65.64,69.62,67.57,70.01,64.62,71.22,65.26,3.1236,3.14
3242,103.744,0.806395,0.576811,1.882743,6,FOLLOWING,62.79,66.48,78.83,63.33,68.57,68.05,65.18,68.42,3.1234,3.14
3243,103.776,0.805763,0.578771,1.882743,6,FOLLOWING,70.12,71.31,72.29,67.49,69.32,66.14,71.58,70.22,3.1232,3.14
3244,103.808,0.805131,0.580732,1.882743,6,FOLLOWING,60.69,72.74,71.78,68.33,63.25,60.53,64.49,69.18,3.1231,3.14
3245,103.84,0.804499,0.582692,1.882743,6,FOLLOWING,67.09,67.96,66.15,68.03,67.58,69.9,63.56,66.75,3.1229,3.14
3246,103.872,0.803867,0.584652,1.882743,6,FOLLOWING,69.04,67.94,66.44,65.41,66.14,66.27,62.98,66.01,3.1227,3.14
3247,103.904,0.803234,0.586613,1.882743,6,FOLLOWING,69.25,64.34,66.93,67.21,73.59,69.82,64.0,65.19,3.1224,3.14
3248,103.936,0.802602,0.588573,1.882743,6,FOLLOWING,68.8,61.62,73.25,65.55,64.45,66.96,71.25,66.54,3.1222,3.14
3249,103.968,0.80197,0.590534,1.882743,6,FOLLOWING,64.32,63.68,70.77,71.14,73.3,69.13,62.74,66.73,3.122,3.14
3250,104.0,0.801338,0.592494,1.882743,6,FOLLOWING,64.99,62.54,71.32,69.26,68.09,70.43,69.08,68.03,3.1218,3.14
3251,104.032,0.800723,0.594392,1.885219,6,FOLLOWING,65.64,69.64,67.93,65.72,68.5,69.32,69.98,64.91,3.136,3.14
3252,104.064,0.800086,0.596351,1.885219,6,FOLLOWING,71.11,67.15,66.51,68.95,60.92,69.32,68.31,62.53,3.136,3.14
3253,104.096,0.799449,0.59831,1.885219,6,FOLLOWING,64.73,65.48,69.04,67.9,65.07,64.6,67.91,63.65,3.1359,3.14
3254,104.128,0.798812,0.600269,1.885219,6,FOLLOWING,68.01,65.93,61.27,64.67,62.75,69.28,66.39,65.93,3.1359,3.14
3255,104.16,0.798175,0.602228,1.885219,6,FOLLOWING,70.67,61.44,66.5,62.83,71.22,67.39,67.21,60.25,3.1358,3.14
3256,104.192,0.797538,0.604187,1.885219,6,FOLLOWING,58.57,70.65,72.52,73.79,68.98,66.42,69.87,67.57,3.1358,3.14
3257,104.224,0.796901,0.606146,1.885219,6,FOLLOWING,65.92,69.49,63.44,67.8,69.72,63.6,67.86,69.13,3.1357,3.14
3258,104.256,0.796264,0.608104,1.885219,6,FOLLOWING,68.51,71.46,61.94,68.81,62.29,64.74,65.16,65.02,3.1264,3.1321
3259,104.288,0.795627,0.610063,1.885219,6,FOLLOWING,61.22,68.04,65.29,67.81,62.78,72.51,63.24,65.36,3.097,3.1028
3260,104.32,0.79499,0.612022,1.885219,6,FOLLOWING,66.9,63.04,65.09,64.8,77.05,58.74,62.54,65.62,3.0675,3.0734
3261,104.352,0.794353,0.613981,1.885219,6,FOLLOWING,68.58,64.35,64.07,69.98,69.74,67.44,64.68,65.34,3.0381,3.0441
3262,104.384,0.793755,0.615817,1.885219,6,FOLLOWING,65.06,69.41,63.33,68.31,64.03,66.37,67.3,73.51,3.0105,3.0166
3263,104.416,0.793158,0.617654,1.885219,6,FOLLOWING,58.83,69.41,69.83,66.28,70.14,65.87,66.06,63.5,2.9829,2.9891
3264,104.448,0.792521,0.619613,1.885219,6,FOLLOWING,72.79,66.76,62.27,67.19,70.16,67.5,69.73,70.97,2.9535,2.9597
3265,104.48,0.791924,0.621449,1.885219,6,FOLLOWING,59.3,66.91,65.32,68.97,63.14,67.51,66.67,67.15,2.9259,2.9322
3266,104.512,0.791344,0.623224,1.887695,6,FOLLOWING,66.9,66.95,68.45,64.14,69.54,62.58,66.69,66.54,2.9087,2.8961
3267,104.544,0.790765,0.624998,1.885219,6,FOLLOWING,64.21,70.75,67.52,63.57,75.46,68.1,66.76,67.82,2.8727,2.8789
3268,104.576,0.790168,0.626835,1.885219,6,FOLLOWING,71.83,66.79,68.41,66.56,68.12,67.13,63.42,63.83,2.8451,2.8514
3269,104.608,0.789588,0.628609,1.887695,6,FOLLOWING,66.5,73.93,70.25,66.48,71.25,70.38,72.28,63.37,2.8279,2.8153
3270,104.64,0.789009,0.630384,1.885219,6,FOLLOWING,67.28,69.95,63.58,69.41,67.91,67.29,68.13,68.22,2.7919,2.7981
3271,104.672,0.788451,0.632098,1.885219,6,FOLLOWING,68.44,66.18,65.8,63.94,70.12,68.34,60.25,70.33,2.7661,2.7724
3272,104.704,0.787894,0.633812,1.885219,6,FOLLOWING,69.88,70.25,67.87,67.06,65.91,69.25,69.15,69.49,2.7404,2.7468
3273,104.736,0.787336,0.635526,1.885219,6,FOLLOWING,70.85,67.94,68.04,61.46,64.51,67.67,67.39,65.68,2.7146,2.7211
3274,104.768,0.786779,0.63724,1.885219,6,FOLLOWING,65.41,62.24,61.07,68.15,71.27,67.29,69.09,60.2,2.6888,2.6954
3275,104.8,0.786222,0.638954,1.885219,6,FOLLOWING,66.2,66.47,73.1,66.81,71.55,68.62,64.9,68.82,2.6631,2.6698
3276,104.832,0.785704,0.640545,1.885219,6,FOLLOWING,67.68,67.01,69.59,79.26,68.24,66.45,63.13,67.1,2.6391,2.6459
3277,104.864,0.785147,0.642259,1.885219,6,FOLLOWING,64.51,62.13,66.63,65.88,65.17,73.26,65.84,59.14,2.6134,2.6203
3278,104.896,0.784629,0.643851,1.885219,6,FOLLOWING,67.1,71.55,72.01,67.07,70.32,67.51,69.83,72.05,2.5894,2.5964
3279,104.928,0.784111,0.645442,1.885219,6,FOLLOWING,61.82,68.25,69.73,62.75,60.58,70.08,68.4,69.52,2.5655,2.5726
3280,104.96,0.783572,0.647094,1.887695,6,FOLLOWING,62.66,69.31,68.22,68.28,67.74,65.09,66.89,68.97,2.5502,2.5384
3281,104.992,0.783072,0.648624,1.885219,6,FOLLOWING,67.79,69.27,69.4,65.59,68.41,63.63,68.46,69.31,2.5178,2.5248
3282,105.024,0.782555,0.650216,1.885219,6,FOLLOWING,73.92,65.7,60.64,72.31,66.36,65.37,73.08,63.3,2.4939,2.501
3283,105.056,0.782037,0.651807,1.885219,6,FOLLOWING,69.5,70.66,71.99,66.5,67.43,65.21,65.36,67.69,2.4699,2.4772
3284,105.088,0.781538,0.653337,1.887695,6,FOLLOWING,64.43,69.36,71.94,71.96,62.1,65.41,63.53,71.5,2.4564,2.4448
3285,105.12,0.781038,0.654867,1.885219,6,FOLLOWING,62.05,67.45,62.14,70.47,65.56,67.4,68.89,65.42,2.424,2.4312
3286,105.152,0.78056,0.656336,1.885219,6,FOLLOWING,67.12,61.15,63.97,69.14,66.37,69.75,70.89,64.7,2.4019,2.4093
3287,105.184,0.780061,0.657866,1.887695,6,FOLLOWING,67.65,69.13,64.14,64.24,64.18,70.5,71.52,67.91,2.3884,2.3769
3288,105.216,0.779579,0.659334,1.887695,6,FOLLOWING,68.28,74.54,66.9,55.11,67.57,70.72,68.56,72.53,2.3665,2.3547
3289,105.248,0.77908,0.660863,1.885219,6,FOLLOWING,68.66,62.85,66.82,65.56,68.99,66.83,63.34,68.81,2.3341,2.3412
3290,105.28,0.77862,0.662271,1.887695,6,FOLLOWING,61.28,68.62,64.78,64.65,66.06,66.8,63.46,73.54,2.3224,2.3106
3291,105.312,0.778139,0.663739,1.887695,6,FOLLOWING,63.55,67.95,68.69,70.01,66.82,69.57,69.77,69.9,2.3005,2.2885
3292,105.344,0.777679,0.665146,1.885219,6,FOLLOWING,64.87,64.22,65.79,65.73,72.32,69.6,68.11,74.58,2.27,2.2767
3293,105.376,0.777201,0.666615,1.885219,6,FOLLOWING,68.16,69.65,68.89,65.32,74.8,71.03,63.0,67.91,2.2479,2.2548
3294,105.408,0.776763,0.667962,1.885219,6,FOLLOWING,63.47,67.61,66.35,64.58,61.12,64.54,68.86,63.76,2.2276,2.2346
3295,105.44,0.776304,0.669369,1.887695,6,FOLLOWING,65.34,68.76,69.93,72.33,64.11,71.79,70.93,68.88,2.2159,2.2041
3296,105.472,0.775844,0.670777,1.885219,6,FOLLOWING,69.26,64.69,66.4,63.79,63.6,63.02,66.49,64.75,2.1854,2.1923
3297,105.504,0.775406,0.672123,1.885219,6,FOLLOWING,68.48,62.17,68.78,70.39,70.98,67.45,67.04,65.9,2.1652,2.1722
3298,105.536,0.774968,0.67347,1.885219,6,FOLLOWING,64.22,69.64,70.08,71.85,74.41,61.55,78.59,66.99,2.1449,2.152
3299,105.568,0.77453,0.674817,1.885219,6,FOLLOWING,62.93,64.26,66.09,67.01,67.8,66.58,64.8,70.16,2.1246,2.1319
3300,105.6,0.774092,0.676163,1.885219,6,FOLLOWING,73.3,70.23,67.94,69.29,72.32,66.13,67.04,65.24,2.1043,2.1118
3301,105.632,0.773672,0.677448,1.887695,6,FOLLOWING,64.54,65.02,70.0,68.07,71.13,69.09,64.82,71.95,2.0945,2.083
3302,105.664,0.773253,0.678733,1.885219,6,FOLLOWING,71.98,71.63,66.68,62.79,69.51,67.75,69.39,66.79,2.0658,2.0732
3303,105.696,0.772833,0.680018,1.887695,6,FOLLOWING,65.61,71.79,61.18,64.61,67.05,70.4,64.82,62.07,2.056,2.0444
3304,105.728,0.772413,0.681303,1.885219,6,FOLLOWING,63.88,66.13,67.1,64.79,64.09,62.54,65.87,64.81,2.0273,2.0346
3305,105.76,0.771994,0.682588,1.887695,6,FOLLOWING,63.56,70.79,67.95,69.46,72.89,67.52,66.87,61.37,2.0174,2.0058
3306,105.792,0.771593,0.683812,1.887695,6,FOLLOWING,63.2,65.28,69.42,71.4,67.73,70.27,69.42,69.96,1.9992,1.9874
3307,105.824,0.771173,0.685097,1.885219,6,FOLLOWING,62.6,61.93,67.32,66.37,70.29,69.76,63.9,61.79,1.9705,1.9775
3308,105.856,0.770775,0.686321,1.885219,6,FOLLOWING,68.45,67.1,64.51,65.5,59.12,68.7,69.21,69.09,1.9521,1.9592
3309,105.888,0.770377,0.687545,1.885219,6,FOLLOWING,71.59,64.43,66.39,70.24,68.84,72.72,71.72,68.92,1.9336,1.9409
3310,105.92,0.769979,0.68877,1.885219,6,FOLLOWING,67.18,64.19,68.09,67.64,66.02,69.16,61.64,71.68,1.9152,1.9226
3311,105.952,0.769599,0.689932,1.887695,6,FOLLOWING,71.89,67.24,64.67,68.63,68.76,61.34,64.53,64.87,1.9072,1.8957
3312,105.984,0.769219,0.691095,1.885219,6,FOLLOWING,72.22,63.01,69.51,64.88,60.72,67.7,69.9,67.06,1.8803,1.8876
3313,106.016,0.768821,0.692319,1.885219,6,FOLLOWING,67.91,67.18,64.85,70.01,65.12,66.47,64.82,62.08,1.8619,1.8693
3314,106.048,0.768441,0.693482,1.887695,6,FOLLOWING,73.6,70.64,67.39,65.46,65.19,65.92,74.67,69.38,1.8539,1.8425
3315,106.08,0.76808,0.694583,1.887695,6,FOLLOWING,74.33,62.6,65.18,63.63,61.77,62.33,69.99,67.89,1.8375,1.8258
3316,106.112,0.767701,0.695745,1.885219,6,FOLLOWING,71.08,68.62,70.05,68.87,68.17,61.47,67.5,64.08,1.8106,1.8178
3317,106.144,0.767342,0.696847,1.885219,6,FOLLOWING,63.85,67.38,67.29,62.94,67.55,74.9,69.45,72.29,1.794,1.8013
3318,106.176,0.766963,0.69801,1.887695,6,FOLLOWING,64.31,68.74,65.75,64.72,70.23,69.66,71.47,66.44,1.786,1.7744
3319,106.208,0.766602,0.699111,1.887695,6,FOLLOWING,64.61,67.74,68.23,62.4,68.77,62.03,64.74,64.99,1.7696,1.7578
3320,106.24,0.76624,0.700212,1.887695,6,FOLLOWING,65.88,65.79,63.45,67.39,63.62,63.41,68.56,73.92,1.7532,1.7411
3321,106.272,0.765879,0.701313,1.887695,6,FOLLOWING,71.41,60.57,66.69,63.92,67.94,66.15,61.12,62.63,1.7368,1.7244
3322,106.304,0.76554,0.702353,1.885219,6,FOLLOWING,64.55,68.2,71.2,69.85,64.74,65.59,69.27,66.15,1.7118,1.7182
3323,106.336,0.765181,0.703455,1.885219,6,FOLLOWING,74.55,64.86,67.37,62.12,66.86,70.67,66.62,63.83,1.6952,1.7017
3324,106.368,0.764842,0.704495,1.887695,6,FOLLOWING,64.33,68.06,67.16,64.95,67.48,64.95,63.79,69.0,1.689,1.6767
3325,106.4,0.764502,0.705535,1.885219,6,FOLLOWING,67.56,64.19,66.83,68.51,59.44,77.69,69.31,65.27,1.664,1.6705
3326,106.432,0.764144,0.706637,1.885219,6,FOLLOWING,69.22,64.97,65.83,66.96,68.61,67.98,64.95,63.75,1.6474,1.654
3327,106.464,0.763825,0.707616,1.885219,6,FOLLOWING,65.58,67.56,68.27,65.19,69.39,69.08,65.55,65.94,1.6327,1.6394
3328,106.496,0.763485,0.708657,1.887695,6,FOLLOWING,68.76,64.18,68.3,74.03,67.49,61.94,68.9,72.78,1.6265,1.6143
3329,106.528,0.763146,0.709697,1.885219,6,FOLLOWING,69.47,68.17,70.68,65.94,62.59,65.77,68.03,69.69,1.6015,1.6081
3330,106.56,0.762827,0.710676,1.885219,6,FOLLOWING,64.59,71.53,63.55,64.94,71.15,69.86,62.12,66.56,1.5867,1.5935
3331,106.592,0.762509,0.711656,1.885219,6,FOLLOWING,65.55,58.66,67.89,67.77,69.7,74.05,70.42,72.85,1.572,1.5789
3332,106.624,0.76219,0.712635,1.885219,7,GOAL_REACHED,70.88,63.45,69.81,67.39,68.74,61.87,71.53,64.76,0.0,0.0
