step,time,sensor_raw_FL,sensor_raw_FR,raw_frontal,front_dist,side_danger,filtered_frontal,kalman_estimate,raw_left,raw_right,sensor_raw_L,sensor_raw_R,encoder_L,encoder_R,delta_s,kalman_gain,action
1,0.032,68.318359,63.661986,0.3,0.3,0.3,0.3,0.3,0.3,0.3,63.764687,69.729024,0.0,0.0,0.0,0.95283,FORWARD
2,0.064,69.983902,61.333959,0.3,0.299641,0.3,0.3,0.299641,0.3,0.3,71.485571,66.768527,0.03768,0.03768,0.000772,0.535495,FORWARD
3,0.096,70.272842,67.792124,0.3,0.299348,0.3,0.3,0.299348,0.3,0.3,71.729115,68.714712,0.07536,0.07536,0.000772,0.423796,FORWARD
4,0.128,67.06843,65.123234,0.3,0.299123,0.3,0.3,0.299123,0.3,0.3,69.96828,70.236257,0.11304,0.11304,0.000772,0.384159,FORWARD
5,0.16,66.817198,69.651024,0.3,0.298959,0.3,0.3,0.298959,0.3,0.3,62.721456,66.597163,0.15072,0.15072,0.000772,0.36875,FORWARD
6,0.192,65.04792,67.915157,0.3,0.298762,0.3,0.3,0.298762,0.3,0.3,65.80231,69.7463,0.19468,0.19468,0.000901,0.36255,FORWARD
7,0.224,67.428962,62.822918,0.3,0.298713,0.3,0.3,0.298713,0.3,0.3,64.971594,67.041813,0.23236,0.23236,0.000772,0.36002,FORWARD
8,0.256,70.805016,64.47865,0.3,0.29868,0.3,0.3,0.29868,0.3,0.3,68.080248,63.386777,0.27004,0.27004,0.000772,0.358983,FORWARD
9,0.288,66.480599,72.760208,0.06849,0.06849,0.3,0.230547,0.06849,0.3,0.3,63.731154,68.852901,0.30772,0.30772,0.000772,0.358556,FORWARD
10,0.32,64.940512,66.532711,0.3,0.3,0.06793,0.251383,0.3,0.06793,0.3,74.827764,64.206464,0.3454,0.3454,0.000772,0.545455,FORWARD
11,0.352,68.630137,66.837673,0.3,0.299649,0.3,0.265968,0.299649,0.3,0.3,57.399075,60.777962,0.42076,0.3454,0.000772,0.545455,FORWARD
12,0.384,59.886809,58.895127,0.3,0.299356,0.3,0.276178,0.299356,0.3,0.3,71.098193,69.270017,0.45844,0.38308,0.000772,0.427083,FORWARD
13,0.416,65.890486,67.055789,0.3,0.29913,0.068491,0.283324,0.29913,0.3,0.068491,71.894322,72.758449,0.49612,0.42076,0.000772,0.385403,FORWARD
14,0.448,64.992305,61.553297,0.3,0.298964,0.3,0.288327,0.298964,0.3,0.3,67.553042,67.641443,0.49612,0.49612,0.000772,0.369246,FORWARD
15,0.48,66.325993,71.162124,0.3,0.298765,0.3,0.291829,0.298765,0.3,0.3,67.126739,66.82733,0.54008,0.54008,0.000901,0.362751,FORWARD
16,0.512,72.53495,65.573679,0.068552,0.068552,0.3,0.224846,0.068552,0.3,0.3,64.85076,54.667887,0.57776,0.57776,0.000772,0.360103,FORWARD
17,0.544,69.833127,70.142569,0.3,0.3,0.3,0.247392,0.3,0.3,0.3,61.353531,69.067128,0.61544,0.61544,0.000772,0.545455,FORWARD
18,0.576,68.788204,65.333833,0.3,0.299649,0.3,0.263174,0.299649,0.3,0.3,71.60148,64.64162,0.65312,0.65312,0.000772,0.545455,FORWARD
19,0.608,68.456869,63.284388,0.3,0.299356,0.068122,0.274222,0.299356,0.068122,0.3,74.120345,63.42267,0.6908,0.6908,0.000772,0.427083,FORWARD
20,0.64,63.746205,66.614641,0.3,0.29913,0.3,0.281955,0.29913,0.3,0.3,68.146408,70.782245,0.76616,0.6908,0.000772,0.385403,FORWARD
21,0.672,65.876335,68.097866,0.3,0.298964,0.3,0.287369,0.298964,0.3,0.3,69.679553,69.419404,0.80384,0.72848,0.000772,0.369246,FORWARD
22,0.704,66.564172,73.487176,0.068293,0.068293,0.3,0.221646,0.068293,0.3,0.3,66.451673,65.622166,0.84152,0.76616,0.000772,0.362751,FORWARD
23,0.736,64.816288,68.155008,0.3,0.3,0.3,0.245152,0.3,0.3,0.3,60.338753,66.609739,0.8792,0.81012,0.000837,0.545455,FORWARD
24,0.768,73.454218,67.734755,0.068302,0.068302,0.3,0.192097,0.068302,0.3,0.3,67.112976,66.995902,0.92316,0.8478,0.000837,0.545455,FORWARD
25,0.8,61.459625,66.618849,0.3,0.3,0.3,0.224468,0.3,0.3,0.3,62.182255,68.679191,0.96084,0.88548,0.000772,0.545455,FORWARD
26,0.832,68.489162,67.878855,0.3,0.299649,0.068599,0.247128,0.299649,0.3,0.068599,67.577608,72.358059,0.99852,0.92316,0.000772,0.545455,FORWARD
27,0.864,71.236768,69.808916,0.3,0.299356,0.3,0.262989,0.299356,0.3,0.3,66.023564,65.166005,0.99852,0.99852,0.000772,0.427083,FORWARD
28,0.896,69.763292,65.370895,0.3,0.29913,0.3,0.274093,0.29913,0.3,0.3,70.733636,70.966657,1.0362,1.0362,0.000772,0.385403,FORWARD
29,0.928,62.069466,67.510361,0.3,0.298964,0.3,0.281865,0.298964,0.3,0.3,69.295329,67.672979,1.07388,1.07388,0.000772,0.369246,FORWARD
30,0.96,65.361608,66.307088,0.3,0.298847,0.3,0.287305,0.298847,0.3,0.3,71.319652,68.284408,1.11156,1.11156,0.000772,0.362751,FORWARD
31,0.992,63.063389,72.055708,0.3,0.298768,0.068248,0.291114,0.298768,0.3,0.068248,67.124517,73.656697,1.14924,1.14924,0.000772,0.360103,FORWARD
32,1.024,63.583875,63.234791,0.3,0.298674,0.3,0.29378,0.298674,0.3,0.3,67.628645,62.727858,1.15552,1.2246,0.000837,0.359017,FORWARD
33,1.056,67.375872,61.209735,0.3,0.298613,0.3,0.295646,0.298613,0.3,0.3,69.334036,66.108018,1.1932,1.26856,0.000837,0.35857,FORWARD
34,1.088,67.347199,65.987251,0.3,0.298614,0.3,0.296952,0.298614,0.3,0.3,70.837718,69.811617,1.23088,1.30624,0.000772,0.358386,FORWARD
35,1.12,62.777097,62.099805,0.3,0.298615,0.3,0.297866,0.298615,0.3,0.3,63.978574,67.029024,1.26856,1.34392,0.000772,0.358311,FORWARD
36,1.152,67.006083,67.213386,0.3,0.298616,0.3,0.298506,0.298616,0.3,0.3,67.904018,69.308112,1.30624,1.3816,0.000772,0.358279,FORWARD
37,1.184,68.932665,67.685603,0.3,0.298616,0.3,0.298955,0.298616,0.3,0.3,67.935514,68.845689,1.34392,1.41928,0.000772,0.358267,FORWARD
38,1.216,64.656182,60.304237,0.3,0.298616,0.3,0.299268,0.298616,0.3,0.3,66.108706,66.030061,1.3816,1.45696,0.000772,0.358261,FORWARD
39,1.248,69.244336,63.675263,0.3,0.298616,0.3,0.299488,0.298616,0.3,0.3,65.770562,66.652559,1.41928,1.49464,0.000772,0.358259,FORWARD
40,1.28,70.417595,65.756289,0.3,0.298575,0.3,0.299641,0.298575,0.3,0.3,66.859843,69.959466,1.46324,1.53232,0.000837,0.358258,FORWARD
41,1.312,62.224248,67.986439,0.3,0.29859,0.068563,0.299749,0.29859,0.3,0.068563,62.879302,72.492503,1.50092,1.57,0.000772,0.358258,FORWARD
42,1.344,65.157181,69.926974,0.3,0.298599,0.3,0.299824,0.298599,0.3,0.3,64.403444,57.993363,1.50092,1.64536,0.000772,0.358258,FORWARD
43,1.376,67.166664,67.521682,0.3,0.298564,0.3,0.299877,0.298564,0.3,0.3,68.002107,63.621736,1.5386,1.68932,0.000837,0.358258,FORWARD
44,1.408,68.80619,66.719341,0.3,0.298583,0.3,0.299914,0.298583,0.3,0.3,65.89951,66.480741,1.57628,1.727,0.000772,0.358258,FORWARD
45,1.44,67.761507,63.59491,0.3,0.298595,0.3,0.29994,0.298595,0.3,0.3,62.484808,70.764337,1.61396,1.76468,0.000772,0.358258,FORWARD
46,1.472,71.371698,65.90612,0.3,0.298603,0.3,0.299958,0.298603,0.3,0.3,66.85698,70.073033,1.65164,1.80236,0.000772,0.358258,FORWARD
47,1.504,68.835176,70.302933,0.3,0.298607,0.3,0.29997,0.298607,0.3,0.3,72.245334,68.109684,1.68932,1.84004,0.000772,0.358258,FORWARD
48,1.536,59.779855,67.591865,0.3,0.298569,0.3,0.299979,0.298569,0.3,0.3,63.189593,63.788346,1.73328,1.87772,0.000837,0.358258,FORWARD
49,1.568,73.180014,61.139923,0.068377,0.068377,0.3,0.230499,0.068377,0.3,0.3,66.468208,71.626852,1.77096,1.9154,0.000772,0.358258,FORWARD
50,1.6,67.006924,66.328794,0.3,0.3,0.3,0.251349,0.3,0.3,0.3,71.640572,64.542007,1.80864,1.95308,0.000772,0.545455,FORWARD
51,1.632,64.930632,61.604554,0.3,0.299649,0.3,0.265944,0.299649,0.3,0.3,70.115425,66.830392,1.84632,1.99076,0.000772,0.545455,FORWARD
52,1.664,71.000529,64.934738,0.3,0.299319,0.3,0.276161,0.299319,0.3,0.3,67.279776,69.848913,1.884,2.03472,0.000837,0.427083,FORWARD
53,1.696,66.132989,71.00233,0.3,0.299107,0.3,0.283313,0.299107,0.3,0.3,69.049237,66.975326,1.92168,2.0724,0.000772,0.385403,FORWARD
54,1.728,64.194431,65.181475,0.3,0.29895,0.3,0.288319,0.29895,0.3,0.3,64.518135,68.786007,1.95936,2.11008,0.000772,0.369246,FORWARD
55,1.76,67.379419,66.048914,0.3,0.298838,0.3,0.291823,0.298838,0.3,0.3,64.084735,69.520039,1.99704,2.14776,0.000772,0.362751,FORWARD
56,1.792,61.029286,66.587055,0.3,0.298762,0.3,0.294276,0.298762,0.3,0.3,68.434772,64.001724,2.03472,2.18544,0.000772,0.360103,FORWARD
57,1.824,64.825852,68.194469,0.3,0.29867,0.3,0.295993,0.29867,0.3,0.3,64.705791,62.738521,2.07868,2.22312,0.000837,0.359017,FORWARD
58,1.856,77.66088,66.596286,0.067162,0.067162,0.068598,0.227344,0.067162,0.068598,0.3,72.365209,69.330009,2.11636,2.2608,0.000772,0.35857,FORWARD
59,1.888,73.282012,67.38995,0.068349,0.067459,0.3,0.179646,0.067459,0.3,0.3,68.03143,69.145944,2.19172,2.2608,0.000772,0.545455,FORWARD
60,1.92,71.829527,66.296809,0.3,0.3,0.067867,0.215752,0.3,0.3,0.067867,72.142258,75.059634,2.2294,2.30476,0.000837,0.427083,FORWARD
61,1.952,69.474352,70.058871,0.3,0.299649,0.3,0.241026,0.299649,0.3,0.3,68.106233,68.459386,2.2294,2.38012,0.000772,0.545455,FORWARD
62,1.984,67.686948,64.816531,0.3,0.299356,0.3,0.258718,0.299356,0.3,0.3,67.633864,65.849425,2.26708,2.4178,0.000772,0.427083,FORWARD
63,2.016,69.80365,68.265666,0.3,0.29913,0.3,0.271103,0.29913,0.3,0.3,64.979947,63.977091,2.30476,2.45548,0.000772,0.385403,FORWARD
64,2.048,71.619772,68.532924,0.3,0.298964,0.3,0.279772,0.298964,0.3,0.3,65.409605,60.443836,2.34244,2.49316,0.000772,0.369246,FORWARD
65,2.08,67.671375,61.083041,0.3,0.298847,0.3,0.28584,0.298847,0.3,0.3,68.834501,64.815663,2.38012,2.53084,0.000772,0.362751,FORWARD
66,2.112,62.704265,70.514008,0.3,0.298727,0.3,0.290088,0.298727,0.3,0.3,71.233154,70.533057,2.42408,2.56852,0.000837,0.360103,FORWARD
67,2.144,65.634338,67.842756,0.3,0.298689,0.3,0.293062,0.298689,0.3,0.3,66.535231,64.962066,2.46176,2.6062,0.000772,0.359017,FORWARD
68,2.176,70.896381,66.259123,0.3,0.298664,0.3,0.295143,0.298664,0.3,0.3,67.487815,65.146568,2.49944,2.64388,0.000772,0.35857,FORWARD
69,2.208,69.181799,66.705232,0.3,0.298606,0.3,0.2966,0.298606,0.3,0.3,68.45714,69.578608,2.53712,2.68784,0.000837,0.358386,FORWARD
70,2.24,68.106504,72.072283,0.3,0.29861,0.3,0.29762,0.29861,0.3,0.3,70.212409,63.886536,2.5748,2.72552,0.000772,0.358311,FORWARD
71,2.272,70.751429,63.930308,0.3,0.298612,0.3,0.298334,0.298612,0.3,0.3,65.588892,67.546074,2.61248,2.7632,0.000772,0.358279,FORWARD
72,2.304,72.795158,65.115306,0.068481,0.068481,0.3,0.229378,0.068481,0.3,0.3,71.66892,57.556797,2.65016,2.80088,0.000772,0.358267,FORWARD
73,2.336,70.443736,68.883635,0.3,0.3,0.3,0.250565,0.3,0.3,0.3,59.917594,67.968228,2.68784,2.83856,0.000772,0.545455,FORWARD
74,2.368,62.97697,67.74248,0.3,0.29962,0.3,0.265395,0.29962,0.3,0.3,71.867148,61.935876,2.7318,2.87624,0.000837,0.545455,FORWARD
75,2.4,66.577418,64.864895,0.3,0.29934,0.068334,0.275777,0.29934,0.068334,0.3,73.337856,64.378868,2.76948,2.91392,0.000772,0.427083,FORWARD
76,2.432,68.417745,71.628806,0.3,0.299119,0.3,0.283044,0.299119,0.3,0.3,69.730953,62.838438,2.84484,2.91392,0.000772,0.385403,FORWARD
77,2.464,65.251751,69.434213,0.3,0.298917,0.3,0.288131,0.298917,0.3,0.3,62.058566,64.21992,2.88252,2.95788,0.000837,0.369246,FORWARD
78,2.496,67.714044,67.809035,0.3,0.298817,0.067724,0.291691,0.298817,0.3,0.067724,68.682282,75.588827,2.9202,2.99556,0.000772,0.362751,FORWARD
79,2.528,62.68107,67.131369,0.3,0.298749,0.3,0.294184,0.298749,0.3,0.3,64.698055,69.089518,2.9202,3.07092,0.000772,0.360103,FORWARD
80,2.56,67.768055,69.468244,0.3,0.298703,0.067753,0.295929,0.298703,0.067753,0.3,75.482485,62.994765,2.95788,3.1086,0.000772,0.359017,FORWARD
81,2.592,69.194995,60.621618,0.3,0.298673,0.3,0.29715,0.298673,0.3,0.3,59.569402,66.946801,3.03324,3.1086,0.000772,0.35857,FORWARD
82,2.624,61.117945,62.027082,0.3,0.298653,0.067602,0.298005,0.298653,0.3,0.067602,69.948633,76.039386,3.07092,3.14628,0.000772,0.358386,FORWARD
83,2.656,72.694038,64.77211,0.068508,0.068508,0.3,0.229156,0.068508,0.3,0.3,69.660564,65.539979,3.07092,3.22164,0.000772,0.358311,FORWARD
84,2.688,66.511695,66.171119,0.3,0.3,0.3,0.250409,0.3,0.3,0.3,69.991558,64.482906,3.11488,3.25932,0.000837,0.545455,FORWARD
85,2.72,67.348084,70.291196,0.3,0.299649,0.3,0.265286,0.299649,0.3,0.3,69.933162,68.808993,3.15256,3.297,0.000772,0.545455,FORWARD
86,2.752,68.579758,67.286773,0.3,0.299356,0.3,0.275701,0.299356,0.3,0.3,67.057596,69.73584,3.19024,3.33468,0.000772,0.427083,FORWARD
87,2.784,67.944182,65.150524,0.3,0.29909,0.3,0.28299,0.29909,0.3,0.3,66.789433,66.653246,3.22792,3.37864,0.000837,0.385403,FORWARD
88,2.816,70.820667,62.091918,0.3,0.298939,0.3,0.288093,0.298939,0.3,0.3,70.270211,69.940498,3.2656,3.41632,0.000772,0.369246,FORWARD
89,2.848,63.262867,68.345209,0.3,0.298832,0.3,0.291665,0.298832,0.3,0.3,58.753933,68.662879,3.30328,3.454,0.000772,0.362751,FORWARD
90,2.88,67.052048,65.327104,0.3,0.298758,0.3,0.294166,0.298758,0.3,0.3,70.216377,56.089504,3.34096,3.49168,0.000772,0.360103,FORWARD
91,2.912,67.247345,68.63351,0.3,0.298709,0.3,0.295916,0.298709,0.3,0.3,67.799226,66.801576,3.37864,3.52936,0.000772,0.359017,FORWARD
92,2.944,66.734421,67.175638,0.3,0.298635,0.3,0.297141,0.298635,0.3,0.3,71.657183,66.707822,3.4226,3.56704,0.000837,0.35857,FORWARD
93,2.976,62.233255,65.136571,0.3,0.298629,0.3,0.297999,0.298629,0.3,0.3,67.189214,68.089603,3.46028,3.60472,0.000772,0.358386,FORWARD
94,3.008,64.69403,69.189399,0.3,0.298624,0.3,0.298599,0.298624,0.3,0.3,63.703117,66.590634,3.49796,3.6424,0.000772,0.358311,FORWARD
95,3.04,69.815827,62.489915,0.3,0.298622,0.3,0.299019,0.298622,0.3,0.3,69.411743,67.820436,3.53564,3.68008,0.000772,0.358279,FORWARD
96,3.072,66.946751,67.183943,0.3,0.298578,0.3,0.299314,0.298578,0.3,0.3,70.816747,63.899993,3.57332,3.72404,0.000837,0.358267,FORWARD
97,3.104,70.959863,65.994481,0.3,0.298592,0.3,0.29952,0.298592,0.3,0.3,64.689137,60.023757,3.611,3.76172,0.000772,0.358261,FORWARD
98,3.136,70.223485,69.348149,0.3,0.298601,0.068467,0.299664,0.298601,0.068467,0.3,72.847527,68.810138,3.64868,3.7994,0.000772,0.358259,FORWARD
99,3.168,65.343086,67.609713,0.3,0.298606,0.067605,0.299765,0.298606,0.067605,0.3,76.028798,68.886037,3.72404,3.7994,0.000772,0.358258,FORWARD
100,3.2,66.005931,64.834744,0.3,0.29861,0.3,0.299835,0.29861,0.3,0.3,67.938026,64.032717,3.7994,3.7994,0.000772,0.358258,FORWARD
101,3.232,68.310217,71.374353,0.3,0.298612,0.3,0.299885,0.298612,0.3,0.3,64.842239,70.461453,3.83708,3.83708,0.000772,0.358258,FORWARD
102,3.264,65.078577,72.374997,0.068595,0.068595,0.068372,0.230498,0.068595,0.068372,0.3,73.195686,69.040449,3.87476,3.87476,0.000772,0.358258,FORWARD
103,3.296,70.570902,61.153708,0.3,0.3,0.3,0.251348,0.3,0.3,0.3,67.078442,70.029148,3.95012,3.88104,0.000837,0.545455,FORWARD
104,3.328,63.081826,68.867419,0.3,0.29962,0.3,0.265944,0.29962,0.3,0.3,71.138097,71.640964,3.99408,3.91872,0.000837,0.545455,FORWARD
105,3.36,56.296037,70.206267,0.3,0.29934,0.3,0.276161,0.29934,0.3,0.3,61.744751,69.221785,4.03176,3.9564,0.000772,0.427083,FORWARD
106,3.392,67.108873,67.022193,0.3,0.299119,0.067817,0.283312,0.299119,0.067817,0.3,75.246429,70.656474,4.06944,3.99408,0.000772,0.385403,FORWARD
107,3.424,63.568399,69.136638,0.3,0.298957,0.3,0.288319,0.298957,0.3,0.3,67.889222,67.938944,4.1448,3.99408,0.000772,0.369246,FORWARD
108,3.456,71.515329,65.903795,0.3,0.298843,0.3,0.291823,0.298843,0.3,0.3,64.427131,68.118273,4.18248,4.03176,0.000772,0.362751,FORWARD
109,3.488,66.0786,60.904617,0.3,0.298766,0.3,0.294276,0.298766,0.3,0.3,64.310332,62.424796,4.22016,4.06944,0.000772,0.360103,FORWARD
110,3.52,67.036078,69.540901,0.3,0.298672,0.3,0.295993,0.298672,0.3,0.3,67.878479,63.223806,4.25784,4.1134,0.000837,0.359017,FORWARD
111,3.552,70.081857,72.452595,0.068574,0.068574,0.3,0.227767,0.068574,0.3,0.3,69.88474,63.653754,4.29552,4.15108,0.000772,0.35857,FORWARD
112,3.584,62.884865,70.581278,0.3,0.3,0.3,0.249437,0.3,0.3,0.3,71.312994,67.11296,4.3332,4.18876,0.000772,0.545455,FORWARD
113,3.616,80.231263,68.735906,0.066466,0.066466,0.3,0.194546,0.066466,0.3,0.3,63.954831,70.75931,4.37716,4.22644,0.000837,0.545455,FORWARD
114,3.648,65.572906,66.263851,0.3,0.3,0.3,0.226182,0.3,0.3,0.3,67.711283,66.323776,4.41484,4.26412,0.000772,0.545455,FORWARD
115,3.68,69.602008,60.291081,0.3,0.299649,0.3,0.248327,0.299649,0.3,0.3,66.924863,65.242624,4.45252,4.3018,0.000772,0.545455,FORWARD
116,3.712,66.630592,66.797349,0.3,0.299356,0.3,0.263829,0.299356,0.3,0.3,65.732432,66.317802,4.4902,4.33948,0.000772,0.427083,FORWARD
117,3.744,69.029483,75.427972,0.067767,0.067767,0.3,0.205011,0.067767,0.3,0.3,62.293776,70.947995,4.52788,4.37716,0.000772,0.385403,FORWARD
118,3.776,71.961178,71.592885,0.3,0.3,0.068583,0.233507,0.3,0.3,0.068583,70.564307,72.418735,4.56556,4.41484,0.000772,0.545455,FORWARD
119,3.808,65.528635,60.268952,0.3,0.299649,0.3,0.253455,0.299649,0.3,0.3,68.204735,64.940765,4.56556,4.4902,0.000772,0.545455,FORWARD
120,3.84,71.336923,64.644785,0.3,0.299319,0.3,0.267419,0.299319,0.3,0.3,66.015691,65.987684,4.60324,4.53416,0.000837,0.427083,FORWARD
121,3.872,64.999796,61.885832,0.3,0.299067,0.3,0.277193,0.299067,0.3,0.3,66.737778,66.830074,4.6472,4.57184,0.000837,0.385403,FORWARD
122,3.904,74.617327,68.358355,0.067987,0.067987,0.3,0.214431,0.067987,0.3,0.3,66.424424,67.773168,4.68488,4.60952,0.000772,0.369246,FORWARD
123,3.936,72.983748,70.766018,0.06843,0.067878,0.3,0.170631,0.067878,0.3,0.3,66.752802,61.350847,4.72256,4.6472,0.000772,0.545455,FORWARD
124,3.968,72.23577,70.875981,0.3,0.3,0.068368,0.209442,0.3,0.068368,0.3,73.213151,72.270526,4.76024,4.68488,0.000772,0.427083,FORWARD
125,4.0,64.867244,60.780977,0.3,0.299649,0.068364,0.236609,0.299649,0.068364,0.3,73.227501,61.833702,4.8356,4.68488,0.000772,0.545455,FORWARD
126,4.032,69.710006,65.077854,0.3,0.299356,0.3,0.255626,0.299356,0.3,0.3,65.117688,62.366135,4.91096,4.68488,0.000772,0.427083,FORWARD
127,4.064,66.489142,67.379608,0.3,0.29909,0.3,0.268938,0.29909,0.3,0.3,67.359157,65.39611,4.94864,4.72884,0.000837,0.385403,FORWARD
128,4.096,60.854482,66.94879,0.3,0.298939,0.3,0.278257,0.298939,0.3,0.3,60.769127,65.393366,4.98632,4.76652,0.000772,0.369246,FORWARD
129,4.128,72.253771,66.703247,0.3,0.298832,0.3,0.28478,0.298832,0.3,0.3,70.145342,69.027887,5.024,4.8042,0.000772,0.362751,FORWARD
130,4.16,69.964204,68.891099,0.3,0.298758,0.3,0.289346,0.298758,0.3,0.3,69.367314,68.21567,5.06168,4.84188,0.000772,0.360103,FORWARD
131,4.192,61.674487,67.837627,0.3,0.298709,0.3,0.292542,0.298709,0.3,0.3,66.079474,71.771573,5.09936,4.87956,0.000772,0.359017,FORWARD
132,4.224,68.180432,69.811594,0.3,0.298635,0.3,0.294779,0.298635,0.3,0.3,70.932311,69.197585,5.14332,4.91724,0.000837,0.35857,FORWARD
133,4.256,66.696729,70.507659,0.3,0.298629,0.3,0.296346,0.298629,0.3,0.3,71.640982,68.970586,5.181,4.95492,0.000772,0.358386,FORWARD
134,4.288,75.631238,68.180579,0.067712,0.067712,0.3,0.227756,0.067712,0.3,0.3,66.527957,63.601894,5.21868,4.9926,0.000772,0.358311,FORWARD
135,4.32,69.442933,66.086021,0.3,0.3,0.3,0.249429,0.3,0.3,0.3,69.947884,65.962228,5.25636,5.03028,0.000772,0.545455,FORWARD
136,4.352,66.799467,64.82911,0.3,0.29962,0.3,0.2646,0.29962,0.3,0.3,68.073926,64.243936,5.29404,5.07424,0.000837,0.545455,FORWARD
137,4.384,68.496756,66.723916,0.3,0.29934,0.3,0.27522,0.29934,0.3,0.3,71.958555,70.439807,5.33172,5.11192,0.000772,0.427083,FORWARD
138,4.416,70.026942,65.134734,0.3,0.299119,0.3,0.282654,0.299119,0.3,0.3,70.631403,67.955826,5.3694,5.1496,0.000772,0.385403,FORWARD
139,4.448,69.601128,63.345766,0.3,0.298957,0.3,0.287858,0.298957,0.3,0.3,62.423932,67.994234,5.40708,5.18728,0.000772,0.369246,FORWARD
140,4.48,74.717739,61.295695,0.06796,0.06796,0.3,0.221889,0.06796,0.3,0.3,63.583509,65.788814,5.44476,5.22496,0.000772,0.362751,FORWARD
141,4.512,66.089351,60.362915,0.3,0.3,0.3,0.245322,0.3,0.3,0.3,65.433973,68.277756,5.48872,5.26264,0.000837,0.545455,FORWARD
142,4.544,69.104103,68.733133,0.3,0.299649,0.3,0.261725,0.299649,0.3,0.3,66.468989,70.677472,5.5264,5.30032,0.000772,0.545455,FORWARD
143,4.576,67.476093,68.360679,0.3,0.299356,0.068528,0.273208,0.299356,0.068528,0.3,72.621076,66.307676,5.56408,5.338,0.000772,0.427083,FORWARD
144,4.608,71.53001,65.691989,0.3,0.29909,0.3,0.281245,0.29909,0.3,0.3,58.091962,70.656048,5.63944,5.34428,0.000837,0.385403,FORWARD
145,4.64,67.106413,68.72647,0.3,0.298939,0.068331,0.286872,0.298939,0.3,0.068331,71.497104,73.346895,5.67712,5.38196,0.000772,0.369246,FORWARD
146,4.672,62.581231,62.845613,0.3,0.298832,0.3,0.29081,0.298832,0.3,0.3,61.83662,68.474279,5.67712,5.45732,0.000772,0.362751,FORWARD
147,4.704,64.541008,68.561326,0.3,0.298758,0.3,0.293567,0.298758,0.3,0.3,65.859479,58.560043,5.7148,5.495,0.000772,0.360103,FORWARD
148,4.736,71.31186,73.114624,0.068394,0.068394,0.3,0.226015,0.068394,0.3,0.3,64.594864,67.155259,5.75248,5.53268,0.000772,0.359017,FORWARD
149,4.768,67.35062,65.261292,0.3,0.3,0.3,0.248211,0.3,0.3,0.3,63.226679,65.910266,5.79644,5.57036,0.000837,0.545455,FORWARD
150,4.8,68.438757,71.246673,0.3,0.299649,0.068523,0.263748,0.299649,0.068523,0.3,72.638713,68.138273,5.83412,5.60804,0.000772,0.545455,FORWARD
151,4.832,68.199483,64.810134,0.3,0.299356,0.3,0.274623,0.299356,0.3,0.3,64.493241,70.977876,5.90948,5.60804,0.000772,0.427083,FORWARD
152,4.864,64.710681,68.093933,0.3,0.29909,0.3,0.282236,0.29909,0.3,0.3,61.215936,69.905724,5.94716,5.652,0.000837,0.385403,FORWARD
153,4.896,66.693857,69.039153,0.3,0.298939,0.3,0.287565,0.298939,0.3,0.3,63.052291,64.438099,5.98484,5.68968,0.000772,0.369246,FORWARD
154,4.928,65.3088,68.326829,0.3,0.298832,0.3,0.291296,0.298832,0.3,0.3,66.780226,67.515518,6.02252,5.72736,0.000772,0.362751,FORWARD
155,4.96,67.157196,67.771687,0.3,0.298758,0.3,0.293907,0.298758,0.3,0.3,69.20897,64.191353,6.0602,5.76504,0.000772,0.360103,FORWARD
156,4.992,66.16317,65.761968,0.3,0.298709,0.3,0.295735,0.298709,0.3,0.3,67.623147,64.12852,6.09788,5.80272,0.000772,0.359017,FORWARD
157,5.024,64.742473,65.482492,0.3,0.298676,0.3,0.297014,0.298676,0.3,0.3,64.424779,67.128879,6.13556,5.8404,0.000772,0.35857,FORWARD
158,5.056,70.790797,66.086526,0.3,0.298655,0.3,0.29791,0.298655,0.3,0.3,66.416591,70.921131,6.17324,5.87808,0.000772,0.358386,FORWARD
159,5.088,69.149531,70.59869,0.3,0.2986,0.3,0.298537,0.2986,0.3,0.3,66.888773,71.693282,6.2172,5.91576,0.000837,0.358311,FORWARD
160,5.12,65.601372,67.102271,0.3,0.298606,0.3,0.298976,0.298606,0.3,0.3,62.530946,72.152485,6.25488,5.95344,0.000772,0.358279,FORWARD
161,5.152,64.87302,64.230161,0.3,0.298568,0.3,0.299283,0.298568,0.3,0.3,67.529097,60.944838,6.29256,5.9974,0.000837,0.358267,FORWARD
162,5.184,71.11839,64.016749,0.3,0.298586,0.3,0.299498,0.298586,0.3,0.3,68.951452,63.301802,6.33024,6.03508,0.000772,0.358261,FORWARD
163,5.216,65.673486,59.832674,0.3,0.298597,0.3,0.299649,0.298597,0.3,0.3,68.659896,65.215596,6.36792,6.07276,0.000772,0.358259,FORWARD
164,5.248,69.137237,66.472637,0.3,0.298604,0.3,0.299754,0.298604,0.3,0.3,66.073649,67.250676,6.4056,6.11044,0.000772,0.358258,FORWARD
165,5.28,66.503099,65.775504,0.3,0.298608,0.3,0.299828,0.298608,0.3,0.3,71.744548,67.625669,6.44328,6.14812,0.000772,0.358258,FORWARD
166,5.312,71.925904,68.813341,0.3,0.298611,0.3,0.29988,0.298611,0.3,0.3,68.682497,70.095817,6.48096,6.1858,0.000772,0.358258,FORWARD
167,5.344,70.527572,69.290705,0.3,0.298613,0.3,0.299916,0.298613,0.3,0.3,61.106063,67.826402,6.51864,6.22348,0.000772,0.358258,FORWARD
168,5.376,70.303676,61.78794,0.3,0.298573,0.068012,0.299941,0.298573,0.3,0.068012,66.115257,74.525295,6.5626,6.26116,0.000837,0.358258,FORWARD
169,5.408,60.213861,67.935205,0.3,0.298588,0.3,0.299959,0.298588,0.3,0.3,63.895276,63.874942,6.5626,6.33652,0.000772,0.358258,FORWARD
170,5.44,69.748253,67.629094,0.3,0.298598,0.3,0.299971,0.298598,0.3,0.3,66.376282,67.272494,6.60028,6.3742,0.000772,0.358258,FORWARD
171,5.472,68.479885,62.878848,0.3,0.298564,0.3,0.29998,0.298564,0.3,0.3,64.450029,63.762373,6.63796,6.41816,0.000837,0.358258,FORWARD
172,5.504,70.982968,72.432479,0.068579,0.068579,0.3,0.23056,0.068579,0.3,0.3,63.286354,69.209,6.67564,6.45584,0.000772,0.358258,FORWARD
173,5.536,64.807262,63.310357,0.3,0.3,0.3,0.251392,0.3,0.3,0.3,66.382232,62.740252,6.71332,6.49352,0.000772,0.545455,FORWARD
174,5.568,66.829937,66.053018,0.3,0.299649,0.3,0.265974,0.299649,0.3,0.3,66.369277,70.18001,6.751,6.5312,0.000772,0.545455,FORWARD
175,5.6,70.688995,70.492199,0.3,0.299356,0.3,0.276182,0.299356,0.3,0.3,68.672678,66.674966,6.78868,6.56888,0.000772,0.427083,FORWARD
176,5.632,69.848811,68.332912,0.3,0.29909,0.3,0.283327,0.29909,0.3,0.3,70.09762,67.228937,6.83264,6.60656,0.000837,0.385403,FORWARD
177,5.664,66.853727,65.580704,0.3,0.298939,0.3,0.288329,0.298939,0.3,0.3,67.229308,65.832589,6.87032,6.64424,0.000772,0.369246,FORWARD
178,5.696,68.939503,67.554196,0.3,0.298832,0.3,0.29183,0.298832,0.3,0.3,69.959918,62.422318,6.908,6.68192,0.000772,0.362751,FORWARD
179,5.728,67.938903,61.349954,0.3,0.298758,0.068495,0.294281,0.298758,0.3,0.068495,64.659563,72.743036,6.94568,6.7196,0.000772,0.360103,FORWARD
180,5.76,70.253569,66.888479,0.3,0.298668,0.3,0.295997,0.298668,0.3,0.3,59.602147,72.051883,6.94568,6.80124,0.000837,0.359017,FORWARD
181,5.792,66.484543,68.006488,0.3,0.29865,0.3,0.297198,0.29865,0.3,0.3,71.445736,68.510879,6.98336,6.83892,0.000772,0.35857,FORWARD
182,5.824,75.589123,61.054518,0.067724,0.067724,0.3,0.228356,0.067724,0.3,0.3,66.102871,67.214353,7.02104,6.8766,0.000772,0.358386,FORWARD
183,5.856,69.960149,69.595783,0.3,0.3,0.3,0.249849,0.3,0.3,0.3,62.038987,65.322771,7.05872,6.91428,0.000772,0.545455,FORWARD
184,5.888,68.455611,69.91814,0.3,0.29962,0.3,0.264894,0.29962,0.3,0.3,67.468946,64.869736,7.10268,6.95196,0.000837,0.545455,FORWARD
185,5.92,67.963078,64.791789,0.3,0.29934,0.06703,0.275426,0.29934,0.06703,0.068043,78.149733,74.412647,7.14036,6.98964,0.000772,0.427083,FORWARD
186,5.952,68.134871,67.949591,0.3,0.299119,0.3,0.282798,0.299119,0.3,0.3,61.605275,70.837424,7.17804,7.02732,0.000772,0.385403,FORWARD
187,5.984,63.946906,63.608387,0.3,0.298957,0.3,0.287959,0.298957,0.3,0.3,69.436139,65.780101,7.21572,7.065,0.000772,0.369246,FORWARD
188,6.016,64.985534,71.893455,0.3,0.298843,0.3,0.291571,0.298843,0.3,0.3,58.248559,68.118282,7.2534,7.10268,0.000772,0.362751,FORWARD
189,6.048,73.330661,68.327646,0.068336,0.068336,0.3,0.224601,0.068336,0.3,0.3,65.224467,62.002271,7.29108,7.14664,0.000837,0.360103,FORWARD
190,6.08,66.868741,65.657823,0.3,0.3,0.3,0.24722,0.3,0.3,0.3,70.202773,60.774006,7.32876,7.18432,0.000772,0.545455,FORWARD
191,6.112,67.73818,69.041864,0.3,0.299649,0.3,0.263054,0.299649,0.3,0.3,70.232424,66.002176,7.36644,7.222,0.000772,0.545455,FORWARD
192,6.144,68.134645,63.111122,0.3,0.299319,0.068041,0.274138,0.299319,0.3,0.068041,63.104599,74.418741,7.4104,7.25968,0.000837,0.427083,FORWARD
193,6.176,66.86327,67.245905,0.3,0.299107,0.3,0.281897,0.299107,0.3,0.3,62.555126,64.547729,7.4104,7.33504,0.000772,0.385403,FORWARD
194,6.208,65.313575,70.302929,0.3,0.29895,0.068115,0.287328,0.29895,0.3,0.068115,71.567138,74.14684,7.44808,7.37272,0.000772,0.369246,FORWARD
195,6.24,63.067938,68.617692,0.3,0.298838,0.3,0.291129,0.298838,0.3,0.3,68.135709,62.294673,7.44808,7.44808,0.000772,0.362751,FORWARD
196,6.272,65.435366,64.626056,0.3,0.298762,0.3,0.293791,0.298762,0.3,0.3,64.979675,64.586845,7.48576,7.48576,0.000772,0.360103,FORWARD
197,6.304,67.147098,70.936924,0.3,0.298712,0.3,0.295653,0.298712,0.3,0.3,67.523397,68.478065,7.52344,7.52344,0.000772,0.359017,FORWARD
198,6.336,69.459407,64.194804,0.3,0.298678,0.3,0.296957,0.298678,0.3,0.3,69.548081,70.56243,7.56112,7.56112,0.000772,0.35857,FORWARD
199,6.368,67.022786,66.777777,0.3,0.298656,0.3,0.29787,0.298656,0.3,0.3,71.895937,64.428059,7.5988,7.5988,0.000772,0.358386,FORWARD
200,6.4,67.788001,67.946504,0.3,0.298559,0.068519,0.298509,0.298559,0.068519,0.3,72.655742,69.370806,7.64276,7.64276,0.000901,0.358311,FORWARD
201,6.432,58.74969,68.282154,0.3,0.29858,0.3,0.298956,0.29858,0.3,0.3,71.59776,63.82324,7.71812,7.64276,0.000772,0.358279,FORWARD
202,6.464,65.082805,70.313434,0.3,0.298593,0.3,0.299269,0.298593,0.3,0.3,66.97774,63.780549,7.7558,7.68044,0.000772,0.358267,FORWARD
203,6.496,72.093836,73.942333,0.06817,0.06817,0.068504,0.22994,0.06817,0.3,0.068504,71.585863,72.710168,7.79348,7.71812,0.000772,0.358261,FORWARD
204,6.528,64.597246,70.496438,0.3,0.3,0.3,0.250958,0.3,0.3,0.3,66.711825,63.153834,7.79348,7.79348,0.000772,0.545455,FORWARD
205,6.56,69.331765,72.1831,0.3,0.299649,0.3,0.26567,0.299649,0.3,0.3,67.245118,65.427557,7.83116,7.83116,0.000772,0.545455,FORWARD
206,6.592,61.25514,67.656334,0.3,0.299356,0.067908,0.275969,0.299356,0.3,0.067908,62.980244,74.909337,7.86884,7.86884,0.000772,0.427083,FORWARD
207,6.624,65.436518,63.408533,0.3,0.29913,0.3,0.283179,0.29913,0.3,0.3,67.80904,66.348593,7.86884,7.9442,0.000772,0.385403,FORWARD
208,6.656,71.703548,72.376871,0.068594,0.068594,0.3,0.218803,0.068594,0.3,0.3,62.586941,63.910644,7.9128,7.98188,0.000837,0.369246,FORWARD
209,6.688,65.414234,66.276912,0.3,0.3,0.068482,0.243162,0.3,0.3,0.068482,70.021266,72.789724,7.95048,8.01956,0.000772,0.545455,FORWARD
210,6.72,61.189513,64.670792,0.3,0.299649,0.3,0.260214,0.299649,0.3,0.3,59.81347,69.644524,7.95048,8.09492,0.000772,0.545455,FORWARD
211,6.752,69.453279,72.57355,0.068541,0.068541,0.3,0.202712,0.068541,0.3,0.3,69.256753,68.396987,7.98816,8.13888,0.000837,0.427083,FORWARD
212,6.784,68.911054,65.420548,0.3,0.3,0.3,0.231898,0.3,0.3,0.3,60.537119,66.095154,8.02584,8.17656,0.000772,0.545455,FORWARD
213,6.816,64.500755,63.687271,0.3,0.299649,0.3,0.252329,0.299649,0.3,0.3,71.325876,67.143394,8.06352,8.21424,0.000772,0.545455,FORWARD
214,6.848,68.480347,64.68857,0.3,0.299356,0.3,0.26663,0.299356,0.3,0.3,67.449771,64.511668,8.1012,8.25192,0.000772,0.427083,FORWARD
215,6.88,65.474538,71.261875,0.3,0.29913,0.3,0.276641,0.29913,0.3,0.3,67.223369,70.860712,8.13888,8.2896,0.000772,0.385403,FORWARD
216,6.912,66.566175,66.771606,0.3,0.298923,0.3,0.283649,0.298923,0.3,0.3,67.193682,65.421053,8.18284,8.32728,0.000837,0.369246,FORWARD
217,6.944,69.805707,65.735841,0.3,0.298822,0.3,0.288554,0.298822,0.3,0.3,67.484549,63.565724,8.22052,8.36496,0.000772,0.362751,FORWARD
218,6.976,63.592224,66.345501,0.3,0.298752,0.3,0.291988,0.298752,0.3,0.3,63.723859,67.653737,8.2582,8.40264,0.000772,0.360103,FORWARD
219,7.008,73.768085,59.1247,0.068217,0.068217,0.3,0.224857,0.068217,0.3,0.3,68.759205,67.323332,8.29588,8.4466,0.000837,0.359017,FORWARD
220,7.04,68.602137,70.599518,0.3,0.3,0.3,0.2474,0.3,0.3,0.3,61.232531,63.275993,8.33356,8.48428,0.000772,0.545455,FORWARD
221,7.072,66.228669,64.18905,0.3,0.299649,0.3,0.26318,0.299649,0.3,0.3,63.665917,70.59181,8.37124,8.52196,0.000772,0.545455,FORWARD
222,7.104,64.438148,68.610916,0.3,0.299356,0.3,0.274226,0.299356,0.3,0.3,64.880595,63.252472,8.40892,8.55964,0.000772,0.427083,FORWARD
223,7.136,67.443652,74.035039,0.068145,0.068145,0.3,0.212402,0.068145,0.3,0.3,66.555749,65.72478,8.4466,8.59732,0.000772,0.385403,FORWARD
224,7.168,63.236302,67.885521,0.3,0.3,0.3,0.238681,0.3,0.3,0.3,65.691635,60.830436,8.49056,8.635,0.000837,0.545455,FORWARD
225,7.2,69.702023,68.045861,0.3,0.299649,0.3,0.257077,0.299649,0.3,0.3,64.104739,70.279805,8.52824,8.67268,0.000772,0.545455,FORWARD
226,7.232,62.14592,64.624737,0.3,0.299356,0.3,0.269954,0.299356,0.3,0.3,63.887511,67.816871,8.56592,8.71036,0.000772,0.427083,FORWARD
227,7.264,66.776532,67.192071,0.3,0.29913,0.3,0.278968,0.29913,0.3,0.3,66.782241,65.644732,8.6036,8.74804,0.000772,0.385403,FORWARD
228,7.296,66.523644,73.461128,0.068301,0.068301,0.3,0.215767,0.068301,0.3,0.3,61.761471,65.201556,8.64128,8.792,0.000837,0.369246,FORWARD
229,7.328,66.916465,68.304176,0.3,0.3,0.3,0.241037,0.3,0.3,0.3,67.241513,68.668657,8.67896,8.82968,0.000772,0.545455,FORWARD
230,7.36,64.780148,69.201484,0.3,0.299649,0.3,0.258726,0.299649,0.3,0.3,64.262475,66.259502,8.71664,8.86736,0.000772,0.545455,FORWARD
231,7.392,67.900383,63.338577,0.3,0.299356,0.3,0.271108,0.299356,0.3,0.3,68.755568,64.778314,8.75432,8.90504,0.000772,0.427083,FORWARD
232,7.424,65.17985,65.949463,0.3,0.29913,0.3,0.279776,0.29913,0.3,0.3,65.014306,70.854388,8.792,8.94272,0.000772,0.385403,FORWARD
233,7.456,69.037769,67.060909,0.3,0.298923,0.3,0.285843,0.298923,0.3,0.3,68.527886,66.25618,8.83596,8.9804,0.000837,0.369246,FORWARD
234,7.488,72.900838,60.969544,0.068452,0.068452,0.3,0.220626,0.068452,0.3,0.3,70.618217,65.106765,8.87364,9.01808,0.000772,0.362751,FORWARD
235,7.52,66.870262,66.956613,0.3,0.3,0.068388,0.244438,0.3,0.3,0.068388,65.217185,73.137646,8.91132,9.05576,0.000772,0.545455,FORWARD
236,7.552,65.870624,69.270876,0.3,0.299649,0.3,0.261107,0.299649,0.3,0.3,64.764648,64.087549,8.91132,9.13112,0.000772,0.545455,FORWARD
237,7.584,65.048066,68.891523,0.3,0.299356,0.3,0.272775,0.299356,0.3,0.3,69.366248,69.035725,8.949,9.1688,0.000772,0.427083,FORWARD
238,7.616,70.615813,64.652372,0.3,0.29909,0.068407,0.280942,0.29909,0.068407,0.3,73.069613,64.832783,8.98668,9.21276,0.000837,0.385403,FORWARD
239,7.648,67.943715,70.017137,0.3,0.298939,0.3,0.28666,0.298939,0.3,0.3,67.196597,71.706014,9.06204,9.21276,0.000772,0.369246,FORWARD
240,7.68,68.024059,62.455885,0.3,0.298832,0.06848,0.290662,0.298832,0.06848,0.3,72.79971,69.832082,9.09972,9.25044,0.000772,0.362751,FORWARD
241,7.712,70.39318,65.12775,0.3,0.298758,0.3,0.293463,0.298758,0.3,0.3,64.951721,68.7351,9.17508,9.25044,0.000772,0.360103,FORWARD
242,7.744,67.113985,72.13133,0.3,0.298709,0.3,0.295424,0.298709,0.3,0.3,64.275857,63.090231,9.21276,9.28812,0.000772,0.359017,FORWARD
243,7.776,70.003913,62.22117,0.3,0.298635,0.3,0.296797,0.298635,0.3,0.3,67.191044,67.918836,9.25672,9.3258,0.000837,0.35857,FORWARD
244,7.808,67.793698,66.337505,0.3,0.298629,0.3,0.297758,0.298629,0.3,0.3,70.04325,67.482688,9.2944,9.36348,0.000772,0.358386,FORWARD
245,7.84,57.3482,68.571986,0.3,0.298583,0.3,0.298431,0.298583,0.3,0.3,69.723259,65.305614,9.33208,9.40744,0.000837,0.358311,FORWARD
246,7.872,66.518346,61.810545,0.3,0.298595,0.3,0.298901,0.298595,0.3,0.3,67.666497,68.791721,9.36976,9.44512,0.000772,0.358279,FORWARD
247,7.904,64.423263,62.741357,0.3,0.298603,0.3,0.299231,0.298603,0.3,0.3,66.293842,67.95655,9.40744,9.4828,0.000772,0.358267,FORWARD
248,7.936,62.78878,64.397391,0.3,0.298608,0.3,0.299462,0.298608,0.3,0.3,69.236914,66.855051,9.44512,9.52048,0.000772,0.358261,FORWARD
249,7.968,63.783677,68.654107,0.3,0.298611,0.3,0.299623,0.298611,0.3,0.3,69.812788,65.646503,9.4828,9.55816,0.000772,0.358259,FORWARD
250,8.0,70.401648,74.859728,0.067921,0.067921,0.068555,0.230113,0.067921,0.068555,0.3,72.521222,68.146138,9.52048,9.59584,0.000772,0.358258,FORWARD
251,8.032,66.006314,63.612733,0.3,0.3,0.06819,0.251079,0.3,0.3,0.06819,61.4395,73.870646,9.59584,9.59584,0.000772,0.545455,FORWARD
252,8.064,60.416262,67.454849,0.3,0.29962,0.3,0.265755,0.29962,0.3,0.3,58.378764,62.068769,9.60212,9.6712,0.000837,0.545455,FORWARD
253,8.096,62.429547,67.294294,0.3,0.29934,0.3,0.276029,0.29934,0.3,0.3,66.080639,61.847878,9.6398,9.70888,0.000772,0.427083,FORWARD
254,8.128,70.217988,69.613278,0.3,0.29908,0.3,0.28322,0.29908,0.3,0.3,65.136313,68.754195,9.67748,9.75284,0.000837,0.385403,FORWARD
255,8.16,66.105324,69.154571,0.3,0.298932,0.068489,0.288254,0.298932,0.068489,0.3,72.764661,69.408813,9.71516,9.79052,0.000772,0.369246,FORWARD
256,8.192,63.506689,62.508777,0.3,0.298827,0.3,0.291778,0.298827,0.3,0.3,67.831495,70.155738,9.79052,9.79052,0.000772,0.362751,FORWARD
257,8.224,67.813114,70.160922,0.3,0.298755,0.3,0.294244,0.298755,0.3,0.3,67.791331,67.713358,9.8282,9.8282,0.000772,0.360103,FORWARD
258,8.256,63.142943,63.364411,0.3,0.298707,0.3,0.295971,0.298707,0.3,0.3,63.857773,67.784465,9.86588,9.86588,0.000772,0.359017,FORWARD
259,8.288,68.455164,64.338535,0.3,0.298675,0.06797,0.29718,0.298675,0.3,0.06797,69.185725,74.678927,9.90356,9.90356,0.000772,0.35857,FORWARD
260,8.32,67.242525,64.296707,0.3,0.298654,0.0483,0.298026,0.298654,0.3,0.0483,67.426216,126.464642,9.90356,9.97892,0.000772,0.358386,FORWARD
261,8.352,65.8631,69.941501,0.3,0.2986,0.046027,0.298618,0.2986,0.3,0.046027,64.14638,135.107803,9.90356,10.06056,0.000837,0.358311,FORWARD
262,8.384,64.645455,66.650594,0.3,0.298564,0.04575,0.299033,0.298564,0.3,0.04575,66.161659,136.160988,9.891,10.15476,0.000837,0.358279,FORWARD
263,8.416,68.047206,64.350462,0.3,0.298583,0.047914,0.299323,0.298583,0.3,0.047914,66.816068,127.934309,9.87844,10.24268,0.000772,0.358267,FORWARD
264,8.448,67.383668,72.396374,0.068589,0.068589,0.048594,0.230103,0.068589,0.3,0.048594,71.641954,125.347815,9.86588,10.32432,0.000708,0.358261,FORWARD
265,8.48,66.581342,68.557675,0.3,0.3,0.049985,0.251072,0.3,0.3,0.049985,69.749334,120.058542,9.86588,10.40596,0.000837,0.545455,FORWARD
266,8.512,65.290823,69.073905,0.3,0.299649,0.05076,0.26575,0.299649,0.3,0.05076,68.879596,118.791502,9.8596,10.4876,0.000772,0.545455,FORWARD
267,8.544,66.5618,60.984494,0.3,0.299356,0.052253,0.276025,0.299356,0.068472,0.052253,72.829434,116.415486,9.8596,10.56296,0.000772,0.427083,FORWARD
268,8.576,63.827126,64.165686,0.3,0.29909,0.060993,0.283218,0.29909,0.3,0.060993,70.722386,100.425998,9.89728,10.60692,0.000837,0.385403,FORWARD
269,8.608,61.330039,67.238512,0.3,0.298939,0.053444,0.288252,0.298939,0.3,0.053444,63.762749,114.520135,9.89728,10.68228,0.000772,0.369246,FORWARD
270,8.64,69.657246,65.262951,0.3,0.298832,0.059344,0.291777,0.298832,0.3,0.059344,60.38503,105.133501,9.89728,10.75764,0.000772,0.362751,FORWARD
271,8.672,71.10945,71.487105,0.3,0.298758,0.054474,0.294244,0.298758,0.3,0.054474,66.116195,112.881271,9.89728,10.833,0.000772,0.360103,FORWARD
272,8.704,65.511919,64.069712,0.3,0.298668,0.060985,0.295971,0.298668,0.3,0.060985,63.757247,100.455895,9.89728,10.91464,0.000837,0.359017,FORWARD
273,8.736,64.032841,66.845065,0.3,0.29865,0.061,0.297179,0.29865,0.3,0.061,69.073439,100.398394,9.89728,10.99,0.000772,0.35857,FORWARD
274,8.768,64.386719,70.258883,0.3,0.298638,0.062099,0.298026,0.298638,0.3,0.062099,67.181629,96.344322,9.89728,11.06536,0.000772,0.358386,FORWARD
275,8.8,63.289962,67.856574,0.3,0.29863,0.065667,0.298618,0.29863,0.3,0.065667,63.284593,83.177532,9.89728,11.14072,0.000772,0.358311,FORWARD
276,8.832,59.245852,63.719767,0.3,0.298625,0.3,0.299033,0.298625,0.3,0.3,66.329927,69.556739,9.89728,11.21608,0.000772,0.358279,FORWARD
277,8.864,66.057975,65.253376,0.3,0.298581,0.3,0.299323,0.298581,0.3,0.3,64.77284,69.430261,9.93496,11.26004,0.000837,0.358267,FORWARD
278,8.896,74.647332,65.382274,0.067979,0.067979,0.068204,0.22992,0.067979,0.3,0.068204,65.827504,73.815765,9.97264,11.29772,0.000772,0.358261,FORWARD
279,8.928,68.761214,68.588885,0.3,0.3,0.3,0.250944,0.3,0.3,0.3,69.145606,63.190995,9.97264,11.37308,0.000772,0.545455,FORWARD
280,8.96,68.626404,69.643446,0.3,0.299649,0.3,0.265661,0.299649,0.3,0.3,62.65396,66.248694,10.01032,11.41076,0.000772,0.545455,FORWARD
281,8.992,68.363943,69.45825,0.3,0.299356,0.3,0.275962,0.299356,0.3,0.3,65.385092,72.350402,10.048,11.44844,0.000772,0.427083,FORWARD
282,9.024,69.063262,69.381732,0.3,0.29909,0.3,0.283174,0.29909,0.3,0.3,68.34204,68.170177,10.09196,11.48612,0.000837,0.385403,FORWARD
283,9.056,65.990423,72.871974,0.06846,0.06846,0.3,0.21876,0.06846,0.3,0.3,60.986626,67.582601,10.12964,11.5238,0.000772,0.369246,FORWARD
284,9.088,67.732854,66.820574,0.3,0.3,0.3,0.243132,0.3,0.3,0.3,69.964309,65.466203,10.16732,11.56148,0.000772,0.545455,FORWARD
285,9.12,66.913122,74.484295,0.068023,0.068023,0.3,0.190599,0.068023,0.3,0.3,69.48125,64.105042,10.205,11.59916,0.000772,0.545455,FORWARD
286,9.152,65.407347,67.404615,0.3,0.3,0.3,0.223419,0.3,0.3,0.3,67.78843,61.329143,10.24268,11.64312,0.000837,0.545455,FORWARD
287,9.184,72.747291,61.998611,0.068494,0.068494,0.3,0.176942,0.068494,0.3,0.3,65.601164,66.044103,10.28036,11.6808,0.000772,0.545455,FORWARD
288,9.216,64.14172,69.510911,0.3,0.3,0.3,0.213859,0.3,0.3,0.3,69.936915,65.948035,10.31804,11.71848,0.000772,0.545455,FORWARD
289,9.248,64.894051,66.524796,0.3,0.299649,0.3,0.239701,0.299649,0.3,0.3,66.799119,67.342764,10.35572,11.75616,0.000772,0.545455,FORWARD
290,9.28,69.656078,64.075375,0.3,0.299319,0.3,0.257791,0.299319,0.3,0.3,68.101889,70.987109,10.39968,11.79384,0.000837,0.427083,FORWARD
291,9.312,66.354297,65.908123,0.3,0.299107,0.3,0.270454,0.299107,0.3,0.3,68.869932,67.339654,10.43736,11.83152,0.000772,0.385403,FORWARD
292,9.344,65.703511,68.48079,0.3,0.29895,0.3,0.279318,0.29895,0.3,0.3,65.06926,70.248115,10.47504,11.8692,0.000772,0.369246,FORWARD
293,9.376,69.102287,70.648269,0.3,0.298838,0.3,0.285522,0.298838,0.3,0.3,68.862475,63.590858,10.51272,11.90688,0.000772,0.362751,FORWARD
294,9.408,68.509001,72.007198,0.3,0.298762,0.067518,0.289866,0.298762,0.067518,0.3,76.346947,68.330663,10.5504,11.94456,0.000772,0.360103,FORWARD
295,9.44,62.162571,72.82419,0.068473,0.068473,0.041762,0.223448,0.068473,0.041762,0.3,151.328499,72.268592,10.62576,11.95084,0.000837,0.359017,FORWARD
296,9.472,64.794841,73.2272,0.068364,0.068062,0.038975,0.176923,0.068062,0.038975,0.3,165.915356,66.369883,10.71996,11.932,0.000772,0.545455,FORWARD
297,9.504,68.371093,63.249611,0.3,0.3,0.036486,0.213846,0.3,0.036486,0.3,185.052422,61.110244,10.82044,11.91316,0.000837,0.427083,FORWARD
298,9.536,70.344144,67.138636,0.3,0.299678,0.035618,0.239692,0.299678,0.035618,0.3,191.727829,64.871311,10.91464,11.88804,0.000708,0.545455,FORWARD
299,9.568,67.085543,65.861016,0.3,0.299373,0.032833,0.257784,0.299373,0.032833,0.3,213.143451,70.588221,11.00884,11.8692,0.000772,0.427083,FORWARD
300,9.6,66.894835,63.739875,0.3,0.29914,0.033441,0.270449,0.29914,0.033441,0.3,208.472125,68.326356,11.10304,11.85036,0.000772,0.385403,FORWARD
301,9.632,64.692118,65.99565,0.3,0.29893,0.029923,0.279314,0.29893,0.029923,0.3,236.081873,65.754701,11.20352,11.83152,0.000837,0.369246,FORWARD
302,9.664,67.38135,60.499504,0.3,0.298826,0.029614,0.28552,0.298826,0.029614,0.3,240.685222,67.471685,11.29772,11.81268,0.000772,0.362751,FORWARD
303,9.696,62.214246,73.903474,0.068181,0.068181,0.02899,0.220318,0.068181,0.02899,0.3,249.973241,69.894585,11.39192,11.79384,0.000772,0.360103,FORWARD
304,9.728,63.974668,65.656457,0.3,0.3,0.02813,0.244223,0.3,0.02813,0.3,262.782369,65.588163,11.48612,11.775,0.000772,0.545455,FORWARD
305,9.76,64.813032,68.994573,0.3,0.29962,0.027494,0.260956,0.29962,0.027494,0.068373,272.242449,73.195159,11.5866,11.75616,0.000837,0.545455,FORWARD
306,9.792,61.820149,71.173725,0.3,0.29934,0.027022,0.272669,0.29934,0.027022,0.3,279.272655,66.110842,11.63684,11.78128,0.000772,0.427083,FORWARD
307,9.824,68.989881,70.000343,0.3,0.29908,0.027947,0.280868,0.29908,0.027947,0.3,265.507463,62.059614,11.73732,11.76244,0.000837,0.385403,FORWARD
308,9.856,63.885732,69.576018,0.3,0.298932,0.02774,0.286608,0.298932,0.02774,0.3,268.582994,66.422696,11.83152,11.7436,0.000772,0.369246,FORWARD
309,9.888,60.235603,60.677329,0.3,0.298827,0.027361,0.290626,0.298827,0.027361,0.3,274.222036,68.099697,11.92572,11.72476,0.000772,0.362751,FORWARD
310,9.92,72.584731,69.697101,0.068538,0.068538,0.02781,0.223999,0.068538,0.02781,0.3,267.546642,67.189024,12.01992,11.70592,0.000772,0.360103,FORWARD
311,9.952,64.544312,66.804242,0.3,0.3,0.02901,0.246799,0.3,0.02901,0.3,249.666221,68.808152,12.1204,11.6808,0.000772,0.545455,FORWARD
312,9.984,61.424656,65.695941,0.3,0.299649,0.029576,0.26276,0.299649,0.029576,0.3,241.237911,61.162034,12.2146,11.66196,0.000772,0.545455,FORWARD
313,10.016,67.519473,66.276019,0.3,0.299356,0.03196,0.273932,0.299356,0.03196,0.3,219.854904,69.733306,12.3088,11.64312,0.000772,0.427083,FORWARD
314,10.048,66.069052,67.52723,0.3,0.29913,0.031675,0.281752,0.29913,0.031675,0.3,222.052906,66.782122,12.403,11.62428,0.000772,0.385403,FORWARD
315,10.08,72.520472,74.290857,0.068076,0.068076,0.033947,0.217649,0.068076,0.033947,0.3,204.576752,71.766355,12.50348,11.60544,0.000837,0.369246,FORWARD
316,10.112,64.138965,69.37963,0.3,0.3,0.03617,0.242354,0.3,0.03617,0.3,187.479406,68.264634,12.59768,11.5866,0.000772,0.545455,FORWARD
317,10.144,59.749023,66.060173,0.3,0.299649,0.038259,0.259648,0.299649,0.038259,0.3,171.417593,65.688364,12.69188,11.56776,0.000772,0.545455,FORWARD
318,10.176,61.955907,66.518269,0.3,0.299319,0.04198,0.271754,0.299319,0.04198,0.3,150.501557,68.780438,12.79236,11.54892,0.000837,0.427083,FORWARD
319,10.208,64.835937,67.147571,0.3,0.299107,0.044112,0.280228,0.299107,0.044112,0.3,142.391081,66.941255,12.88656,11.53008,0.000772,0.385403,FORWARD
320,10.24,68.417211,74.909594,0.067908,0.067908,0.048478,0.216532,0.067908,0.048478,0.3,125.787998,58.660729,12.98076,11.51124,0.000772,0.369246,FORWARD
321,10.272,71.494042,65.028908,0.3,0.3,0.049137,0.241572,0.3,0.049137,0.3,123.280887,71.969454,13.0624,11.50496,0.000772,0.545455,FORWARD
322,10.304,63.47948,64.98319,0.3,0.29962,0.048812,0.259101,0.29962,0.048812,0.3,124.518897,61.726978,13.14404,11.50496,0.000837,0.545455,FORWARD
323,10.336,60.046272,72.950824,0.068439,0.068439,0.057653,0.201902,0.068439,0.057653,0.3,107.823556,71.261815,13.22568,11.49868,0.000772,0.427083,FORWARD
324,10.368,71.230243,67.515525,0.3,0.3,0.060325,0.231331,0.3,0.060325,0.3,102.891652,69.805481,13.30104,11.49868,0.000772,0.545455,FORWARD
325,10.4,72.081516,59.606768,0.3,0.299649,0.062369,0.251932,0.299649,0.062369,0.3,95.348928,67.825149,13.3764,11.49868,0.000772,0.545455,FORWARD
326,10.432,76.480172,69.510774,0.067482,0.067482,0.067864,0.196597,0.067482,0.067864,0.3,75.071938,67.903351,13.45176,11.49868,0.000772,0.427083,FORWARD
327,10.464,67.294895,61.267589,0.3,0.3,0.3,0.227618,0.3,0.3,0.3,66.302512,63.544885,13.52712,11.49868,0.000772,0.545455,FORWARD
328,10.496,68.651634,69.683353,0.3,0.299649,0.3,0.249333,0.299649,0.3,0.3,70.799879,67.877551,13.5648,11.53636,0.000772,0.545455,FORWARD
329,10.528,66.215328,66.621804,0.3,0.299319,0.068019,0.264533,0.299319,0.068019,0.3,74.499802,68.000072,13.60876,11.57404,0.000837,0.427083,FORWARD
330,10.56,69.008092,66.845233,0.3,0.299067,0.068387,0.275173,0.299067,0.3,0.068387,62.137026,73.143559,13.68412,11.58032,0.000837,0.385403,FORWARD
331,10.592,70.094089,67.343164,0.3,0.298925,0.3,0.282621,0.298925,0.3,0.3,71.38784,62.635314,13.68412,11.65568,0.000772,0.369246,FORWARD
332,10.624,68.225031,67.060492,0.3,0.298822,0.3,0.287835,0.298822,0.3,0.3,64.177412,71.622527,13.7218,11.69336,0.000772,0.362751,FORWARD
333,10.656,74.909593,66.789401,0.067908,0.067908,0.3,0.221857,0.067908,0.3,0.3,66.209707,64.284083,13.75948,11.73104,0.000772,0.360103,FORWARD
334,10.688,75.086268,78.570297,0.066916,0.066916,0.3,0.175374,0.067016,0.3,0.3,63.951645,64.78886,13.79716,11.76872,0.000772,0.545455,FORWARD
335,10.72,67.715441,65.106071,0.3,0.3,0.3,0.212762,0.3,0.3,0.3,60.467407,67.302685,13.83484,11.8064,0.000772,0.427083,FORWARD
336,10.752,69.304361,70.855045,0.3,0.299649,0.3,0.238933,0.299649,0.3,0.3,67.833102,64.417035,13.87252,11.84408,0.000772,0.545455,FORWARD
337,10.784,72.602771,71.219973,0.068533,0.068533,0.3,0.187813,0.068533,0.3,0.3,68.201655,69.535719,13.9102,11.88176,0.000772,0.427083,FORWARD
338,10.816,66.372588,74.838382,0.067927,0.067793,0.3,0.151848,0.067793,0.3,0.3,68.695874,65.346203,13.95416,11.92572,0.000901,0.545455,FORWARD
339,10.848,65.668909,82.189884,0.065935,0.065935,0.068246,0.126074,0.066557,0.3,0.068246,66.447688,73.662178,13.99184,11.9634,0.000772,0.427083,FORWARD
340,10.88,67.280203,75.462975,0.067758,0.066545,0.3,0.108579,0.066545,0.3,0.3,69.598775,71.230551,13.99184,12.03876,0.000772,0.385403,FORWARD
341,10.912,64.476946,86.857729,0.06467,0.06467,0.3,0.095406,0.065366,0.3,0.3,60.942252,62.21063,14.02952,12.07644,0.000772,0.369246,FORWARD
342,10.944,65.795918,88.169717,0.064314,0.064314,0.3,0.086079,0.064492,0.3,0.3,66.307792,72.003768,14.0672,12.11412,0.000772,0.362751,FORWARD
343,10.976,63.188919,92.917345,0.063028,0.063028,0.3,0.079163,0.06347,0.3,0.3,64.034525,62.061651,14.10488,12.1518,0.000772,0.360103,FORWARD
344,11.008,61.623086,90.915303,0.06357,0.063011,0.3,0.074486,0.063011,0.3,0.3,65.440072,72.060747,14.14256,12.18948,0.000772,0.359017,FORWARD
345,11.04,64.454179,97.521789,0.06178,0.06178,0.3,0.070674,0.062074,0.3,0.3,69.948396,71.760849,14.18024,12.22716,0.000772,0.35857,FORWARD
346,11.072,72.284253,104.160277,0.059956,0.059956,0.3,0.067458,0.060778,0.3,0.3,62.307522,61.687232,14.2242,12.26484,0.000837,0.358386,FORWARD
347,11.104,62.984545,106.108908,0.058731,0.058731,0.3,0.06484,0.059549,0.3,0.3,69.402096,66.029375,14.26188,12.30252,0.000772,0.358311,FORWARD
348,11.136,69.096409,102.061401,0.06055,0.059371,0.068095,0.063553,0.059371,0.068095,0.3,74.219513,69.095118,14.29956,12.34648,0.000837,0.358279,FORWARD
349,11.168,66.783896,111.283467,0.055479,0.055479,0.3,0.061131,0.057481,0.3,0.3,69.282916,63.776232,14.37492,12.34648,0.000772,0.358267,FORWARD
350,11.2,70.100449,116.853878,0.051977,0.051977,0.3,0.058385,0.055013,0.3,0.3,64.873669,65.924137,14.4126,12.38416,0.000772,0.358261,FORWARD
351,11.232,69.136714,116.525036,0.052184,0.052184,0.3,0.056525,0.053504,0.3,0.3,66.951704,69.874507,14.45028,12.42184,0.000772,0.358259,FORWARD
352,11.264,67.145791,120.018583,0.049995,0.049995,0.068177,0.054566,0.051751,0.068334,0.068177,73.3366,73.915212,14.48796,12.45952,0.000772,0.358258,FORWARD
353,11.296,69.119587,128.216882,0.047839,0.047839,0.066831,0.052548,0.049854,0.3,0.066831,69.728115,78.882748,14.52564,12.4972,0.000772,0.358258,FORWARD
354,11.328,63.671752,120.638408,0.049832,0.04935,0.061007,0.051733,0.04935,0.3,0.061007,70.92865,100.374393,14.52564,12.57256,0.000772,0.358258,FORWARD
355,11.36,66.489638,127.18643,0.04811,0.04811,0.059229,0.050646,0.04841,0.06806,0.059229,74.347489,105.316445,14.52564,12.64792,0.000772,0.358258,FORWARD
356,11.392,67.626524,122.04347,0.049463,0.048292,0.054909,0.050291,0.048292,0.3,0.054909,61.316264,112.19011,14.56332,12.6856,0.000772,0.358258,FORWARD
357,11.424,66.21796,118.41005,0.050999,0.048807,0.052209,0.050504,0.048807,0.3,0.052209,70.10453,116.486121,14.55704,12.76096,0.000708,0.358258,FORWARD
358,11.456,71.115718,112.330588,0.05482,0.050425,0.0473,0.051799,0.050425,0.3,0.0473,65.37284,130.266955,14.55704,12.8426,0.000837,0.358258,FORWARD
359,11.488,61.028591,117.21349,0.051751,0.050404,0.046975,0.051785,0.050404,0.3,0.046975,66.788623,131.502266,14.55076,12.92424,0.000772,0.358258,FORWARD
360,11.52,66.861272,112.990136,0.054406,0.051342,0.041086,0.052571,0.051342,0.3,0.041086,60.575307,153.898131,14.5382,13.01216,0.000772,0.358258,FORWARD
361,11.552,70.256658,101.859284,0.060605,0.054165,0.038733,0.054981,0.054165,0.3,0.038733,66.898319,167.774817,14.51936,13.10636,0.000772,0.358258,FORWARD
362,11.584,60.745545,88.590147,0.064201,0.057264,0.036363,0.057747,0.057264,0.3,0.036363,63.446795,186.001038,14.50052,13.20056,0.000772,0.358258,FORWARD
363,11.616,67.087371,77.596031,0.06718,0.06028,0.0344,0.060577,0.06028,0.3,0.0344,64.253215,201.091349,14.48168,13.30104,0.000837,0.358258,FORWARD
364,11.648,70.783916,65.517596,0.3,0.3,0.029904,0.132404,0.3,0.3,0.029904,61.462083,236.363297,14.46284,13.39524,0.000772,0.358258,FORWARD
365,11.68,63.226085,66.935764,0.3,0.299649,0.029216,0.182683,0.299649,0.3,0.029216,70.469635,246.607847,14.444,13.48944,0.000772,0.545455,FORWARD
366,11.712,70.459731,66.410699,0.3,0.299319,0.027384,0.217878,0.299319,0.3,0.027384,63.992604,273.891272,14.42516,13.58992,0.000837,0.427083,FORWARD
367,11.744,63.101586,64.594748,0.3,0.299107,0.025912,0.242514,0.299107,0.3,0.025912,69.181038,295.811503,14.40632,13.68412,0.000772,0.385403,FORWARD
368,11.776,64.297183,64.888596,0.3,0.29895,0.024447,0.25976,0.29895,0.068103,0.024447,74.190969,317.615457,14.38748,13.77832,0.000772,0.369246,FORWARD
369,11.808,65.684861,63.938543,0.3,0.298838,0.023995,0.271832,0.298838,0.3,0.023995,67.244397,324.35626,14.40632,13.83484,0.000772,0.362751,FORWARD
370,11.84,66.732181,67.051856,0.3,0.298762,0.02309,0.280282,0.298762,0.3,0.02309,71.801766,337.830302,14.38748,13.92904,0.000772,0.360103,FORWARD
371,11.872,71.385403,70.174365,0.3,0.29867,0.022035,0.286198,0.29867,0.3,0.022035,70.592935,353.530868,14.36864,14.02952,0.000837,0.359017,FORWARD
372,11.904,70.484896,65.656766,0.3,0.298652,0.021293,0.290338,0.298652,0.068097,0.021293,74.212364,364.580301,14.3498,14.12372,0.000772,0.35857,FORWARD
373,11.936,63.127373,67.351505,0.3,0.298639,0.021266,0.293237,0.298639,0.3,0.021266,66.289584,364.987924,14.36864,14.18024,0.000772,0.358386,FORWARD
374,11.968,62.609969,68.143282,0.3,0.29859,0.020974,0.295266,0.29859,0.3,0.020974,65.809685,369.330515,14.3498,14.28072,0.000837,0.358311,FORWARD
375,12.0,71.764529,68.715566,0.3,0.298599,0.020412,0.296686,0.298599,0.3,0.020412,62.811085,377.699909,14.33096,14.37492,0.000772,0.358279,FORWARD
376,12.032,69.138042,64.779556,0.3,0.298605,0.021732,0.29768,0.298605,0.068348,0.021732,73.284649,358.046192,14.31212,14.46912,0.000772,0.358267,FORWARD
377,12.064,65.46204,63.499434,0.3,0.298609,0.022635,0.298376,0.298609,0.3,0.022635,71.430494,344.605078,14.33096,14.52564,0.000772,0.358261,FORWARD
378,12.096,63.274601,67.417994,0.3,0.298612,0.021401,0.298863,0.298612,0.3,0.021401,68.242269,362.981873,14.30584,14.62612,0.000772,0.358259,FORWARD
379,12.128,64.384065,69.386839,0.3,0.298613,0.02295,0.299204,0.298613,0.068478,0.02295,72.804983,339.909549,14.287,14.72032,0.000772,0.358258,FORWARD
380,12.16,66.273197,66.212955,0.3,0.298573,0.023258,0.299443,0.298573,0.3,0.023258,68.465619,335.324643,14.31212,14.77684,0.000837,0.358258,FORWARD
381,12.192,67.250494,61.519603,0.3,0.29863,0.024326,0.29961,0.29863,0.3,0.024326,70.152572,319.418749,14.287,14.87104,0.000708,0.358258,FORWARD
382,12.224,64.757829,66.404221,0.3,0.298584,0.025676,0.299727,0.298584,0.3,0.025676,61.055643,299.319308,14.26816,14.97152,0.000837,0.358258,FORWARD
383,12.256,66.424576,65.922496,0.3,0.298595,0.02681,0.299809,0.298595,0.3,0.02681,65.275664,282.438698,14.24932,15.06572,0.000772,0.358258,FORWARD
384,12.288,66.925425,62.700125,0.3,0.298603,0.028833,0.299866,0.298603,0.3,0.028833,64.712209,252.308183,14.23048,15.15992,0.000772,0.358258,FORWARD
385,12.32,70.060987,66.178174,0.3,0.298608,0.03116,0.299906,0.298608,0.3,0.03116,67.720257,226.012414,14.21164,15.25412,0.000772,0.358258,FORWARD
386,12.352,68.065567,66.826648,0.3,0.29857,0.034307,0.299934,0.29857,0.3,0.034307,67.175559,201.80614,14.1928,15.3546,0.000837,0.358258,FORWARD
387,12.384,66.041639,62.264949,0.3,0.298586,0.034984,0.299954,0.298586,0.3,0.034984,67.198795,196.600612,14.17396,15.4488,0.000772,0.358258,FORWARD
388,12.416,67.222907,67.140672,0.3,0.298597,0.037747,0.299968,0.298597,0.3,0.037747,65.583827,175.351994,14.15512,15.543,0.000772,0.358258,FORWARD
389,12.448,65.945817,63.773464,0.3,0.298563,0.041543,0.299978,0.298563,0.3,0.041543,64.799487,152.161564,14.13628,15.64348,0.000837,0.358258,FORWARD
390,12.48,64.131448,65.61356,0.3,0.298582,0.045807,0.299984,0.298582,0.3,0.045807,66.358815,135.947785,14.11744,15.73768,0.000772,0.358258,FORWARD
391,12.512,63.763312,65.197094,0.3,0.298594,0.048688,0.299989,0.298594,0.3,0.048688,69.395059,124.988742,14.10488,15.8256,0.000772,0.358258,FORWARD
392,12.544,64.418244,68.335922,0.3,0.298602,0.052483,0.299992,0.298602,0.3,0.052483,64.169848,116.049061,14.0986,15.90724,0.000772,0.358258,FORWARD
393,12.576,71.980044,70.195766,0.3,0.298607,0.0566,0.299995,0.298607,0.3,0.0566,69.975523,109.499065,14.0986,15.9826,0.000772,0.358258,FORWARD
394,12.608,69.952815,66.662696,0.3,0.298569,0.059016,0.299996,0.298569,0.3,0.059016,71.758113,105.656052,14.0986,16.06424,0.000837,0.358258,FORWARD
395,12.64,69.219671,67.657707,0.3,0.298586,0.064402,0.299997,0.298586,0.3,0.064402,67.718894,87.846037,14.0986,16.1396,0.000772,0.358258,FORWARD
396,12.672,63.468324,65.095803,0.3,0.298597,0.3,0.299998,0.298597,0.3,0.3,63.838376,68.714202,14.0986,16.21496,0.000772,0.358258,FORWARD
397,12.704,67.55462,65.299983,0.3,0.298604,0.3,0.299999,0.298604,0.3,0.3,70.236092,68.330112,14.13628,16.25264,0.000772,0.358258,FORWARD
398,12.736,60.997507,63.837732,0.3,0.298608,0.067795,0.299999,0.298608,0.3,0.067795,65.158437,75.325116,14.17396,16.29032,0.000772,0.358258,FORWARD
399,12.768,63.112785,64.86728,0.3,0.298611,0.3,0.299999,0.298611,0.3,0.3,66.193366,68.586895,14.17396,16.36568,0.000772,0.358258,FORWARD
400,12.8,66.402261,66.377955,0.3,0.298572,0.3,0.3,0.298572,0.3,0.3,66.072841,61.24253,14.21792,16.40336,0.000837,0.358258,FORWARD
401,12.832,65.758598,69.356714,0.3,0.298546,0.3,0.3,0.298546,0.3,0.3,67.874218,71.787678,14.2556,16.44732,0.000837,0.358258,FORWARD
402,12.864,68.409949,64.53804,0.3,0.298571,0.3,0.3,0.298571,0.3,0.3,66.400663,64.801141,14.29328,16.485,0.000772,0.358258,FORWARD
403,12.896,67.150575,65.736126,0.3,0.298588,0.3,0.3,0.298588,0.3,0.3,70.127741,65.18069,14.33096,16.52268,0.000772,0.358258,FORWARD
404,12.928,65.246766,64.026593,0.3,0.298598,0.3,0.3,0.298598,0.3,0.3,66.465968,70.535758,14.36864,16.56036,0.000772,0.358258,FORWARD
405,12.96,64.481413,71.101182,0.3,0.298604,0.3,0.3,0.298604,0.3,0.3,66.887247,66.20786,14.40632,16.59804,0.000772,0.358258,FORWARD
406,12.992,70.451064,69.900221,0.3,0.298609,0.3,0.3,0.298609,0.3,0.3,64.007905,69.18537,14.444,16.63572,0.000772,0.358258,FORWARD
407,13.024,72.725057,63.352271,0.0685,0.0685,0.3,0.23055,0.0685,0.3,0.3,65.300387,68.296456,14.48168,16.6734,0.000772,0.358258,FORWARD
408,13.056,80.0281,65.097776,0.066521,0.066521,0.067931,0.181341,0.067069,0.3,0.067931,66.111903,74.825879,14.51936,16.71108,0.000772,0.545455,FORWARD
409,13.088,86.964993,69.600326,0.064641,0.064641,0.3,0.146331,0.065553,0.3,0.3,65.871054,65.496508,14.52564,16.78644,0.000837,0.427083,FORWARD
410,13.12,97.624629,63.375635,0.061752,0.061752,0.3,0.120957,0.063574,0.3,0.3,61.971102,66.351082,14.56332,16.8304,0.000837,0.385403,FORWARD
411,13.152,101.207225,70.072108,0.060781,0.060781,0.3,0.102905,0.062055,0.3,0.3,71.922853,65.657172,14.601,16.86808,0.000772,0.369246,FORWARD
412,13.184,102.214222,66.777897,0.060508,0.060508,0.3,0.090186,0.061002,0.3,0.3,68.866645,67.668241,14.63868,16.90576,0.000772,0.362751,FORWARD
413,13.216,98.638185,68.167225,0.061477,0.060679,0.3,0.081573,0.060679,0.3,0.3,64.841878,61.746556,14.67636,16.94344,0.000772,0.360103,FORWARD
414,13.248,114.088324,68.213247,0.053716,0.053716,0.3,0.073216,0.057684,0.3,0.3,64.471412,68.053413,14.71404,16.98112,0.000772,0.359017,FORWARD
415,13.28,103.853734,68.300448,0.060064,0.058042,0.3,0.06927,0.058042,0.3,0.3,70.448735,69.757088,14.75172,17.0188,0.000772,0.35857,FORWARD
416,13.312,120.082279,68.531089,0.049978,0.049978,0.3,0.063483,0.054656,0.3,0.3,64.632585,64.113031,14.7894,17.05648,0.000772,0.358386,FORWARD
417,13.344,112.34354,71.227678,0.054812,0.054175,0.3,0.060882,0.054175,0.3,0.3,68.759195,65.346579,14.83336,17.09416,0.000837,0.358311,FORWARD
418,13.376,120.202159,59.977478,0.049947,0.049947,0.3,0.057601,0.052165,0.3,0.3,65.405808,69.07474,14.87104,17.13184,0.000772,0.358279,FORWARD
419,13.408,120.828441,69.418762,0.049782,0.049782,0.3,0.055255,0.050774,0.3,0.3,66.476886,65.480217,14.90872,17.1758,0.000837,0.358267,FORWARD
420,13.44,115.977546,64.213808,0.052528,0.050907,0.068351,0.054437,0.050907,0.3,0.068351,67.000047,73.276082,14.9464,17.21348,0.000772,0.358261,FORWARD
421,13.472,128.721673,72.690257,0.047707,0.047707,0.3,0.052418,0.049265,0.3,0.3,68.99748,70.769843,14.9464,17.28884,0.000772,0.358259,FORWARD
422,13.504,128.459395,71.091527,0.047776,0.047776,0.3,0.051025,0.048277,0.3,0.3,67.850931,64.206844,14.98408,17.32024,0.000708,0.358258,FORWARD
423,13.536,141.140416,68.046375,0.044441,0.044441,0.3,0.04905,0.046407,0.3,0.3,67.048993,68.359029,15.02176,17.35792,0.000772,0.358258,FORWARD
424,13.568,143.243072,66.395845,0.043888,0.043888,0.3,0.047502,0.04505,0.3,0.3,67.922699,71.706325,15.05316,17.3956,0.000708,0.358258,FORWARD
425,13.6,148.578298,66.639146,0.042485,0.042485,0.3,0.045997,0.043677,0.3,0.3,66.721337,67.749818,15.09084,17.427,0.000708,0.358258,FORWARD
426,13.632,155.507645,73.715084,0.040663,0.040663,0.3,0.044397,0.042184,0.3,0.3,65.452202,71.830893,15.12224,17.4584,0.000644,0.358258,FORWARD
427,13.664,161.082016,71.483079,0.039603,0.039603,0.3,0.042959,0.040846,0.3,0.3,72.250925,61.273771,15.15364,17.4898,0.000644,0.358258,TURN_LEFT
428,13.696,179.552488,69.485748,0.037201,0.037201,0.3,0.041231,0.03954,0.3,0.3,68.927445,67.398921,15.072,17.57144,0.0,0.358258,TURN_LEFT
429,13.728,194.554307,66.791863,0.03525,0.03525,0.3,0.039437,0.038004,0.3,0.3,71.496085,71.726791,14.99036,17.65308,0.0,0.358258,TURN_LEFT
430,13.76,207.594152,65.974913,0.033555,0.033555,0.3,0.037672,0.03641,0.3,0.3,65.359856,70.857558,14.915,17.72844,-0.0,0.358258,TURN_LEFT
431,13.792,201.485028,63.489053,0.034349,0.034349,0.3,0.036675,0.035672,0.3,0.3,59.917836,62.944665,14.83336,17.81008,0.0,0.358258,TURN_LEFT
432,13.824,234.769554,67.091235,0.030021,0.030021,0.3,0.034679,0.033647,0.3,0.3,71.395482,69.015012,14.75172,17.89172,0.0,0.358258,TURN_LEFT
433,13.856,238.116457,93.53608,0.029786,0.029786,0.3,0.033211,0.032264,0.3,0.3,67.200142,68.866764,14.67008,17.97336,0.0,0.358258,TURN_LEFT
434,13.888,226.59468,106.539492,0.031084,0.031084,0.3,0.032573,0.031841,0.3,0.3,69.532009,59.213027,14.59472,18.04872,0.0,0.358258,TURN_LEFT
435,13.92,235.628652,119.339158,0.029953,0.029953,0.3,0.031787,0.031165,0.3,0.3,67.577385,64.162896,14.51308,18.13036,0.0,0.358258,TURN_LEFT
436,13.952,233.291282,127.084879,0.030213,0.030213,0.3,0.031315,0.030824,0.3,0.3,67.344283,66.894625,14.43144,18.212,0.0,0.358258,TURN_LEFT
437,13.984,236.280451,151.212817,0.029909,0.029909,0.3,0.030893,0.030496,0.3,0.3,66.885582,66.786134,14.3498,18.29364,0.0,0.358258,TURN_LEFT
438,14.016,226.8688,150.75224,0.031048,0.030694,0.068023,0.03094,0.030694,0.068023,0.3,74.484562,66.68045,14.27444,18.369,0.0,0.358258,TURN_RIGHT
439,14.048,226.014995,142.642966,0.031159,0.030861,0.3,0.031006,0.030861,0.3,0.3,65.426916,63.615884,14.3498,18.29364,0.0,0.358258,TURN_LEFT
440,14.08,224.427875,149.147897,0.031366,0.031042,0.3,0.031114,0.031042,0.3,0.3,64.265206,63.743429,14.27444,18.369,0.0,0.358258,TURN_LEFT
441,14.112,209.327012,176.464122,0.033329,0.031861,0.3,0.031778,0.031861,0.3,0.3,62.538247,64.449281,14.1928,18.45064,0.0,0.358258,TURN_LEFT
442,14.144,201.110229,197.862182,0.034398,0.03277,0.3,0.032564,0.03277,0.3,0.3,69.496233,67.5888,14.11116,18.53228,0.0,0.358258,TURN_LEFT
443,14.176,184.821327,200.308146,0.034502,0.033432,0.3,0.033146,0.033432,0.3,0.3,59.890246,68.600626,14.02952,18.60764,-6.4e-05,0.358258,TURN_LEFT
444,14.208,160.174977,210.46586,0.033181,0.033181,0.068235,0.033156,0.033301,0.068235,0.3,73.703508,64.070674,13.95416,18.68928,6.4e-05,0.358258,TURN_RIGHT
445,14.24,176.248315,211.746487,0.033015,0.033015,0.068011,0.033114,0.03324,0.3,0.068011,68.613841,74.528997,14.02952,18.60764,-6.4e-05,0.358258,TURN_LEFT
446,14.272,165.693075,220.168779,0.03192,0.03192,0.3,0.032756,0.032725,0.3,0.3,69.867246,68.112857,13.95416,18.68928,6.4e-05,0.358258,TURN_LEFT
447,14.304,149.003297,208.710745,0.03341,0.03297,0.3,0.032952,0.03297,0.3,0.3,64.652231,69.731859,13.87252,18.77092,0.0,0.358258,TURN_LEFT
448,14.336,138.252755,232.461268,0.030321,0.030321,0.3,0.032163,0.03198,0.3,0.3,69.127458,68.405495,13.79088,18.85884,6.4e-05,0.358258,TURN_LEFT
449,14.368,121.354974,234.826767,0.030013,0.030013,0.068133,0.031518,0.031275,0.068133,0.3,74.078114,68.449924,13.71552,18.9342,0.0,0.358258,TURN_RIGHT
450,14.4,141.44413,224.965632,0.031296,0.031283,0.3,0.031451,0.031283,0.3,0.3,68.840867,67.127168,13.79088,18.85884,0.0,0.358258,TURN_LEFT
451,14.432,117.64403,232.791326,0.030278,0.030278,0.3,0.031099,0.030923,0.3,0.3,62.574132,70.074599,13.71552,18.9342,0.0,0.358258,TURN_LEFT
452,14.464,108.534418,231.772106,0.030411,0.030411,0.068563,0.030893,0.030781,0.068563,0.3,72.494209,69.098535,13.63388,19.00956,-6.4e-05,0.358258,TURN_RIGHT
453,14.496,115.61883,217.889643,0.032216,0.031254,0.3,0.03129,0.031254,0.3,0.3,65.485641,65.94484,13.71552,18.9342,6.4e-05,0.358258,TURN_LEFT
454,14.528,117.07493,228.069649,0.030892,0.030892,0.3,0.03117,0.031165,0.3,0.3,70.07346,67.13994,13.63388,19.00956,-6.4e-05,0.358258,TURN_LEFT
455,14.56,105.10932,227.904823,0.030914,0.030914,0.3,0.031093,0.031075,0.3,0.3,57.411554,69.46859,13.55224,19.0912,0.0,0.358258,TURN_LEFT
456,14.592,81.5587,228.587372,0.030825,0.030825,0.3,0.031013,0.030985,0.3,0.3,69.008289,67.445466,13.4706,19.17284,0.0,0.358258,TURN_LEFT
457,14.624,67.767445,219.377039,0.032022,0.031357,0.3,0.031316,0.031357,0.3,0.3,63.089209,68.19288,13.39524,19.2482,0.0,0.358258,TURN_LEFT
458,14.656,70.287695,206.675014,0.033674,0.032187,0.3,0.032023,0.032187,0.3,0.3,67.568421,69.507339,13.3136,19.32984,0.0,0.358258,TURN_LEFT
459,14.688,63.502903,195.802714,0.035088,0.033226,0.3,0.032943,0.033226,0.3,0.3,71.75048,69.091432,13.23196,19.41148,0.0,0.358258,TURN_LEFT
460,14.72,66.60851,187.348145,0.036187,0.034287,0.3,0.033916,0.034287,0.3,0.3,68.500307,64.535753,13.15032,19.49312,0.0,0.358258,TURN_LEFT
461,14.752,68.747063,167.590729,0.038757,0.035888,0.3,0.035368,0.035888,0.3,0.3,68.355912,67.440953,13.07496,19.56848,0.0,0.358258,TURN_LEFT
462,14.784,66.382574,147.466809,0.042778,0.038357,0.3,0.037591,0.038357,0.3,0.3,70.248734,69.791549,12.99332,19.65012,0.0,0.358258,TURN_LEFT
463,14.816,74.410057,121.099996,0.049711,0.042424,0.064742,0.041227,0.042424,0.3,0.064742,62.761694,86.592921,12.91168,19.73176,0.0,0.358258,TURN_LEFT
464,14.848,64.076928,117.922115,0.051306,0.045606,0.060387,0.044251,0.045606,0.3,0.060387,63.230467,102.660557,12.83632,19.80712,0.0,0.358258,TURN_LEFT
465,14.88,69.527222,106.902311,0.058232,0.05013,0.05222,0.048445,0.05013,0.3,0.05222,70.209861,116.468747,12.75468,19.88876,0.0,0.358258,TURN_LEFT
466,14.912,67.050748,107.70223,0.05773,0.052852,0.049106,0.051231,0.052852,0.3,0.049106,62.08885,123.400189,12.67304,19.9704,0.0,0.358258,TURN_LEFT
467,14.944,68.771186,80.949332,0.066271,0.057618,0.045302,0.055743,0.057618,0.3,0.045302,67.020208,137.866519,12.59768,20.05204,6.4e-05,0.358258,TURN_LEFT
468,14.976,68.835104,63.131663,0.3,0.3,0.043662,0.12902,0.3,0.3,0.043662,68.500673,144.103091,12.50976,20.1274,-0.000129,0.358258,TURN_LEFT
469,15.008,68.34987,63.356588,0.3,0.299971,0.039259,0.180314,0.299971,0.3,0.039259,71.928958,163.727343,12.4344,20.20904,6.4e-05,0.545455,TURN_LEFT
470,15.04,67.180759,66.818906,0.3,0.299983,0.036936,0.21622,0.299983,0.3,0.036936,64.414101,181.588582,12.35276,20.29068,-0.0,0.427083,TURN_LEFT
471,15.072,62.238432,65.110461,0.3,0.29999,0.035586,0.241354,0.29999,0.3,0.035586,69.628441,191.972336,12.27112,20.37232,0.0,0.385403,FORWARD
472,15.104,62.157044,68.862018,0.3,0.299506,0.033579,0.258948,0.299506,0.3,0.033579,68.511247,207.409588,12.25228,20.46652,0.000772,0.369246,FORWARD
473,15.136,65.095391,63.163076,0.3,0.299193,0.032298,0.271263,0.299193,0.3,0.032298,69.589803,217.255491,12.23344,20.56072,0.000772,0.362751,FORWARD
474,15.168,71.901858,65.274355,0.3,0.298989,0.032648,0.279884,0.298989,0.068306,0.032648,73.440483,214.56981,12.2146,20.65492,0.000772,0.360103,FORWARD
475,15.2,66.667379,68.589622,0.3,0.298857,0.031261,0.285919,0.298857,0.3,0.031261,69.275448,225.236234,12.23972,20.70516,0.000772,0.359017,FORWARD
476,15.232,72.149533,65.161324,0.3,0.29873,0.030635,0.290143,0.29873,0.3,0.030635,68.090145,230.046551,12.22088,20.80564,0.000837,0.35857,FORWARD
477,15.264,62.357433,68.073713,0.3,0.29869,0.029822,0.2931,0.29869,0.3,0.029822,71.135022,237.585353,12.20204,20.89984,0.000772,0.358386,FORWARD
478,15.296,70.261861,71.965827,0.3,0.298663,0.029757,0.29517,0.298663,0.3,0.029757,65.112183,238.543159,12.1832,20.99404,0.000772,0.358311,FORWARD
479,15.328,64.510922,63.714713,0.3,0.298647,0.029139,0.296619,0.298647,0.3,0.029139,70.952304,247.74659,12.16436,21.08824,0.000772,0.358279,FORWARD
480,15.36,71.563281,65.497652,0.3,0.298594,0.03059,0.297633,0.298594,0.3,0.03059,62.802476,230.390038,12.14552,21.18872,0.000837,0.358267,FORWARD
481,15.392,67.125391,68.587755,0.3,0.298602,0.030887,0.298343,0.298602,0.3,0.030887,67.844121,228.107529,12.12668,21.28292,0.000772,0.358261,FORWARD
482,15.424,62.200464,65.560319,0.3,0.298607,0.031602,0.29884,0.298607,0.3,0.031602,65.786349,222.608188,12.10784,21.37712,0.000772,0.358259,FORWARD
483,15.456,71.887352,67.59508,0.3,0.298569,0.032053,0.299188,0.298569,0.3,0.032053,70.240323,219.143383,12.089,21.4776,0.000837,0.358258,FORWARD
484,15.488,65.911367,62.888656,0.3,0.298586,0.033249,0.299432,0.298586,0.3,0.033249,64.695943,209.947977,12.07016,21.5718,0.000772,0.358258,FORWARD
485,15.52,72.148177,66.485637,0.3,0.298597,0.035732,0.299602,0.298597,0.3,0.035732,65.162092,190.850979,12.05132,21.666,0.000772,0.358258,FORWARD
486,15.552,70.504973,69.944063,0.3,0.298604,0.036506,0.299722,0.298604,0.3,0.036506,68.224726,184.902031,12.03248,21.7602,0.000772,0.358258,FORWARD
487,15.584,65.64719,69.22145,0.3,0.298567,0.037244,0.299805,0.298567,0.3,0.037244,67.754593,179.220843,12.01364,21.86068,0.000837,0.358258,FORWARD
488,15.616,68.752756,71.599363,0.3,0.298585,0.040536,0.299864,0.298585,0.3,0.040536,69.481181,155.990533,11.9948,21.95488,0.000772,0.358258,FORWARD
489,15.648,71.226871,71.949394,0.3,0.298596,0.043115,0.299904,0.298596,0.3,0.043115,64.735215,146.182144,11.97596,22.04908,0.000772,0.358258,FORWARD
490,15.68,69.507561,69.519365,0.3,0.298603,0.048075,0.299933,0.298603,0.3,0.048075,63.30813,127.320841,11.95712,22.14328,0.000772,0.358258,FORWARD
491,15.712,69.134886,66.282342,0.3,0.298567,0.04677,0.299953,0.298567,0.3,0.04677,67.581216,132.285061,11.95084,22.2312,0.000837,0.358258,FORWARD
492,15.744,66.183479,66.418054,0.3,0.298584,0.050875,0.299967,0.298584,0.3,0.050875,65.413474,118.608239,11.93828,22.31912,0.000772,0.358258,FORWARD
493,15.776,69.332061,70.040058,0.3,0.298596,0.060302,0.299977,0.298596,0.3,0.060302,66.284433,102.976891,11.93828,22.39448,0.000772,0.358258,FORWARD
494,15.808,66.835083,72.967697,0.068434,0.068434,0.05394,0.230514,0.068434,0.3,0.05394,68.12125,113.73118,11.93828,22.46984,0.000772,0.358258,FORWARD
495,15.84,68.563854,64.571963,0.3,0.3,0.059865,0.25136,0.3,0.3,0.059865,66.432295,104.305035,11.93828,22.55148,0.000837,0.545455,FORWARD
496,15.872,66.645329,71.63129,0.3,0.299649,0.063207,0.265952,0.299649,0.3,0.063207,65.280344,92.256438,11.93828,22.62684,0.000772,0.545455,FORWARD
497,15.904,65.29515,66.14356,0.3,0.299356,0.067588,0.276166,0.299356,0.3,0.067588,62.423884,76.09002,11.93828,22.7022,0.000772,0.427083,FORWARD
498,15.936,69.822203,64.192885,0.3,0.29913,0.3,0.283316,0.29913,0.3,0.3,71.194949,65.187745,11.93828,22.77756,0.000772,0.385403,FORWARD
499,15.968,66.990918,64.715464,0.3,0.298964,0.3,0.288322,0.298964,0.3,0.3,64.481969,69.804437,11.97596,22.81524,0.000772,0.369246,FORWARD
500,16.0,62.016906,66.947591,0.3,0.298847,0.3,0.291825,0.298847,0.3,0.3,65.349479,64.455995,12.01364,22.85292,0.000772,0.362751,FORWARD
501,16.032,68.106828,69.22296,0.3,0.298768,0.3,0.294278,0.298768,0.3,0.3,64.808843,67.626016,12.05132,22.8906,0.000772,0.360103,FORWARD
502,16.064,71.515152,74.967622,0.067892,0.067892,0.3,0.226362,0.067892,0.3,0.3,68.503689,62.538216,12.089,22.92828,0.000772,0.359017,FORWARD
503,16.096,75.031558,66.558017,0.067875,0.067502,0.3,0.178816,0.067502,0.3,0.3,61.713485,68.177815,12.12668,22.97224,0.000837,0.545455,FORWARD
504,16.128,68.289721,71.396374,0.3,0.3,0.3,0.215171,0.3,0.3,0.3,64.770978,69.675561,12.17064,23.00992,0.000837,0.427083,FORWARD
505,16.16,64.209883,63.937649,0.3,0.299649,0.3,0.24062,0.299649,0.3,0.3,65.647387,64.554772,12.20832,23.0476,0.000772,0.545455,FORWARD
506,16.192,69.332526,65.788363,0.3,0.299356,0.3,0.258434,0.299356,0.3,0.3,58.612568,70.702148,12.246,23.08528,0.000772,0.427083,FORWARD
507,16.224,66.780542,70.860431,0.3,0.29913,0.3,0.270904,0.29913,0.3,0.3,66.202249,69.385848,12.28368,23.12296,0.000772,0.385403,FORWARD
508,16.256,70.107528,58.43883,0.3,0.298964,0.3,0.279633,0.298964,0.3,0.3,67.880906,66.495489,12.32136,23.16064,0.000772,0.369246,FORWARD
509,16.288,76.017852,64.81505,0.067608,0.067608,0.068272,0.216025,0.067608,0.3,0.068272,67.904081,73.567486,12.35904,23.19832,0.000772,0.362751,FORWARD
510,16.32,89.601156,68.542232,0.063927,0.063927,0.3,0.170396,0.065249,0.3,0.3,68.732726,67.136909,12.35904,23.27368,0.000772,0.545455,FORWARD
511,16.352,86.116745,70.231074,0.064871,0.064645,0.3,0.138738,0.064645,0.3,0.3,69.021018,70.435272,12.39672,23.31136,0.000772,0.427083,FORWARD
512,16.384,90.002549,65.957146,0.063818,0.063772,0.068138,0.116262,0.063772,0.068138,0.068403,74.060434,73.081311,12.44068,23.35532,0.000901,0.385403,FORWARD
513,16.416,98.784023,63.35419,0.061438,0.061438,0.3,0.099815,0.062423,0.3,0.3,66.203313,69.798983,12.47836,23.393,0.000772,0.369246,FORWARD
514,16.448,103.302934,65.556892,0.060213,0.060213,0.3,0.087934,0.061129,0.3,0.3,67.829061,68.667123,12.51604,23.43068,0.000772,0.362751,FORWARD
515,16.48,110.730987,68.873203,0.055826,0.055826,0.3,0.078302,0.058725,0.3,0.3,63.723864,61.682058,12.55372,23.46836,0.000772,0.360103,FORWARD
516,16.512,109.897297,65.161562,0.05635,0.05635,0.3,0.071716,0.057377,0.3,0.3,70.197363,63.27939,12.5914,23.50604,0.000772,0.359017,FORWARD
517,16.544,113.385468,66.136276,0.054157,0.054157,0.3,0.066449,0.055727,0.3,0.3,66.528666,70.210822,12.62908,23.54372,0.000772,0.35857,FORWARD
518,16.576,114.388329,69.257739,0.053527,0.053527,0.3,0.062572,0.054443,0.3,0.3,64.702217,67.882112,12.66676,23.5814,0.000772,0.358386,FORWARD
519,16.608,108.981047,66.088391,0.056926,0.054837,0.3,0.060878,0.054837,0.3,0.3,66.148579,63.521779,12.70444,23.61908,0.000772,0.358311,FORWARD
520,16.64,115.986785,63.876061,0.052522,0.052522,0.068377,0.058372,0.053512,0.068377,0.3,73.178528,65.843285,12.74212,23.65676,0.000772,0.358279,FORWARD
521,16.672,124.287328,74.453283,0.048873,0.048873,0.064741,0.055522,0.051313,0.064741,0.3,86.596832,61.998572,12.81748,23.66304,0.000837,0.358267,FORWARD
522,16.704,118.331819,65.017585,0.051049,0.050722,0.05915,0.05418,0.050722,0.05915,0.3,105.443069,65.06878,12.89284,23.66304,0.000772,0.358261,FORWARD
523,16.736,111.235391,66.997387,0.055509,0.0519,0.055731,0.054579,0.0519,0.055731,0.3,110.881697,68.260349,12.97448,23.66304,0.000837,0.358259,FORWARD
524,16.768,106.641748,66.391533,0.058396,0.053773,0.053825,0.055724,0.053773,0.053825,0.3,113.9142,64.749739,13.04984,23.65676,0.000708,0.358258,FORWARD
525,16.8,108.031709,70.75367,0.057522,0.054621,0.051892,0.056263,0.054621,0.051892,0.3,116.989528,68.023908,13.1252,23.65676,0.000772,0.358258,FORWARD
526,16.832,109.134975,67.709084,0.056829,0.054875,0.048354,0.056433,0.054875,0.048354,0.3,126.259209,68.808459,13.20684,23.65676,0.000837,0.358258,FORWARD
527,16.864,99.833772,67.888168,0.061153,0.056628,0.043567,0.057849,0.056628,0.043567,0.3,144.463322,66.420687,13.28848,23.65048,0.000772,0.358258,FORWARD
528,16.896,81.584656,68.80934,0.066099,0.059526,0.039669,0.060324,0.059526,0.039669,0.3,160.578481,65.1679,13.38268,23.63164,0.000772,0.358258,FORWARD
529,16.928,68.503588,66.854783,0.3,0.3,0.037368,0.132227,0.3,0.037368,0.068449,178.273822,72.911834,13.47688,23.6128,0.000772,0.358258,FORWARD
530,16.96,65.71838,66.56633,0.3,0.29962,0.037073,0.182559,0.29962,0.037073,0.3,180.539143,70.02941,13.52712,23.6442,0.000837,0.545455,FORWARD
531,16.992,67.880024,65.962966,0.3,0.29934,0.033147,0.217791,0.29934,0.033147,0.3,210.727769,68.699801,13.62132,23.62536,0.000772,0.427083,FORWARD
532,17.024,67.677231,65.663598,0.3,0.299119,0.031559,0.242454,0.299119,0.031559,0.3,222.943725,67.663003,13.71552,23.60652,0.000772,0.385403,FORWARD
533,17.056,69.15886,63.123154,0.3,0.298917,0.029494,0.259718,0.298917,0.029494,0.3,242.467397,63.426999,13.816,23.58768,0.000837,0.369246,FORWARD
534,17.088,64.150907,65.719941,0.3,0.298817,0.027938,0.271802,0.298817,0.027938,0.3,265.636206,63.800512,13.9102,23.56884,0.000772,0.362751,FORWARD
535,17.12,72.448165,64.564947,0.068575,0.068575,0.026912,0.210834,0.068575,0.026912,0.3,280.90977,66.184307,14.0044,23.55,0.000772,0.360103,FORWARD
536,17.152,68.164717,65.808134,0.3,0.3,0.025387,0.237584,0.3,0.025387,0.3,303.620307,69.984261,14.10488,23.53116,0.000837,0.545455,FORWARD
537,17.184,70.179948,70.284679,0.3,0.299649,0.024816,0.256309,0.299649,0.024816,0.3,312.119975,65.229222,14.19908,23.51232,0.000772,0.545455,FORWARD
538,17.216,61.502859,64.686315,0.3,0.299393,0.024204,0.269416,0.299393,0.024204,0.3,321.243699,68.474002,14.29328,23.4872,0.000708,0.427083,FORWARD
539,17.248,62.270244,69.72435,0.3,0.299152,0.024306,0.278591,0.299152,0.024306,0.3,319.718798,62.232535,14.38748,23.46836,0.000772,0.385403,FORWARD
540,17.28,67.40349,64.912141,0.3,0.298937,0.023853,0.285014,0.298937,0.023853,0.3,326.467328,63.609462,14.48796,23.44952,0.000837,0.369246,FORWARD
541,17.312,68.475617,69.063479,0.3,0.298831,0.024116,0.28951,0.298831,0.024116,0.3,322.542844,68.616261,14.58216,23.43068,0.000772,0.362751,FORWARD
542,17.344,68.944245,65.605293,0.3,0.298757,0.024011,0.292657,0.298757,0.024011,0.3,324.116838,71.17596,14.67636,23.41184,0.000772,0.360103,FORWARD
543,17.376,67.508804,71.219223,0.3,0.298708,0.023816,0.29486,0.298708,0.023816,0.3,327.01785,68.315205,14.77056,23.393,0.000772,0.359017,FORWARD
544,17.408,65.964221,71.492815,0.3,0.298635,0.024957,0.296402,0.298635,0.024957,0.3,310.027638,64.848164,14.87104,23.37416,0.000837,0.35857,FORWARD
545,17.44,67.856524,62.442309,0.3,0.298628,0.026312,0.297481,0.298628,0.026312,0.3,289.853226,69.852837,14.96524,23.35532,0.000772,0.358386,FORWARD
546,17.472,71.538209,68.52006,0.3,0.298624,0.026965,0.298237,0.298624,0.026965,0.3,280.123317,63.90812,15.05944,23.33648,0.000772,0.358311,FORWARD
547,17.504,61.353015,67.922927,0.3,0.29858,0.028166,0.298766,0.29858,0.028166,0.3,262.244392,62.821897,15.15992,23.31764,0.000837,0.358279,FORWARD
548,17.536,69.662089,69.392367,0.3,0.298593,0.029672,0.299136,0.298593,0.029672,0.3,239.815542,63.479323,15.25412,23.2988,0.000772,0.358267,FORWARD
549,17.568,70.148425,61.261148,0.3,0.298601,0.031037,0.299395,0.298601,0.031037,0.3,226.957489,63.208194,15.34832,23.27996,0.000772,0.358261,FORWARD
550,17.6,66.102628,69.118535,0.3,0.298607,0.033241,0.299577,0.298607,0.033241,0.3,210.007583,62.43698,15.44252,23.26112,0.000772,0.358259,FORWARD
551,17.632,63.046985,65.217119,0.3,0.298569,0.0361,0.299704,0.298569,0.0361,0.3,188.021253,69.999175,15.543,23.24228,0.000837,0.358258,FORWARD
552,17.664,66.898752,66.451877,0.3,0.298586,0.040201,0.299793,0.298586,0.040201,0.3,157.265681,60.099396,15.6372,23.22344,0.000772,0.358258,FORWARD
553,17.696,67.210241,66.646984,0.3,0.298597,0.042325,0.299855,0.298597,0.042325,0.3,149.186158,69.3008,15.7314,23.2046,0.000772,0.358258,FORWARD
554,17.728,70.95509,67.03161,0.3,0.298604,0.044076,0.299898,0.298604,0.044076,0.3,142.52774,70.845405,15.8256,23.18576,0.000772,0.358258,FORWARD
555,17.76,72.507586,65.689883,0.068559,0.068559,0.050802,0.230497,0.068559,0.050802,0.3,118.724202,70.433504,15.9198,23.16692,0.000772,0.358258,FORWARD
556,17.792,63.67468,65.133051,0.3,0.3,0.049839,0.251348,0.3,0.049839,0.3,120.614139,67.896101,16.00144,23.16692,0.000837,0.545455,FORWARD
557,17.824,67.866068,65.858516,0.3,0.299678,0.054288,0.265943,0.299678,0.054288,0.3,113.177081,66.630521,16.0768,23.16064,0.000708,0.545455,FORWARD
558,17.856,65.431258,64.016805,0.3,0.299336,0.060729,0.27616,0.299336,0.060729,0.3,101.399278,67.452231,16.15844,23.16064,0.000837,0.427083,FORWARD
559,17.888,69.21091,60.601688,0.3,0.299117,0.064993,0.283312,0.299117,0.064993,0.067613,85.664312,75.999022,16.2338,23.16064,0.000772,0.385403,FORWARD
560,17.92,63.040335,66.17045,0.3,0.298956,0.065202,0.288319,0.298956,0.065202,0.3,84.894262,65.953172,16.27148,23.19832,0.000772,0.369246,FORWARD
561,17.952,60.513143,69.095914,0.3,0.298842,0.068323,0.291823,0.298842,0.068323,0.3,73.379551,69.689701,16.34684,23.19832,0.000772,0.362751,FORWARD
562,17.984,70.33483,69.943293,0.3,0.298724,0.068085,0.294276,0.298724,0.068085,0.3,74.255971,65.475727,16.4222,23.2046,0.000837,0.360103,FORWARD
563,18.016,70.654809,64.304114,0.3,0.298687,0.3,0.295993,0.298687,0.3,0.3,68.938207,65.347922,16.49756,23.2046,0.000772,0.359017,FORWARD
564,18.048,69.697677,73.32782,0.068337,0.068337,0.3,0.227696,0.068337,0.3,0.3,66.57926,70.87383,16.53524,23.24228,0.000772,0.35857,FORWARD
565,18.08,68.110251,66.398217,0.3,0.3,0.3,0.249387,0.3,0.3,0.3,64.278797,70.517325,16.5792,23.27996,0.000837,0.545455,FORWARD
566,18.112,70.5988,67.471191,0.3,0.299649,0.068083,0.264571,0.299649,0.068083,0.3,74.262355,63.201771,16.61688,23.31764,0.000772,0.545455,FORWARD
567,18.144,71.390914,69.548568,0.3,0.299356,0.3,0.2752,0.299356,0.3,0.3,63.830169,66.19078,16.69224,23.31764,0.000772,0.427083,FORWARD
568,18.176,62.553753,72.567068,0.068543,0.068543,0.3,0.213203,0.068543,0.3,0.3,67.302599,67.576302,16.72992,23.35532,0.000772,0.385403,FORWARD
569,18.208,66.815242,77.154406,0.0673,0.0673,0.3,0.169432,0.067484,0.3,0.3,65.99995,62.014945,16.7676,23.39928,0.000837,0.545455,FORWARD
570,18.24,70.612991,88.05621,0.064345,0.064345,0.3,0.137906,0.065701,0.3,0.3,61.814839,62.145069,16.80528,23.43696,0.000772,0.427083,FORWARD
571,18.272,64.881515,90.683446,0.063633,0.063633,0.3,0.115624,0.064429,0.3,0.3,68.471641,68.911215,16.84296,23.47464,0.000772,0.385403,FORWARD
572,18.304,65.544602,87.464927,0.064505,0.06397,0.068404,0.100288,0.06397,0.068404,0.3,73.080753,66.089301,16.88064,23.51232,0.000772,0.369246,FORWARD
573,18.336,66.307227,100.450945,0.060986,0.060986,0.3,0.088498,0.062396,0.3,0.3,64.572688,66.219542,16.956,23.51232,0.000772,0.362751,FORWARD
574,18.368,63.983667,102.559022,0.060415,0.060415,0.3,0.080073,0.061188,0.3,0.3,66.567163,65.860224,16.99368,23.55,0.000772,0.360103,FORWARD
575,18.4,68.845425,95.54481,0.062316,0.061098,0.3,0.074746,0.061098,0.3,0.3,68.486458,60.286166,17.03136,23.58768,0.000772,0.359017,FORWARD
576,18.432,68.98343,116.010957,0.052507,0.052507,0.3,0.068074,0.057481,0.3,0.3,67.202326,65.758812,17.07532,23.62536,0.000837,0.35857,FORWARD
577,18.464,65.208042,110.253259,0.056126,0.056126,0.3,0.06449,0.056458,0.3,0.3,64.566412,68.013925,17.113,23.66932,0.000837,0.358386,FORWARD
578,18.496,69.864736,104.825634,0.059538,0.057066,0.3,0.063004,0.057066,0.3,0.3,66.298769,66.607748,17.15068,23.707,0.000772,0.358311,FORWARD
579,18.528,70.606044,115.413589,0.052883,0.052883,0.3,0.059968,0.055072,0.3,0.3,66.47256,67.166007,17.18836,23.74468,0.000772,0.358279,FORWARD
580,18.56,65.971957,118.099039,0.051195,0.051195,0.3,0.057336,0.053187,0.3,0.3,71.536189,70.491679,17.22604,23.78236,0.000772,0.358267,FORWARD
581,18.592,66.975963,113.460312,0.05411,0.053022,0.3,0.056368,0.053022,0.3,0.3,62.43664,68.913312,17.26372,23.82004,0.000772,0.358261,FORWARD
582,18.624,66.709494,134.732101,0.046126,0.046126,0.3,0.053296,0.050056,0.3,0.3,65.246893,65.276649,17.3014,23.85772,0.000772,0.358259,FORWARD
583,18.656,70.00565,127.414609,0.04805,0.04805,0.3,0.051722,0.048842,0.3,0.3,69.223369,69.157773,17.33908,23.8954,0.000772,0.358258,FORWARD
584,18.688,68.861975,128.191694,0.047846,0.047846,0.3,0.050559,0.047989,0.3,0.3,60.594304,66.44652,17.37676,23.93308,0.000772,0.358258,FORWARD
585,18.72,68.615868,146.203082,0.04311,0.04311,0.3,0.048324,0.045787,0.3,0.3,66.585342,69.951926,17.41444,23.96448,0.000708,0.358258,FORWARD
586,18.752,68.31409,145.261538,0.043357,0.043357,0.3,0.046834,0.044462,0.3,0.3,63.265808,71.354729,17.44584,24.00216,0.000708,0.358258,FORWARD
587,18.784,66.056292,149.424573,0.042263,0.042263,0.3,0.045463,0.043261,0.3,0.3,64.487187,70.843826,17.47724,24.03356,0.000644,0.358258,FORWARD
588,18.816,66.615954,160.363767,0.039697,0.039697,0.068309,0.043733,0.041571,0.068389,0.068309,73.135615,73.429905,17.50864,24.06496,0.000644,0.358258,TURN_LEFT
589,18.848,66.657361,145.514831,0.043291,0.042146,0.068475,0.0436,0.042146,0.068475,0.3,72.818393,62.133516,17.43328,24.1466,6.4e-05,0.358258,TURN_RIGHT
590,18.88,67.619614,147.121671,0.042868,0.042446,0.3,0.043381,0.042446,0.3,0.3,64.039893,67.857236,17.50864,24.06496,-6.4e-05,0.358258,TURN_LEFT
591,18.912,65.963931,144.270462,0.043618,0.042825,0.3,0.043452,0.042825,0.3,0.3,68.157768,67.730488,17.43328,24.1466,6.4e-05,0.358258,TURN_LEFT
592,18.944,67.666804,130.930523,0.047126,0.044366,0.065406,0.044554,0.044366,0.3,0.065406,67.625495,84.14161,17.35164,24.22824,0.0,0.358258,TURN_LEFT
593,18.976,63.07754,114.740756,0.053306,0.04761,0.06043,0.04718,0.04761,0.3,0.06043,63.588309,102.505044,17.27,24.3036,-6.4e-05,0.358258,TURN_LEFT
594,19.008,62.987028,65.654748,0.3,0.3,0.049961,0.123026,0.3,0.3,0.049961,69.012499,120.148844,17.18836,24.38524,0.0,0.358258,TURN_LEFT
595,19.04,64.229471,72.349628,0.3,0.299971,0.050374,0.176118,0.299971,0.3,0.050374,62.211992,119.404335,17.113,24.46688,6.4e-05,0.545455,TURN_LEFT
596,19.072,66.13873,72.574386,0.068541,0.068541,0.047528,0.143845,0.068541,0.3,0.047528,65.337822,129.400836,17.03136,24.54852,0.0,0.427083,TURN_LEFT
597,19.104,61.742609,67.798107,0.3,0.3,0.042779,0.190691,0.3,0.3,0.042779,66.910153,147.462396,16.94972,24.62388,-6.4e-05,0.545455,FORWARD
598,19.136,66.30096,67.594611,0.3,0.29962,0.04123,0.223484,0.29962,0.3,0.04123,67.530254,153.351509,16.93088,24.72436,0.000837,0.545455,FORWARD
599,19.168,72.884528,64.877538,0.068457,0.068457,0.037067,0.176976,0.068457,0.3,0.037067,71.018379,180.58857,16.91204,24.81856,0.000772,0.427083,FORWARD
600,19.2,67.387731,69.887405,0.3,0.3,0.03656,0.213883,0.3,0.3,0.03656,69.697955,184.483541,16.8932,24.91276,0.000772,0.545455,FORWARD
601,19.232,68.653423,65.91702,0.3,0.299649,0.034053,0.239718,0.299649,0.3,0.034053,61.700918,203.759223,16.87436,25.00696,0.000772,0.545455,FORWARD
602,19.264,67.524667,65.471355,0.3,0.299356,0.031975,0.257803,0.299356,0.3,0.031975,68.767106,219.744805,16.85552,25.10116,0.000772,0.427083,FORWARD
603,19.296,67.722913,68.037323,0.3,0.29909,0.031391,0.270462,0.29909,0.3,0.031391,70.11259,224.23479,16.83668,25.20164,0.000837,0.385403,FORWARD
604,19.328,62.42624,72.413311,0.068584,0.068584,0.031634,0.209899,0.068584,0.3,0.031634,62.960285,222.366646,16.81784,25.29584,0.000772,0.369246,FORWARD
605,19.36,69.585839,66.837348,0.3,0.3,0.029871,0.236929,0.3,0.3,0.029871,69.541587,236.852628,16.799,25.39632,0.000837,0.545455,FORWARD
606,19.392,63.231205,68.2788,0.3,0.299649,0.028975,0.25585,0.299649,0.068496,0.028975,72.738858,250.200201,16.78016,25.49052,0.000772,0.545455,FORWARD
607,19.424,67.309902,63.584054,0.3,0.299356,0.029582,0.269095,0.299356,0.3,0.029582,63.484076,241.150588,16.80528,25.54076,0.000772,0.427083,FORWARD
608,19.456,69.358662,66.276426,0.3,0.29913,0.028788,0.278367,0.29913,0.3,0.028788,64.423751,252.984523,16.78644,25.63496,0.000772,0.385403,FORWARD
609,19.488,67.528349,63.570811,0.3,0.298964,0.029429,0.284857,0.298964,0.3,0.029429,69.987813,243.436632,16.76132,25.73544,0.000772,0.369246,FORWARD
610,19.52,65.015783,64.778593,0.3,0.298847,0.029018,0.2894,0.298847,0.3,0.029018,64.007573,249.552086,16.74248,25.82964,0.000772,0.362751,FORWARD
611,19.552,67.797042,69.174344,0.3,0.298768,0.029727,0.29258,0.298768,0.3,0.029727,67.251647,238.996257,16.72364,25.92384,0.000772,0.360103,FORWARD
612,19.584,69.83771,69.637996,0.3,0.298674,0.031032,0.294806,0.298674,0.3,0.031032,65.94402,226.994118,16.7048,26.02432,0.000837,0.359017,FORWARD
613,19.616,68.961344,66.901413,0.3,0.298654,0.029981,0.296364,0.298654,0.3,0.029981,66.121507,235.21439,16.68596,26.11852,0.000772,0.35857,FORWARD
614,19.648,64.135941,63.789371,0.3,0.298641,0.032644,0.297455,0.298641,0.068463,0.032644,72.862572,214.594171,16.66712,26.21272,0.000772,0.358386,FORWARD
615,19.68,64.337114,77.320862,0.067255,0.067255,0.033804,0.228395,0.067255,0.3,0.033804,66.400535,205.673882,16.69224,26.26296,0.000772,0.358311,FORWARD
616,19.712,66.758273,67.46987,0.3,0.3,0.035377,0.249876,0.3,0.3,0.035377,68.148647,193.584417,16.6734,26.35716,0.000772,0.545455,FORWARD
617,19.744,63.654087,65.519529,0.3,0.29962,0.036027,0.264913,0.29962,0.3,0.036027,68.780441,188.581861,16.65456,26.45764,0.000837,0.545455,FORWARD
618,19.776,73.509011,67.298659,0.068288,0.068288,0.3,0.205926,0.068288,0.3,0.3,71.545334,71.603096,16.63572,26.55184,0.000772,0.427083,FORWARD
619,19.808,67.891295,66.31234,0.3,0.3,0.3,0.234148,0.3,0.3,0.3,66.828049,66.252245,16.6734,26.58952,0.000772,0.545455,FORWARD
620,19.84,65.360637,60.263626,0.3,0.299649,0.3,0.253904,0.299649,0.3,0.3,65.977042,69.280675,16.71108,26.6272,0.000772,0.545455,FORWARD
621,19.872,65.714413,65.327028,0.3,0.299319,0.3,0.267733,0.299319,0.3,0.3,64.139525,66.294203,16.75504,26.66488,0.000837,0.427083,FORWARD
622,19.904,61.4628,69.944955,0.3,0.299107,0.3,0.277413,0.299107,0.3,0.3,65.541143,69.93692,16.79272,26.70256,0.000772,0.385403,FORWARD
623,19.936,71.959265,68.386286,0.3,0.29895,0.3,0.284189,0.29895,0.3,0.3,65.545228,65.616668,16.8304,26.74024,0.000772,0.369246,FORWARD
624,19.968,64.571493,66.221995,0.3,0.298797,0.3,0.288932,0.298797,0.3,0.3,68.368015,62.045758,16.86808,26.7842,0.000837,0.362751,FORWARD
625,20.0,61.783454,69.52354,0.3,0.298736,0.3,0.292253,0.298736,0.3,0.3,69.918101,66.473795,16.90576,26.82188,0.000772,0.360103,FORWARD
626,20.032,63.061051,66.836649,0.3,0.298695,0.3,0.294577,0.298695,0.3,0.3,68.449766,70.389794,16.94344,26.85956,0.000772,0.359017,FORWARD
627,20.064,68.333525,68.559211,0.3,0.298667,0.3,0.296204,0.298667,0.3,0.3,62.611611,63.958903,16.98112,26.89724,0.000772,0.35857,FORWARD
628,20.096,62.036761,66.745651,0.3,0.298649,0.3,0.297343,0.298649,0.3,0.3,69.060471,66.700132,17.0188,26.93492,0.000772,0.358386,FORWARD
629,20.128,70.784489,68.458935,0.3,0.298638,0.06851,0.29814,0.298638,0.06851,0.3,72.688046,61.651779,17.05648,26.9726,0.000772,0.358311,FORWARD
630,20.16,63.091966,68.462222,0.3,0.298589,0.067787,0.298698,0.298589,0.067787,0.3,75.35728,65.68018,17.13812,26.9726,0.000837,0.358279,FORWARD
631,20.192,71.428034,60.346775,0.3,0.298557,0.067433,0.299089,0.298557,0.067433,0.3,76.663561,70.150449,17.21348,26.97888,0.000837,0.358267,FORWARD
632,20.224,65.541912,64.62083,0.3,0.298578,0.064625,0.299362,0.298578,0.064625,0.3,87.022726,68.310733,17.28884,26.97888,0.000772,0.358261,FORWARD
633,20.256,65.781519,72.180014,0.3,0.298592,0.062058,0.299553,0.298592,0.062058,0.3,96.496629,66.393172,17.3642,26.97888,0.000772,0.358259,FORWARD
634,20.288,70.274638,67.865471,0.3,0.298601,0.061299,0.299687,0.298601,0.061299,0.3,99.296022,66.89174,17.43956,26.97888,0.000772,0.358258,FORWARD
635,20.32,69.400434,69.088279,0.3,0.298606,0.061135,0.299781,0.298606,0.061135,0.06757,99.903603,76.157379,17.51492,26.97888,0.000772,0.358258,FORWARD
636,20.352,64.782519,64.45336,0.3,0.29861,0.060856,0.299847,0.29861,0.060856,0.3,100.931159,69.146689,17.5526,27.01656,0.000772,0.358258,FORWARD
637,20.384,61.634058,68.69284,0.3,0.298612,0.059329,0.299893,0.298612,0.059329,0.3,105.158345,68.786817,17.62796,27.01656,0.000772,0.358258,FORWARD
638,20.416,68.559598,64.589993,0.3,0.298572,0.061296,0.299925,0.298572,0.061296,0.3,99.307931,60.020153,17.7096,27.01656,0.000837,0.358258,FORWARD
639,20.448,68.999691,66.462724,0.3,0.298588,0.058859,0.299947,0.298588,0.058859,0.3,105.905963,65.259681,17.78496,27.01656,0.000772,0.358258,FORWARD
640,20.48,68.248984,68.365222,0.3,0.298598,0.057734,0.299963,0.298598,0.057734,0.3,107.695604,64.359469,17.86032,27.01656,0.000772,0.358258,FORWARD
641,20.512,69.022464,69.417262,0.3,0.298605,0.056583,0.299974,0.298605,0.056583,0.3,109.526485,62.518304,17.93568,27.01656,0.000772,0.358258,FORWARD
642,20.544,64.864789,67.260594,0.3,0.298568,0.057917,0.299982,0.298568,0.057917,0.3,107.403871,68.592179,18.01732,27.01656,0.000837,0.358258,FORWARD
643,20.576,69.285397,67.547247,0.3,0.298585,0.3,0.299987,0.298585,0.3,0.3,71.679891,63.034496,18.09268,27.01656,0.000772,0.358258,FORWARD
644,20.608,69.327158,63.032297,0.3,0.298596,0.3,0.299991,0.298596,0.3,0.3,67.867578,67.901755,18.13036,27.05424,0.000772,0.358258,FORWARD
645,20.64,63.60761,65.353043,0.3,0.298603,0.3,0.299994,0.298603,0.3,0.3,62.204988,68.438148,18.16804,27.09192,0.000772,0.358258,FORWARD
646,20.672,60.261182,65.129441,0.3,0.298608,0.3,0.299996,0.298608,0.3,0.3,67.133879,69.16172,18.20572,27.1296,0.000772,0.358258,FORWARD
647,20.704,66.29973,67.81607,0.3,0.29857,0.3,0.299997,0.29857,0.3,0.3,68.673737,69.426805,18.24968,27.16728,0.000837,0.358258,FORWARD
648,20.736,65.550529,65.176559,0.3,0.298586,0.3,0.299998,0.298586,0.3,0.3,66.602335,70.122656,18.28736,27.20496,0.000772,0.358258,FORWARD
649,20.768,67.988379,69.847297,0.3,0.298597,0.3,0.299999,0.298597,0.3,0.3,61.686861,67.188687,18.32504,27.24264,0.000772,0.358258,FORWARD
650,20.8,68.59361,70.03918,0.3,0.298604,0.3,0.299999,0.298604,0.3,0.3,67.402831,62.143853,18.36272,27.28032,0.000772,0.358258,FORWARD
651,20.832,68.939031,68.433318,0.3,0.298567,0.3,0.299999,0.298567,0.3,0.3,71.382649,65.942534,18.4004,27.32428,0.000837,0.358258,FORWARD
652,20.864,67.307272,62.888906,0.3,0.298585,0.3,0.299999,0.298585,0.3,0.3,69.271255,67.818746,18.43808,27.36196,0.000772,0.358258,FORWARD
653,20.896,63.326036,69.955765,0.3,0.298596,0.3,0.3,0.298596,0.3,0.3,63.826802,60.548977,18.47576,27.39964,0.000772,0.358258,FORWARD
654,20.928,63.416363,68.630435,0.3,0.298603,0.3,0.3,0.298603,0.3,0.3,66.471489,64.988971,18.51344,27.43732,0.000772,0.358258,FORWARD
655,20.96,67.099811,63.278977,0.3,0.298608,0.3,0.3,0.298608,0.3,0.3,71.922814,66.271404,18.55112,27.475,0.000772,0.358258,FORWARD
656,20.992,64.882726,70.904786,0.3,0.29857,0.3,0.3,0.29857,0.3,0.3,71.244881,62.753708,18.59508,27.51268,0.000837,0.358258,FORWARD
657,21.024,68.344003,66.200094,0.3,0.298586,0.3,0.3,0.298586,0.3,0.3,65.991266,64.953879,18.63276,27.55036,0.000772,0.358258,FORWARD
658,21.056,63.562265,71.104634,0.3,0.298597,0.3,0.3,0.298597,0.3,0.3,64.950175,66.391653,18.67044,27.58804,0.000772,0.358258,FORWARD
659,21.088,65.861912,62.852891,0.3,0.298563,0.3,0.3,0.298563,0.3,0.3,65.288568,65.644313,18.70812,27.632,0.000837,0.358258,FORWARD
660,21.12,69.329032,64.325852,0.3,0.298582,0.3,0.3,0.298582,0.3,0.3,70.541854,63.110516,18.7458,27.66968,0.000772,0.358258,FORWARD
661,21.152,64.594882,63.318042,0.3,0.298594,0.3,0.3,0.298594,0.3,0.3,67.07384,68.408671,18.78348,27.70736,0.000772,0.358258,FORWARD
662,21.184,62.122387,67.411356,0.3,0.298602,0.3,0.3,0.298602,0.3,0.3,64.360865,66.79898,18.82116,27.74504,0.000772,0.358258,FORWARD
663,21.216,65.240066,72.529351,0.068553,0.068553,0.3,0.230566,0.068553,0.3,0.3,69.381009,67.979497,18.85884,27.78272,0.000772,0.358258,FORWARD
664,21.248,67.188077,65.580408,0.3,0.3,0.3,0.251396,0.3,0.3,0.3,64.238827,65.910282,18.89652,27.8204,0.000772,0.545455,FORWARD
665,21.28,75.479446,66.980332,0.067754,0.067754,0.3,0.196303,0.067754,0.3,0.3,68.118541,62.202138,18.94048,27.85808,0.000837,0.545455,FORWARD
666,21.312,63.614629,65.254746,0.3,0.3,0.3,0.227412,0.3,0.3,0.3,67.07457,68.634924,18.97816,27.89576,0.000772,0.545455,FORWARD
667,21.344,64.354044,66.777134,0.3,0.299649,0.3,0.249189,0.299649,0.3,0.3,71.700846,58.4149,19.01584,27.93344,0.000772,0.545455,FORWARD
668,21.376,66.473927,66.21314,0.3,0.299319,0.3,0.264432,0.299319,0.3,0.3,66.438098,72.056833,19.05352,27.9774,0.000837,0.427083,FORWARD
669,21.408,63.816411,69.778124,0.3,0.299107,0.3,0.275102,0.299107,0.3,0.3,69.067282,69.40078,19.0912,28.01508,0.000772,0.385403,FORWARD
670,21.44,66.40763,66.954555,0.3,0.29895,0.3,0.282572,0.29895,0.3,0.3,69.942835,65.772442,19.12888,28.05276,0.000772,0.369246,FORWARD
671,21.472,69.448716,67.49027,0.3,0.298838,0.06845,0.2878,0.298838,0.3,0.06845,67.913189,72.910032,19.16656,28.09044,0.000772,0.362751,FORWARD
672,21.504,70.796532,62.739855,0.3,0.298762,0.3,0.29146,0.298762,0.3,0.3,63.370973,63.805932,19.16656,28.1658,0.000772,0.360103,FORWARD
673,21.536,60.985316,65.018576,0.3,0.29867,0.3,0.294022,0.29867,0.3,0.3,68.260118,66.67578,19.21052,28.20348,0.000837,0.359017,FORWARD
674,21.568,70.252641,63.037941,0.3,0.298652,0.3,0.295815,0.298652,0.3,0.3,69.231359,66.935374,19.2482,28.24116,0.000772,0.35857,FORWARD
675,21.6,68.815681,66.645375,0.3,0.298639,0.3,0.297071,0.298639,0.3,0.3,60.506711,69.028843,19.28588,28.27884,0.000772,0.358386,FORWARD
676,21.632,67.885169,66.996138,0.3,0.298631,0.3,0.29795,0.298631,0.3,0.3,68.663838,64.626307,19.32356,28.31652,0.000772,0.358311,FORWARD
677,21.664,63.059643,66.201398,0.3,0.298626,0.3,0.298565,0.298626,0.3,0.3,66.406901,65.782961,19.36124,28.3542,0.000772,0.358279,FORWARD
678,21.696,71.662145,67.323292,0.3,0.298581,0.3,0.298995,0.298581,0.3,0.3,68.404685,67.917305,19.39892,28.39816,0.000837,0.358267,FORWARD
679,21.728,66.720167,65.657686,0.3,0.298594,0.3,0.299297,0.298594,0.3,0.3,69.384408,66.486143,19.4366,28.43584,0.000772,0.358261,FORWARD
680,21.76,63.597525,63.460433,0.3,0.298602,0.3,0.299508,0.298602,0.3,0.3,67.009164,67.629735,19.47428,28.47352,0.000772,0.358259,FORWARD
681,21.792,67.769719,63.040665,0.3,0.298607,0.3,0.299655,0.298607,0.3,0.3,63.851294,67.195059,19.51196,28.5112,0.000772,0.358258,FORWARD
682,21.824,70.681594,68.763618,0.3,0.298569,0.3,0.299759,0.298569,0.3,0.3,66.120163,69.097098,19.55592,28.54888,0.000837,0.358258,FORWARD
683,21.856,62.863838,69.953559,0.3,0.298586,0.3,0.299831,0.298586,0.3,0.3,68.098024,66.998551,19.5936,28.58656,0.000772,0.358258,FORWARD
684,21.888,67.985111,65.309093,0.3,0.298597,0.3,0.299882,0.298597,0.3,0.3,64.826267,61.653665,19.63128,28.62424,0.000772,0.358258,FORWARD
685,21.92,68.938265,68.642386,0.3,0.298604,0.06857,0.299917,0.298604,0.06857,0.3,72.465755,70.939624,19.66896,28.66192,0.000772,0.358258,FORWARD
686,21.952,67.713102,69.859736,0.3,0.298567,0.068448,0.299942,0.298567,0.3,0.068448,64.181626,72.915418,19.74432,28.6682,0.000837,0.358258,FORWARD
687,21.984,70.677493,62.457339,0.3,0.298585,0.3,0.299959,0.298585,0.3,0.3,68.284921,61.880239,19.74432,28.74356,0.000772,0.358258,FORWARD
688,22.016,68.138461,64.202752,0.3,0.298596,0.3,0.299972,0.298596,0.3,0.3,68.721177,68.212277,19.782,28.78124,0.000772,0.358258,FORWARD
689,22.048,64.716386,67.591053,0.3,0.298603,0.3,0.29998,0.298603,0.3,0.3,71.419327,61.718235,19.81968,28.81892,0.000772,0.358258,FORWARD
690,22.08,69.982901,65.512802,0.3,0.298608,0.3,0.299986,0.298608,0.3,0.3,67.154736,65.18105,19.85736,28.8566,0.000772,0.358258,FORWARD
691,22.112,66.554287,59.906385,0.3,0.29857,0.3,0.29999,0.29857,0.3,0.3,67.686257,68.623917,19.90132,28.89428,0.000837,0.358258,FORWARD
692,22.144,68.937172,64.937728,0.3,0.298586,0.068591,0.299993,0.298586,0.3,0.068591,66.998015,72.387596,19.939,28.93196,0.000772,0.358258,FORWARD
693,22.176,68.435453,67.894534,0.3,0.298597,0.3,0.299995,0.298597,0.3,0.3,68.172386,62.356789,19.939,29.00732,0.000772,0.358258,FORWARD
694,22.208,64.472403,66.896352,0.3,0.298604,0.3,0.299997,0.298604,0.3,0.3,67.986826,62.644232,19.97668,29.045,0.000772,0.358258,FORWARD
695,22.24,61.265936,66.393986,0.3,0.298608,0.3,0.299998,0.298608,0.3,0.3,70.232158,63.461541,20.01436,29.08268,0.000772,0.358258,FORWARD
696,22.272,68.265446,72.110104,0.3,0.29857,0.3,0.299998,0.29857,0.3,0.3,69.151172,68.397799,20.05204,29.12664,0.000837,0.358258,FORWARD
697,22.304,73.996649,65.388755,0.068155,0.068155,0.3,0.230445,0.068155,0.3,0.3,67.764004,67.307041,20.08972,29.16432,0.000772,0.358258,FORWARD
698,22.336,62.73331,67.375643,0.3,0.3,0.3,0.251312,0.3,0.3,0.3,66.945289,66.135615,20.13368,29.202,0.000837,0.545455,FORWARD
699,22.368,65.111242,62.642374,0.3,0.299649,0.3,0.265918,0.299649,0.3,0.3,68.594199,66.368936,20.17136,29.23968,0.000772,0.545455,FORWARD
700,22.4,73.437872,73.540891,0.068279,0.068279,0.3,0.206626,0.068279,0.3,0.3,65.879413,62.49989,20.20904,29.27736,0.000772,0.427083,FORWARD
701,22.432,64.291905,70.288684,0.3,0.3,0.3,0.234639,0.3,0.3,0.3,62.453976,65.201723,20.24672,29.31504,0.000772,0.545455,FORWARD
702,22.464,68.119431,69.569758,0.3,0.299649,0.3,0.254247,0.299649,0.3,0.3,65.842844,63.703972,20.2844,29.35272,0.000772,0.545455,FORWARD
703,22.496,68.579198,69.826698,0.3,0.299356,0.068255,0.267973,0.299356,0.3,0.068255,71.884664,73.629128,20.32208,29.3904,0.000772,0.427083,FORWARD
704,22.528,63.200929,69.697943,0.3,0.29913,0.3,0.277581,0.29913,0.3,0.3,67.879004,64.279807,20.32208,29.46576,0.000772,0.385403,FORWARD
705,22.56,66.456556,65.395753,0.3,0.298964,0.3,0.284307,0.298964,0.3,0.3,67.165244,66.962547,20.35976,29.50344,0.000772,0.369246,FORWARD
706,22.592,69.493839,67.904002,0.3,0.298765,0.3,0.289015,0.298765,0.3,0.3,62.823831,68.714874,20.40372,29.5474,0.000901,0.362751,FORWARD
707,22.624,67.886783,66.92838,0.3,0.298716,0.3,0.29231,0.298716,0.3,0.3,69.258313,67.457086,20.4414,29.58508,0.000772,0.360103,FORWARD
708,22.656,69.003706,73.366074,0.068326,0.068326,0.068593,0.225115,0.068326,0.3,0.068593,66.571658,72.3811,20.47908,29.62276,0.000772,0.359017,FORWARD
709,22.688,65.361941,69.625834,0.3,0.3,0.3,0.247581,0.3,0.3,0.3,71.583578,68.220121,20.47908,29.69812,0.000772,0.545455,FORWARD
710,22.72,68.22472,72.005647,0.3,0.299649,0.3,0.263306,0.299649,0.3,0.3,68.241979,70.31944,20.51676,29.7358,0.000772,0.545455,FORWARD
711,22.752,70.035451,64.765404,0.3,0.299356,0.3,0.274314,0.299356,0.3,0.3,67.179793,62.868494,20.55444,29.77348,0.000772,0.427083,FORWARD
712,22.784,70.032973,70.092653,0.3,0.29913,0.3,0.28202,0.29913,0.3,0.3,68.080218,64.994737,20.59212,29.81116,0.000772,0.385403,FORWARD
713,22.816,67.149522,71.643136,0.3,0.298964,0.3,0.287414,0.298964,0.3,0.3,68.881488,68.401151,20.6298,29.84884,0.000772,0.369246,FORWARD
714,22.848,67.741765,63.837406,0.3,0.298806,0.3,0.29119,0.298806,0.3,0.3,69.083272,71.097258,20.67376,29.88652,0.000837,0.362751,FORWARD
715,22.88,70.361889,63.897357,0.3,0.298742,0.3,0.293833,0.298742,0.3,0.3,61.974514,72.069891,20.71144,29.9242,0.000772,0.360103,FORWARD
716,22.912,65.785211,69.611496,0.3,0.298657,0.3,0.295683,0.298657,0.3,0.3,63.94109,70.260303,20.74912,29.96816,0.000837,0.359017,FORWARD
717,22.944,65.39475,68.819955,0.3,0.298643,0.068255,0.296978,0.298643,0.3,0.068255,70.194786,73.63007,20.7868,30.00584,0.000772,0.35857,FORWARD
718,22.976,63.440734,64.966557,0.3,0.298634,0.3,0.297885,0.298634,0.3,0.3,63.4347,67.008034,20.7868,30.0812,0.000772,0.358386,FORWARD
719,23.008,62.884849,69.270896,0.3,0.298628,0.3,0.298519,0.298628,0.3,0.3,68.966714,68.14496,20.82448,30.11888,0.000772,0.358311,FORWARD
720,23.04,68.100621,71.807479,0.3,0.298624,0.3,0.298963,0.298624,0.3,0.3,64.359804,69.282851,20.86216,30.15656,0.000772,0.358279,FORWARD
721,23.072,68.87972,72.580899,0.068539,0.068539,0.3,0.229836,0.068539,0.3,0.3,68.236575,66.364884,20.89984,30.19424,0.000772,0.358267,FORWARD
722,23.104,70.645909,66.855026,0.3,0.3,0.3,0.250885,0.3,0.3,0.3,65.320314,68.531665,20.9438,30.23192,0.000837,0.545455,FORWARD
723,23.136,66.166879,71.739227,0.3,0.299649,0.3,0.26562,0.299649,0.3,0.3,61.968241,67.787458,20.98148,30.2696,0.000772,0.545455,FORWARD
724,23.168,73.256961,64.530342,0.068356,0.068356,0.3,0.206441,0.068356,0.3,0.3,70.563348,65.927501,21.01916,30.30728,0.000772,0.427083,FORWARD
725,23.2,67.490515,69.562438,0.3,0.3,0.3,0.234508,0.3,0.3,0.3,65.018266,68.079632,21.05684,30.34496,0.000772,0.545455,FORWARD
726,23.232,71.535389,70.515823,0.3,0.29962,0.3,0.254156,0.29962,0.3,0.3,65.416875,70.223675,21.09452,30.38892,0.000837,0.545455,FORWARD
727,23.264,70.505738,75.034569,0.067874,0.067874,0.3,0.198271,0.067874,0.3,0.3,66.732786,64.220889,21.1322,30.4266,0.000772,0.427083,FORWARD
728,23.296,69.558776,63.955966,0.3,0.3,0.3,0.22879,0.3,0.3,0.3,67.56746,63.845541,21.16988,30.46428,0.000772,0.545455,FORWARD
729,23.328,70.72136,65.236587,0.3,0.299649,0.068193,0.250153,0.299649,0.068193,0.3,73.857608,65.629609,21.20756,30.50196,0.000772,0.545455,FORWARD
730,23.36,64.886004,69.007599,0.3,0.299356,0.3,0.265107,0.299356,0.3,0.3,69.702592,69.164068,21.28292,30.50196,0.000772,0.427083,FORWARD
731,23.392,68.851752,67.61546,0.3,0.29913,0.3,0.275575,0.29913,0.3,0.3,65.030355,59.238283,21.3206,30.53964,0.000772,0.385403,FORWARD
732,23.424,72.718075,67.905739,0.068502,0.068502,0.3,0.213453,0.068502,0.3,0.3,71.513583,68.827366,21.36456,30.57732,0.000837,0.369246,FORWARD
733,23.456,62.547586,63.938169,0.3,0.3,0.3,0.239417,0.3,0.3,0.3,66.870432,60.540668,21.40224,30.615,0.000772,0.545455,FORWARD
734,23.488,64.564391,65.16427,0.3,0.29962,0.068232,0.257592,0.29962,0.068232,0.3,73.715615,68.241417,21.43992,30.65896,0.000837,0.545455,FORWARD
735,23.52,64.022322,64.512245,0.3,0.29934,0.3,0.270314,0.29934,0.3,0.3,69.678319,68.901283,21.51528,30.65896,0.000772,0.427083,FORWARD
736,23.552,67.10387,67.688857,0.3,0.299119,0.3,0.27922,0.299119,0.3,0.3,61.153936,63.993118,21.55296,30.69664,0.000772,0.385403,FORWARD
737,23.584,66.197322,70.946839,0.3,0.298957,0.3,0.285454,0.298957,0.3,0.3,64.164325,67.356502,21.59064,30.73432,0.000772,0.369246,FORWARD
738,23.616,67.079852,69.543309,0.3,0.298843,0.3,0.289818,0.298843,0.3,0.3,66.089513,66.915918,21.62832,30.772,0.000772,0.362751,FORWARD
739,23.648,64.625433,71.054127,0.3,0.298766,0.3,0.292872,0.298766,0.3,0.3,69.690996,65.816887,21.666,30.80968,0.000772,0.360103,FORWARD
740,23.68,66.786766,65.281593,0.3,0.298714,0.3,0.295011,0.298714,0.3,0.3,68.086521,68.858485,21.70368,30.84736,0.000772,0.359017,FORWARD
741,23.712,65.775575,63.836687,0.3,0.298597,0.3,0.296508,0.298597,0.3,0.3,67.8849,63.844593,21.74764,30.89132,0.000901,0.35857,FORWARD
742,23.744,68.072158,67.273338,0.3,0.298604,0.3,0.297555,0.298604,0.3,0.3,64.544717,66.522094,21.78532,30.929,0.000772,0.358386,FORWARD
743,23.776,71.839248,65.228828,0.3,0.298609,0.3,0.298289,0.298609,0.3,0.3,67.05649,64.224142,21.823,30.96668,0.000772,0.358311,FORWARD
744,23.808,63.558249,69.699698,0.3,0.298611,0.3,0.298802,0.298611,0.3,0.3,64.364598,67.729045,21.86068,31.00436,0.000772,0.358279,FORWARD
745,23.84,70.227688,66.131934,0.3,0.298613,0.06778,0.299161,0.298613,0.06778,0.3,75.381887,67.486666,21.89836,31.04204,0.000772,0.358267,FORWARD
746,23.872,65.495972,64.549452,0.3,0.298614,0.3,0.299413,0.298614,0.3,0.3,69.342487,64.161987,21.97372,31.04204,0.000772,0.358261,FORWARD
747,23.904,70.109052,67.764973,0.3,0.298615,0.3,0.299589,0.298615,0.3,0.3,67.266028,71.459742,22.0114,31.07972,0.000772,0.358259,FORWARD
748,23.936,69.917302,70.692576,0.3,0.298616,0.3,0.299712,0.298616,0.3,0.3,65.537748,66.28713,22.04908,31.1174,0.000772,0.358258,FORWARD
749,23.968,70.228439,66.154841,0.3,0.298575,0.3,0.299799,0.298575,0.3,0.3,71.190109,65.267157,22.08676,31.16136,0.000837,0.358258,FORWARD
750,24.0,60.778952,58.641329,0.3,0.298589,0.3,0.299859,0.298589,0.3,0.3,67.175685,57.449453,22.12444,31.19904,0.000772,0.358258,FORWARD
751,24.032,71.113659,64.000426,0.3,0.298558,0.3,0.299901,0.298558,0.3,0.3,71.264294,70.279855,22.1684,31.23672,0.000837,0.358258,FORWARD
752,24.064,61.758056,67.954826,0.3,0.298579,0.3,0.299931,0.298579,0.3,0.3,64.423697,62.75665,22.20608,31.2744,0.000772,0.358258,FORWARD
753,24.096,67.125542,64.58963,0.3,0.298592,0.3,0.299952,0.298592,0.3,0.3,66.387705,70.12107,22.24376,31.31208,0.000772,0.358258,FORWARD
754,24.128,67.240907,64.975808,0.3,0.298601,0.3,0.299966,0.298601,0.3,0.3,62.289812,69.016821,22.28144,31.34976,0.000772,0.358258,FORWARD
755,24.16,68.579135,71.647304,0.3,0.298606,0.3,0.299976,0.298606,0.3,0.3,71.360545,66.892468,22.31912,31.38744,0.000772,0.358258,FORWARD
756,24.192,63.177576,68.0872,0.3,0.29861,0.3,0.299983,0.29861,0.3,0.3,71.364388,66.038566,22.3568,31.42512,0.000772,0.358258,FORWARD
757,24.224,69.097056,65.442136,0.3,0.298612,0.3,0.299988,0.298612,0.3,0.3,68.207168,67.549394,22.39448,31.4628,0.000772,0.358258,FORWARD
758,24.256,64.410455,68.213491,0.3,0.298572,0.068251,0.299992,0.298572,0.068251,0.3,73.643254,59.319593,22.43216,31.50676,0.000837,0.358258,FORWARD
759,24.288,63.180058,63.478969,0.3,0.298588,0.3,0.299994,0.298588,0.3,0.3,63.531026,71.707655,22.50752,31.50676,0.000772,0.358258,FORWARD
760,24.32,63.521868,68.774752,0.3,0.298598,0.06787,0.299996,0.298598,0.3,0.06787,62.910173,75.051495,22.5452,31.54444,0.000772,0.358258,FORWARD
761,24.352,61.853219,66.695075,0.3,0.298563,0.3,0.299997,0.298563,0.3,0.3,71.410075,62.427667,22.55148,31.6198,0.000837,0.358258,FORWARD
762,24.384,67.429637,66.318587,0.3,0.298582,0.3,0.299998,0.298582,0.3,0.3,62.9141,65.565832,22.58916,31.65748,0.000772,0.358258,FORWARD
763,24.416,72.266228,67.502853,0.3,0.298595,0.3,0.299999,0.298595,0.3,0.3,62.890779,64.512495,22.62684,31.69516,0.000772,0.358258,FORWARD
764,24.448,68.260896,67.857647,0.3,0.298602,0.3,0.299999,0.298602,0.3,0.3,63.112754,68.5822,22.66452,31.73284,0.000772,0.358258,FORWARD
765,24.48,65.565591,65.041268,0.3,0.298607,0.3,0.299999,0.298607,0.3,0.3,66.556947,66.37817,22.7022,31.77052,0.000772,0.358258,FORWARD
766,24.512,59.044133,75.036467,0.067874,0.067874,0.3,0.230362,0.067874,0.3,0.3,64.257386,66.307794,22.73988,31.8082,0.000772,0.358258,FORWARD
767,24.544,60.410983,71.114105,0.3,0.3,0.3,0.251253,0.3,0.3,0.3,71.301348,67.710001,22.77756,31.85216,0.000837,0.545455,FORWARD
768,24.576,66.555397,66.586493,0.3,0.299649,0.3,0.265877,0.299649,0.3,0.3,66.263931,71.601314,22.81524,31.88984,0.000772,0.545455,FORWARD
769,24.608,62.306145,67.611501,0.3,0.299319,0.3,0.276114,0.299319,0.3,0.3,64.654025,67.49814,22.8592,31.92752,0.000837,0.427083,FORWARD
770,24.64,71.292626,70.138641,0.3,0.299107,0.3,0.28328,0.299107,0.3,0.3,69.497653,63.096101,22.89688,31.9652,0.000772,0.385403,FORWARD
771,24.672,64.268335,67.734897,0.3,0.29895,0.3,0.288296,0.29895,0.3,0.3,57.256504,61.55425,22.93456,32.00288,0.000772,0.369246,FORWARD
772,24.704,77.201096,66.188237,0.067287,0.067287,0.3,0.221993,0.067287,0.3,0.3,69.267306,67.698064,22.97224,32.04056,0.000772,0.362751,FORWARD
773,24.736,69.463666,70.097329,0.3,0.3,0.068441,0.245395,0.3,0.3,0.068441,66.66121,72.943211,23.00992,32.07824,0.000772,0.545455,FORWARD
774,24.768,62.863842,65.550756,0.3,0.299649,0.3,0.261777,0.299649,0.3,0.3,69.060622,69.914535,23.00992,32.1536,0.000772,0.545455,FORWARD
775,24.8,68.420276,76.009253,0.06761,0.06761,0.3,0.203527,0.06761,0.3,0.3,66.242744,65.042103,23.0476,32.19128,0.000772,0.427083,FORWARD
776,24.832,63.674021,69.292959,0.3,0.3,0.068527,0.232469,0.3,0.3,0.068527,71.073488,72.625208,23.08528,32.22896,0.000772,0.545455,FORWARD
777,24.864,71.222754,65.023766,0.3,0.29962,0.3,0.252728,0.29962,0.3,0.3,64.021127,68.437665,23.09156,32.30432,0.000837,0.545455,FORWARD
778,24.896,68.552667,65.219101,0.3,0.299303,0.3,0.26691,0.299303,0.3,0.3,70.078222,66.84651,23.12924,32.34828,0.000837,0.427083,FORWARD
779,24.928,72.224794,61.987152,0.3,0.299097,0.3,0.276837,0.299097,0.3,0.3,71.214623,62.513808,23.16692,32.38596,0.000772,0.385403,FORWARD
780,24.96,68.166956,59.059176,0.3,0.298943,0.3,0.283786,0.298943,0.3,0.3,70.517833,65.130244,23.2046,32.42364,0.000772,0.369246,FORWARD
781,24.992,69.196547,72.126538,0.3,0.298834,0.3,0.28865,0.298834,0.3,0.3,66.157715,65.442887,23.24228,32.46132,0.000772,0.362751,FORWARD
782,25.024,65.861787,63.955843,0.3,0.29876,0.068377,0.292055,0.29876,0.068377,0.3,73.178289,67.473197,23.27996,32.499,0.000772,0.360103,FORWARD
783,25.056,63.082212,69.020847,0.3,0.29871,0.3,0.294439,0.29871,0.3,0.3,71.745746,68.194905,23.35532,32.499,0.000772,0.359017,FORWARD
784,25.088,68.697887,68.784497,0.3,0.298677,0.3,0.296107,0.298677,0.3,0.3,66.284377,67.446525,23.393,32.53668,0.000772,0.35857,FORWARD
785,25.12,66.495113,65.067895,0.3,0.298614,0.3,0.297275,0.298614,0.3,0.3,68.639335,66.764269,23.43696,32.57436,0.000837,0.358386,FORWARD
786,25.152,60.666149,62.03333,0.3,0.298574,0.3,0.298092,0.298574,0.3,0.3,70.435886,68.519286,23.47464,32.61832,0.000837,0.358311,FORWARD
787,25.184,65.642222,65.205123,0.3,0.298589,0.3,0.298665,0.298589,0.3,0.3,62.658421,67.216317,23.51232,32.656,0.000772,0.358279,FORWARD
788,25.216,62.912202,67.634814,0.3,0.298599,0.3,0.299065,0.298599,0.3,0.3,69.606686,65.454305,23.55,32.69368,0.000772,0.358267,FORWARD
789,25.248,67.326364,70.322197,0.3,0.298605,0.3,0.299346,0.298605,0.3,0.3,63.730712,65.27932,23.58768,32.73136,0.000772,0.358261,FORWARD
790,25.28,69.630979,77.104869,0.067313,0.067313,0.068213,0.229736,0.067313,0.3,0.068213,68.244283,73.78444,23.62536,32.76904,0.000772,0.358259,FORWARD
791,25.312,63.57904,65.31436,0.3,0.3,0.3,0.250815,0.3,0.3,0.3,71.173033,63.682977,23.62536,32.8444,0.000772,0.545455,FORWARD
792,25.344,65.7718,62.324373,0.3,0.299649,0.3,0.265571,0.299649,0.3,0.3,67.451188,66.911481,23.66304,32.88208,0.000772,0.545455,FORWARD
793,25.376,67.917116,70.182841,0.3,0.299319,0.3,0.275899,0.299319,0.3,0.3,64.419744,59.591407,23.707,32.91976,0.000837,0.427083,FORWARD
794,25.408,66.346559,65.616385,0.3,0.299107,0.06791,0.28313,0.299107,0.06791,0.3,74.900712,62.536247,23.74468,32.95744,0.000772,0.385403,FORWARD
795,25.44,70.578975,66.523977,0.3,0.298909,0.3,0.288191,0.298909,0.3,0.3,68.653295,69.588694,23.82004,32.96372,0.000837,0.369246,FORWARD
796,25.472,69.555918,64.464451,0.3,0.298812,0.3,0.291733,0.298812,0.3,0.3,69.606764,63.810572,23.85772,33.0014,0.000772,0.362751,FORWARD
797,25.504,68.045971,71.31615,0.3,0.298746,0.3,0.294213,0.298746,0.3,0.3,57.134448,71.784453,23.8954,33.03908,0.000772,0.360103,FORWARD
798,25.536,67.907334,65.044026,0.3,0.298701,0.3,0.295949,0.298701,0.3,0.3,66.478174,70.255471,23.93308,33.07676,0.000772,0.359017,FORWARD
799,25.568,64.391064,66.572266,0.3,0.298671,0.068292,0.297165,0.298671,0.3,0.068292,63.518147,73.491029,23.97076,33.11444,0.000772,0.35857,FORWARD
800,25.6,64.459147,62.873848,0.3,0.298652,0.3,0.298015,0.298652,0.3,0.3,69.168021,71.390203,23.97076,33.1898,0.000772,0.358386,FORWARD
801,25.632,66.610195,63.060244,0.3,0.298639,0.3,0.298611,0.298639,0.3,0.3,64.625476,68.620772,24.00844,33.22748,0.000772,0.358311,FORWARD
802,25.664,66.839044,62.261346,0.3,0.29859,0.3,0.299027,0.29859,0.3,0.3,64.739633,70.86301,24.0524,33.26516,0.000837,0.358279,FORWARD
803,25.696,71.549887,66.788742,0.3,0.298599,0.3,0.299319,0.298599,0.3,0.3,66.307102,66.463641,24.09008,33.30284,0.000772,0.358267,FORWARD
804,25.728,68.194156,68.046154,0.3,0.298564,0.3,0.299523,0.298564,0.3,0.3,64.19673,63.580213,24.12776,33.3468,0.000837,0.358261,FORWARD
805,25.76,71.345789,62.834016,0.3,0.298583,0.3,0.299666,0.298583,0.3,0.3,72.267621,66.931419,24.16544,33.38448,0.000772,0.358259,FORWARD
806,25.792,59.816542,70.196367,0.3,0.298595,0.3,0.299766,0.298595,0.3,0.3,64.675532,68.777463,24.20312,33.42216,0.000772,0.358258,FORWARD
807,25.824,64.397369,69.069164,0.3,0.298603,0.068579,0.299837,0.298603,0.068579,0.3,72.432918,69.49486,24.2408,33.45984,0.000772,0.358258,FORWARD
808,25.856,66.448624,69.386804,0.3,0.298607,0.3,0.299886,0.298607,0.3,0.3,70.445288,65.429463,24.31616,33.45984,0.000772,0.358258,FORWARD
809,25.888,62.384049,69.715745,0.3,0.298611,0.3,0.29992,0.298611,0.3,0.3,69.036503,67.825693,24.35384,33.49752,0.000772,0.358258,FORWARD
810,25.92,67.052109,67.347314,0.3,0.298613,0.3,0.299944,0.298613,0.3,0.3,66.281406,63.417274,24.39152,33.5352,0.000772,0.358258,FORWARD
811,25.952,68.965968,63.668921,0.3,0.298614,0.3,0.299961,0.298614,0.3,0.3,62.313183,66.427518,24.4292,33.57288,0.000772,0.358258,FORWARD
812,25.984,67.396566,67.561276,0.3,0.298532,0.3,0.299973,0.298532,0.3,0.3,66.822487,71.34001,24.47316,33.61684,0.000901,0.358258,FORWARD
813,26.016,65.46082,64.452446,0.3,0.298562,0.3,0.299981,0.298562,0.3,0.3,70.101348,62.467705,24.51084,33.65452,0.000772,0.358258,FORWARD
814,26.048,68.863059,67.949882,0.3,0.298582,0.3,0.299987,0.298582,0.3,0.3,67.315758,64.229938,24.54852,33.6922,0.000772,0.358258,FORWARD
815,26.08,68.922133,68.148865,0.3,0.298594,0.3,0.299991,0.298594,0.3,0.3,65.407871,64.594021,24.5862,33.72988,0.000772,0.358258,FORWARD
816,26.112,67.62147,69.695651,0.3,0.298602,0.3,0.299993,0.298602,0.3,0.3,71.343095,67.5891,24.62388,33.76756,0.000772,0.358258,FORWARD
817,26.144,67.941647,61.54479,0.3,0.298607,0.3,0.299995,0.298607,0.3,0.3,67.644694,66.502649,24.66156,33.80524,0.000772,0.358258,FORWARD
818,26.176,65.278769,66.738246,0.3,0.29861,0.3,0.299997,0.29861,0.3,0.3,68.238563,71.61568,24.69924,33.84292,0.000772,0.358258,FORWARD
819,26.208,67.702532,64.015087,0.3,0.298613,0.3,0.299998,0.298613,0.3,0.3,68.40271,61.126387,24.73692,33.8806,0.000772,0.358258,FORWARD
820,26.24,73.902694,71.217163,0.068181,0.068181,0.3,0.230453,0.068181,0.3,0.3,67.976409,62.605126,24.7746,33.91828,0.000772,0.358258,FORWARD
821,26.272,69.310879,58.471825,0.3,0.3,0.3,0.251317,0.3,0.3,0.3,68.771052,67.500822,24.81856,33.96224,0.000901,0.545455,FORWARD
822,26.304,73.330347,64.748772,0.068336,0.068336,0.3,0.196423,0.068336,0.3,0.3,66.880192,61.387091,24.85624,33.99992,0.000772,0.545455,FORWARD
823,26.336,70.695779,70.710502,0.3,0.3,0.3,0.227496,0.3,0.3,0.3,64.25477,65.220744,24.89392,34.0376,0.000772,0.545455,FORWARD
824,26.368,69.093621,71.920908,0.3,0.299649,0.3,0.249247,0.299649,0.3,0.3,69.073828,67.780433,24.9316,34.07528,0.000772,0.545455,FORWARD
825,26.4,67.996475,65.988478,0.3,0.299356,0.3,0.264473,0.299356,0.3,0.3,65.549834,71.01774,24.96928,34.11296,0.000772,0.427083,FORWARD
826,26.432,69.221325,69.657568,0.3,0.29913,0.3,0.275131,0.29913,0.3,0.3,63.924228,64.297479,25.00696,34.15064,0.000772,0.385403,FORWARD
827,26.464,61.199752,62.518324,0.3,0.298964,0.3,0.282592,0.298964,0.3,0.3,69.753182,69.446366,25.04464,34.18832,0.000772,0.369246,FORWARD
828,26.496,59.369736,62.786655,0.3,0.298847,0.068431,0.287814,0.298847,0.3,0.068431,69.38127,72.981251,25.08232,34.226,0.000772,0.362751,FORWARD
829,26.528,65.397635,69.823778,0.3,0.298727,0.068335,0.29147,0.298727,0.068335,0.3,73.335538,65.516926,25.0886,34.30136,0.000837,0.360103,FORWARD
830,26.56,69.596268,66.791266,0.3,0.298648,0.3,0.294029,0.298648,0.3,0.3,66.718942,70.684416,25.16396,34.30764,0.000837,0.359017,FORWARD
831,26.592,65.760639,66.50331,0.3,0.298637,0.3,0.29582,0.298637,0.3,0.3,71.651232,66.186716,25.20164,34.34532,0.000772,0.35857,FORWARD
832,26.624,70.748533,71.316495,0.3,0.29863,0.3,0.297074,0.29863,0.3,0.3,64.791252,66.677953,25.23932,34.383,0.000772,0.358386,FORWARD
833,26.656,66.871194,71.775657,0.3,0.298625,0.068527,0.297952,0.298625,0.3,0.068527,68.628494,72.625057,25.277,34.42068,0.000772,0.358311,FORWARD
834,26.688,66.016935,68.080304,0.3,0.298622,0.3,0.298566,0.298622,0.3,0.3,67.242639,67.34324,25.277,34.49604,0.000772,0.358279,FORWARD
835,26.72,70.802845,72.450931,0.068574,0.068574,0.3,0.229569,0.068574,0.3,0.3,62.386604,66.234452,25.31468,34.53372,0.000772,0.358267,FORWARD
836,26.752,61.04605,64.611019,0.3,0.3,0.3,0.250698,0.3,0.3,0.3,64.04733,69.772676,25.35236,34.5714,0.000772,0.545455,FORWARD
837,26.784,70.47972,67.125273,0.3,0.29962,0.3,0.265489,0.29962,0.3,0.3,64.722389,64.894374,25.39632,34.60908,0.000837,0.545455,FORWARD
838,26.816,66.478889,61.515306,0.3,0.29934,0.068109,0.275842,0.29934,0.3,0.068109,65.228071,74.166443,25.434,34.64676,0.000772,0.427083,FORWARD
839,26.848,65.352349,68.146682,0.3,0.299119,0.3,0.283089,0.299119,0.3,0.3,67.294937,64.358998,25.434,34.72212,0.000772,0.385403,FORWARD
840,26.88,66.354607,62.86451,0.3,0.298917,0.3,0.288163,0.298917,0.3,0.3,69.313758,71.130873,25.47168,34.76608,0.000837,0.369246,FORWARD
841,26.912,66.044908,66.490543,0.3,0.298817,0.3,0.291714,0.298817,0.3,0.3,68.05048,70.783578,25.50936,34.80376,0.000772,0.362751,FORWARD
842,26.944,67.227255,64.455188,0.3,0.298749,0.3,0.2942,0.298749,0.3,0.3,67.521282,60.877169,25.54704,34.84144,0.000772,0.360103,FORWARD
843,26.976,65.843685,65.908749,0.3,0.298703,0.3,0.29594,0.298703,0.3,0.3,68.552785,67.690609,25.58472,34.87912,0.000772,0.359017,FORWARD
844,27.008,62.103663,63.773099,0.3,0.298673,0.3,0.297158,0.298673,0.3,0.3,67.981093,69.050934,25.6224,34.9168,0.000772,0.35857,FORWARD
845,27.04,67.610539,60.09537,0.3,0.298611,0.06854,0.29801,0.298611,0.3,0.06854,64.768785,72.576027,25.66636,34.95448,0.000837,0.358386,FORWARD
846,27.072,65.44278,62.370785,0.3,0.298613,0.3,0.298607,0.298613,0.3,0.3,64.031441,66.557012,25.66636,35.02984,0.000772,0.358311,FORWARD
847,27.104,73.140446,66.115775,0.068387,0.068387,0.3,0.229541,0.068387,0.3,0.3,69.036034,67.744128,25.70404,35.06752,0.000772,0.358279,FORWARD
848,27.136,68.460304,60.957596,0.3,0.3,0.3,0.250679,0.3,0.3,0.3,67.158559,67.63188,25.74172,35.1052,0.000772,0.545455,FORWARD
849,27.168,72.026335,71.269267,0.3,0.299649,0.068589,0.265475,0.299649,0.068589,0.3,72.397026,71.683314,25.7794,35.14288,0.000772,0.545455,FORWARD
850,27.2,63.495674,64.958576,0.3,0.299319,0.3,0.275833,0.299319,0.3,0.3,65.134718,70.52353,25.85476,35.14916,0.000837,0.427083,FORWARD
851,27.232,65.711685,72.089468,0.3,0.299107,0.3,0.283083,0.299107,0.3,0.3,70.691502,59.852006,25.89244,35.18684,0.000772,0.385403,FORWARD
852,27.264,70.832223,63.84184,0.3,0.29895,0.3,0.288158,0.29895,0.3,0.3,67.212598,69.713878,25.93012,35.22452,0.000772,0.369246,FORWARD
853,27.296,68.932075,65.212354,0.3,0.298838,0.3,0.291711,0.298838,0.3,0.3,66.167151,64.8928,25.9678,35.2622,0.000772,0.362751,FORWARD
854,27.328,65.008578,67.077856,0.3,0.298721,0.3,0.294197,0.298721,0.3,0.3,64.592722,67.139984,26.01176,35.29988,0.000837,0.360103,FORWARD
855,27.36,67.720867,66.807941,0.3,0.298685,0.3,0.295938,0.298685,0.3,0.3,68.437023,69.899079,26.04944,35.33756,0.000772,0.359017,FORWARD
856,27.392,64.217503,63.890167,0.3,0.298661,0.3,0.297157,0.298661,0.3,0.3,67.553098,69.048195,26.08712,35.37524,0.000772,0.35857,FORWARD
857,27.424,68.016386,67.010466,0.3,0.298645,0.3,0.29801,0.298645,0.3,0.3,67.706468,69.532641,26.1248,35.41292,0.000772,0.358386,FORWARD
858,27.456,69.727022,68.86624,0.3,0.298594,0.3,0.298607,0.298594,0.3,0.3,67.559993,66.678085,26.16248,35.45688,0.000837,0.358311,FORWARD
859,27.488,67.694883,64.346832,0.3,0.298602,0.3,0.299025,0.298602,0.3,0.3,62.621008,64.884904,26.20016,35.49456,0.000772,0.358279,FORWARD
860,27.52,70.096177,68.546869,0.3,0.298607,0.3,0.299317,0.298607,0.3,0.3,65.917418,68.318685,26.23784,35.53224,0.000772,0.358267,FORWARD
861,27.552,62.987121,73.366192,0.068326,0.068326,0.3,0.23002,0.068326,0.3,0.3,66.141151,66.682265,26.27552,35.56992,0.000772,0.358261,FORWARD
862,27.584,68.731948,70.192637,0.3,0.3,0.3,0.251014,0.3,0.3,0.3,68.203564,66.074738,26.3132,35.6076,0.000772,0.545455,FORWARD
863,27.616,63.461509,68.094604,0.3,0.29962,0.3,0.26571,0.29962,0.3,0.3,63.75303,62.076686,26.35716,35.64528,0.000837,0.545455,FORWARD
864,27.648,69.932568,67.301692,0.3,0.29934,0.3,0.275997,0.29934,0.3,0.3,66.685791,67.260315,26.39484,35.68296,0.000772,0.427083,FORWARD
865,27.68,68.486805,66.909064,0.3,0.299119,0.3,0.283198,0.299119,0.3,0.3,72.331345,66.512633,26.43252,35.72064,0.000772,0.385403,FORWARD
866,27.712,68.536213,66.457032,0.3,0.298957,0.3,0.288238,0.298957,0.3,0.3,70.322252,66.070085,26.4702,35.75832,0.000772,0.369246,FORWARD
867,27.744,62.905612,60.497599,0.3,0.298802,0.3,0.291767,0.298802,0.3,0.3,65.715643,63.700132,26.50788,35.80228,0.000837,0.362751,FORWARD
868,27.776,62.776268,64.574092,0.3,0.298739,0.3,0.294237,0.298739,0.3,0.3,67.058152,67.540328,26.54556,35.83996,0.000772,0.360103,FORWARD
869,27.808,66.957924,56.390359,0.3,0.298697,0.3,0.295966,0.298697,0.3,0.3,69.734304,70.813454,26.58324,35.87764,0.000772,0.359017,FORWARD
870,27.84,63.370912,69.295655,0.3,0.298669,0.3,0.297176,0.298669,0.3,0.3,64.532155,63.026014,26.62092,35.91532,0.000772,0.35857,FORWARD
871,27.872,64.020322,68.810426,0.3,0.29865,0.3,0.298023,0.29865,0.3,0.3,63.699759,65.948002,26.6586,35.953,0.000772,0.358386,FORWARD
872,27.904,70.399289,66.616911,0.3,0.298597,0.3,0.298616,0.298597,0.3,0.3,64.501205,68.775334,26.70256,35.99068,0.000837,0.358311,FORWARD
873,27.936,66.942498,69.531442,0.3,0.298604,0.3,0.299031,0.298604,0.3,0.3,64.211236,59.632071,26.74024,36.02836,0.000772,0.358279,FORWARD
874,27.968,62.822275,67.87429,0.3,0.298608,0.3,0.299322,0.298608,0.3,0.3,63.169087,61.43973,26.77792,36.06604,0.000772,0.358267,FORWARD
875,28.0,69.653197,72.37545,0.068595,0.068595,0.3,0.230104,0.068595,0.3,0.3,71.213925,66.753568,26.8156,36.11,0.000837,0.358261,FORWARD
876,28.032,62.755832,67.427703,0.3,0.3,0.3,0.251073,0.3,0.3,0.3,63.940866,64.741094,26.85328,36.14768,0.000772,0.545455,FORWARD
877,28.064,68.230011,71.319355,0.3,0.299649,0.06857,0.265751,0.299649,0.06857,0.3,72.466875,67.215595,26.89096,36.18536,0.000772,0.545455,FORWARD
878,28.096,67.662334,67.441564,0.3,0.299356,0.3,0.276026,0.299356,0.3,0.3,63.476823,67.292691,26.96632,36.18536,0.000772,0.427083,FORWARD
879,28.128,67.222434,69.751678,0.3,0.29913,0.3,0.283218,0.29913,0.3,0.3,64.433819,66.541278,27.004,36.22304,0.000772,0.385403,FORWARD
880,28.16,73.9167,66.03854,0.068177,0.068177,0.3,0.218706,0.068177,0.3,0.3,63.702088,69.844254,27.04168,36.26072,0.000772,0.369246,FORWARD
881,28.192,70.247171,68.462807,0.3,0.3,0.3,0.243094,0.3,0.3,0.3,66.43971,65.74693,27.07936,36.2984,0.000772,0.545455,FORWARD
882,28.224,72.062679,77.529197,0.067198,0.067198,0.3,0.190325,0.067198,0.3,0.3,66.540759,66.845551,27.12332,36.33608,0.000837,0.545455,FORWARD
883,28.256,73.353953,67.017787,0.06833,0.067435,0.3,0.153726,0.067435,0.3,0.3,68.650363,66.245215,27.161,36.38004,0.000837,0.545455,FORWARD
884,28.288,63.744524,70.101964,0.3,0.3,0.3,0.197609,0.3,0.3,0.3,63.61899,61.769419,27.19868,36.41772,0.000772,0.427083,FORWARD
885,28.32,65.808067,65.064602,0.3,0.299649,0.3,0.228326,0.299649,0.3,0.3,68.078233,66.757167,27.23636,36.4554,0.000772,0.545455,FORWARD
886,28.352,65.003544,67.357882,0.3,0.299356,0.3,0.249828,0.299356,0.3,0.3,69.313094,66.807974,27.27404,36.49308,0.000772,0.427083,FORWARD
887,28.384,60.514621,66.120736,0.3,0.29913,0.067891,0.26488,0.29913,0.067891,0.3,74.973628,64.240961,27.31172,36.53076,0.000772,0.385403,FORWARD
888,28.416,71.624031,65.287143,0.3,0.298964,0.3,0.275416,0.298964,0.3,0.3,66.717321,67.218743,27.38708,36.53076,0.000772,0.369246,FORWARD
889,28.448,69.352532,63.723381,0.3,0.298847,0.3,0.282791,0.298847,0.3,0.3,63.470703,63.349732,27.42476,36.56844,0.000772,0.362751,FORWARD
890,28.48,66.38641,65.523905,0.3,0.298768,0.3,0.287954,0.298768,0.3,0.3,63.689653,67.136085,27.46244,36.60612,0.000772,0.360103,FORWARD
891,28.512,66.370489,69.91142,0.3,0.298633,0.3,0.291568,0.298633,0.3,0.3,69.475153,71.780851,27.5064,36.65008,0.000901,0.359017,FORWARD
892,28.544,63.633485,66.531485,0.3,0.298628,0.3,0.294097,0.298628,0.3,0.3,64.993954,62.532124,27.54408,36.68776,0.000772,0.35857,FORWARD
893,28.576,66.113948,71.447475,0.3,0.298624,0.3,0.295868,0.298624,0.3,0.3,69.661136,68.94608,27.58176,36.72544,0.000772,0.358386,FORWARD
894,28.608,67.058972,66.498016,0.3,0.298621,0.3,0.297108,0.298621,0.3,0.3,65.552716,66.507024,27.61944,36.76312,0.000772,0.358311,FORWARD
895,28.64,66.069353,75.891842,0.067642,0.067642,0.3,0.228268,0.067642,0.3,0.3,59.757927,65.01632,27.65712,36.8008,0.000772,0.358279,FORWARD
896,28.672,61.146239,62.598869,0.3,0.3,0.3,0.249788,0.3,0.3,0.3,69.518306,66.575442,27.6948,36.83848,0.000772,0.545455,FORWARD
897,28.704,69.900994,69.660469,0.3,0.299649,0.3,0.264851,0.299649,0.3,0.3,67.151846,66.644247,27.73248,36.87616,0.000772,0.545455,FORWARD
898,28.736,67.143775,65.32845,0.3,0.299356,0.3,0.275396,0.299356,0.3,0.3,69.359785,62.551885,27.77016,36.91384,0.000772,0.427083,FORWARD
899,28.768,65.263035,63.047224,0.3,0.29913,0.3,0.282777,0.29913,0.3,0.3,66.594738,69.323527,27.80784,36.95152,0.000772,0.385403,FORWARD
900,28.8,69.878789,63.259985,0.3,0.298883,0.3,0.287944,0.298883,0.3,0.3,65.997113,64.157543,27.8518,36.99548,0.000901,0.369246,FORWARD
901,28.832,69.587655,68.656033,0.3,0.298796,0.3,0.291561,0.298796,0.3,0.3,64.520609,68.566543,27.88948,37.03316,0.000772,0.362751,FORWARD
902,28.864,67.68963,69.693942,0.3,0.298735,0.3,0.294093,0.298735,0.3,0.3,66.962088,60.173778,27.92716,37.07084,0.000772,0.360103,FORWARD
903,28.896,70.845725,69.351065,0.3,0.298694,0.3,0.295865,0.298694,0.3,0.3,69.349535,65.928835,27.96484,37.10852,0.000772,0.359017,FORWARD
904,28.928,66.789236,71.565923,0.3,0.298667,0.3,0.297105,0.298667,0.3,0.3,65.376209,66.863928,28.00252,37.1462,0.000772,0.35857,FORWARD
905,28.96,63.067845,70.228217,0.3,0.298649,0.3,0.297974,0.298649,0.3,0.3,60.644095,68.237939,28.0402,37.18388,0.000772,0.358386,FORWARD
906,28.992,65.55726,65.544904,0.3,0.298637,0.3,0.298582,0.298637,0.3,0.3,71.809065,67.110421,28.07788,37.22156,0.000772,0.358311,FORWARD
907,29.024,66.877215,67.448611,0.3,0.29863,0.3,0.299007,0.29863,0.3,0.3,68.814811,65.597622,28.11556,37.25924,0.000772,0.358279,FORWARD
908,29.056,70.01745,68.258109,0.3,0.298625,0.3,0.299305,0.298625,0.3,0.3,71.080359,70.352521,28.15324,37.29692,0.000772,0.358267,FORWARD
909,29.088,66.644289,68.717841,0.3,0.298539,0.3,0.299513,0.298539,0.3,0.3,66.797108,67.117428,28.1972,37.34088,0.000901,0.358261,FORWARD
910,29.12,64.581155,71.323655,0.3,0.298567,0.3,0.299659,0.298567,0.3,0.3,66.673625,62.223084,28.23488,37.37856,0.000772,0.358259,FORWARD
911,29.152,64.381815,61.171935,0.3,0.298585,0.3,0.299762,0.298585,0.3,0.3,62.033488,61.954664,28.27256,37.41624,0.000772,0.358258,FORWARD
912,29.184,70.24007,71.144409,0.3,0.298596,0.3,0.299833,0.298596,0.3,0.3,66.107111,65.396122,28.31024,37.45392,0.000772,0.358258,FORWARD
913,29.216,69.384409,68.932166,0.3,0.298603,0.068491,0.299883,0.298603,0.3,0.068491,62.762507,72.759133,28.34792,37.4916,0.000772,0.358258,FORWARD
914,29.248,64.582235,64.875703,0.3,0.298608,0.3,0.299918,0.298608,0.3,0.3,68.063343,68.777118,28.34792,37.56696,0.000772,0.358258,FORWARD
915,29.28,69.012069,64.070967,0.3,0.298611,0.067839,0.299943,0.298611,0.3,0.067839,67.546257,75.165017,28.3856,37.60464,0.000772,0.358258,FORWARD
916,29.312,61.858199,69.810341,0.3,0.298572,0.3,0.29996,0.298572,0.3,0.3,64.713561,65.875883,28.39188,37.68,0.000837,0.358258,FORWARD
917,29.344,66.725623,66.461446,0.3,0.298588,0.3,0.299972,0.298588,0.3,0.3,65.711787,68.764634,28.42956,37.71768,0.000772,0.358258,FORWARD
918,29.376,60.508219,69.519617,0.3,0.298598,0.3,0.29998,0.298598,0.3,0.3,66.009021,66.753466,28.46724,37.75536,0.000772,0.358258,FORWARD
919,29.408,63.129591,68.900968,0.3,0.298563,0.3,0.299986,0.298563,0.3,0.3,64.937052,68.200432,28.50492,37.79932,0.000837,0.358258,FORWARD
920,29.44,66.286166,64.531914,0.3,0.298582,0.3,0.29999,0.298582,0.3,0.3,67.555036,67.403699,28.5426,37.837,0.000772,0.358258,FORWARD
921,29.472,67.632624,63.758848,0.3,0.298594,0.3,0.299993,0.298594,0.3,0.3,60.846239,65.547954,28.58028,37.87468,0.000772,0.358258,FORWARD
922,29.504,64.497703,66.927135,0.3,0.298602,0.3,0.299995,0.298602,0.3,0.3,67.400393,71.82046,28.61796,37.91236,0.000772,0.358258,FORWARD
923,29.536,62.685609,75.734404,0.067684,0.067684,0.3,0.230302,0.067684,0.3,0.3,66.747036,68.837523,28.65564,37.95004,0.000772,0.358258,FORWARD
924,29.568,67.860392,65.838833,0.3,0.3,0.3,0.251211,0.3,0.3,0.3,71.734995,64.093552,28.69332,37.98772,0.000772,0.545455,FORWARD
925,29.6,61.403753,62.642227,0.3,0.29962,0.3,0.265848,0.29962,0.3,0.3,67.914485,60.956423,28.73728,38.0254,0.000837,0.545455,FORWARD
926,29.632,67.665548,65.433627,0.3,0.29934,0.3,0.276094,0.29934,0.3,0.3,64.223603,69.985578,28.77496,38.06308,0.000772,0.427083,FORWARD
927,29.664,64.480596,71.698314,0.3,0.299119,0.3,0.283266,0.299119,0.3,0.3,67.82583,64.051148,28.81264,38.10076,0.000772,0.385403,FORWARD
928,29.696,61.881733,77.543777,0.067194,0.067194,0.3,0.218444,0.067194,0.3,0.3,63.898742,68.966559,28.85032,38.14472,0.000837,0.369246,FORWARD
929,29.728,69.543502,75.483404,0.067752,0.067148,0.068353,0.173237,0.067148,0.068353,0.3,73.268284,69.406573,28.888,38.1824,0.000772,0.545455,FORWARD
930,29.76,73.269289,83.339531,0.065623,0.065623,0.068473,0.140953,0.066054,0.3,0.068473,65.669957,72.826167,28.96336,38.1824,0.000772,0.427083,FORWARD
931,29.792,65.58089,83.684104,0.06553,0.065377,0.3,0.118326,0.065377,0.3,0.3,64.329074,70.718554,28.96336,38.25776,0.000772,0.385403,FORWARD
932,29.824,63.547624,84.172017,0.065398,0.064898,0.3,0.102447,0.064898,0.3,0.3,67.417911,71.832404,29.00104,38.29544,0.000772,0.369246,FORWARD
933,29.856,62.543537,91.188626,0.063496,0.063496,0.3,0.090762,0.063856,0.3,0.3,71.208711,71.99801,29.045,38.33312,0.000837,0.362751,FORWARD
934,29.888,70.476238,99.61352,0.061213,0.061213,0.3,0.081897,0.06241,0.3,0.3,70.972272,69.778565,29.08268,38.3708,0.000772,0.360103,FORWARD
935,29.92,63.773959,96.351477,0.062097,0.061803,0.3,0.075957,0.061803,0.3,0.3,69.913657,63.138462,29.12036,38.40848,0.000772,0.359017,FORWARD
936,29.952,66.162314,107.74293,0.057704,0.057704,0.3,0.070481,0.059838,0.3,0.3,67.612947,70.53557,29.15804,38.44616,0.000772,0.35857,FORWARD
937,29.984,69.507,105.353486,0.059206,0.059074,0.3,0.067099,0.059074,0.3,0.3,63.116818,60.458483,29.19572,38.49012,0.000837,0.358386,FORWARD
938,30.016,71.768714,107.167562,0.058066,0.058066,0.3,0.064389,0.058217,0.3,0.3,64.987515,61.9712,29.2334,38.5278,0.000772,0.358311,FORWARD
939,30.048,86.405006,104.575412,0.059695,0.058251,0.3,0.062981,0.058251,0.3,0.3,66.429858,67.681198,29.27108,38.56548,0.000772,0.358279,FORWARD
940,30.08,82.673189,115.128424,0.053062,0.053062,0.3,0.060005,0.055896,0.3,0.3,63.691247,71.046423,29.30876,38.60316,0.000772,0.358267,FORWARD
941,30.112,88.094728,118.43452,0.050984,0.050984,0.3,0.057299,0.053641,0.3,0.3,67.061661,69.391742,29.34644,38.64084,0.000772,0.358261,FORWARD
942,30.144,91.333841,110.984281,0.055667,0.053829,0.3,0.056809,0.053829,0.3,0.3,64.668878,63.972599,29.3904,38.67852,0.000837,0.358259,FORWARD
943,30.176,94.839628,111.983431,0.055039,0.053767,0.3,0.056278,0.053767,0.3,0.3,68.797878,63.68078,29.42808,38.7162,0.000772,0.358258,FORWARD
944,30.208,99.951631,119.037476,0.050605,0.050605,0.3,0.054576,0.052138,0.3,0.3,67.604836,70.131212,29.46576,38.75388,0.000772,0.358258,FORWARD
945,30.24,105.657708,120.604604,0.049841,0.049841,0.3,0.053156,0.05082,0.3,0.3,66.209073,70.333096,29.50344,38.79156,0.000772,0.358258,FORWARD
946,30.272,100.547467,122.164154,0.049431,0.049431,0.3,0.052038,0.049785,0.3,0.3,69.779802,66.894793,29.54112,38.83552,0.000837,0.358258,FORWARD
947,30.304,104.96533,124.763052,0.048748,0.048748,0.068467,0.051051,0.048918,0.068467,0.3,72.84846,65.011199,29.5788,38.8732,0.000772,0.358258,FORWARD
948,30.336,114.800806,134.990544,0.046058,0.046058,0.3,0.049553,0.047398,0.3,0.3,64.083776,69.050762,29.65416,38.8732,0.000772,0.358258,FORWARD
949,30.368,111.330461,133.502157,0.04645,0.04645,0.3,0.048622,0.046604,0.3,0.3,71.966383,66.326212,29.69184,38.9046,0.000708,0.358258,FORWARD
950,30.4,124.754188,134.110883,0.04629,0.046037,0.3,0.047922,0.046037,0.3,0.3,66.433069,65.932089,29.72324,38.94228,0.000708,0.358258,FORWARD
951,30.432,119.338417,144.475332,0.043564,0.043564,0.3,0.046615,0.044655,0.3,0.3,69.816921,63.446315,29.76092,38.97996,0.000772,0.358258,FORWARD
952,30.464,113.073213,143.160404,0.04391,0.04391,0.068535,0.045803,0.043975,0.3,0.068535,65.429899,72.594127,29.79232,39.01136,0.000644,0.358258,FORWARD
953,30.496,110.954933,141.029472,0.04447,0.043698,0.3,0.045403,0.043698,0.3,0.3,65.813286,65.478356,29.79232,39.08044,0.000708,0.358258,FORWARD
954,30.528,128.703047,150.855538,0.041887,0.041887,0.068578,0.044348,0.042595,0.068578,0.3,72.438951,69.754482,29.82372,39.11812,0.000708,0.358258,FORWARD
955,30.56,137.548252,155.573774,0.040646,0.040646,0.3,0.043238,0.041483,0.3,0.3,64.05641,68.709969,29.8928,39.11184,0.000644,0.358258,FORWARD
956,30.592,125.941201,160.838375,0.039635,0.039635,0.3,0.042157,0.040408,0.3,0.3,63.715753,66.793172,29.9242,39.14324,0.000644,0.358258,TURN_LEFT
957,30.624,120.847864,153.744861,0.041127,0.040707,0.3,0.041848,0.040707,0.3,0.3,69.396106,64.620868,29.84256,39.2186,-6.4e-05,0.358258,TURN_LEFT
958,30.656,120.571241,150.72534,0.041921,0.041142,0.3,0.04187,0.041142,0.3,0.3,63.59539,65.527975,29.76092,39.30024,0.0,0.358258,TURN_LEFT
959,30.688,107.684205,167.274651,0.038798,0.038798,0.3,0.040948,0.040261,0.3,0.3,67.256032,68.22224,29.68556,39.38188,6.4e-05,0.358258,TURN_LEFT
960,30.72,102.623838,161.034374,0.039609,0.039609,0.068087,0.040546,0.040027,0.068087,0.3,74.249477,70.017828,29.60392,39.46352,0.0,0.358258,TURN_RIGHT
961,30.752,108.824859,165.363531,0.039046,0.039046,0.3,0.040096,0.039676,0.3,0.3,65.719624,64.962573,29.68556,39.38188,0.0,0.358258,TURN_LEFT
962,30.784,98.296154,161.783794,0.039512,0.039512,0.3,0.039921,0.039617,0.3,0.3,67.319831,65.331903,29.60392,39.46352,0.0,0.358258,TURN_LEFT
963,30.816,86.522509,167.125035,0.038817,0.038817,0.3,0.03959,0.039372,0.3,0.3,62.54944,69.716321,29.52228,39.53888,-6.4e-05,0.358258,TURN_LEFT
964,30.848,66.896895,155.523641,0.040659,0.039792,0.3,0.039911,0.039792,0.3,0.3,66.124437,70.045541,29.44692,39.62052,6.4e-05,0.358258,TURN_LEFT
965,30.88,71.458198,153.798926,0.041113,0.040265,0.3,0.040271,0.040265,0.3,0.3,67.782038,60.600452,29.36528,39.70216,0.0,0.358258,TURN_LEFT
966,30.912,69.249298,155.642565,0.040628,0.040395,0.068564,0.040378,0.040395,0.068564,0.3,72.490048,66.932207,29.28364,39.7838,0.0,0.358258,TURN_RIGHT
967,30.944,67.330237,149.812293,0.042161,0.041028,0.3,0.040913,0.041028,0.3,0.3,65.884481,63.3171,29.36528,39.70216,0.0,0.358258,TURN_LEFT
968,30.976,67.990136,147.636184,0.042733,0.041639,0.3,0.041459,0.041639,0.3,0.3,66.059624,63.280311,29.28364,39.7838,0.0,0.358258,TURN_LEFT
969,31.008,71.353504,150.819006,0.041896,0.041772,0.3,0.04159,0.041772,0.3,0.3,68.321127,68.438576,29.202,39.85916,-6.4e-05,0.358258,TURN_LEFT
970,31.04,64.819779,131.159275,0.047066,0.043627,0.3,0.043233,0.043627,0.3,0.3,63.585489,67.212643,29.12664,39.9408,6.4e-05,0.358258,TURN_LEFT
971,31.072,65.807911,128.672247,0.04772,0.045093,0.068378,0.044579,0.045093,0.068378,0.3,73.174244,63.878507,29.045,40.02244,0.0,0.358258,TURN_RIGHT
972,31.104,63.390914,131.926344,0.046864,0.045728,0.3,0.045264,0.045728,0.3,0.3,66.711687,65.631373,29.12664,39.9408,-0.0,0.358258,TURN_LEFT
973,31.136,69.540478,122.642095,0.049305,0.047009,0.3,0.046477,0.047009,0.3,0.3,68.447153,64.639181,29.045,40.02244,0.0,0.358258,FORWARD
974,31.168,66.768891,125.558752,0.048538,0.047103,0.3,0.047095,0.047103,0.3,0.3,72.224083,62.740323,29.08268,40.05384,0.000708,0.358258,FORWARD
975,31.2,64.87184,135.057812,0.046041,0.046041,0.3,0.046779,0.046268,0.3,0.3,71.955707,65.894621,29.11408,40.09152,0.000708,0.358258,FORWARD
976,31.232,63.723255,143.130583,0.043918,0.043918,0.3,0.04592,0.04493,0.3,0.3,67.898205,67.531253,29.15176,40.1292,0.000772,0.358258,FORWARD
977,31.264,63.990116,142.201479,0.044162,0.044162,0.3,0.045393,0.044242,0.3,0.3,67.063273,70.343172,29.18316,40.1606,0.000644,0.358258,FORWARD
978,31.296,68.08519,143.374091,0.043854,0.043607,0.06829,0.044931,0.043607,0.06829,0.3,73.499854,68.004038,29.22084,40.19828,0.000772,0.358258,FORWARD
979,31.328,65.596684,149.07993,0.042353,0.042353,0.3,0.044158,0.042745,0.3,0.3,67.035559,68.43984,29.28992,40.192,0.000644,0.358258,FORWARD
980,31.36,62.913165,150.703394,0.041927,0.041927,0.068183,0.043488,0.042039,0.068576,0.068183,72.445419,73.89505,29.32132,40.2234,0.000644,0.358258,FORWARD
981,31.392,68.767916,154.320652,0.040975,0.040975,0.3,0.042735,0.041245,0.3,0.3,65.200519,64.138573,29.35272,40.2548,0.000644,0.358258,FORWARD
982,31.424,63.610864,159.678832,0.039786,0.039786,0.3,0.04185,0.040309,0.3,0.3,68.675572,70.3835,29.38412,40.2862,0.000644,0.358258,TURN_LEFT
983,31.456,69.052482,143.434711,0.043838,0.041532,0.067449,0.042446,0.041532,0.3,0.067449,64.185706,76.604982,29.30876,40.36784,6.4e-05,0.358258,TURN_LEFT
984,31.488,63.170049,140.618825,0.044578,0.042623,0.061431,0.043086,0.042623,0.3,0.061431,67.77257,98.809764,29.22712,40.44948,0.0,0.358258,TURN_LEFT
985,31.52,65.773518,129.453517,0.047514,0.044375,0.054421,0.044414,0.044375,0.067819,0.054421,75.239575,112.966683,29.14548,40.53112,0.0,0.358258,TURN_LEFT
986,31.552,64.390453,111.466469,0.055364,0.048353,0.055305,0.047699,0.048353,0.3,0.055305,69.411289,111.55934,29.06384,40.60648,-6.4e-05,0.358258,TURN_LEFT
987,31.584,61.221161,116.118993,0.052439,0.049776,0.047562,0.049121,0.049776,0.3,0.047562,68.425262,129.271147,28.98848,40.68812,6.4e-05,0.358258,TURN_LEFT
988,31.616,66.16649,98.870765,0.061414,0.053945,0.045923,0.052809,0.053945,0.3,0.045923,63.656942,135.506114,28.90684,40.76976,0.0,0.358258,TURN_LEFT
989,31.648,77.599089,76.474711,0.067179,0.058728,0.043158,0.05712,0.058728,0.3,0.043158,67.925523,146.018731,28.8252,40.84512,-6.4e-05,0.358258,TURN_LEFT
990,31.68,63.694798,69.6302,0.3,0.3,0.041092,0.129984,0.3,0.3,0.041092,65.078711,153.877905,28.74984,40.92676,6.4e-05,0.358258,TURN_LEFT
991,31.712,66.266875,66.105869,0.3,0.3,0.038858,0.180989,0.3,0.3,0.038858,67.340228,166.815665,28.6682,41.0084,0.0,0.545455,FORWARD
992,31.744,67.334365,66.55922,0.3,0.299557,0.038188,0.216692,0.299557,0.3,0.038188,64.7365,171.961711,28.64936,41.1026,0.000772,0.427083,FORWARD
993,31.776,73.261881,65.924099,0.068355,0.068355,0.035443,0.172191,0.068355,0.3,0.035443,67.324535,193.071672,28.63052,41.20308,0.000837,0.385403,FORWARD
994,31.808,69.456206,69.023752,0.3,0.3,0.035982,0.210534,0.3,0.3,0.035982,67.626718,188.925516,28.61168,41.29728,0.000772,0.545455,FORWARD
995,31.84,67.798393,69.827308,0.3,0.299649,0.034355,0.237374,0.299649,0.3,0.034355,66.061152,201.438126,28.59284,41.39148,0.000772,0.545455,FORWARD
996,31.872,69.305669,66.26999,0.3,0.299356,0.03319,0.256161,0.299356,0.068364,0.03319,73.227474,210.396164,28.574,41.48568,0.000772,0.427083,FORWARD
997,31.904,67.6148,69.994136,0.3,0.29913,0.033683,0.269313,0.29913,0.3,0.033683,68.734402,206.610483,28.59912,41.53592,0.000772,0.385403,FORWARD
998,31.936,67.186871,71.516158,0.3,0.298923,0.033626,0.278519,0.298923,0.3,0.033626,62.56774,207.042368,28.58028,41.6364,0.000837,0.369246,FORWARD
999,31.968,71.58967,69.252673,0.3,0.298822,0.033157,0.284963,0.298822,0.068286,0.033157,73.51326,210.651085,28.56144,41.7306,0.000772,0.362751,FORWARD
1000,32.0,67.440199,65.05695,0.3,0.298752,0.031121,0.289474,0.298752,0.3,0.031121,65.580841,226.312224,28.58656,41.78084,0.000772,0.360103,FORWARD
1001,32.032,71.991114,67.077968,0.3,0.298705,0.032217,0.292632,0.298705,0.3,0.032217,70.600602,217.880716,28.56772,41.87504,0.000772,0.359017,FORWARD
1002,32.064,68.385575,66.097875,0.3,0.298674,0.032425,0.294842,0.298674,0.068234,0.032425,73.705621,216.279165,28.54888,41.96924,0.000772,0.35857,FORWARD
1003,32.096,69.269662,64.52296,0.3,0.298653,0.033055,0.29639,0.298653,0.3,0.033055,72.013484,211.438666,28.574,42.01948,0.000772,0.358386,FORWARD
1004,32.128,64.384758,72.876758,0.068459,0.068459,0.032685,0.22801,0.068459,0.3,0.032685,67.439607,214.279595,28.55516,42.11996,0.000837,0.358311,FORWARD
1005,32.16,67.025586,62.073224,0.3,0.3,0.032063,0.249607,0.3,0.3,0.032063,72.197414,219.065234,28.53632,42.21416,0.000772,0.545455,FORWARD
1006,32.192,69.361039,66.877575,0.3,0.299649,0.034294,0.264725,0.299649,0.3,0.034294,67.965162,201.905879,28.51748,42.30836,0.000772,0.545455,FORWARD
1007,32.224,71.250361,67.858626,0.3,0.299356,0.036199,0.275308,0.299356,0.3,0.036199,70.340689,187.255963,28.49864,42.40256,0.000772,0.427083,FORWARD
1008,32.256,69.902606,67.995256,0.3,0.29909,0.035786,0.282715,0.29909,0.3,0.035786,65.503587,190.435568,28.4798,42.50304,0.000837,0.385403,FORWARD
1009,32.288,65.626919,67.313796,0.3,0.298939,0.036082,0.287901,0.298939,0.3,0.036082,66.583033,188.156783,28.46096,42.59724,0.000772,0.369246,FORWARD
1010,32.32,69.614225,66.31327,0.3,0.298832,0.038738,0.291531,0.298832,0.3,0.038738,62.943148,167.736404,28.44212,42.69144,0.000772,0.362751,FORWARD
1011,32.352,65.478891,62.79524,0.3,0.298758,0.041035,0.294071,0.298758,0.3,0.041035,63.147874,154.094923,28.42328,42.78564,0.000772,0.360103,FORWARD
1012,32.384,67.316394,63.027106,0.3,0.298668,0.040299,0.29585,0.298668,0.3,0.040299,68.359001,156.893271,28.40444,42.88612,0.000837,0.359017,FORWARD
1013,32.416,66.444505,66.691752,0.3,0.29865,0.043726,0.297095,0.29865,0.3,0.043726,60.244777,143.861784,28.3856,42.98032,0.000772,0.35857,FORWARD
1014,32.448,61.49568,69.462297,0.3,0.298638,0.045948,0.297966,0.298638,0.3,0.045948,67.148003,135.409132,28.36676,43.07452,0.000772,0.358386,FORWARD
1015,32.48,62.954205,64.234425,0.3,0.29863,0.049363,0.298577,0.29863,0.3,0.049363,68.275779,122.422876,28.3542,43.16244,0.000772,0.358311,FORWARD
1016,32.512,70.078643,68.880122,0.3,0.298625,0.051303,0.299004,0.298625,0.068407,0.051303,73.066518,117.926926,28.34792,43.24408,0.000772,0.358279,FORWARD
1017,32.544,74.887714,71.15481,0.067914,0.067914,0.04771,0.229677,0.067914,0.3,0.04771,67.534687,128.707578,28.3856,43.28176,0.000772,0.358267,FORWARD
1018,32.576,69.837599,67.116528,0.3,0.3,0.049733,0.250774,0.3,0.3,0.049733,71.45328,121.017135,28.37932,43.36968,0.000837,0.545455,FORWARD
1019,32.608,67.767025,69.750526,0.3,0.299649,0.056847,0.265542,0.299649,0.3,0.056847,66.746998,109.106087,28.37304,43.45132,0.000772,0.545455,FORWARD
1020,32.64,60.42584,66.79742,0.3,0.299356,0.057485,0.275879,0.299356,0.3,0.057485,64.805204,108.09167,28.37304,43.52668,0.000772,0.427083,FORWARD
1021,32.672,65.192218,62.77686,0.3,0.29913,0.062253,0.283115,0.29913,0.3,0.062253,71.747024,95.776876,28.37304,43.60204,0.000772,0.385403,FORWARD
1022,32.704,64.058049,68.177443,0.3,0.298964,0.061634,0.288181,0.298964,0.3,0.061634,68.53471,98.060558,28.37304,43.6774,0.000772,0.369246,FORWARD
1023,32.736,65.1385,64.292199,0.3,0.298847,0.3,0.291727,0.298847,0.3,0.3,66.60771,70.788696,28.37304,43.75276,0.000772,0.362751,FORWARD
1024,32.768,63.027279,71.477912,0.3,0.298727,0.3,0.294209,0.298727,0.3,0.3,66.089669,72.140943,28.41072,43.79672,0.000837,0.360103,FORWARD
1025,32.8,73.51743,66.956466,0.068285,0.068285,0.0683,0.226432,0.068285,0.3,0.0683,66.94724,73.461328,28.45468,43.8344,0.000837,0.359017,FORWARD
1026,32.832,62.430037,67.668389,0.3,0.3,0.3,0.248502,0.3,0.3,0.3,68.743724,69.893543,28.45468,43.90976,0.000772,0.545455,FORWARD
1027,32.864,63.00789,72.232516,0.3,0.299649,0.3,0.263951,0.299649,0.3,0.3,68.188811,67.423355,28.49236,43.94744,0.000772,0.545455,FORWARD
1028,32.896,67.036612,62.596584,0.3,0.299356,0.3,0.274766,0.299356,0.3,0.3,66.926567,68.990303,28.53004,43.98512,0.000772,0.427083,FORWARD
1029,32.928,70.636485,66.683287,0.3,0.29913,0.068413,0.282336,0.29913,0.068479,0.068413,72.802244,73.045348,28.56772,44.0228,0.000772,0.385403,FORWARD
1030,32.96,66.297928,69.850669,0.3,0.298964,0.3,0.287635,0.298964,0.3,0.3,67.915334,65.582395,28.6054,44.06048,0.000772,0.369246,FORWARD
1031,32.992,66.613088,66.48747,0.3,0.298847,0.3,0.291345,0.298847,0.3,0.3,67.799973,65.619276,28.64308,44.09816,0.000772,0.362751,FORWARD
1032,33.024,62.378014,64.373318,0.3,0.298768,0.3,0.293941,0.298768,0.3,0.3,66.345879,67.715175,28.68076,44.13584,0.000772,0.360103,FORWARD
1033,33.056,68.315223,66.42667,0.3,0.298674,0.3,0.295759,0.298674,0.3,0.3,67.423071,63.873732,28.72472,44.17352,0.000837,0.359017,FORWARD
1034,33.088,67.945698,64.823707,0.3,0.298613,0.3,0.297031,0.298613,0.3,0.3,68.901407,63.836158,28.7624,44.21748,0.000837,0.35857,FORWARD
1035,33.12,66.970707,63.8637,0.3,0.298614,0.3,0.297922,0.298614,0.3,0.3,67.493038,68.384001,28.80008,44.25516,0.000772,0.358386,FORWARD
1036,33.152,69.089449,69.991173,0.3,0.298615,0.3,0.298545,0.298615,0.3,0.3,69.826287,70.482021,28.83776,44.29284,0.000772,0.358311,FORWARD
1037,33.184,61.202061,66.609698,0.3,0.298616,0.3,0.298982,0.298616,0.3,0.3,66.582539,69.670605,28.87544,44.33052,0.000772,0.358279,FORWARD
1038,33.216,64.54708,67.909831,0.3,0.298616,0.3,0.299287,0.298616,0.3,0.3,66.088592,68.38834,28.91312,44.3682,0.000772,0.358267,FORWARD
1039,33.248,65.69183,62.136507,0.3,0.298616,0.068086,0.299501,0.298616,0.3,0.068086,65.962229,74.253666,28.9508,44.40588,0.000772,0.358261,FORWARD
1040,33.28,61.628336,66.19748,0.3,0.298616,0.3,0.299651,0.298616,0.3,0.3,69.576545,70.311673,28.9508,44.48124,0.000772,0.358259,FORWARD
1041,33.312,70.179185,64.44421,0.3,0.298575,0.3,0.299756,0.298575,0.3,0.3,66.697151,68.244532,28.99476,44.51892,0.000837,0.358258,FORWARD
1042,33.344,67.98486,63.377799,0.3,0.29859,0.3,0.299829,0.29859,0.3,0.3,65.172868,70.904755,29.03244,44.5566,0.000772,0.358258,FORWARD
1043,33.376,67.675768,67.13752,0.3,0.298558,0.3,0.29988,0.298558,0.3,0.3,71.755315,65.992037,29.07012,44.60056,0.000837,0.358258,FORWARD
1044,33.408,63.015256,67.093611,0.3,0.298579,0.068564,0.299916,0.298579,0.3,0.068564,63.786386,72.488159,29.1078,44.63824,0.000772,0.358258,FORWARD
1045,33.44,62.210405,66.296675,0.3,0.298592,0.3,0.299941,0.298592,0.3,0.3,68.074602,66.775518,29.1078,44.7136,0.000772,0.358258,FORWARD
1046,33.472,61.820515,67.204287,0.3,0.298601,0.3,0.299959,0.298601,0.3,0.3,71.471605,63.630876,29.14548,44.75128,0.000772,0.358258,FORWARD
1047,33.504,72.946215,71.823528,0.06844,0.06844,0.3,0.230503,0.06844,0.3,0.3,65.301388,63.520676,29.18316,44.78896,0.000772,0.358258,FORWARD
1048,33.536,64.808158,70.327573,0.3,0.3,0.3,0.251352,0.3,0.3,0.3,68.417811,66.259374,29.22084,44.82664,0.000772,0.545455,FORWARD
1049,33.568,66.522371,60.071301,0.3,0.29962,0.3,0.265947,0.29962,0.3,0.3,65.762787,64.984286,29.2648,44.86432,0.000837,0.545455,FORWARD
1050,33.6,69.89718,66.093689,0.3,0.29934,0.3,0.276163,0.29934,0.3,0.3,66.506868,69.386268,29.30248,44.902,0.000772,0.427083,FORWARD
1051,33.632,65.459403,75.091625,0.067859,0.067859,0.3,0.213671,0.067859,0.3,0.3,63.614041,69.885083,29.34016,44.93968,0.000772,0.385403,FORWARD
1052,33.664,68.956617,62.539075,0.3,0.3,0.3,0.23957,0.3,0.3,0.3,67.506359,68.502301,29.37784,44.97736,0.000772,0.545455,FORWARD
1053,33.696,65.707775,71.428768,0.3,0.29962,0.3,0.257699,0.29962,0.3,0.3,67.328139,65.133334,29.41552,45.02132,0.000837,0.545455,FORWARD
1054,33.728,68.187701,60.582232,0.3,0.29934,0.3,0.270389,0.29934,0.3,0.3,71.247702,62.756421,29.4532,45.059,0.000772,0.427083,FORWARD
1055,33.76,76.709967,70.994072,0.06742,0.06742,0.3,0.209499,0.06742,0.3,0.3,60.399508,67.421783,29.49088,45.09668,0.000772,0.385403,FORWARD
1056,33.792,67.808067,67.694664,0.3,0.3,0.3,0.236649,0.3,0.3,0.3,67.864477,68.67727,29.52856,45.13436,0.000772,0.545455,FORWARD
1057,33.824,64.414378,68.136301,0.3,0.299649,0.3,0.255654,0.299649,0.3,0.3,68.159982,71.225667,29.56624,45.17204,0.000772,0.545455,FORWARD
1058,33.856,64.914538,68.364804,0.3,0.299319,0.3,0.268958,0.299319,0.3,0.3,70.315502,65.246581,29.6102,45.20972,0.000837,0.427083,FORWARD
1059,33.888,68.093931,76.524797,0.06747,0.06747,0.3,0.208512,0.06747,0.3,0.3,65.841626,69.631921,29.64788,45.2474,0.000772,0.385403,FORWARD
1060,33.92,66.854801,60.003274,0.3,0.3,0.3,0.235958,0.3,0.3,0.3,68.804539,67.739427,29.68556,45.28508,0.000772,0.545455,FORWARD
1061,33.952,61.725569,69.784939,0.3,0.299649,0.3,0.255171,0.299649,0.3,0.3,66.759673,64.085204,29.72324,45.32276,0.000772,0.545455,FORWARD
1062,33.984,69.707768,62.843438,0.3,0.299319,0.3,0.26862,0.299319,0.3,0.3,65.865129,60.514128,29.76092,45.36672,0.000837,0.427083,FORWARD
1063,34.016,68.527633,65.585204,0.3,0.299107,0.3,0.278034,0.299107,0.3,0.3,64.167758,71.001327,29.7986,45.4044,0.000772,0.385403,FORWARD
1064,34.048,68.762066,64.487236,0.3,0.29895,0.3,0.284624,0.29895,0.3,0.3,67.72834,70.882613,29.83628,45.44208,0.000772,0.369246,FORWARD
1065,34.08,69.269688,70.084316,0.3,0.298838,0.3,0.289236,0.298838,0.3,0.3,70.599891,65.030354,29.87396,45.47976,0.000772,0.362751,FORWARD
1066,34.112,67.786001,73.265304,0.068354,0.068354,0.3,0.222972,0.068354,0.3,0.3,69.586543,61.630529,29.91792,45.51744,0.000837,0.360103,FORWARD
1067,34.144,66.692195,70.681239,0.3,0.3,0.3,0.24608,0.3,0.3,0.3,69.554565,61.065405,29.9556,45.55512,0.000772,0.545455,FORWARD
1068,34.176,68.144225,70.573943,0.3,0.299649,0.3,0.262256,0.299649,0.3,0.3,68.79831,68.807279,29.99328,45.5928,0.000772,0.545455,FORWARD
1069,34.208,66.910456,68.613054,0.3,0.299356,0.3,0.273579,0.299356,0.3,0.3,69.293573,59.096028,30.03096,45.63048,0.000772,0.427083,FORWARD
1070,34.24,68.795923,64.648862,0.3,0.29913,0.3,0.281505,0.29913,0.3,0.3,71.075715,66.331143,30.06864,45.66816,0.000772,0.385403,FORWARD
1071,34.272,66.121986,71.811314,0.3,0.298923,0.3,0.287054,0.298923,0.3,0.3,64.02944,63.79552,30.10632,45.71212,0.000837,0.369246,FORWARD
1072,34.304,66.707819,65.015558,0.3,0.298822,0.3,0.290938,0.298822,0.3,0.3,68.91097,64.846135,30.144,45.7498,0.000772,0.362751,FORWARD
1073,34.336,64.095723,65.180575,0.3,0.298752,0.3,0.293656,0.298752,0.3,0.3,68.474772,70.79051,30.18168,45.78748,0.000772,0.360103,FORWARD
1074,34.368,71.960542,63.520451,0.3,0.298705,0.068279,0.295559,0.298705,0.068279,0.3,73.540702,67.916713,30.21936,45.82516,0.000772,0.359017,FORWARD
1075,34.4,67.868918,62.469527,0.3,0.298674,0.3,0.296892,0.298674,0.3,0.3,65.151503,67.346019,30.29472,45.82516,0.000772,0.35857,FORWARD
1076,34.432,64.296597,69.944182,0.3,0.298612,0.3,0.297824,0.298612,0.3,0.3,64.429905,67.814487,30.33868,45.86284,0.000837,0.358386,FORWARD
1077,34.464,68.532697,65.241251,0.3,0.298614,0.3,0.298477,0.298614,0.3,0.3,71.619267,64.632566,30.37636,45.90052,0.000772,0.358311,FORWARD
1078,34.496,64.87939,64.240669,0.3,0.298615,0.068112,0.298934,0.298615,0.3,0.068112,61.781052,74.156659,30.41404,45.9382,0.000772,0.358279,FORWARD
1079,34.528,66.793183,69.279402,0.3,0.298574,0.3,0.299254,0.298574,0.3,0.3,67.974496,62.968333,30.41404,46.01984,0.000837,0.358267,FORWARD
1080,34.56,58.648545,65.361916,0.3,0.298589,0.3,0.299478,0.298589,0.3,0.3,70.268696,69.020807,30.45172,46.05752,0.000772,0.358261,FORWARD
1081,34.592,72.247046,68.702626,0.3,0.298599,0.3,0.299634,0.298599,0.3,0.3,67.075086,69.627564,30.4894,46.0952,0.000772,0.358259,FORWARD
1082,34.624,65.674331,58.271668,0.3,0.298605,0.3,0.299744,0.298605,0.3,0.3,65.839736,68.780723,30.52708,46.13288,0.000772,0.358258,FORWARD
1083,34.656,65.891314,72.204879,0.3,0.298609,0.3,0.299821,0.298609,0.3,0.3,63.89407,66.824663,30.56476,46.17056,0.000772,0.358258,FORWARD
1084,34.688,65.461552,61.089919,0.3,0.29857,0.3,0.299875,0.29857,0.3,0.3,60.136358,68.49818,30.60872,46.20824,0.000837,0.358258,FORWARD
1085,34.72,70.310232,70.814811,0.3,0.298587,0.3,0.299912,0.298587,0.3,0.3,63.753327,64.917158,30.6464,46.24592,0.000772,0.358258,FORWARD
1086,34.752,66.856973,68.597308,0.3,0.298597,0.3,0.299939,0.298597,0.3,0.3,65.143655,65.492627,30.68408,46.2836,0.000772,0.358258,FORWARD
1087,34.784,65.270561,62.162869,0.3,0.298604,0.3,0.299957,0.298604,0.3,0.3,68.219941,72.024738,30.72176,46.32128,0.000772,0.358258,FORWARD
1088,34.816,68.227581,64.949248,0.3,0.298567,0.3,0.29997,0.298567,0.3,0.3,67.381387,66.050841,30.75944,46.36524,0.000837,0.358258,FORWARD
1089,34.848,72.698615,62.570283,0.068507,0.068507,0.3,0.230531,0.068507,0.3,0.3,71.436963,63.288118,30.79712,46.40292,0.000772,0.358258,FORWARD
1090,34.88,66.531239,70.993506,0.3,0.3,0.3,0.251372,0.3,0.3,0.3,68.833708,72.271644,30.8348,46.4406,0.000772,0.545455,FORWARD
1091,34.912,66.700967,72.959206,0.068437,0.068437,0.3,0.196491,0.068437,0.3,0.3,67.142153,65.295901,30.87248,46.47828,0.000772,0.545455,FORWARD
1092,34.944,70.859763,67.885387,0.3,0.3,0.3,0.227544,0.3,0.3,0.3,66.892499,69.605464,30.91016,46.51596,0.000772,0.545455,FORWARD
1093,34.976,69.747987,66.139488,0.3,0.29962,0.3,0.249281,0.29962,0.3,0.3,68.05516,64.976616,30.95412,46.55364,0.000837,0.545455,FORWARD
1094,35.008,67.596691,70.578601,0.3,0.29934,0.3,0.264496,0.29934,0.3,0.3,64.016612,64.276638,30.9918,46.59132,0.000772,0.427083,FORWARD
1095,35.04,70.184492,68.247979,0.3,0.299119,0.068299,0.275148,0.299119,0.3,0.068299,71.631479,73.466514,31.02948,46.629,0.000772,0.385403,FORWARD
1096,35.072,64.55541,65.33528,0.3,0.298957,0.068543,0.282603,0.298957,0.068543,0.3,72.565675,68.229381,31.02948,46.70436,0.000772,0.369246,FORWARD
1097,35.104,65.880248,72.728102,0.068499,0.068499,0.06857,0.218372,0.068499,0.3,0.06857,66.235574,72.46792,31.10484,46.71064,0.000837,0.362751,FORWARD
1098,35.136,70.349203,72.720599,0.068501,0.068149,0.3,0.173411,0.068149,0.3,0.3,67.890616,67.364673,31.10484,46.786,0.000772,0.545455,FORWARD
1099,35.168,69.672657,60.185264,0.3,0.3,0.3,0.211388,0.3,0.3,0.3,63.644656,70.219276,31.14252,46.82368,0.000772,0.427083,FORWARD
1100,35.2,70.857892,73.783877,0.068213,0.068213,0.3,0.168435,0.068213,0.3,0.3,69.424607,64.477822,31.1802,46.86136,0.000772,0.545455,FORWARD
1101,35.232,66.155071,68.995721,0.3,0.3,0.3,0.207905,0.3,0.3,0.3,71.457251,62.250229,31.22416,46.89904,0.000837,0.545455,FORWARD
1102,35.264,69.999972,66.262611,0.3,0.299649,0.3,0.235533,0.299649,0.3,0.3,61.415439,67.995958,31.26184,46.93672,0.000772,0.545455,FORWARD
1103,35.296,71.236394,67.250765,0.3,0.299356,0.3,0.254873,0.299356,0.3,0.3,69.894763,69.14415,31.29952,46.9744,0.000772,0.427083,FORWARD
1104,35.328,66.667289,66.063545,0.3,0.29913,0.3,0.268411,0.29913,0.3,0.3,67.644271,70.43504,31.3372,47.01208,0.000772,0.385403,FORWARD
1105,35.36,65.685547,65.013269,0.3,0.298964,0.3,0.277888,0.298964,0.3,0.3,61.289298,65.615906,31.37488,47.04976,0.000772,0.369246,FORWARD
1106,35.392,70.793851,62.540532,0.3,0.298847,0.3,0.284522,0.298847,0.3,0.3,64.228524,69.277499,31.41256,47.08744,0.000772,0.362751,FORWARD
1107,35.424,68.676526,65.3804,0.3,0.298727,0.3,0.289165,0.298727,0.3,0.3,67.892323,71.601136,31.45024,47.1314,0.000837,0.360103,FORWARD
1108,35.456,63.022881,66.478367,0.3,0.298689,0.3,0.292416,0.298689,0.3,0.3,67.335912,66.438916,31.48792,47.16908,0.000772,0.359017,FORWARD
1109,35.488,68.85882,66.17706,0.3,0.298664,0.3,0.294691,0.298664,0.3,0.3,67.206116,70.115463,31.5256,47.20676,0.000772,0.35857,FORWARD
1110,35.52,66.501992,69.173346,0.3,0.298606,0.3,0.296284,0.298606,0.3,0.3,65.968968,64.537289,31.56956,47.24444,0.000837,0.358386,FORWARD
1111,35.552,69.259068,60.014195,0.3,0.29861,0.068314,0.297399,0.29861,0.068314,0.3,73.410683,69.474946,31.60724,47.28212,0.000772,0.358311,FORWARD
1112,35.584,66.738849,72.386339,0.068592,0.068592,0.3,0.228757,0.068592,0.3,0.3,66.368508,64.701502,31.6826,47.28212,0.000772,0.358279,FORWARD
1113,35.616,69.141608,67.372341,0.3,0.3,0.3,0.25013,0.3,0.3,0.3,65.213176,67.133173,31.72028,47.3198,0.000772,0.545455,FORWARD
1114,35.648,66.043888,71.299217,0.3,0.299649,0.3,0.265091,0.299649,0.3,0.3,66.598761,57.478745,31.75796,47.35748,0.000772,0.545455,FORWARD
1115,35.68,66.568399,66.186938,0.3,0.299319,0.3,0.275563,0.299319,0.3,0.3,64.182651,69.709537,31.79564,47.40144,0.000837,0.427083,FORWARD
1116,35.712,71.398396,67.294287,0.3,0.299107,0.3,0.282894,0.299107,0.3,0.3,64.702638,66.068207,31.83332,47.43912,0.000772,0.385403,FORWARD
1117,35.744,69.699664,65.189091,0.3,0.29895,0.3,0.288026,0.29895,0.3,0.3,71.159835,66.916571,31.871,47.4768,0.000772,0.369246,FORWARD
1118,35.776,67.462122,68.433091,0.3,0.298838,0.3,0.291618,0.298838,0.3,0.3,69.052832,62.941652,31.90868,47.51448,0.000772,0.362751,FORWARD
1119,35.808,69.497026,70.989993,0.3,0.298721,0.3,0.294133,0.298721,0.3,0.3,63.823466,66.230774,31.95264,47.55216,0.000837,0.360103,FORWARD
1120,35.84,62.711536,72.174486,0.3,0.298685,0.3,0.295893,0.298685,0.3,0.3,66.192082,64.975176,31.99032,47.58984,0.000772,0.359017,FORWARD
1121,35.872,70.004618,61.935746,0.3,0.298661,0.067959,0.297125,0.298661,0.3,0.067959,65.468775,74.720377,32.028,47.62752,0.000772,0.35857,FORWARD
1122,35.904,64.756962,67.48132,0.3,0.298645,0.3,0.297988,0.298645,0.3,0.3,66.33639,63.594894,32.028,47.70288,0.000772,0.358386,FORWARD
1123,35.936,69.791051,61.628172,0.3,0.298635,0.3,0.298591,0.298635,0.3,0.3,62.45556,69.263055,32.06568,47.74056,0.000772,0.358311,FORWARD
1124,35.968,65.757194,75.385049,0.067779,0.067779,0.3,0.229348,0.067779,0.3,0.3,67.865779,70.986062,32.10336,47.78452,0.000837,0.358279,FORWARD
1125,36.0,64.973287,67.428962,0.3,0.3,0.3,0.250543,0.3,0.3,0.3,67.596609,66.113351,32.14104,47.8222,0.000772,0.545455,FORWARD
1126,36.032,67.814158,69.602855,0.3,0.299649,0.3,0.26538,0.299649,0.3,0.3,65.692917,67.209285,32.17872,47.85988,0.000772,0.545455,FORWARD
1127,36.064,57.879799,67.205986,0.3,0.299319,0.3,0.275766,0.299319,0.3,0.3,68.418211,68.96363,32.22268,47.89756,0.000837,0.427083,FORWARD
1128,36.096,70.710659,71.926473,0.3,0.299107,0.3,0.283036,0.299107,0.3,0.3,63.708111,68.178584,32.26036,47.93524,0.000772,0.385403,FORWARD
1129,36.128,63.594351,67.228217,0.3,0.29895,0.3,0.288125,0.29895,0.3,0.3,70.923577,65.399592,32.29804,47.97292,0.000772,0.369246,FORWARD
1130,36.16,70.100226,65.820527,0.3,0.298838,0.3,0.291688,0.298838,0.3,0.3,70.812104,71.449512,32.33572,48.0106,0.000772,0.362751,FORWARD
1131,36.192,65.691539,65.720783,0.3,0.298762,0.3,0.294181,0.298762,0.3,0.3,64.901348,67.27242,32.3734,48.04828,0.000772,0.360103,FORWARD
1132,36.224,66.358598,68.394943,0.3,0.298712,0.068368,0.295927,0.298712,0.068368,0.3,73.213528,70.571758,32.41108,48.08596,0.000772,0.359017,FORWARD
1133,36.256,70.219508,60.895499,0.3,0.298637,0.3,0.297149,0.298637,0.3,0.3,65.750251,62.397625,32.48644,48.09224,0.000837,0.35857,FORWARD
1134,36.288,69.690098,66.854177,0.3,0.29863,0.3,0.298004,0.29863,0.3,0.3,63.931311,67.84459,32.52412,48.12992,0.000772,0.358386,FORWARD
1135,36.32,63.759427,68.655961,0.3,0.298625,0.3,0.298603,0.298625,0.3,0.3,62.335954,68.335014,32.5618,48.1676,0.000772,0.358311,FORWARD
1136,36.352,67.771105,63.495249,0.3,0.298622,0.3,0.299022,0.298622,0.3,0.3,68.912605,68.333652,32.59948,48.20528,0.000772,0.358279,FORWARD
1137,36.384,65.55536,66.191893,0.3,0.298579,0.3,0.299315,0.298579,0.3,0.3,64.587712,64.506679,32.64344,48.24296,0.000837,0.358267,FORWARD
1138,36.416,63.831985,67.92872,0.3,0.298592,0.3,0.299521,0.298592,0.3,0.3,69.394447,67.650058,32.68112,48.28064,0.000772,0.358261,FORWARD
1139,36.448,69.572256,64.955879,0.3,0.298601,0.3,0.299665,0.298601,0.3,0.3,64.852557,67.538565,32.7188,48.31832,0.000772,0.358259,FORWARD
1140,36.48,65.962375,65.47646,0.3,0.298606,0.3,0.299765,0.298606,0.3,0.3,69.592672,66.82037,32.75648,48.356,0.000772,0.358258,FORWARD
1141,36.512,66.151614,66.817601,0.3,0.298569,0.3,0.299836,0.298569,0.3,0.3,65.171993,71.92693,32.79416,48.39996,0.000837,0.358258,FORWARD
1142,36.544,72.9785,68.888645,0.068431,0.068431,0.3,0.230414,0.068431,0.3,0.3,64.558429,66.894123,32.83184,48.43764,0.000772,0.358258,FORWARD
1143,36.576,67.151858,70.237904,0.3,0.3,0.3,0.25129,0.3,0.3,0.3,71.438525,64.941909,32.86952,48.47532,0.000772,0.545455,FORWARD
1144,36.608,71.933536,64.092586,0.3,0.299649,0.3,0.265903,0.299649,0.3,0.3,71.018373,63.5146,32.9072,48.513,0.000772,0.545455,FORWARD
1145,36.64,67.90039,69.799443,0.3,0.299356,0.3,0.276132,0.299356,0.3,0.3,66.139883,67.599095,32.94488,48.55068,0.000772,0.427083,FORWARD
1146,36.672,67.199927,74.573984,0.067999,0.067999,0.3,0.213692,0.067999,0.3,0.3,65.598295,72.088728,32.98884,48.58836,0.000837,0.385403,FORWARD
1147,36.704,69.568345,66.194345,0.3,0.3,0.3,0.239585,0.3,0.3,0.3,70.524174,67.701438,33.02652,48.62604,0.000772,0.545455,FORWARD
1148,36.736,69.297483,67.533706,0.3,0.299649,0.3,0.257709,0.299649,0.3,0.3,70.046374,70.275036,33.0642,48.66372,0.000772,0.545455,FORWARD
1149,36.768,65.8209,69.566448,0.3,0.299356,0.3,0.270396,0.299356,0.3,0.3,65.824321,64.321468,33.10188,48.7014,0.000772,0.427083,FORWARD
1150,36.8,67.270301,69.037283,0.3,0.29909,0.3,0.279277,0.29909,0.3,0.3,61.719443,68.242033,33.13956,48.74536,0.000837,0.385403,FORWARD
1151,36.832,66.122914,71.042368,0.3,0.298939,0.3,0.285494,0.298939,0.3,0.3,64.712378,68.078344,33.17724,48.78304,0.000772,0.369246,FORWARD
1152,36.864,68.05978,63.8258,0.3,0.298832,0.3,0.289846,0.298832,0.3,0.3,64.374902,69.190317,33.21492,48.82072,0.000772,0.362751,FORWARD
1153,36.896,71.953899,66.705,0.3,0.298758,0.3,0.292892,0.298758,0.3,0.3,64.737262,65.718306,33.2526,48.8584,0.000772,0.360103,FORWARD
1154,36.928,62.856742,63.081413,0.3,0.298668,0.3,0.295025,0.298668,0.3,0.3,68.30795,70.458198,33.29656,48.89608,0.000837,0.359017,FORWARD
1155,36.96,64.384515,66.045371,0.3,0.29865,0.3,0.296517,0.29865,0.3,0.3,67.140005,67.819781,33.33424,48.93376,0.000772,0.35857,FORWARD
1156,36.992,59.559454,67.285659,0.3,0.298638,0.3,0.297562,0.298638,0.3,0.3,63.706094,63.413927,33.37192,48.97144,0.000772,0.358386,FORWARD
1157,37.024,62.890738,64.783267,0.3,0.29863,0.3,0.298293,0.29863,0.3,0.3,62.354718,68.943265,33.4096,49.00912,0.000772,0.358311,FORWARD
1158,37.056,65.458394,69.179186,0.3,0.298584,0.3,0.298805,0.298584,0.3,0.3,66.829721,66.145888,33.44728,49.05308,0.000837,0.358279,FORWARD
1159,37.088,67.713248,70.163528,0.3,0.298596,0.3,0.299164,0.298596,0.3,0.3,66.232572,70.421793,33.48496,49.09076,0.000772,0.358267,FORWARD
1160,37.12,70.154492,63.389608,0.3,0.298603,0.3,0.299415,0.298603,0.3,0.3,71.852341,70.618903,33.52264,49.12844,0.000772,0.358261,FORWARD
1161,37.152,68.973616,64.840176,0.3,0.298608,0.067816,0.29959,0.298608,0.3,0.067816,69.516967,75.247607,33.56032,49.16612,0.000772,0.358259,FORWARD
1162,37.184,68.063341,65.22233,0.3,0.298611,0.3,0.299713,0.298611,0.3,0.3,66.277135,65.152714,33.56032,49.24148,0.000772,0.358258,FORWARD
1163,37.216,66.700272,64.467069,0.3,0.298572,0.3,0.299799,0.298572,0.3,0.3,68.004793,63.466934,33.60428,49.27916,0.000837,0.358258,FORWARD
1164,37.248,69.127569,64.246274,0.3,0.298588,0.3,0.299859,0.298588,0.3,0.3,70.188577,67.236451,33.64196,49.31684,0.000772,0.358258,FORWARD
1165,37.28,64.786289,63.848988,0.3,0.298598,0.3,0.299902,0.298598,0.3,0.3,69.458616,64.869736,33.67964,49.35452,0.000772,0.358258,FORWARD
1166,37.312,66.103213,68.269248,0.3,0.298604,0.3,0.299931,0.298604,0.3,0.3,67.150279,66.216281,33.71732,49.3922,0.000772,0.358258,FORWARD
1167,37.344,67.60943,65.844053,0.3,0.298609,0.3,0.299952,0.298609,0.3,0.3,68.886415,67.526909,33.755,49.42988,0.000772,0.358258,FORWARD
1168,37.376,71.292915,67.036762,0.3,0.29857,0.3,0.299966,0.29857,0.3,0.3,71.114055,71.262192,33.79268,49.47384,0.000837,0.358258,FORWARD
1169,37.408,61.641469,71.395387,0.3,0.298587,0.3,0.299976,0.298587,0.3,0.3,66.955321,68.401728,33.83036,49.51152,0.000772,0.358258,FORWARD
1170,37.44,71.089246,69.011795,0.3,0.298597,0.3,0.299983,0.298597,0.3,0.3,66.930514,64.299547,33.86804,49.5492,0.000772,0.358258,FORWARD
1171,37.472,70.258407,66.099027,0.3,0.298563,0.3,0.299988,0.298563,0.3,0.3,61.283282,69.426515,33.912,49.58688,0.000837,0.358258,FORWARD
1172,37.504,69.414154,59.620706,0.3,0.298582,0.3,0.299992,0.298582,0.3,0.3,64.313519,65.794374,33.94968,49.62456,0.000772,0.358258,FORWARD
1173,37.536,65.621177,67.287321,0.3,0.298594,0.3,0.299994,0.298594,0.3,0.3,65.064372,67.424211,33.98736,49.66224,0.000772,0.358258,FORWARD
1174,37.568,70.495221,63.776334,0.3,0.298602,0.3,0.299996,0.298602,0.3,0.3,65.472635,67.748631,34.02504,49.69992,0.000772,0.358258,FORWARD
1175,37.6,63.321062,73.817188,0.068204,0.068204,0.068056,0.230458,0.068204,0.3,0.068056,72.0793,74.36492,34.06272,49.7376,0.000772,0.358258,FORWARD
1176,37.632,71.405078,63.408373,0.3,0.3,0.3,0.251321,0.3,0.3,0.3,71.277766,67.807489,34.06272,49.81296,0.000772,0.545455,FORWARD
1177,37.664,70.170648,69.222937,0.3,0.299649,0.3,0.265925,0.299649,0.3,0.3,66.624771,62.719249,34.1004,49.85064,0.000772,0.545455,FORWARD
1178,37.696,62.889134,66.429056,0.3,0.299319,0.3,0.276147,0.299319,0.3,0.3,67.631531,68.445473,34.13808,49.8946,0.000837,0.427083,FORWARD
1179,37.728,66.448321,60.917264,0.3,0.299067,0.068106,0.283303,0.299067,0.068106,0.3,74.177417,61.227667,34.18204,49.93228,0.000837,0.385403,FORWARD
1180,37.76,68.832425,64.879776,0.3,0.298925,0.3,0.288312,0.298925,0.3,0.3,66.252063,62.551604,34.2574,49.93228,0.000772,0.369246,FORWARD
1181,37.792,66.839116,70.889206,0.3,0.298822,0.3,0.291819,0.298822,0.3,0.3,65.836965,66.151472,34.29508,49.96996,0.000772,0.362751,FORWARD
1182,37.824,63.177513,64.634364,0.3,0.298752,0.3,0.294273,0.298752,0.3,0.3,65.270376,65.909735,34.33276,50.00764,0.000772,0.360103,FORWARD
1183,37.856,66.105005,66.675635,0.3,0.298705,0.3,0.295991,0.298705,0.3,0.3,64.018796,64.022323,34.37044,50.04532,0.000772,0.359017,FORWARD
1184,37.888,64.440416,62.199193,0.3,0.298674,0.3,0.297194,0.298674,0.3,0.3,71.352389,65.178973,34.40812,50.083,0.000772,0.35857,FORWARD
1185,37.92,63.947092,71.270447,0.3,0.298654,0.3,0.298036,0.298654,0.3,0.3,70.203621,69.739344,34.4458,50.12068,0.000772,0.358386,FORWARD
1186,37.952,66.456586,65.965113,0.3,0.298599,0.3,0.298625,0.298599,0.3,0.3,69.304868,68.781827,34.48348,50.16464,0.000837,0.358311,FORWARD
1187,37.984,64.084344,63.700107,0.3,0.298605,0.3,0.299037,0.298605,0.3,0.3,63.646496,64.234435,34.52116,50.20232,0.000772,0.358279,FORWARD
1188,38.016,62.797257,67.516492,0.3,0.298609,0.3,0.299326,0.298609,0.3,0.3,64.430479,65.529928,34.55884,50.24,0.000772,0.358267,FORWARD
1189,38.048,67.008661,59.7288,0.3,0.29857,0.3,0.299528,0.29857,0.3,0.3,69.804698,68.029607,34.6028,50.27768,0.000837,0.358261,FORWARD
1190,38.08,65.657945,66.902937,0.3,0.298587,0.068339,0.29967,0.298587,0.068339,0.3,73.32065,65.211281,34.64048,50.31536,0.000772,0.358259,FORWARD
1191,38.112,75.630425,61.878173,0.067713,0.067713,0.3,0.230083,0.067713,0.3,0.3,69.012581,62.63067,34.71584,50.31536,0.000772,0.358258,FORWARD
1192,38.144,69.04751,65.606244,0.3,0.3,0.3,0.251058,0.3,0.3,0.3,71.578806,68.615343,34.75352,50.35304,0.000772,0.545455,FORWARD
1193,38.176,66.37647,63.451729,0.3,0.299649,0.3,0.265741,0.299649,0.3,0.3,62.248432,65.823185,34.7912,50.39072,0.000772,0.545455,FORWARD
1194,38.208,68.885531,64.265649,0.3,0.299319,0.3,0.276018,0.299319,0.3,0.3,67.754306,67.066865,34.82888,50.43468,0.000837,0.427083,FORWARD
1195,38.24,65.783997,68.168831,0.3,0.299107,0.3,0.283213,0.299107,0.3,0.3,69.693013,65.06276,34.86656,50.47236,0.000772,0.385403,FORWARD
1196,38.272,67.002285,68.755577,0.3,0.29895,0.3,0.288249,0.29895,0.3,0.3,71.435019,69.426814,34.90424,50.51004,0.000772,0.369246,FORWARD
1197,38.304,68.085136,66.958883,0.3,0.298838,0.068146,0.291774,0.298838,0.3,0.068146,67.258822,74.030601,34.94192,50.54772,0.000772,0.362751,FORWARD
1198,38.336,66.846168,66.288117,0.3,0.298721,0.3,0.294242,0.298721,0.3,0.3,69.167263,67.553375,34.9482,50.62308,0.000837,0.360103,FORWARD
1199,38.368,66.764977,66.334587,0.3,0.298685,0.3,0.295969,0.298685,0.3,0.3,69.415194,68.885231,34.98588,50.66076,0.000772,0.359017,FORWARD
1200,38.4,68.462119,66.448854,0.3,0.298661,0.3,0.297179,0.298661,0.3,0.3,68.951447,70.032342,35.02356,50.69844,0.000772,0.35857,FORWARD
1201,38.432,64.602835,64.252036,0.3,0.298645,0.3,0.298025,0.298645,0.3,0.3,64.44608,70.178311,35.06124,50.73612,0.000772,0.358386,FORWARD
1202,38.464,68.962703,62.384891,0.3,0.298635,0.3,0.298618,0.298635,0.3,0.3,66.69678,64.549847,35.09892,50.7738,0.000772,0.358311,FORWARD
1203,38.496,67.737997,70.970669,0.3,0.298587,0.068134,0.299032,0.298587,0.068134,0.3,74.07436,68.553627,35.1366,50.81776,0.000837,0.358279,FORWARD
1204,38.528,71.299077,68.324654,0.3,0.298598,0.3,0.299323,0.298598,0.3,0.3,68.469698,64.154087,35.21196,50.81776,0.000772,0.358267,FORWARD
1205,38.56,68.621199,65.83081,0.3,0.298604,0.3,0.299526,0.298604,0.3,0.3,68.879685,64.713807,35.24964,50.85544,0.000772,0.358261,FORWARD
1206,38.592,72.182691,60.860494,0.3,0.298609,0.3,0.299668,0.298609,0.3,0.3,68.379602,65.598277,35.28732,50.89312,0.000772,0.358259,FORWARD
1207,38.624,68.698835,62.24296,0.3,0.29857,0.3,0.299768,0.29857,0.3,0.3,66.872659,69.906497,35.33128,50.9308,0.000837,0.358258,FORWARD
1208,38.656,62.584521,71.348689,0.3,0.298587,0.3,0.299837,0.298587,0.3,0.3,61.835635,63.423849,35.36896,50.96848,0.000772,0.358258,FORWARD
1209,38.688,61.500961,65.515863,0.3,0.298597,0.3,0.299886,0.298597,0.3,0.3,60.423885,71.602272,35.40664,51.00616,0.000772,0.358258,FORWARD
1210,38.72,71.347858,64.950768,0.3,0.298604,0.3,0.29992,0.298604,0.3,0.3,65.395032,64.851595,35.44432,51.04384,0.000772,0.358258,FORWARD
1211,38.752,68.486137,68.839502,0.3,0.298567,0.3,0.299944,0.298567,0.3,0.3,69.871855,67.887892,35.482,51.0878,0.000837,0.358258,FORWARD
1212,38.784,65.231788,67.598355,0.3,0.298585,0.3,0.299961,0.298585,0.3,0.3,65.427568,66.943462,35.51968,51.12548,0.000772,0.358258,FORWARD
1213,38.816,61.111128,62.497962,0.3,0.298596,0.3,0.299973,0.298596,0.3,0.3,68.611181,63.353245,35.55736,51.16316,0.000772,0.358258,FORWARD
1214,38.848,65.551255,63.7207,0.3,0.298603,0.3,0.299981,0.298603,0.3,0.3,67.300185,66.745577,35.59504,51.20084,0.000772,0.358258,FORWARD
1215,38.88,70.238538,68.222771,0.3,0.298608,0.3,0.299987,0.298608,0.3,0.3,65.334324,71.589552,35.63272,51.23852,0.000772,0.358258,FORWARD
1216,38.912,64.951542,65.138582,0.3,0.29857,0.3,0.299991,0.29857,0.3,0.3,67.053006,67.935325,35.67668,51.2762,0.000837,0.358258,FORWARD
1217,38.944,58.720564,63.613535,0.3,0.298586,0.3,0.299993,0.298586,0.3,0.3,66.955161,67.404445,35.71436,51.31388,0.000772,0.358258,FORWARD
1218,38.976,69.549131,66.026488,0.3,0.298597,0.3,0.299995,0.298597,0.3,0.3,63.429433,64.281472,35.75204,51.35156,0.000772,0.358258,FORWARD
1219,39.008,70.965743,63.541608,0.3,0.298604,0.3,0.299997,0.298604,0.3,0.3,62.465521,69.401671,35.78972,51.38924,0.000772,0.358258,FORWARD
1220,39.04,68.787155,65.488791,0.3,0.298567,0.3,0.299998,0.298567,0.3,0.3,69.700003,65.588537,35.8274,51.4332,0.000837,0.358258,FORWARD
1221,39.072,69.983281,68.980209,0.3,0.298585,0.3,0.299998,0.298585,0.3,0.3,68.395586,61.367986,35.86508,51.47088,0.000772,0.358258,FORWARD
1222,39.104,73.610254,68.170594,0.06826,0.06826,0.3,0.230477,0.06826,0.3,0.3,66.594339,63.058298,35.90276,51.50856,0.000772,0.358258,FORWARD
1223,39.136,63.017207,67.721409,0.3,0.3,0.3,0.251334,0.3,0.3,0.3,67.33071,67.233833,35.94044,51.54624,0.000772,0.545455,FORWARD
1224,39.168,60.227404,66.851809,0.3,0.299649,0.3,0.265934,0.299649,0.3,0.3,66.472249,59.158039,35.97812,51.58392,0.000772,0.545455,FORWARD
1225,39.2,63.487924,65.579408,0.3,0.299319,0.3,0.276154,0.299319,0.3,0.3,67.031541,63.897791,36.02208,51.6216,0.000837,0.427083,FORWARD
1226,39.232,67.25377,68.845446,0.3,0.299107,0.3,0.283308,0.299107,0.3,0.3,66.461644,71.475353,36.05976,51.65928,0.000772,0.385403,FORWARD
1227,39.264,70.746935,68.332733,0.3,0.29895,0.3,0.288315,0.29895,0.3,0.3,63.378783,71.06189,36.09744,51.69696,0.000772,0.369246,FORWARD
1228,39.296,71.632285,60.540802,0.3,0.298838,0.3,0.291821,0.298838,0.3,0.3,66.846816,66.276049,36.13512,51.73464,0.000772,0.362751,FORWARD
1229,39.328,67.845863,65.92956,0.3,0.298721,0.3,0.294274,0.298721,0.3,0.3,63.807851,69.811762,36.1728,51.7786,0.000837,0.360103,FORWARD
1230,39.36,66.404146,68.06044,0.3,0.298685,0.3,0.295992,0.298685,0.3,0.3,68.946094,65.831771,36.21048,51.81628,0.000772,0.359017,FORWARD
1231,39.392,67.60053,64.145237,0.3,0.298661,0.3,0.297194,0.298661,0.3,0.3,70.738039,68.282858,36.24816,51.85396,0.000772,0.35857,FORWARD
1232,39.424,70.022792,66.288824,0.3,0.298645,0.068538,0.298036,0.298645,0.3,0.068538,61.58423,72.584958,36.28584,51.89164,0.000772,0.358386,FORWARD
1233,39.456,68.924389,63.912626,0.3,0.298594,0.3,0.298625,0.298594,0.3,0.3,64.679021,68.370691,36.29212,51.967,0.000837,0.358311,FORWARD
1234,39.488,65.238647,68.661553,0.3,0.298602,0.3,0.299038,0.298602,0.3,0.3,68.785972,64.380528,36.3298,52.00468,0.000772,0.358279,FORWARD
1235,39.52,68.449859,63.670822,0.3,0.298607,0.3,0.299326,0.298607,0.3,0.3,68.290578,62.56995,36.36748,52.04236,0.000772,0.358267,FORWARD
1236,39.552,61.225962,69.619274,0.3,0.29861,0.3,0.299528,0.29861,0.3,0.3,63.762342,66.467694,36.40516,52.08004,0.000772,0.358261,FORWARD
1237,39.584,64.701827,67.488492,0.3,0.298613,0.3,0.29967,0.298613,0.3,0.3,65.4236,66.782055,36.44284,52.11772,0.000772,0.358259,FORWARD
1238,39.616,67.510372,61.340262,0.3,0.298614,0.3,0.299769,0.298614,0.3,0.3,63.005357,57.728103,36.48052,52.1554,0.000772,0.358258,FORWARD
1239,39.648,70.533795,65.483278,0.3,0.298573,0.3,0.299838,0.298573,0.3,0.3,71.059665,70.371706,36.5182,52.19936,0.000837,0.358258,FORWARD
1240,39.68,71.199533,66.003514,0.3,0.298589,0.3,0.299887,0.298589,0.3,0.3,67.754165,66.607843,36.55588,52.23704,0.000772,0.358258,FORWARD
1241,39.712,66.117502,67.094787,0.3,0.298599,0.3,0.299921,0.298599,0.3,0.3,63.649592,68.621863,36.59356,52.27472,0.000772,0.358258,FORWARD
1242,39.744,65.99079,67.601047,0.3,0.298564,0.3,0.299945,0.298564,0.3,0.3,67.038675,61.720205,36.63752,52.3124,0.000837,0.358258,FORWARD
1243,39.776,73.285062,62.172442,0.068348,0.068348,0.3,0.230466,0.068348,0.3,0.3,66.355795,66.204091,36.6752,52.35008,0.000772,0.358258,FORWARD
1244,39.808,71.568905,64.43612,0.3,0.3,0.3,0.251326,0.3,0.3,0.3,72.013665,71.922792,36.71288,52.38776,0.000772,0.545455,FORWARD
1245,39.84,68.933688,60.492358,0.3,0.299649,0.068182,0.265928,0.299649,0.3,0.068182,61.992905,73.899404,36.75056,52.42544,0.000772,0.545455,FORWARD
1246,39.872,74.421141,68.214138,0.06804,0.06804,0.3,0.206562,0.06804,0.3,0.3,65.280739,71.535062,36.75056,52.5008,0.000772,0.427083,FORWARD
1247,39.904,70.370421,68.107621,0.3,0.3,0.068543,0.234593,0.3,0.068543,0.3,72.56586,66.360346,36.78824,52.53848,0.000772,0.545455,FORWARD
1248,39.936,72.029215,72.704906,0.068505,0.068505,0.3,0.184767,0.068505,0.3,0.3,69.692372,68.146862,36.8636,52.54476,0.000837,0.545455,FORWARD
1249,39.968,72.823944,60.182584,0.068473,0.068137,0.3,0.149879,0.068137,0.3,0.3,65.637477,68.202585,36.90128,52.58244,0.000772,0.545455,FORWARD
1250,40.0,67.683309,67.270837,0.3,0.3,0.3,0.194915,0.3,0.3,0.3,67.151322,70.115819,36.93896,52.62012,0.000772,0.427083,FORWARD
1251,40.032,70.739885,67.336106,0.3,0.29962,0.3,0.226441,0.29962,0.3,0.3,60.110741,64.639404,36.98292,52.6578,0.000837,0.545455,FORWARD
1252,40.064,68.311595,71.945983,0.3,0.29934,0.3,0.248508,0.29934,0.3,0.3,69.334278,70.685084,37.0206,52.69548,0.000772,0.427083,FORWARD
1253,40.096,66.34204,67.96274,0.3,0.299119,0.068182,0.263956,0.299119,0.068182,0.068241,73.898016,73.68096,37.05828,52.73316,0.000772,0.385403,FORWARD
1254,40.128,70.470528,72.240189,0.3,0.298957,0.3,0.274769,0.298957,0.3,0.3,63.389895,67.883741,37.09596,52.77084,0.000772,0.369246,FORWARD
1255,40.16,60.782473,68.155048,0.3,0.298843,0.3,0.282338,0.298843,0.3,0.3,62.761899,67.69944,37.13364,52.80852,0.000772,0.362751,FORWARD
1256,40.192,68.365168,65.024329,0.3,0.298724,0.3,0.287637,0.298724,0.3,0.3,65.727291,68.270147,37.17132,52.85248,0.000837,0.360103,FORWARD
1257,40.224,70.19453,65.80891,0.3,0.298687,0.3,0.291346,0.298687,0.3,0.3,64.595035,71.865511,37.209,52.89016,0.000772,0.359017,FORWARD
1258,40.256,59.288715,66.989387,0.3,0.298662,0.3,0.293942,0.298662,0.3,0.3,65.842228,64.480233,37.24668,52.92784,0.000772,0.35857,FORWARD
1259,40.288,70.234671,67.782922,0.3,0.298605,0.3,0.295759,0.298605,0.3,0.3,71.879542,69.240159,37.29064,52.96552,0.000837,0.358386,FORWARD
1260,40.32,71.463824,63.449671,0.3,0.298609,0.3,0.297032,0.298609,0.3,0.3,71.158799,70.617519,37.32832,53.0032,0.000772,0.358311,FORWARD
1261,40.352,66.311987,63.121976,0.3,0.298612,0.3,0.297922,0.298612,0.3,0.3,64.777001,67.354925,37.366,53.04088,0.000772,0.358279,FORWARD
1262,40.384,73.57416,64.006588,0.06827,0.06827,0.3,0.229026,0.06827,0.3,0.3,71.281799,67.133425,37.40368,53.07856,0.000772,0.358267,FORWARD
1263,40.416,61.2793,68.150749,0.3,0.3,0.3,0.250319,0.3,0.3,0.3,66.865394,65.545154,37.44136,53.11624,0.000772,0.545455,FORWARD
1264,40.448,67.258413,64.874704,0.3,0.299649,0.3,0.265223,0.299649,0.3,0.3,65.689003,70.852899,37.47904,53.15392,0.000772,0.545455,FORWARD
1265,40.48,68.902287,76.38912,0.067507,0.067507,0.3,0.205908,0.067507,0.3,0.3,69.483319,67.974203,37.51672,53.19788,0.000837,0.427083,FORWARD
1266,40.512,62.339843,66.916888,0.3,0.3,0.3,0.234136,0.3,0.3,0.3,68.700891,69.626686,37.5544,53.23556,0.000772,0.545455,FORWARD
1267,40.544,67.641574,70.540531,0.3,0.299649,0.3,0.253895,0.299649,0.3,0.3,63.682557,69.164921,37.59208,53.27324,0.000772,0.545455,FORWARD
1268,40.576,67.815296,69.039593,0.3,0.299319,0.3,0.267727,0.299319,0.3,0.3,66.483329,64.738679,37.63604,53.31092,0.000837,0.427083,FORWARD
1269,40.608,69.397352,69.502001,0.3,0.299107,0.3,0.277409,0.299107,0.3,0.3,64.767209,65.064554,37.67372,53.3486,0.000772,0.385403,FORWARD
1270,40.64,69.320017,64.15562,0.3,0.29895,0.068217,0.284186,0.29895,0.3,0.068217,69.420903,73.769128,37.7114,53.38628,0.000772,0.369246,FORWARD
1271,40.672,69.184112,66.31652,0.3,0.298838,0.3,0.28893,0.298838,0.3,0.3,67.621038,69.793848,37.7114,53.46164,0.000772,0.362751,FORWARD
1272,40.704,67.035018,67.373573,0.3,0.298762,0.3,0.292251,0.298762,0.3,0.3,71.254961,68.941513,37.74908,53.49932,0.000772,0.360103,FORWARD
1273,40.736,70.819675,63.550298,0.3,0.298712,0.3,0.294576,0.298712,0.3,0.3,71.821609,71.621983,37.78676,53.537,0.000772,0.359017,FORWARD
1274,40.768,63.542764,68.569143,0.3,0.298678,0.3,0.296203,0.298678,0.3,0.3,65.201614,67.712087,37.82444,53.57468,0.000772,0.35857,FORWARD
1275,40.8,67.742627,70.301424,0.3,0.298615,0.3,0.297342,0.298615,0.3,0.3,65.752787,68.183702,37.86212,53.61864,0.000837,0.358386,FORWARD
1276,40.832,71.050963,62.61592,0.3,0.298574,0.3,0.298139,0.298574,0.3,0.3,63.256291,65.83539,37.90608,53.65632,0.000837,0.358311,FORWARD
1277,40.864,64.728209,64.233213,0.3,0.298589,0.3,0.298698,0.298589,0.3,0.3,66.533764,60.758377,37.94376,53.694,0.000772,0.358279,FORWARD
1278,40.896,69.891487,77.027643,0.067334,0.067334,0.3,0.229289,0.067334,0.3,0.3,65.116715,68.057697,37.98144,53.73168,0.000772,0.358267,FORWARD
1279,40.928,61.579459,63.274882,0.3,0.3,0.3,0.250502,0.3,0.3,0.3,68.267681,65.351653,38.01912,53.76936,0.000772,0.545455,FORWARD
1280,40.96,68.490269,68.383512,0.3,0.299649,0.3,0.265351,0.299649,0.3,0.3,66.177258,63.940309,38.0568,53.80704,0.000772,0.545455,FORWARD
1281,40.992,65.252417,65.096935,0.3,0.299356,0.3,0.275746,0.299356,0.3,0.3,67.306349,69.147802,38.09448,53.84472,0.000772,0.427083,FORWARD
1282,41.024,73.455635,67.182667,0.068302,0.068302,0.068451,0.213513,0.068302,0.3,0.068451,71.002933,72.904328,38.13216,53.8824,0.000772,0.385403,FORWARD
1283,41.056,70.756915,61.226894,0.3,0.3,0.3,0.239459,0.3,0.3,0.3,64.088495,68.172608,38.13216,53.95776,0.000772,0.545455,FORWARD
1284,41.088,68.754086,69.527982,0.3,0.29959,0.3,0.257621,0.29959,0.3,0.3,71.34721,69.165899,38.17612,54.00172,0.000901,0.545455,FORWARD
1285,41.12,62.658527,63.519618,0.3,0.299323,0.3,0.270335,0.299323,0.3,0.3,69.689298,66.46119,38.2138,54.0394,0.000772,0.427083,FORWARD
1286,41.152,69.364101,66.55297,0.3,0.299109,0.3,0.279234,0.299109,0.3,0.3,70.573324,68.508321,38.25148,54.07708,0.000772,0.385403,FORWARD
1287,41.184,67.318567,71.657375,0.3,0.298951,0.3,0.285464,0.298951,0.3,0.3,69.012421,71.486708,38.28916,54.11476,0.000772,0.369246,FORWARD
1288,41.216,69.838877,61.510446,0.3,0.298839,0.3,0.289825,0.298839,0.3,0.3,67.286646,59.536627,38.32684,54.15244,0.000772,0.362751,FORWARD
1289,41.248,66.260406,69.009135,0.3,0.298763,0.3,0.292877,0.298763,0.3,0.3,61.516845,64.940598,38.36452,54.19012,0.000772,0.360103,FORWARD
1290,41.28,69.323231,70.218453,0.3,0.298712,0.3,0.295014,0.298712,0.3,0.3,59.816051,63.828964,38.4022,54.2278,0.000772,0.359017,FORWARD
1291,41.312,69.865491,68.736914,0.3,0.298678,0.3,0.29651,0.298678,0.3,0.3,71.468647,71.904031,38.43988,54.26548,0.000772,0.35857,FORWARD
1292,41.344,65.081457,61.676374,0.3,0.298656,0.3,0.297557,0.298656,0.3,0.3,68.623796,69.159467,38.47756,54.30316,0.000772,0.358386,FORWARD
1293,41.376,67.16404,67.043816,0.3,0.29856,0.3,0.29829,0.29856,0.3,0.3,65.14284,66.364731,38.52152,54.34712,0.000901,0.358311,FORWARD
1294,41.408,68.14291,70.765335,0.3,0.29858,0.068155,0.298803,0.29858,0.068155,0.3,73.996522,64.459885,38.5592,54.3848,0.000772,0.358279,FORWARD
1295,41.44,64.906333,69.475744,0.3,0.298593,0.3,0.299162,0.298593,0.3,0.3,67.833816,70.174978,38.63456,54.3848,0.000772,0.358267,FORWARD
1296,41.472,65.373669,73.87262,0.068189,0.068189,0.3,0.22987,0.068189,0.3,0.3,67.484591,72.237938,38.67224,54.42248,0.000772,0.358261,FORWARD
1297,41.504,69.877298,61.470429,0.3,0.3,0.3,0.250909,0.3,0.3,0.3,66.677533,70.360898,38.70992,54.46016,0.000772,0.545455,FORWARD
1298,41.536,63.149035,69.251256,0.3,0.299649,0.3,0.265636,0.299649,0.3,0.3,63.525091,65.620206,38.7476,54.49784,0.000772,0.545455,FORWARD
1299,41.568,67.365309,67.16722,0.3,0.299356,0.3,0.275945,0.299356,0.3,0.3,69.856884,63.732133,38.78528,54.53552,0.000772,0.427083,FORWARD
1300,41.6,69.079175,65.908118,0.3,0.29913,0.3,0.283162,0.29913,0.3,0.3,63.020797,65.092625,38.82296,54.5732,0.000772,0.385403,FORWARD
1301,41.632,72.258931,67.83929,0.3,0.298923,0.3,0.288213,0.298923,0.3,0.3,68.273017,71.648326,38.86064,54.61716,0.000837,0.369246,FORWARD
1302,41.664,70.725246,72.729295,0.068499,0.068499,0.3,0.222299,0.068499,0.3,0.3,70.444763,59.74706,38.9046,54.65484,0.000837,0.362751,FORWARD
1303,41.696,69.399345,71.805962,0.3,0.3,0.3,0.245609,0.3,0.3,0.3,65.502755,67.798307,38.94228,54.69252,0.000772,0.545455,FORWARD
1304,41.728,59.612814,68.560401,0.3,0.299649,0.3,0.261926,0.299649,0.3,0.3,63.748283,65.904317,38.97996,54.7302,0.000772,0.545455,FORWARD
1305,41.76,64.120395,63.589731,0.3,0.299356,0.3,0.273349,0.299356,0.3,0.3,66.842829,67.189873,39.01764,54.76788,0.000772,0.427083,FORWARD
1306,41.792,61.08574,68.24389,0.3,0.29913,0.3,0.281344,0.29913,0.3,0.3,67.449759,63.881774,39.05532,54.80556,0.000772,0.385403,FORWARD
1307,41.824,64.81156,65.239612,0.3,0.298964,0.068268,0.286941,0.298964,0.068268,0.3,73.579817,71.661759,39.093,54.84324,0.000772,0.369246,FORWARD
1308,41.856,68.936925,71.454177,0.3,0.298847,0.062027,0.290859,0.298847,0.062027,0.3,96.609287,69.140667,39.16836,54.84324,0.000772,0.362751,FORWARD
1309,41.888,69.259899,71.279683,0.3,0.298727,0.05723,0.293601,0.298727,0.05723,0.067145,108.496478,77.723739,39.24372,54.84952,0.000837,0.360103,FORWARD
1310,41.92,62.622837,64.142951,0.3,0.298689,0.054841,0.295521,0.298689,0.054841,0.3,112.298455,70.657242,39.28768,54.88092,0.000772,0.359017,FORWARD
1311,41.952,69.310198,64.018273,0.3,0.298664,0.049904,0.296864,0.298664,0.049904,0.3,120.36341,69.417046,39.36304,54.88092,0.000772,0.35857,FORWARD
1312,41.984,66.344637,66.248247,0.3,0.298647,0.04896,0.297805,0.298647,0.04896,0.3,123.956776,70.143874,39.4384,54.88092,0.000772,0.358386,FORWARD
1313,42.016,67.868657,76.452079,0.06749,0.06749,0.044959,0.228711,0.06749,0.044959,0.3,139.17015,67.172733,39.52004,54.87464,0.000772,0.358311,FORWARD
1314,42.048,67.23157,59.864963,0.3,0.3,0.042819,0.250097,0.3,0.042819,0.3,147.310194,60.389577,39.61424,54.86208,0.000837,0.545455,FORWARD
1315,42.08,70.496729,61.396119,0.3,0.299649,0.043025,0.265068,0.299649,0.043025,0.3,146.526705,67.813258,39.70844,54.84324,0.000772,0.545455,FORWARD
1316,42.112,68.804324,69.41041,0.3,0.299319,0.041708,0.275548,0.299319,0.041708,0.3,151.533207,63.716753,39.80892,54.8244,0.000837,0.427083,FORWARD
1317,42.144,65.21871,65.644248,0.3,0.299107,0.043699,0.282883,0.299107,0.043699,0.3,143.963997,68.786811,39.90312,54.80556,0.000772,0.385403,FORWARD
1318,42.176,61.225404,66.890238,0.3,0.29895,0.045945,0.288018,0.29895,0.045945,0.068328,135.419361,73.358133,39.99732,54.78672,0.000772,0.369246,FORWARD
1319,42.208,70.172184,68.690099,0.3,0.298838,0.044945,0.291613,0.298838,0.044945,0.3,139.225784,64.741961,40.04128,54.81812,0.000772,0.362751,FORWARD
1320,42.24,69.016489,61.804202,0.3,0.298762,0.045628,0.294129,0.298762,0.045628,0.3,136.625542,71.564488,40.1292,54.80556,0.000772,0.360103,FORWARD
1321,42.272,66.476774,64.149072,0.3,0.29867,0.048087,0.29589,0.29867,0.048087,0.3,127.276011,65.601946,40.2234,54.793,0.000837,0.359017,FORWARD
1322,42.304,57.991302,63.600887,0.3,0.298652,0.05843,0.297123,0.298652,0.05843,0.3,106.58714,68.586172,40.30504,54.78672,0.000772,0.35857,FORWARD
1323,42.336,68.408917,71.076146,0.3,0.298639,0.056113,0.297986,0.298639,0.056113,0.3,110.274465,65.370072,40.3804,54.78672,0.000772,0.358386,FORWARD
1324,42.368,66.392194,68.440647,0.3,0.298631,0.06621,0.29859,0.298631,0.06621,0.3,81.176475,67.904978,40.45576,54.78672,0.000772,0.358311,FORWARD
1325,42.4,68.872851,68.761758,0.3,0.298626,0.3,0.299013,0.298626,0.3,0.3,62.484049,68.205922,40.53112,54.78672,0.000772,0.358279,FORWARD
1326,42.432,71.683153,68.130277,0.3,0.298581,0.3,0.299309,0.298581,0.3,0.3,66.628187,64.256729,40.57508,54.8244,0.000837,0.358267,FORWARD
1327,42.464,67.538416,64.044352,0.3,0.298594,0.3,0.299516,0.298594,0.3,0.3,63.337116,71.863457,40.61276,54.86208,0.000772,0.358261,FORWARD
1328,42.496,65.194792,71.689763,0.3,0.298602,0.3,0.299662,0.298602,0.3,0.3,66.986886,69.053959,40.65044,54.89976,0.000772,0.358259,FORWARD
1329,42.528,64.685308,71.375266,0.3,0.298607,0.3,0.299763,0.298607,0.3,0.3,61.890617,61.982141,40.68812,54.93744,0.000772,0.358258,FORWARD
1330,42.56,70.96797,63.905244,0.3,0.29861,0.3,0.299834,0.29861,0.3,0.3,71.759601,65.169254,40.7258,54.97512,0.000772,0.358258,FORWARD
1331,42.592,64.740704,69.823566,0.3,0.298571,0.3,0.299884,0.298571,0.3,0.3,61.310965,69.316336,40.76348,55.01908,0.000837,0.358258,FORWARD
1332,42.624,67.276062,68.17875,0.3,0.298587,0.3,0.299919,0.298587,0.3,0.3,67.362087,65.968771,40.80116,55.05676,0.000772,0.358258,FORWARD
1333,42.656,67.583677,70.186256,0.3,0.298598,0.3,0.299943,0.298598,0.3,0.3,68.067054,68.441639,40.83884,55.09444,0.000772,0.358258,FORWARD
1334,42.688,70.293746,71.310315,0.3,0.298604,0.068448,0.29996,0.298604,0.3,0.068448,69.545763,72.916402,40.87652,55.13212,0.000772,0.358258,FORWARD
1335,42.72,65.6216,67.197856,0.3,0.298567,0.3,0.299972,0.298567,0.3,0.3,67.870482,61.030507,40.8828,55.20748,0.000837,0.358258,FORWARD
1336,42.752,68.536207,72.853722,0.068465,0.068465,0.3,0.23052,0.068465,0.3,0.3,62.082078,64.118235,40.92048,55.24516,0.000772,0.358258,FORWARD
1337,42.784,67.516252,68.819632,0.3,0.3,0.3,0.251364,0.3,0.3,0.3,60.624609,65.783277,40.95816,55.28284,0.000772,0.545455,FORWARD
1338,42.816,65.314807,65.994416,0.3,0.299649,0.3,0.265955,0.299649,0.3,0.3,68.240176,63.2349,40.99584,55.32052,0.000772,0.545455,FORWARD
1339,42.848,70.792561,65.66695,0.3,0.299356,0.068571,0.276168,0.299356,0.3,0.068571,67.091059,72.462551,41.03352,55.3582,0.000772,0.427083,FORWARD
1340,42.88,67.167863,68.25879,0.3,0.29913,0.068335,0.283318,0.29913,0.068335,0.3,73.332201,69.187086,41.03352,55.43356,0.000772,0.385403,FORWARD
1341,42.912,68.860627,69.047947,0.3,0.298923,0.068115,0.288323,0.298923,0.068115,0.3,74.145339,65.756596,41.10888,55.43984,0.000837,0.369246,FORWARD
1342,42.944,61.52974,68.461079,0.3,0.298822,0.3,0.291826,0.298822,0.3,0.3,67.319846,68.473543,41.18424,55.43984,0.000772,0.362751,FORWARD
1343,42.976,67.613835,70.944633,0.3,0.29871,0.3,0.294278,0.29871,0.3,0.3,64.362441,65.812238,41.2282,55.47752,0.000837,0.360103,FORWARD
1344,43.008,72.061535,69.806854,0.3,0.298678,0.3,0.295995,0.298678,0.3,0.3,64.967326,69.33116,41.26588,55.5152,0.000772,0.359017,FORWARD
1345,43.04,70.947883,70.357108,0.3,0.298657,0.3,0.297196,0.298657,0.3,0.3,65.001101,68.419016,41.30356,55.55288,0.000772,0.35857,FORWARD
1346,43.072,65.446872,65.465105,0.3,0.298643,0.3,0.298037,0.298643,0.3,0.3,69.218754,63.435381,41.34124,55.59056,0.000772,0.358386,FORWARD
1347,43.104,65.839341,69.056866,0.3,0.298633,0.068283,0.298626,0.298633,0.3,0.068283,66.758789,73.526135,41.37892,55.62824,0.000772,0.358311,FORWARD
1348,43.136,66.08957,71.015292,0.3,0.298627,0.067595,0.299038,0.298627,0.067595,0.3,76.064287,66.086175,41.37892,55.7036,0.000772,0.358279,FORWARD
1349,43.168,69.671889,66.415293,0.3,0.298582,0.3,0.299327,0.298582,0.3,0.3,65.703052,65.259577,41.45428,55.70988,0.000837,0.358267,FORWARD
1350,43.2,66.330656,67.217112,0.3,0.298594,0.3,0.299529,0.298594,0.3,0.3,68.607505,67.996774,41.49196,55.74756,0.000772,0.358261,FORWARD
1351,43.232,66.336066,64.372539,0.3,0.298602,0.3,0.29967,0.298602,0.3,0.3,63.677166,68.001408,41.52964,55.78524,0.000772,0.358259,FORWARD
1352,43.264,60.070399,69.726182,0.3,0.298566,0.3,0.299769,0.298566,0.3,0.3,62.048726,66.760628,41.5736,55.82292,0.000837,0.358258,FORWARD
1353,43.296,62.896091,68.825534,0.3,0.298584,0.3,0.299838,0.298584,0.3,0.3,66.9116,66.889029,41.61128,55.8606,0.000772,0.358258,FORWARD
1354,43.328,66.442624,70.781737,0.3,0.298596,0.3,0.299887,0.298596,0.3,0.3,68.723696,67.850922,41.64896,55.89828,0.000772,0.358258,FORWARD
1355,43.36,66.982668,64.703471,0.3,0.298603,0.3,0.299921,0.298603,0.3,0.3,67.390981,63.014202,41.68664,55.93596,0.000772,0.358258,FORWARD
1356,43.392,64.561936,57.778022,0.3,0.298608,0.3,0.299945,0.298608,0.3,0.3,67.425755,65.608433,41.72432,55.97364,0.000772,0.358258,FORWARD
1357,43.424,70.475672,64.393511,0.3,0.298611,0.3,0.299961,0.298611,0.3,0.3,70.766527,61.886434,41.762,56.01132,0.000772,0.358258,FORWARD
1358,43.456,66.793925,59.684608,0.3,0.298572,0.3,0.299973,0.298572,0.3,0.3,68.260988,68.656877,41.79968,56.05528,0.000837,0.358258,FORWARD
1359,43.488,63.556848,66.571049,0.3,0.298588,0.3,0.299981,0.298588,0.3,0.3,65.667325,65.314996,41.83736,56.09296,0.000772,0.358258,FORWARD
1360,43.52,66.195725,69.719844,0.3,0.298598,0.3,0.299987,0.298598,0.3,0.3,62.173525,71.85657,41.87504,56.13064,0.000772,0.358258,FORWARD
1361,43.552,59.560183,73.329843,0.068336,0.068336,0.3,0.230492,0.068336,0.3,0.3,69.603038,65.781464,41.919,56.16832,0.000837,0.358258,FORWARD
1362,43.584,64.880677,68.092454,0.3,0.3,0.068455,0.251344,0.3,0.3,0.068455,62.507681,72.892209,41.95668,56.206,0.000772,0.545455,FORWARD
1363,43.616,69.033947,68.788094,0.3,0.299649,0.3,0.265941,0.299649,0.3,0.3,64.569601,62.157433,41.95668,56.28136,0.000772,0.545455,FORWARD
1364,43.648,67.53522,67.044687,0.3,0.299356,0.3,0.276159,0.299356,0.3,0.3,71.085921,62.106722,41.99436,56.31904,0.000772,0.427083,FORWARD
1365,43.68,66.853661,65.218682,0.3,0.29913,0.3,0.283311,0.29913,0.3,0.3,65.627721,65.808997,42.03204,56.35672,0.000772,0.385403,FORWARD
1366,43.712,67.819583,68.997357,0.3,0.298964,0.3,0.288318,0.298964,0.3,0.3,64.213109,71.021724,42.06972,56.3944,0.000772,0.369246,FORWARD
1367,43.744,61.241785,65.095479,0.3,0.298847,0.3,0.291822,0.298847,0.3,0.3,62.92814,64.042541,42.1074,56.43208,0.000772,0.362751,FORWARD
1368,43.776,65.553451,67.766953,0.3,0.298727,0.3,0.294276,0.298727,0.3,0.3,63.804854,68.31447,42.14508,56.47604,0.000837,0.360103,FORWARD
1369,43.808,70.197512,65.076943,0.3,0.298648,0.3,0.295993,0.298648,0.3,0.3,70.518627,69.878638,42.18904,56.51372,0.000837,0.359017,FORWARD
1370,43.84,66.547322,70.768167,0.3,0.298637,0.3,0.297195,0.298637,0.3,0.3,67.656015,70.90153,42.22672,56.5514,0.000772,0.35857,FORWARD
1371,43.872,67.083801,66.293465,0.3,0.29863,0.3,0.298037,0.29863,0.3,0.3,62.522019,65.898401,42.2644,56.58908,0.000772,0.358386,FORWARD
1372,43.904,66.644175,62.026639,0.3,0.298625,0.3,0.298626,0.298625,0.3,0.3,67.243821,67.270356,42.30208,56.62676,0.000772,0.358311,FORWARD
1373,43.936,64.569622,71.28181,0.3,0.298622,0.3,0.299038,0.298622,0.3,0.3,66.499361,68.02962,42.33976,56.66444,0.000772,0.358279,FORWARD
1374,43.968,67.254697,63.648982,0.3,0.29862,0.3,0.299327,0.29862,0.3,0.3,64.70464,67.167048,42.37744,56.70212,0.000772,0.358267,FORWARD
1375,44.0,66.503973,69.335955,0.3,0.298619,0.3,0.299529,0.298619,0.3,0.3,64.385685,67.103904,42.41512,56.7398,0.000772,0.358261,FORWARD
1376,44.032,72.197064,70.228243,0.3,0.298618,0.3,0.29967,0.298618,0.3,0.3,66.745956,66.099705,42.4528,56.77748,0.000772,0.358259,FORWARD
1377,44.064,68.960053,66.451472,0.3,0.298535,0.3,0.299769,0.298535,0.3,0.3,64.893084,66.846694,42.49676,56.82144,0.000901,0.358258,FORWARD
1378,44.096,65.859918,69.907696,0.3,0.298564,0.3,0.299838,0.298564,0.3,0.3,60.597353,68.906243,42.53444,56.85912,0.000772,0.358258,FORWARD
1379,44.128,70.545521,62.953888,0.3,0.298583,0.3,0.299887,0.298583,0.3,0.3,67.141437,70.85748,42.57212,56.8968,0.000772,0.358258,FORWARD
1380,44.16,69.207277,66.507795,0.3,0.298595,0.3,0.299921,0.298595,0.3,0.3,66.733026,71.038664,42.6098,56.93448,0.000772,0.358258,FORWARD
1381,44.192,67.447692,66.837789,0.3,0.298602,0.3,0.299945,0.298602,0.3,0.3,63.565638,72.065574,42.64748,56.97216,0.000772,0.358258,FORWARD
1382,44.224,71.673452,70.43577,0.3,0.298607,0.3,0.299961,0.298607,0.3,0.3,61.841013,64.362958,42.68516,57.00984,0.000772,0.358258,FORWARD
1383,44.256,70.706451,67.159689,0.3,0.298611,0.3,0.299973,0.298611,0.3,0.3,65.587872,66.437034,42.72284,57.04752,0.000772,0.358258,FORWARD
1384,44.288,67.043435,67.514002,0.3,0.298613,0.3,0.299981,0.298613,0.3,0.3,71.643727,69.50216,42.76052,57.0852,0.000772,0.358258,FORWARD
1385,44.32,60.313288,69.393664,0.3,0.298614,0.3,0.299987,0.298614,0.3,0.3,68.589319,69.26536,42.7982,57.12288,0.000772,0.358258,FORWARD
1386,44.352,65.471881,68.077938,0.3,0.298532,0.3,0.299991,0.298532,0.3,0.3,68.274587,67.810218,42.84216,57.16684,0.000901,0.358258,FORWARD
1387,44.384,69.555015,62.853392,0.3,0.298562,0.3,0.299993,0.298562,0.3,0.3,63.483222,63.504848,42.87984,57.20452,0.000772,0.358258,FORWARD
1388,44.416,67.033829,65.908313,0.3,0.298582,0.068124,0.299995,0.298582,0.3,0.068124,68.804619,74.112659,42.91752,57.2422,0.000772,0.358258,FORWARD
1389,44.448,67.284453,67.090472,0.3,0.298594,0.3,0.299997,0.298594,0.3,0.3,59.254712,62.73935,42.91752,57.31756,0.000772,0.358258,FORWARD
1390,44.48,65.451254,65.356767,0.3,0.298602,0.3,0.299998,0.298602,0.3,0.3,63.147871,64.617248,42.9552,57.35524,0.000772,0.358258,FORWARD
1391,44.512,73.148098,66.747893,0.068385,0.068385,0.3,0.230514,0.068385,0.3,0.3,62.796319,68.870117,42.99288,57.39292,0.000772,0.358258,FORWARD
1392,44.544,67.505182,70.338834,0.3,0.3,0.3,0.25136,0.3,0.3,0.3,67.998777,67.4116,43.03056,57.4306,0.000772,0.545455,FORWARD
1393,44.576,69.921967,71.07899,0.3,0.299649,0.3,0.265952,0.299649,0.3,0.3,67.456537,67.877391,43.06824,57.46828,0.000772,0.545455,FORWARD
1394,44.608,70.921504,67.604609,0.3,0.299319,0.068385,0.276166,0.299319,0.068385,0.3,73.149257,61.873443,43.1122,57.50596,0.000837,0.427083,FORWARD
1395,44.64,65.108992,69.754142,0.3,0.299067,0.3,0.283316,0.299067,0.3,0.3,67.281634,63.789136,43.18756,57.51224,0.000837,0.385403,FORWARD
1396,44.672,63.906447,69.806172,0.3,0.298925,0.3,0.288321,0.298925,0.3,0.3,67.273879,64.859731,43.22524,57.54992,0.000772,0.369246,FORWARD
1397,44.704,62.068408,72.306307,0.3,0.298822,0.3,0.291825,0.298822,0.3,0.3,68.876837,67.843207,43.26292,57.5876,0.000772,0.362751,FORWARD
1398,44.736,71.323327,66.020832,0.3,0.298752,0.3,0.294278,0.298752,0.3,0.3,67.475639,69.845062,43.3006,57.62528,0.000772,0.360103,FORWARD
1399,44.768,67.491808,64.191796,0.3,0.298705,0.3,0.295994,0.298705,0.3,0.3,70.213319,65.333401,43.33828,57.66296,0.000772,0.359017,FORWARD
1400,44.8,65.063395,69.718129,0.3,0.298674,0.3,0.297196,0.298674,0.3,0.3,66.368904,64.098322,43.37596,57.70064,0.000772,0.35857,FORWARD
1401,44.832,68.164534,70.665302,0.3,0.298654,0.3,0.298037,0.298654,0.3,0.3,67.339252,68.467425,43.41364,57.73832,0.000772,0.358386,FORWARD
1402,44.864,67.522483,67.0892,0.3,0.29864,0.3,0.298626,0.29864,0.3,0.3,65.314996,71.804546,43.45132,57.776,0.000772,0.358311,FORWARD
1403,44.896,72.351585,71.078728,0.3,0.29859,0.3,0.299038,0.29859,0.3,0.3,68.516144,64.75531,43.489,57.81996,0.000837,0.358279,FORWARD
1404,44.928,68.364637,70.124253,0.3,0.298558,0.3,0.299327,0.298558,0.3,0.3,69.95169,69.980567,43.53296,57.85764,0.000837,0.358267,FORWARD
1405,44.96,62.661095,67.228798,0.3,0.298579,0.3,0.299529,0.298579,0.3,0.3,66.95938,68.76677,43.57064,57.89532,0.000772,0.358261,FORWARD
1406,44.992,68.086296,66.830935,0.3,0.298593,0.3,0.29967,0.298593,0.3,0.3,66.811013,67.121911,43.60832,57.933,0.000772,0.358259,FORWARD
1407,45.024,68.268987,64.725999,0.3,0.298601,0.3,0.299769,0.298601,0.3,0.3,63.354802,67.30919,43.646,57.97068,0.000772,0.358258,FORWARD
1408,45.056,72.983908,67.509953,0.06843,0.06843,0.3,0.230367,0.06843,0.3,0.3,65.501016,67.733519,43.68368,58.00836,0.000772,0.358258,FORWARD
1409,45.088,67.568489,69.210782,0.3,0.3,0.3,0.251257,0.3,0.3,0.3,70.846244,60.534393,43.72136,58.04604,0.000772,0.545455,FORWARD
1410,45.12,68.065138,70.5814,0.3,0.299649,0.3,0.26588,0.299649,0.3,0.3,69.308271,67.165236,43.75904,58.08372,0.000772,0.545455,FORWARD
1411,45.152,71.915522,68.875643,0.3,0.299356,0.3,0.276116,0.299356,0.3,0.3,69.53794,72.309373,43.79672,58.1214,0.000772,0.427083,FORWARD
1412,45.184,69.453604,66.733639,0.3,0.29909,0.3,0.283281,0.29909,0.3,0.3,64.460096,71.537972,43.8344,58.16536,0.000837,0.385403,FORWARD
1413,45.216,70.976548,67.043979,0.3,0.298898,0.3,0.288297,0.298898,0.3,0.3,70.086263,68.853686,43.87836,58.20304,0.000837,0.369246,FORWARD
1414,45.248,64.709388,68.039447,0.3,0.298806,0.3,0.291808,0.298806,0.3,0.3,69.732554,69.866498,43.91604,58.24072,0.000772,0.362751,FORWARD
1415,45.28,65.266796,74.335247,0.068064,0.068064,0.3,0.224685,0.068064,0.3,0.3,69.02288,67.312748,43.95372,58.2784,0.000772,0.360103,FORWARD
1416,45.312,62.063477,68.347176,0.3,0.3,0.3,0.247279,0.3,0.3,0.3,69.801335,67.242118,43.9914,58.31608,0.000772,0.545455,FORWARD
1417,45.344,59.866523,66.551924,0.3,0.299649,0.068595,0.263095,0.299649,0.068595,0.3,72.375464,64.749173,44.02908,58.35376,0.000772,0.545455,FORWARD
1418,45.376,65.09583,69.489208,0.3,0.299356,0.068296,0.274167,0.299356,0.068296,0.068586,73.476829,72.407692,44.10444,58.35376,0.000772,0.427083,FORWARD
1419,45.408,63.375872,68.4657,0.3,0.29913,0.3,0.281917,0.29913,0.3,0.3,69.081882,63.36965,44.14212,58.39144,0.000772,0.385403,FORWARD
1420,45.44,66.05415,75.039129,0.067873,0.067873,0.3,0.217704,0.067873,0.3,0.3,66.988623,64.22886,44.1798,58.4354,0.000837,0.369246,FORWARD
1421,45.472,74.177775,68.545919,0.068106,0.067649,0.3,0.172824,0.067649,0.3,0.3,64.223884,67.729237,44.21748,58.47308,0.000772,0.545455,FORWARD
1422,45.504,66.039126,65.085727,0.3,0.3,0.3,0.210977,0.3,0.3,0.3,69.292956,64.844175,44.26144,58.51076,0.000837,0.427083,FORWARD
1423,45.536,68.415089,65.912482,0.3,0.299649,0.3,0.237684,0.299649,0.3,0.3,64.022919,62.092051,44.29912,58.54844,0.000772,0.545455,FORWARD
1424,45.568,61.592123,69.344519,0.3,0.299356,0.3,0.256379,0.299356,0.3,0.3,63.927301,59.080968,44.3368,58.58612,0.000772,0.427083,FORWARD
1425,45.6,66.00071,67.442585,0.3,0.29913,0.3,0.269465,0.29913,0.3,0.3,62.828806,71.589179,44.37448,58.6238,0.000772,0.385403,FORWARD
1426,45.632,70.538432,67.994358,0.3,0.298964,0.3,0.278626,0.298964,0.3,0.3,69.272759,65.14222,44.41216,58.66148,0.000772,0.369246,FORWARD
1427,45.664,69.898124,61.484979,0.3,0.298847,0.068002,0.285038,0.298847,0.068002,0.3,74.560975,59.357151,44.44984,58.69916,0.000772,0.362751,FORWARD
1428,45.696,62.800461,67.069368,0.3,0.298727,0.3,0.289527,0.298727,0.3,0.3,63.693128,68.411676,44.5252,58.70544,0.000837,0.360103,FORWARD
1429,45.728,66.451489,68.452501,0.3,0.298689,0.068578,0.292669,0.298689,0.3,0.068578,64.26549,72.43899,44.56288,58.74312,0.000772,0.359017,FORWARD
1430,45.76,77.2312,66.671879,0.067279,0.067279,0.3,0.225052,0.067279,0.3,0.3,64.006689,66.250423,44.56288,58.81848,0.000772,0.35857,FORWARD
1431,45.792,68.171342,67.202919,0.3,0.3,0.3,0.247536,0.3,0.3,0.3,63.516266,64.556024,44.60684,58.85616,0.000837,0.545455,FORWARD
1432,45.824,65.737726,70.864223,0.3,0.299649,0.3,0.263275,0.299649,0.3,0.3,62.38975,61.870223,44.64452,58.89384,0.000772,0.545455,FORWARD
1433,45.856,63.620002,69.510105,0.3,0.299356,0.068433,0.274293,0.299356,0.068433,0.3,72.970812,69.226319,44.6822,58.93152,0.000772,0.427083,FORWARD
1434,45.888,69.616735,66.541354,0.3,0.29913,0.3,0.282005,0.29913,0.3,0.3,67.180714,70.920676,44.75756,58.93152,0.000772,0.385403,FORWARD
1435,45.92,66.470697,66.765961,0.3,0.298964,0.06858,0.287403,0.298964,0.06858,0.3,72.430084,64.637552,44.79524,58.9692,0.000772,0.369246,FORWARD
1436,45.952,71.760003,64.742952,0.3,0.298806,0.06839,0.291182,0.298806,0.06839,0.3,73.12916,68.645642,44.8706,58.97548,0.000837,0.362751,FORWARD
1437,45.984,63.558327,72.406105,0.068586,0.068586,0.3,0.224404,0.068586,0.3,0.3,63.824222,71.563971,44.94596,58.97548,0.000772,0.360103,FORWARD
1438,46.016,64.876061,68.03798,0.3,0.3,0.3,0.247083,0.3,0.3,0.3,66.549074,70.042738,44.98364,59.01316,0.000772,0.545455,FORWARD
1439,46.048,66.972082,70.377798,0.3,0.299649,0.3,0.262958,0.299649,0.3,0.3,68.293815,66.677933,45.02132,59.05084,0.000772,0.545455,FORWARD
1440,46.08,60.069605,63.52267,0.3,0.299356,0.3,0.27407,0.299356,0.3,0.3,61.07772,64.570873,45.059,59.08852,0.000772,0.427083,FORWARD
1441,46.112,63.324821,61.886449,0.3,0.29913,0.068013,0.281849,0.29913,0.068013,0.3,74.52346,62.50802,45.09668,59.1262,0.000772,0.385403,FORWARD
1442,46.144,66.650444,67.416015,0.3,0.298964,0.3,0.287295,0.298964,0.3,0.3,66.98917,66.314572,45.17204,59.1262,0.000772,0.369246,FORWARD
1443,46.176,67.267272,69.118805,0.3,0.298806,0.068547,0.291106,0.298806,0.068547,0.3,72.552051,66.804447,45.20972,59.17016,0.000837,0.362751,FORWARD
1444,46.208,70.063857,69.665352,0.3,0.298701,0.3,0.293774,0.298701,0.3,0.3,70.550656,72.153733,45.29136,59.17016,0.000837,0.360103,FORWARD
1445,46.24,68.732202,69.009878,0.3,0.298672,0.3,0.295642,0.298672,0.3,0.3,67.607894,67.337961,45.32904,59.20784,0.000772,0.359017,FORWARD
1446,46.272,65.53002,67.784453,0.3,0.298653,0.3,0.296949,0.298653,0.3,0.3,71.071383,67.071266,45.36672,59.24552,0.000772,0.35857,FORWARD
1447,46.304,72.612978,62.955519,0.06853,0.06853,0.3,0.228424,0.06853,0.3,0.3,71.379991,58.481293,45.4044,59.2832,0.000772,0.358386,FORWARD
1448,46.336,59.730465,66.504865,0.3,0.3,0.3,0.249897,0.3,0.3,0.3,66.428098,68.124321,45.44208,59.32088,0.000772,0.545455,FORWARD
1449,46.368,65.694103,66.052571,0.3,0.299649,0.3,0.264928,0.299649,0.3,0.3,64.56106,68.508493,45.47976,59.35856,0.000772,0.545455,FORWARD
1450,46.4,63.905919,69.38145,0.3,0.299356,0.3,0.275449,0.299356,0.3,0.3,72.337378,69.760036,45.51744,59.39624,0.000772,0.427083,FORWARD
1451,46.432,67.325654,70.434181,0.3,0.29909,0.3,0.282815,0.29909,0.3,0.3,63.062405,65.553804,45.55512,59.4402,0.000837,0.385403,FORWARD
1452,46.464,67.824379,68.546501,0.3,0.298939,0.3,0.28797,0.298939,0.3,0.3,69.516515,71.489764,45.5928,59.47788,0.000772,0.369246,FORWARD
1453,46.496,65.737407,68.711963,0.3,0.298791,0.3,0.291579,0.298791,0.3,0.3,66.712555,72.183322,45.63676,59.51556,0.000837,0.362751,FORWARD
1454,46.528,66.647694,66.867089,0.3,0.298732,0.068199,0.294105,0.298732,0.3,0.068199,72.008376,73.836323,45.67444,59.55324,0.000772,0.360103,FORWARD
1455,46.56,64.66904,68.578124,0.3,0.298692,0.067651,0.295874,0.298692,0.067651,0.3,75.85745,62.097446,45.67444,59.6286,0.000772,0.359017,FORWARD
1456,46.592,70.136763,59.895007,0.3,0.298666,0.3,0.297112,0.298666,0.3,0.3,70.226437,70.631913,45.7498,59.6286,0.000772,0.35857,FORWARD
1457,46.624,67.485365,67.460923,0.3,0.298648,0.3,0.297978,0.298648,0.3,0.3,68.375139,69.660365,45.78748,59.66628,0.000772,0.358386,FORWARD
1458,46.656,67.456461,64.934705,0.3,0.298637,0.3,0.298585,0.298637,0.3,0.3,66.583629,70.571539,45.82516,59.70396,0.000772,0.358311,FORWARD
1459,46.688,68.479222,67.614615,0.3,0.29863,0.3,0.299009,0.29863,0.3,0.3,66.705794,66.245536,45.86284,59.74164,0.000772,0.358279,FORWARD
1460,46.72,70.467158,68.874246,0.3,0.298584,0.3,0.299307,0.298584,0.3,0.3,63.62097,67.556811,45.90052,59.7856,0.000837,0.358267,FORWARD
1461,46.752,71.672058,62.590423,0.3,0.298595,0.3,0.299515,0.298595,0.3,0.3,68.332345,68.313725,45.9382,59.82328,0.000772,0.358261,FORWARD
1462,46.784,64.561337,66.311933,0.3,0.298562,0.068421,0.29966,0.298562,0.3,0.068421,65.357248,73.018011,45.98216,59.86096,0.000837,0.358259,FORWARD
1463,46.816,68.508315,74.971571,0.067891,0.067891,0.3,0.230129,0.067891,0.3,0.3,64.86804,64.08875,45.98216,59.93632,0.000772,0.358258,FORWARD
1464,46.848,62.245015,66.806381,0.3,0.3,0.068356,0.251091,0.3,0.3,0.068356,68.681983,73.255087,46.01984,59.974,0.000772,0.545455,FORWARD
1465,46.88,73.023617,67.93992,0.068419,0.068419,0.3,0.196289,0.068419,0.3,0.3,64.419209,70.78647,46.01984,60.04936,0.000772,0.545455,FORWARD
1466,46.912,66.114062,66.421314,0.3,0.3,0.3,0.227402,0.3,0.3,0.3,68.846039,63.101403,46.05752,60.08704,0.000772,0.545455,FORWARD
1467,46.944,67.259112,61.062171,0.3,0.299649,0.3,0.249182,0.299649,0.3,0.3,68.917447,71.011826,46.0952,60.12472,0.000772,0.545455,FORWARD
1468,46.976,67.306117,62.680537,0.3,0.299356,0.3,0.264427,0.299356,0.3,0.3,67.358924,60.963632,46.13288,60.1624,0.000772,0.427083,FORWARD
1469,47.008,67.08121,65.761181,0.3,0.29909,0.3,0.275099,0.29909,0.3,0.3,65.669061,63.077267,46.17684,60.20008,0.000837,0.385403,FORWARD
1470,47.04,66.21038,67.76358,0.3,0.298898,0.3,0.282569,0.298898,0.3,0.3,61.587735,64.474311,46.21452,60.24404,0.000837,0.369246,FORWARD
1471,47.072,71.07918,69.234902,0.3,0.298806,0.3,0.287799,0.298806,0.3,0.3,68.917355,66.389464,46.2522,60.28172,0.000772,0.362751,FORWARD
1472,47.104,66.081577,69.584592,0.3,0.298741,0.3,0.291459,0.298741,0.3,0.3,63.577251,71.063064,46.28988,60.3194,0.000772,0.360103,FORWARD
1473,47.136,67.811878,69.094138,0.3,0.298698,0.3,0.294021,0.298698,0.3,0.3,64.871939,66.972883,46.32756,60.35708,0.000772,0.359017,FORWARD
1474,47.168,66.646217,62.101385,0.3,0.29867,0.3,0.295815,0.29867,0.3,0.3,67.911536,65.640947,46.36524,60.39476,0.000772,0.35857,FORWARD
1475,47.2,63.655539,69.404696,0.3,0.298651,0.3,0.29707,0.298651,0.3,0.3,65.076156,65.532794,46.40292,60.43244,0.000772,0.358386,FORWARD
1476,47.232,71.381641,68.734435,0.3,0.298639,0.3,0.297949,0.298639,0.3,0.3,70.78912,64.84022,46.4406,60.47012,0.000772,0.358311,FORWARD
1477,47.264,64.619943,71.319636,0.3,0.298631,0.3,0.298565,0.298631,0.3,0.3,61.946836,68.168643,46.47828,60.5078,0.000772,0.358279,FORWARD
1478,47.296,67.66314,74.771668,0.067945,0.067945,0.3,0.229379,0.067945,0.3,0.3,59.923005,65.643149,46.52224,60.54548,0.000837,0.358267,FORWARD
1479,47.328,66.486963,76.591418,0.067452,0.067296,0.3,0.180801,0.067296,0.3,0.3,69.480629,61.458154,46.55992,60.58944,0.000837,0.545455,FORWARD
1480,47.36,66.706541,83.514027,0.065576,0.065576,0.3,0.146233,0.066119,0.3,0.3,67.144644,66.033969,46.5976,60.62712,0.000772,0.427083,FORWARD
1481,47.392,70.889051,88.614457,0.064194,0.064194,0.3,0.121622,0.064902,0.3,0.3,68.714539,61.787564,46.63528,60.6648,0.000772,0.385403,FORWARD
1482,47.424,63.891971,92.583627,0.063118,0.063118,0.3,0.104071,0.063756,0.3,0.3,70.000883,66.522747,46.67296,60.70248,0.000772,0.369246,FORWARD
1483,47.456,68.986175,94.179036,0.062686,0.062686,0.3,0.091655,0.062876,0.3,0.3,65.887335,66.533141,46.71064,60.74016,0.000772,0.362751,FORWARD
1484,47.488,71.951347,102.603279,0.060403,0.060403,0.3,0.082279,0.061491,0.3,0.3,70.192013,64.738783,46.74832,60.77784,0.000772,0.360103,FORWARD
1485,47.52,67.199383,100.767189,0.0609,0.060784,0.3,0.075866,0.060784,0.3,0.3,60.979161,70.752379,46.786,60.81552,0.000772,0.359017,FORWARD
1486,47.552,69.023428,105.313822,0.059231,0.059231,0.3,0.070875,0.059732,0.3,0.3,62.872334,64.253326,46.82368,60.8532,0.000772,0.35857,FORWARD
1487,47.584,66.284769,100.233376,0.061045,0.059665,0.3,0.067926,0.059665,0.3,0.3,62.491496,64.924259,46.86764,60.89088,0.000837,0.358386,FORWARD
1488,47.616,69.950981,114.183542,0.053656,0.053656,0.3,0.063645,0.056975,0.3,0.3,66.281748,72.020119,46.90532,60.93484,0.000837,0.358311,FORWARD
1489,47.648,69.923818,107.558914,0.05782,0.056782,0.3,0.061897,0.056782,0.3,0.3,66.611298,70.448246,46.943,60.97252,0.000772,0.358279,FORWARD
1490,47.68,67.587352,112.202751,0.054901,0.054901,0.3,0.059798,0.055612,0.3,0.3,71.913982,68.424509,46.98068,61.0102,0.000772,0.358267,FORWARD
1491,47.712,66.311751,119.116581,0.050555,0.050555,0.3,0.057026,0.053305,0.3,0.3,66.268844,68.664039,47.01836,61.04788,0.000772,0.358261,FORWARD
1492,47.744,64.865027,113.831607,0.053877,0.053014,0.3,0.056081,0.053014,0.3,0.3,65.22097,69.36064,47.05604,61.08556,0.000772,0.358259,FORWARD
1493,47.776,74.89849,119.970111,0.050019,0.050019,0.3,0.054262,0.051445,0.3,0.3,61.303623,65.313595,47.09372,61.12324,0.000772,0.358258,FORWARD
1494,47.808,77.562916,117.762187,0.051407,0.050936,0.3,0.053406,0.050936,0.3,0.3,64.620195,68.049214,47.1314,61.16092,0.000772,0.358258,FORWARD
1495,47.84,86.950699,126.529198,0.048283,0.048283,0.3,0.051869,0.049448,0.3,0.3,67.678894,66.63558,47.17536,61.1986,0.000837,0.358258,FORWARD
1496,47.872,86.41986,120.809701,0.049787,0.049115,0.3,0.051244,0.049115,0.3,0.3,64.196987,63.490717,47.20676,61.23628,0.000708,0.358258,FORWARD
1497,47.904,91.691735,126.822395,0.048206,0.048206,0.3,0.050333,0.048294,0.3,0.3,71.132548,67.548042,47.24444,61.27396,0.000772,0.358258,FORWARD
1498,47.936,97.559783,130.867237,0.047142,0.047142,0.3,0.049376,0.047386,0.3,0.3,70.255264,67.604617,47.28212,61.31164,0.000772,0.358258,FORWARD
1499,47.968,98.428601,132.124344,0.046812,0.046684,0.3,0.048607,0.046684,0.3,0.3,60.73893,66.094535,47.3198,61.34932,0.000772,0.358258,FORWARD
1500,48.0,105.047577,148.17167,0.042592,0.042592,0.3,0.046802,0.044723,0.3,0.3,69.345816,66.667039,47.35748,61.387,0.000772,0.358258,FORWARD
1501,48.032,103.226521,138.849143,0.045044,0.044425,0.067978,0.046275,0.044425,0.3,0.067978,65.640329,74.652224,47.38888,61.4184,0.000644,0.358258,FORWARD
1502,48.064,95.488662,145.540916,0.043284,0.043284,0.3,0.045377,0.043562,0.3,0.3,66.36674,66.200559,47.38888,61.48748,0.000708,0.358258,FORWARD
1503,48.096,106.273089,143.175986,0.043906,0.043272,0.3,0.044936,0.043272,0.3,0.3,67.875724,64.941827,47.42028,61.51888,0.000644,0.358258,FORWARD
1504,48.128,103.216698,147.120142,0.042869,0.042673,0.3,0.044316,0.042673,0.3,0.3,67.809342,68.274571,47.45168,61.55656,0.000708,0.358258,FORWARD
1505,48.16,108.47479,157.864444,0.040044,0.040044,0.3,0.043034,0.041318,0.3,0.3,68.139692,65.071327,47.48308,61.58796,0.000644,0.358258,FORWARD
1506,48.192,112.325678,158.34402,0.039959,0.039959,0.3,0.042112,0.040418,0.3,0.3,67.190206,65.305777,47.51448,61.61936,0.000644,0.358258,TURN_LEFT
1507,48.224,105.412148,170.388685,0.038393,0.038393,0.3,0.040996,0.039651,0.3,0.3,65.501698,67.24963,47.43912,61.701,6.4e-05,0.358258,TURN_LEFT
1508,48.256,90.417522,166.542129,0.038893,0.038893,0.3,0.040365,0.039421,0.3,0.3,67.697505,63.263436,47.35748,61.77636,-6.4e-05,0.358258,TURN_LEFT
1509,48.288,72.763948,152.262444,0.041517,0.040172,0.3,0.040711,0.040172,0.3,0.3,70.358176,68.482658,47.27584,61.858,0.0,0.358258,TURN_LEFT
1510,48.32,70.294117,150.087133,0.042089,0.040858,0.3,0.041124,0.040858,0.3,0.3,68.640818,66.81891,47.1942,61.93964,0.0,0.358258,TURN_LEFT
1511,48.352,66.185413,157.216508,0.040214,0.040214,0.3,0.040851,0.040586,0.3,0.3,63.088743,65.977188,47.11884,62.02128,6.4e-05,0.358258,TURN_LEFT
1512,48.384,67.345834,144.253846,0.043622,0.041715,0.3,0.041682,0.041715,0.3,0.3,71.463606,67.600948,47.0372,62.09664,-6.4e-05,0.358258,TURN_LEFT
1513,48.416,68.206468,136.429928,0.04568,0.043136,0.3,0.042882,0.043136,0.3,0.3,62.330159,68.426958,46.95556,62.17828,0.0,0.358258,TURN_LEFT
1514,48.448,68.525238,127.598082,0.048002,0.044879,0.068304,0.044418,0.044879,0.3,0.068304,63.580985,73.449611,46.87392,62.25992,0.0,0.358258,TURN_LEFT
1515,48.48,63.643031,122.418036,0.049364,0.046486,0.3,0.045902,0.046486,0.3,0.3,68.953744,66.678695,46.79856,62.33528,0.0,0.358258,TURN_LEFT
1516,48.512,68.485924,114.786921,0.053277,0.048919,0.068274,0.048114,0.048919,0.3,0.068274,69.627557,73.557565,46.71692,62.41692,0.0,0.358258,TURN_LEFT
1517,48.544,67.96492,105.508963,0.059108,0.052569,0.064234,0.051412,0.052569,0.3,0.064234,67.231064,88.466791,46.63528,62.49856,0.0,0.358258,FORWARD
1518,48.576,72.432854,111.103053,0.055592,0.053156,0.060896,0.052666,0.053156,0.3,0.060896,72.228871,100.78275,46.63528,62.57392,0.000772,0.358258,FORWARD
1519,48.608,67.207398,109.983366,0.056296,0.053785,0.05998,0.053755,0.053785,0.3,0.05998,61.244088,104.121904,46.63528,62.64928,0.000772,0.358258,FORWARD
1520,48.64,73.72521,100.451628,0.060986,0.055869,0.04946,0.055924,0.055869,0.3,0.04946,68.851428,122.052845,46.63528,62.72464,0.000772,0.358258,FORWARD
1521,48.672,66.330341,92.987417,0.063009,0.05789,0.055672,0.05805,0.05789,0.3,0.055672,67.281063,110.975822,46.63528,62.80628,0.000837,0.358258,FORWARD
1522,48.704,67.879948,91.437511,0.063429,0.059337,0.051202,0.059663,0.059337,0.3,0.051202,68.089765,118.087799,46.63528,62.88792,0.000837,0.358258,FORWARD
1523,48.736,67.039402,84.516743,0.065304,0.060979,0.047627,0.061356,0.060979,0.3,0.047627,66.56714,129.023355,46.63528,62.96328,0.000772,0.358258,FORWARD
1524,48.768,64.559439,77.013966,0.067338,0.062803,0.048174,0.06315,0.062803,0.3,0.048174,65.671385,126.946145,46.62272,63.04492,0.000708,0.358258,FORWARD
1525,48.8,66.237546,64.885835,0.3,0.3,0.044794,0.134205,0.3,0.3,0.044794,68.318694,139.79738,46.61644,63.13284,0.000837,0.358258,FORWARD
1526,48.832,64.187581,66.97336,0.3,0.299649,0.041529,0.183944,0.299649,0.3,0.041529,67.172989,152.215031,46.60388,63.22076,0.000772,0.545455,FORWARD
1527,48.864,62.922556,70.099543,0.3,0.299319,0.039951,0.218761,0.299319,0.3,0.039951,68.77149,158.409704,46.58504,63.32124,0.000837,0.427083,FORWARD
1528,48.896,67.113561,66.794022,0.3,0.299107,0.038818,0.243132,0.299107,0.3,0.038818,65.455154,167.115957,46.5662,63.41544,0.000772,0.385403,FORWARD
1529,48.928,73.591117,62.223034,0.068265,0.068265,0.037743,0.190672,0.068265,0.3,0.037743,68.093208,175.390008,46.54736,63.50964,0.000772,0.369246,FORWARD
1530,48.96,69.792942,64.857572,0.3,0.3,0.036537,0.223471,0.3,0.3,0.036537,69.45313,184.662466,46.52852,63.60384,0.000772,0.545455,FORWARD
1531,48.992,60.478171,66.062191,0.3,0.29962,0.035698,0.246429,0.29962,0.3,0.035698,70.681356,191.114941,46.50968,63.70432,0.000837,0.545455,FORWARD
1532,49.024,66.197345,68.767099,0.3,0.29934,0.034221,0.262501,0.29934,0.3,0.034221,71.451216,202.471901,46.49084,63.79852,0.000772,0.427083,FORWARD
1533,49.056,67.173022,71.213396,0.3,0.299159,0.033172,0.27375,0.299159,0.3,0.033172,67.578348,210.536939,46.46572,63.89272,0.000708,0.385403,FORWARD
1534,49.088,72.261151,69.722154,0.3,0.298982,0.03372,0.281625,0.298982,0.3,0.03372,70.776602,206.319942,46.44688,63.98692,0.000772,0.369246,FORWARD
1535,49.12,72.793842,65.253315,0.068481,0.068481,0.033145,0.217682,0.068481,0.3,0.033145,66.822048,210.744407,46.42804,64.0874,0.000837,0.362751,FORWARD
1536,49.152,69.196598,68.896224,0.3,0.3,0.033154,0.242377,0.3,0.3,0.033154,68.723184,210.677585,46.4092,64.1816,0.000772,0.545455,FORWARD
1537,49.184,66.7444,70.414633,0.3,0.299649,0.033052,0.259664,0.299649,0.3,0.033052,68.651861,211.457889,46.39036,64.2758,0.000772,0.545455,FORWARD
1538,49.216,66.172636,62.311373,0.3,0.299319,0.033432,0.271765,0.299319,0.3,0.033432,60.61345,208.541336,46.37152,64.37628,0.000837,0.427083,FORWARD
1539,49.248,68.37941,70.026209,0.3,0.299107,0.034267,0.280235,0.299107,0.3,0.034267,62.144385,202.118772,46.35268,64.47048,0.000772,0.385403,FORWARD
1540,49.28,68.752744,63.379922,0.3,0.29895,0.034829,0.286165,0.29895,0.3,0.034829,66.167764,197.795636,46.33384,64.56468,0.000772,0.369246,FORWARD
1541,49.312,72.427195,65.646007,0.068581,0.068581,0.035138,0.22089,0.068581,0.3,0.035138,70.505172,195.416809,46.315,64.65888,0.000772,0.362751,FORWARD
1542,49.344,64.359879,64.255627,0.3,0.3,0.034976,0.244623,0.3,0.3,0.034976,63.049817,196.663044,46.29616,64.75936,0.000837,0.545455,FORWARD
1543,49.376,63.622436,74.440824,0.068035,0.068035,0.038026,0.191646,0.068035,0.3,0.038026,63.485963,173.210173,46.27732,64.85356,0.000772,0.545455,FORWARD
1544,49.408,67.814758,71.093222,0.3,0.3,0.039298,0.224152,0.3,0.3,0.039298,66.135414,163.426219,46.25848,64.94776,0.000772,0.545455,FORWARD
1545,49.44,65.617203,68.988313,0.3,0.299649,0.039452,0.246907,0.299649,0.3,0.039452,66.33177,162.242416,46.23964,65.04196,0.000772,0.545455,FORWARD
1546,49.472,69.186293,66.94914,0.3,0.299319,0.041337,0.262835,0.299319,0.3,0.041337,72.171431,152.944792,46.2208,65.14244,0.000837,0.427083,FORWARD
1547,49.504,67.261017,69.209685,0.3,0.299107,0.045847,0.273984,0.299107,0.3,0.045847,68.045863,135.795527,46.20196,65.23664,0.000772,0.385403,FORWARD
1548,49.536,64.468398,69.549047,0.3,0.29895,0.047051,0.281789,0.29895,0.3,0.047051,68.974138,131.213698,46.1894,65.32456,0.000772,0.369246,FORWARD
1549,49.568,64.602486,59.946566,0.3,0.298838,0.049782,0.287252,0.298838,0.3,0.049782,66.147706,120.830886,46.17684,65.41248,0.000772,0.362751,FORWARD
1550,49.6,69.472586,62.887708,0.3,0.298762,0.049237,0.291077,0.298762,0.3,0.049237,62.776135,122.902057,46.17684,65.48784,0.000772,0.360103,FORWARD
1551,49.632,71.892864,63.097425,0.3,0.298712,0.053981,0.293754,0.298712,0.3,0.053981,67.5614,113.666355,46.17056,65.56948,0.000772,0.359017,FORWARD
1552,49.664,71.359894,61.915604,0.3,0.298637,0.052224,0.295628,0.298637,0.3,0.052224,67.782321,116.462073,46.17056,65.65112,0.000837,0.35857,FORWARD
1553,49.696,68.396549,60.833886,0.3,0.29863,0.05479,0.296939,0.29863,0.3,0.05479,62.221664,112.379881,46.17056,65.72648,0.000772,0.358386,FORWARD
1554,49.728,65.370819,71.200957,0.3,0.298625,0.057719,0.297857,0.298625,0.3,0.057719,65.155502,107.719349,46.17056,65.80184,0.000772,0.358311,FORWARD
1555,49.76,69.364384,67.016802,0.3,0.298581,0.06484,0.2985,0.298581,0.3,0.06484,65.335334,86.229298,46.17056,65.88348,0.000837,0.358279,FORWARD
1556,49.792,70.940541,64.381484,0.3,0.298593,0.066219,0.29895,0.298593,0.3,0.066219,72.261731,81.142704,46.17056,65.95884,0.000772,0.358267,FORWARD
1557,49.824,66.397756,71.096145,0.3,0.298602,0.3,0.299265,0.298602,0.3,0.3,68.271207,70.430869,46.17056,66.0342,0.000772,0.358261,FORWARD
1558,49.856,73.130267,68.889798,0.06839,0.06839,0.3,0.230003,0.06839,0.3,0.3,69.4308,64.237445,46.20824,66.07188,0.000772,0.358259,FORWARD
1559,49.888,71.128561,66.963785,0.3,0.3,0.3,0.251002,0.3,0.3,0.3,66.898913,70.485136,46.24592,66.10956,0.000772,0.545455,FORWARD
1560,49.92,68.354427,64.74789,0.3,0.299649,0.3,0.265701,0.299649,0.3,0.3,62.233888,61.589979,46.2836,66.14724,0.000772,0.545455,FORWARD
1561,49.952,61.895822,66.389185,0.3,0.299319,0.3,0.275991,0.299319,0.3,0.3,67.86874,70.400241,46.32756,66.18492,0.000837,0.427083,FORWARD
1562,49.984,63.83237,65.97041,0.3,0.299107,0.068528,0.283194,0.299107,0.068528,0.3,72.621483,71.765935,46.36524,66.2226,0.000772,0.385403,FORWARD
1563,50.016,65.548568,66.675185,0.3,0.298909,0.3,0.288236,0.298909,0.3,0.3,66.44153,65.955067,46.4406,66.22888,0.000837,0.369246,FORWARD
1564,50.048,68.148992,69.012799,0.3,0.298812,0.3,0.291765,0.298812,0.3,0.3,65.056744,69.097136,46.47828,66.26656,0.000772,0.362751,FORWARD
1565,50.08,70.035571,68.107907,0.3,0.298746,0.3,0.294235,0.298746,0.3,0.3,70.052407,68.598782,46.51596,66.30424,0.000772,0.360103,FORWARD
1566,50.112,64.983283,72.72557,0.0685,0.0685,0.3,0.226515,0.0685,0.3,0.3,65.788363,66.16172,46.55364,66.34192,0.000772,0.359017,FORWARD
1567,50.144,64.717303,69.531038,0.3,0.3,0.3,0.24856,0.3,0.3,0.3,69.232206,71.251683,46.59132,66.3796,0.000772,0.545455,FORWARD
1568,50.176,61.483545,73.027518,0.068418,0.068418,0.3,0.194518,0.068418,0.3,0.3,69.204595,66.226379,46.629,66.41728,0.000772,0.545455,FORWARD
1569,50.208,64.531531,68.931464,0.3,0.3,0.3,0.226162,0.3,0.3,0.3,66.938166,65.952725,46.66668,66.45496,0.000772,0.545455,FORWARD
1570,50.24,69.594945,63.786585,0.3,0.299649,0.3,0.248314,0.299649,0.3,0.3,65.35451,68.395388,46.70436,66.49264,0.000772,0.545455,FORWARD
1571,50.272,64.856405,68.928364,0.3,0.299283,0.3,0.26382,0.299283,0.3,0.3,67.169918,67.920455,46.74832,66.5366,0.000901,0.427083,FORWARD
1572,50.304,68.660316,71.465477,0.3,0.299084,0.3,0.274674,0.299084,0.3,0.3,64.428566,63.659123,46.786,66.57428,0.000772,0.385403,FORWARD
1573,50.336,71.021219,70.284213,0.3,0.298935,0.3,0.282272,0.298935,0.3,0.3,68.170857,62.566593,46.82368,66.61196,0.000772,0.369246,FORWARD
1574,50.368,67.2432,67.355994,0.3,0.298829,0.3,0.28759,0.298829,0.3,0.3,69.55263,66.580322,46.86136,66.64964,0.000772,0.362751,FORWARD
1575,50.4,62.646598,68.763609,0.3,0.298757,0.3,0.291313,0.298757,0.3,0.3,65.510047,66.436922,46.89904,66.68732,0.000772,0.360103,FORWARD
1576,50.432,60.423602,67.853503,0.3,0.298708,0.3,0.293919,0.298708,0.3,0.3,68.793918,70.573467,46.93672,66.725,0.000772,0.359017,FORWARD
1577,50.464,71.593881,70.017974,0.3,0.298676,0.3,0.295743,0.298676,0.3,0.3,63.798907,66.402225,46.9744,66.76268,0.000772,0.35857,FORWARD
1578,50.496,64.795553,64.429682,0.3,0.298655,0.3,0.29702,0.298655,0.3,0.3,65.317285,67.516277,47.01208,66.80036,0.000772,0.358386,FORWARD
1579,50.528,60.750437,70.159221,0.3,0.298641,0.3,0.297914,0.298641,0.3,0.3,65.663667,68.546855,47.04976,66.83804,0.000772,0.358311,FORWARD
1580,50.56,69.777591,66.301298,0.3,0.29855,0.3,0.29854,0.29855,0.3,0.3,72.231473,63.409078,47.09372,66.882,0.000901,0.358279,FORWARD
1581,50.592,66.579277,62.05238,0.3,0.298574,0.3,0.298978,0.298574,0.3,0.3,63.655233,65.277159,47.1314,66.91968,0.000772,0.358267,FORWARD
1582,50.624,65.202268,69.011658,0.3,0.298589,0.3,0.299285,0.298589,0.3,0.3,71.242476,67.872675,47.16908,66.95736,0.000772,0.358261,FORWARD
1583,50.656,71.239533,68.60743,0.3,0.298599,0.3,0.299499,0.298599,0.3,0.3,68.026626,68.323542,47.20676,66.99504,0.000772,0.358259,FORWARD
1584,50.688,68.799906,70.388499,0.3,0.298605,0.3,0.299649,0.298605,0.3,0.3,67.346914,68.555985,47.24444,67.03272,0.000772,0.358258,FORWARD
1585,50.72,63.172692,61.083909,0.3,0.298609,0.3,0.299755,0.298609,0.3,0.3,67.606826,70.938445,47.28212,67.0704,0.000772,0.358258,FORWARD
1586,50.752,65.351254,67.217656,0.3,0.298612,0.3,0.299828,0.298612,0.3,0.3,63.395497,65.551819,47.3198,67.10808,0.000772,0.358258,FORWARD
1587,50.784,70.09721,71.602347,0.3,0.298613,0.3,0.29988,0.298613,0.3,0.3,69.087761,69.644562,47.35748,67.14576,0.000772,0.358258,FORWARD
1588,50.816,66.375738,69.461385,0.3,0.298614,0.3,0.299916,0.298614,0.3,0.3,61.439437,71.818108,47.39516,67.18344,0.000772,0.358258,FORWARD
1589,50.848,72.418487,67.815458,0.068583,0.068583,0.3,0.230516,0.068583,0.3,0.3,71.526978,67.938838,47.43912,67.2274,0.000901,0.358258,FORWARD
1590,50.88,67.519232,66.289702,0.3,0.3,0.3,0.251361,0.3,0.3,0.3,70.436667,63.68744,47.4768,67.26508,0.000772,0.545455,FORWARD
1591,50.912,72.155326,67.499948,0.3,0.299649,0.3,0.265953,0.299649,0.3,0.3,63.301737,60.828686,47.51448,67.30276,0.000772,0.545455,FORWARD
1592,50.944,61.208147,76.887907,0.067372,0.067372,0.3,0.206379,0.067372,0.3,0.3,61.98656,65.721053,47.55216,67.34044,0.000772,0.427083,FORWARD
1593,50.976,66.481792,67.951142,0.3,0.3,0.3,0.234465,0.3,0.3,0.3,65.360812,63.82442,47.58984,67.37812,0.000772,0.545455,FORWARD
1594,51.008,67.283396,68.61912,0.3,0.299649,0.3,0.254125,0.299649,0.3,0.3,66.021364,69.358553,47.62752,67.4158,0.000772,0.545455,FORWARD
1595,51.04,68.830442,67.010014,0.3,0.299356,0.3,0.267888,0.299356,0.3,0.3,63.58317,70.354445,47.6652,67.45348,0.000772,0.427083,FORWARD
1596,51.072,69.082494,64.97595,0.3,0.29913,0.06848,0.277521,0.29913,0.06848,0.3,72.797444,66.611451,47.70288,67.49116,0.000772,0.385403,FORWARD
1597,51.104,66.896054,56.822854,0.3,0.298923,0.3,0.284265,0.298923,0.3,0.3,68.091187,67.188861,47.77824,67.49744,0.000837,0.369246,FORWARD
1598,51.136,70.069418,66.327671,0.3,0.298781,0.3,0.288986,0.298781,0.3,0.3,64.213422,62.81533,47.8222,67.53512,0.000837,0.362751,FORWARD
1599,51.168,64.815118,65.140837,0.3,0.298725,0.3,0.29229,0.298725,0.3,0.3,67.767496,64.040036,47.85988,67.5728,0.000772,0.360103,FORWARD
1600,51.2,65.67576,71.167814,0.3,0.298688,0.3,0.294603,0.298688,0.3,0.3,70.199453,66.652321,47.89756,67.61048,0.000772,0.359017,FORWARD
1601,51.232,69.137001,70.957731,0.3,0.298663,0.3,0.296222,0.298663,0.3,0.3,64.340096,63.761248,47.93524,67.64816,0.000772,0.35857,FORWARD
1602,51.264,63.458879,66.966545,0.3,0.298646,0.3,0.297355,0.298646,0.3,0.3,67.765573,68.20372,47.97292,67.68584,0.000772,0.358386,FORWARD
1603,51.296,62.289838,72.09021,0.3,0.298636,0.3,0.298149,0.298636,0.3,0.3,65.702099,68.475949,48.0106,67.72352,0.000772,0.358311,FORWARD
1604,51.328,68.873489,68.192963,0.3,0.298629,0.3,0.298704,0.298629,0.3,0.3,70.722811,64.756512,48.04828,67.7612,0.000772,0.358279,FORWARD
1605,51.36,62.632347,68.376455,0.3,0.298583,0.3,0.299093,0.298583,0.3,0.3,66.045602,67.023589,48.08596,67.80516,0.000837,0.358267,FORWARD
1606,51.392,76.973531,65.639092,0.067349,0.067349,0.3,0.22957,0.067349,0.3,0.3,65.510225,67.1183,48.12364,67.84284,0.000772,0.358261,FORWARD
1607,51.424,64.131408,68.817797,0.3,0.3,0.067969,0.250699,0.3,0.3,0.067969,69.287441,74.684335,48.1676,67.88052,0.000837,0.545455,FORWARD
1608,51.456,67.338692,66.212326,0.3,0.299649,0.3,0.265489,0.299649,0.3,0.3,69.373494,61.876639,48.1676,67.95588,0.000772,0.545455,FORWARD
1609,51.488,69.730232,72.289133,0.3,0.299356,0.3,0.275842,0.299356,0.3,0.3,66.961228,69.912401,48.20528,67.99356,0.000772,0.427083,FORWARD
1610,51.52,74.646648,66.675695,0.067979,0.067979,0.3,0.213483,0.067979,0.3,0.3,66.685447,66.737142,48.24296,68.03124,0.000772,0.385403,FORWARD
1611,51.552,65.270463,72.686891,0.06851,0.067918,0.3,0.169992,0.067918,0.3,0.3,66.56192,70.31864,48.28064,68.06892,0.000772,0.545455,FORWARD
1612,51.584,62.38658,62.329784,0.3,0.3,0.3,0.208994,0.3,0.3,0.3,71.491994,64.851834,48.31832,68.1066,0.000772,0.427083,FORWARD
1613,51.616,60.142615,62.155369,0.3,0.299649,0.3,0.236296,0.299649,0.3,0.3,69.149251,61.750295,48.356,68.14428,0.000772,0.545455,FORWARD
1614,51.648,71.87673,67.326909,0.3,0.299356,0.3,0.255407,0.299356,0.3,0.3,67.002028,62.257384,48.39368,68.18196,0.000772,0.427083,FORWARD
1615,51.68,67.841517,61.95927,0.3,0.299051,0.3,0.268785,0.299051,0.3,0.3,65.44978,61.774855,48.43764,68.22592,0.000901,0.385403,FORWARD
1616,51.712,67.057624,71.764982,0.3,0.298914,0.3,0.278149,0.298914,0.3,0.3,64.222236,62.798046,48.47532,68.2636,0.000772,0.369246,FORWARD
1617,51.744,64.286916,72.352839,0.3,0.298816,0.3,0.284705,0.298816,0.3,0.3,67.069019,61.850468,48.513,68.30128,0.000772,0.362751,FORWARD
1618,51.776,71.028081,67.668933,0.3,0.298748,0.067878,0.289293,0.298748,0.3,0.067878,68.306827,75.020128,48.55068,68.33896,0.000772,0.360103,FORWARD
1619,51.808,72.369023,68.981232,0.068596,0.068596,0.3,0.223084,0.068596,0.3,0.3,70.433528,68.448211,48.55068,68.41432,0.000772,0.359017,FORWARD
1620,51.84,70.596848,74.494326,0.068021,0.067931,0.3,0.176565,0.067931,0.3,0.3,69.24893,69.292217,48.58836,68.452,0.000772,0.545455,FORWARD
1621,51.872,62.151313,68.001047,0.3,0.3,0.3,0.213596,0.3,0.3,0.3,66.713563,67.041648,48.62604,68.48968,0.000772,0.427083,FORWARD
1622,51.904,71.426011,65.662366,0.3,0.299649,0.068231,0.239517,0.299649,0.068231,0.3,73.717204,68.923715,48.66372,68.52736,0.000772,0.545455,FORWARD
1623,51.936,72.063011,70.053353,0.3,0.299356,0.3,0.257662,0.299356,0.3,0.3,68.425595,66.636612,48.73908,68.52736,0.000772,0.427083,FORWARD
1624,51.968,66.827645,66.551274,0.3,0.299051,0.3,0.270363,0.299051,0.3,0.3,66.865368,67.601419,48.78304,68.57132,0.000901,0.385403,FORWARD
1625,52.0,66.697316,66.367633,0.3,0.298914,0.3,0.279254,0.298914,0.3,0.3,71.228714,63.894973,48.82072,68.609,0.000772,0.369246,FORWARD
1626,52.032,61.911232,64.628404,0.3,0.298816,0.3,0.285478,0.298816,0.3,0.3,64.485318,65.291121,48.8584,68.64668,0.000772,0.362751,FORWARD
1627,52.064,65.842918,63.943958,0.3,0.298748,0.3,0.289835,0.298748,0.3,0.3,64.320456,70.279078,48.89608,68.68436,0.000772,0.360103,FORWARD
1628,52.096,59.056114,69.433811,0.3,0.298702,0.3,0.292884,0.298702,0.3,0.3,70.026898,71.624462,48.93376,68.72204,0.000772,0.359017,FORWARD
1629,52.128,65.990188,62.967781,0.3,0.298672,0.3,0.295019,0.298672,0.3,0.3,69.88543,70.924744,48.97144,68.75972,0.000772,0.35857,FORWARD
1630,52.16,66.04185,73.58267,0.068268,0.068268,0.068274,0.226994,0.068268,0.068274,0.3,73.559683,66.898402,49.00912,68.7974,0.000772,0.358386,FORWARD
1631,52.192,62.623954,65.17956,0.3,0.3,0.3,0.248895,0.3,0.3,0.3,67.014718,66.043097,49.08448,68.7974,0.000772,0.545455,FORWARD
1632,52.224,66.953274,61.481503,0.3,0.29962,0.3,0.264227,0.29962,0.3,0.3,68.835467,68.155057,49.12216,68.84136,0.000837,0.545455,FORWARD
1633,52.256,62.951924,69.992117,0.3,0.29934,0.068414,0.274959,0.29934,0.3,0.068414,65.680931,73.041917,49.15984,68.87904,0.000772,0.427083,FORWARD
1634,52.288,68.933787,67.973957,0.3,0.29908,0.3,0.282471,0.29908,0.3,0.3,64.388176,67.93232,49.16612,68.9544,0.000837,0.385403,FORWARD
1635,52.32,60.120749,65.382038,0.3,0.298932,0.3,0.28773,0.298932,0.3,0.3,64.216014,70.101557,49.2038,68.99208,0.000772,0.369246,FORWARD
1636,52.352,66.579353,66.909877,0.3,0.298827,0.3,0.291411,0.298827,0.3,0.3,68.19616,69.879628,49.24148,69.02976,0.000772,0.362751,FORWARD
1637,52.384,68.946932,61.915511,0.3,0.298755,0.06844,0.293988,0.298755,0.3,0.06844,71.589827,72.946166,49.27916,69.06744,0.000772,0.360103,FORWARD
1638,52.416,70.125831,63.776688,0.3,0.298707,0.3,0.295791,0.298707,0.3,0.3,65.358247,68.565087,49.27916,69.1428,0.000772,0.359017,FORWARD
1639,52.448,70.670613,68.720439,0.3,0.298675,0.3,0.297054,0.298675,0.3,0.3,69.257288,67.960426,49.31684,69.18048,0.000772,0.35857,FORWARD
1640,52.48,63.128,67.560046,0.3,0.298654,0.3,0.297938,0.298654,0.3,0.3,59.786971,68.04711,49.35452,69.21816,0.000772,0.358386,FORWARD
1641,52.512,64.664971,67.546191,0.3,0.2986,0.3,0.298556,0.2986,0.3,0.3,68.119898,59.860201,49.39848,69.25584,0.000837,0.358311,FORWARD
1642,52.544,65.486006,65.60852,0.3,0.298564,0.3,0.298989,0.298564,0.3,0.3,69.083405,64.714769,49.43616,69.2998,0.000837,0.358279,FORWARD
1643,52.576,64.285207,66.404926,0.3,0.298583,0.3,0.299293,0.298583,0.3,0.3,66.432902,66.13142,49.47384,69.33748,0.000772,0.358267,FORWARD
1644,52.608,62.770392,66.698843,0.3,0.298595,0.3,0.299505,0.298595,0.3,0.3,69.645579,72.057517,49.51152,69.37516,0.000772,0.358261,FORWARD
1645,52.64,67.47689,63.853789,0.3,0.298603,0.3,0.299653,0.298603,0.3,0.3,67.887339,65.692909,49.5492,69.41284,0.000772,0.358259,FORWARD
1646,52.672,66.447836,70.200977,0.3,0.298608,0.068452,0.299757,0.298608,0.068452,0.3,72.90258,68.125191,49.58688,69.45052,0.000772,0.358258,FORWARD
1647,52.704,67.229766,72.134877,0.3,0.298611,0.068492,0.29983,0.298611,0.068492,0.3,72.753622,68.070424,49.66224,69.45052,0.000772,0.358258,FORWARD
1648,52.736,65.008969,67.628591,0.3,0.298613,0.3,0.299881,0.298613,0.3,0.3,68.071478,70.869148,49.7376,69.45052,0.000772,0.358258,FORWARD
1649,52.768,64.751417,61.260108,0.3,0.298573,0.3,0.299917,0.298573,0.3,0.3,70.607558,69.243073,49.77528,69.49448,0.000837,0.358258,FORWARD
1650,52.8,63.969508,71.318773,0.3,0.298588,0.3,0.299942,0.298588,0.3,0.3,66.550719,69.581177,49.81296,69.53216,0.000772,0.358258,FORWARD
1651,52.832,72.322711,74.962729,0.067894,0.067894,0.3,0.230327,0.067894,0.3,0.3,64.326942,64.507562,49.85064,69.56984,0.000772,0.358258,FORWARD
1652,52.864,66.211929,70.146988,0.3,0.3,0.3,0.251229,0.3,0.3,0.3,66.954599,70.236541,49.8946,69.60752,0.000837,0.545455,FORWARD
1653,52.896,69.428643,70.118569,0.3,0.299649,0.3,0.26586,0.299649,0.3,0.3,64.718114,69.067833,49.93228,69.6452,0.000772,0.545455,FORWARD
1654,52.928,63.00501,62.53232,0.3,0.299356,0.3,0.276102,0.299356,0.3,0.3,66.526668,64.652444,49.96996,69.68288,0.000772,0.427083,FORWARD
1655,52.96,68.036573,70.46895,0.3,0.29913,0.3,0.283272,0.29913,0.3,0.3,67.484521,67.261948,50.00764,69.72056,0.000772,0.385403,FORWARD
1656,52.992,66.759205,69.093834,0.3,0.298964,0.3,0.28829,0.298964,0.3,0.3,64.528208,65.500566,50.04532,69.75824,0.000772,0.369246,FORWARD
1657,53.024,67.784669,72.444958,0.068576,0.068576,0.3,0.222376,0.068576,0.3,0.3,67.799253,65.964383,50.083,69.79592,0.000772,0.362751,FORWARD
1658,53.056,71.588936,65.755409,0.3,0.3,0.3,0.245663,0.3,0.3,0.3,62.110554,66.275512,50.12068,69.83988,0.000837,0.545455,FORWARD
1659,53.088,68.805863,69.00212,0.3,0.299649,0.3,0.261964,0.299649,0.3,0.3,65.18865,67.796425,50.15836,69.87756,0.000772,0.545455,FORWARD
1660,53.12,69.709729,70.319432,0.3,0.299319,0.3,0.273375,0.299319,0.3,0.3,64.745455,68.10034,50.20232,69.91524,0.000837,0.427083,FORWARD
1661,53.152,69.084182,64.014237,0.3,0.299107,0.3,0.281362,0.299107,0.3,0.3,65.76514,67.052225,50.24,69.95292,0.000772,0.385403,FORWARD
1662,53.184,68.514079,62.549107,0.3,0.29895,0.3,0.286954,0.29895,0.3,0.3,70.260068,69.401583,50.27768,69.9906,0.000772,0.369246,FORWARD
1663,53.216,72.81513,63.745251,0.068476,0.068476,0.3,0.22141,0.068476,0.3,0.3,66.171089,72.061439,50.31536,70.02828,0.000772,0.362751,FORWARD
1664,53.248,68.633466,71.042951,0.3,0.3,0.3,0.244987,0.3,0.3,0.3,67.54621,70.616436,50.35304,70.06596,0.000772,0.545455,FORWARD
1665,53.28,62.864999,72.186243,0.3,0.299649,0.3,0.261491,0.299649,0.3,0.3,62.370229,64.930163,50.39072,70.10364,0.000772,0.545455,FORWARD
1666,53.312,65.229414,60.544358,0.3,0.299356,0.3,0.273044,0.299356,0.3,0.3,68.263859,63.324917,50.4284,70.14132,0.000772,0.427083,FORWARD
1667,53.344,65.949585,71.295541,0.3,0.29909,0.3,0.281131,0.29909,0.3,0.3,66.774454,69.153109,50.46608,70.18528,0.000837,0.385403,FORWARD
1668,53.376,62.405259,61.221395,0.3,0.298939,0.3,0.286791,0.298939,0.3,0.3,67.648445,69.206529,50.50376,70.22296,0.000772,0.369246,FORWARD
1669,53.408,67.672393,66.734463,0.3,0.298791,0.3,0.290754,0.298791,0.3,0.3,68.472967,70.973771,50.54772,70.26064,0.000837,0.362751,FORWARD
1670,53.44,67.192684,64.001,0.3,0.298732,0.3,0.293528,0.298732,0.3,0.3,68.385362,69.331861,50.5854,70.29832,0.000772,0.360103,FORWARD
1671,53.472,68.636971,67.05013,0.3,0.298692,0.3,0.295469,0.298692,0.3,0.3,66.877008,71.291707,50.62308,70.336,0.000772,0.359017,FORWARD
1672,53.504,69.684202,60.463653,0.3,0.298666,0.3,0.296829,0.298666,0.3,0.3,67.762902,70.577646,50.66076,70.37368,0.000772,0.35857,FORWARD
1673,53.536,66.496134,68.051438,0.3,0.298648,0.068547,0.29778,0.298648,0.068547,0.3,72.550337,69.589416,50.69844,70.41136,0.000772,0.358386,FORWARD
1674,53.568,67.955589,62.827961,0.3,0.298637,0.3,0.298446,0.298637,0.3,0.3,62.379673,66.450977,50.7738,70.41136,0.000772,0.358311,FORWARD
1675,53.6,69.263115,62.221324,0.3,0.298588,0.3,0.298912,0.298588,0.3,0.3,63.341179,71.112837,50.81148,70.45532,0.000837,0.358279,FORWARD
1676,53.632,73.556202,66.436805,0.068275,0.068275,0.3,0.229721,0.068275,0.3,0.3,69.109425,65.41477,50.84916,70.493,0.000772,0.358267,FORWARD
1677,53.664,64.17441,65.111045,0.3,0.3,0.3,0.250805,0.3,0.3,0.3,65.447757,71.571457,50.88684,70.53068,0.000772,0.545455,FORWARD
1678,53.696,73.069137,68.732516,0.068407,0.068407,0.3,0.196085,0.068407,0.3,0.3,66.495181,71.116624,50.92452,70.56836,0.000772,0.545455,FORWARD
1679,53.728,65.186243,64.903458,0.3,0.3,0.3,0.22726,0.3,0.3,0.3,68.419891,67.539717,50.96848,70.60604,0.000837,0.545455,FORWARD
1680,53.76,67.577488,67.544605,0.3,0.299649,0.3,0.249082,0.299649,0.3,0.3,70.640082,71.189514,51.00616,70.64372,0.000772,0.545455,FORWARD
1681,53.792,66.394076,71.519502,0.3,0.299356,0.3,0.264357,0.299356,0.3,0.3,69.525769,67.897344,51.04384,70.6814,0.000772,0.427083,FORWARD
1682,53.824,67.911165,65.554814,0.3,0.29913,0.3,0.27505,0.29913,0.3,0.3,65.82284,66.878722,51.08152,70.71908,0.000772,0.385403,FORWARD
1683,53.856,72.054462,66.123618,0.3,0.298964,0.3,0.282535,0.298964,0.3,0.3,68.368272,65.981914,51.1192,70.75676,0.000772,0.369246,FORWARD
1684,53.888,71.19001,62.850481,0.3,0.298806,0.3,0.287775,0.298806,0.3,0.3,65.379542,69.653713,51.15688,70.80072,0.000837,0.362751,FORWARD
1685,53.92,66.54648,69.117962,0.3,0.298742,0.3,0.291442,0.298742,0.3,0.3,72.244934,66.854821,51.19456,70.8384,0.000772,0.360103,FORWARD
1686,53.952,67.279999,69.977741,0.3,0.298698,0.3,0.29401,0.298698,0.3,0.3,65.871477,69.971355,51.23224,70.87608,0.000772,0.359017,FORWARD
1687,53.984,71.508695,63.8446,0.3,0.29867,0.3,0.295807,0.29867,0.3,0.3,69.652329,69.716506,51.26992,70.91376,0.000772,0.35857,FORWARD
1688,54.016,64.576488,70.77061,0.3,0.29861,0.3,0.297065,0.29861,0.3,0.3,69.092779,70.085562,51.31388,70.95144,0.000837,0.358386,FORWARD
1689,54.048,70.218058,67.32014,0.3,0.298612,0.3,0.297945,0.298612,0.3,0.3,71.610866,66.070756,51.35156,70.98912,0.000772,0.358311,FORWARD
1690,54.08,60.569614,63.549961,0.3,0.298614,0.3,0.298562,0.298614,0.3,0.3,68.902434,68.526287,51.38924,71.0268,0.000772,0.358279,FORWARD
1691,54.112,64.933471,62.341185,0.3,0.298615,0.3,0.298993,0.298615,0.3,0.3,67.260964,70.185808,51.42692,71.06448,0.000772,0.358267,FORWARD
1692,54.144,62.527901,70.49614,0.3,0.298574,0.3,0.299295,0.298574,0.3,0.3,67.457764,60.417835,51.4646,71.10844,0.000837,0.358261,FORWARD
1693,54.176,64.533048,67.896493,0.3,0.298589,0.3,0.299507,0.298589,0.3,0.3,68.185805,70.390572,51.50228,71.14612,0.000772,0.358259,FORWARD
1694,54.208,69.350441,71.752243,0.3,0.298599,0.3,0.299655,0.298599,0.3,0.3,64.920845,68.903814,51.53996,71.1838,0.000772,0.358258,FORWARD
1695,54.24,63.917591,65.642052,0.3,0.298605,0.3,0.299758,0.298605,0.3,0.3,69.838195,65.227448,51.57764,71.22148,0.000772,0.358258,FORWARD
1696,54.272,68.105273,65.010988,0.3,0.298568,0.068595,0.299831,0.298568,0.068595,0.3,72.375098,68.198255,51.6216,71.25916,0.000837,0.358258,FORWARD
1697,54.304,71.532762,67.27453,0.3,0.298585,0.3,0.299882,0.298585,0.3,0.3,71.223882,68.861775,51.69696,71.25916,0.000772,0.358258,FORWARD
1698,54.336,64.015995,68.990099,0.3,0.298596,0.068546,0.299917,0.298596,0.068546,0.3,72.554973,66.952039,51.73464,71.29684,0.000772,0.358258,FORWARD
1699,54.368,68.323504,68.97611,0.3,0.298562,0.3,0.299942,0.298562,0.3,0.3,71.069429,66.936929,51.81,71.30312,0.000837,0.358258,FORWARD
1700,54.4,61.275786,70.941439,0.3,0.298582,0.3,0.299959,0.298582,0.3,0.3,66.813537,71.288753,51.84768,71.3408,0.000772,0.358258,FORWARD
1701,54.432,69.538804,63.61469,0.3,0.298594,0.3,0.299972,0.298594,0.3,0.3,65.323002,71.821998,51.88536,71.37848,0.000772,0.358258,FORWARD
1702,54.464,69.618634,66.342905,0.3,0.298602,0.3,0.29998,0.298602,0.3,0.3,68.981868,62.569028,51.92304,71.41616,0.000772,0.358258,FORWARD
1703,54.496,65.208801,73.461777,0.0683,0.0683,0.068375,0.230476,0.0683,0.068375,0.3,73.186233,66.975646,51.96072,71.45384,0.000772,0.358258,FORWARD
1704,54.528,65.369982,64.238384,0.3,0.3,0.3,0.251333,0.3,0.3,0.3,66.376537,67.395233,52.03608,71.45384,0.000772,0.545455,FORWARD
1705,54.56,63.488921,65.618025,0.3,0.299649,0.3,0.265933,0.299649,0.3,0.3,71.268863,63.052086,52.07376,71.49152,0.000772,0.545455,FORWARD
1706,54.592,71.768347,63.536625,0.3,0.299356,0.3,0.276153,0.299356,0.3,0.3,72.144867,63.335457,52.11144,71.5292,0.000772,0.427083,FORWARD
1707,54.624,66.076547,68.033376,0.3,0.29909,0.3,0.283307,0.29909,0.3,0.3,58.928708,61.255972,52.14912,71.57316,0.000837,0.385403,FORWARD
1708,54.656,63.579698,69.039617,0.3,0.298898,0.3,0.288315,0.298898,0.3,0.3,67.89217,67.347232,52.19308,71.61084,0.000837,0.369246,FORWARD
1709,54.688,70.89923,69.22283,0.3,0.298806,0.3,0.291821,0.298806,0.3,0.3,64.990234,68.216871,52.23076,71.64852,0.000772,0.362751,FORWARD
1710,54.72,70.070301,67.728995,0.3,0.298741,0.068515,0.294274,0.298741,0.3,0.068515,66.817197,72.67088,52.26844,71.6862,0.000772,0.360103,FORWARD
1711,54.752,68.806619,71.781049,0.3,0.298698,0.3,0.295992,0.298698,0.3,0.3,67.406748,70.761986,52.26844,71.76156,0.000772,0.359017,FORWARD
1712,54.784,69.753244,71.083494,0.3,0.29867,0.3,0.297194,0.29867,0.3,0.3,63.461596,68.697484,52.30612,71.79924,0.000772,0.35857,FORWARD
1713,54.816,67.940299,66.191342,0.3,0.298651,0.068152,0.298036,0.298651,0.3,0.068152,70.624078,74.009313,52.3438,71.83692,0.000772,0.358386,FORWARD
1714,54.848,71.755342,65.061082,0.3,0.298639,0.3,0.298625,0.298639,0.3,0.3,70.545318,62.204202,52.3438,71.91228,0.000772,0.358311,FORWARD
1715,54.88,69.84579,69.886576,0.3,0.298589,0.067687,0.299038,0.298589,0.3,0.067687,68.011577,75.725185,52.38776,71.94996,0.000837,0.358279,FORWARD
1716,54.912,60.520841,65.99887,0.3,0.298599,0.3,0.299326,0.298599,0.3,0.3,65.599275,61.410928,52.38776,72.02532,0.000772,0.358267,FORWARD
1717,54.944,74.056637,65.281564,0.068139,0.068139,0.068282,0.22997,0.068139,0.3,0.068282,68.555137,73.529242,52.42544,72.063,0.000772,0.358261,FORWARD
1718,54.976,68.280502,60.604678,0.3,0.3,0.3,0.250979,0.3,0.3,0.3,61.744435,63.721376,52.42544,72.13836,0.000772,0.545455,FORWARD
1719,55.008,67.37383,70.303937,0.3,0.299649,0.3,0.265685,0.299649,0.3,0.3,64.266058,65.788218,52.46312,72.17604,0.000772,0.545455,FORWARD
1720,55.04,62.682657,62.805989,0.3,0.299319,0.3,0.27598,0.299319,0.3,0.3,65.710995,65.594147,52.5008,72.22,0.000837,0.427083,FORWARD
1721,55.072,58.492113,68.013988,0.3,0.299107,0.3,0.283186,0.299107,0.3,0.3,68.3259,62.125919,52.53848,72.25768,0.000772,0.385403,FORWARD
1722,55.104,62.201264,71.179176,0.3,0.298909,0.3,0.28823,0.298909,0.3,0.3,66.575446,64.288181,52.58244,72.29536,0.000837,0.369246,FORWARD
1723,55.136,69.524774,69.466703,0.3,0.298812,0.3,0.291761,0.298812,0.3,0.3,63.360498,70.883206,52.62012,72.33304,0.000772,0.362751,FORWARD
1724,55.168,62.758217,77.889102,0.067101,0.067101,0.3,0.224363,0.067101,0.3,0.3,68.02952,68.385743,52.6578,72.37072,0.000772,0.360103,FORWARD
1725,55.2,70.629134,90.062239,0.063802,0.063802,0.3,0.176194,0.06495,0.3,0.3,69.91891,68.536021,52.69548,72.4084,0.000772,0.545455,FORWARD
1726,55.232,65.749505,95.427275,0.062348,0.062348,0.3,0.14204,0.063396,0.3,0.3,64.688998,65.493046,52.73316,72.44608,0.000772,0.427083,FORWARD
1727,55.264,67.380545,97.818757,0.0617,0.0617,0.3,0.117938,0.062267,0.3,0.3,71.482703,69.988962,52.77084,72.48376,0.000772,0.385403,FORWARD
1728,55.296,74.236827,106.929498,0.058215,0.058215,0.3,0.100021,0.060243,0.3,0.3,66.8401,68.960807,52.80852,72.52772,0.000837,0.369246,FORWARD
1729,55.328,63.787401,109.07653,0.056866,0.056866,0.3,0.087075,0.058526,0.3,0.3,66.044053,66.090474,52.8462,72.5654,0.000772,0.362751,FORWARD
1730,55.36,68.993856,107.932255,0.057585,0.057585,0.3,0.078228,0.057693,0.3,0.3,68.196098,67.845233,52.88388,72.60308,0.000772,0.360103,FORWARD
1731,55.392,67.476827,124.91919,0.048706,0.048706,0.3,0.069371,0.05393,0.3,0.3,64.499854,65.328598,52.92784,72.64076,0.000837,0.359017,FORWARD
1732,55.424,68.318307,114.039878,0.053746,0.053369,0.3,0.064684,0.053369,0.3,0.3,69.551691,66.181529,52.96552,72.67844,0.000772,0.35857,FORWARD
1733,55.456,73.548364,126.199662,0.04837,0.04837,0.06795,0.05979,0.051082,0.06795,0.3,74.754427,64.555582,53.0032,72.71612,0.000772,0.358386,FORWARD
1734,55.488,64.572783,138.768209,0.045065,0.045065,0.3,0.055372,0.048471,0.3,0.3,65.099754,67.906743,53.07228,72.71612,0.000708,0.358311,FORWARD
1735,55.52,63.60836,141.211526,0.044422,0.044422,0.3,0.052087,0.046566,0.3,0.3,66.986004,68.542188,53.10996,72.74752,0.000708,0.358279,FORWARD
1736,55.552,63.701981,148.082685,0.042616,0.042616,0.3,0.049246,0.044697,0.3,0.3,69.898808,70.700464,53.14136,72.7852,0.000708,0.358267,FORWARD
1737,55.584,72.19875,151.661522,0.041675,0.041675,0.3,0.046974,0.04316,0.3,0.3,67.114571,67.453096,53.17904,72.8166,0.000708,0.358261,FORWARD
1738,55.616,65.808178,167.644018,0.03875,0.03875,0.3,0.044507,0.041167,0.3,0.3,68.831063,66.122653,53.21044,72.848,0.000644,0.358259,TURN_LEFT
1739,55.648,68.627971,138.561024,0.045119,0.042583,0.3,0.044691,0.042583,0.3,0.3,71.920593,70.877188,53.1288,72.92964,0.0,0.358258,TURN_LEFT
1740,55.68,67.820685,136.242732,0.045729,0.04371,0.3,0.045002,0.04371,0.3,0.3,68.024266,66.85554,53.04716,73.01128,-0.0,0.358258,TURN_LEFT
1741,55.712,67.409688,121.874963,0.049507,0.045787,0.3,0.046354,0.045787,0.3,0.3,68.526822,65.059652,52.9718,73.08664,0.0,0.358258,TURN_LEFT
1742,55.744,64.224215,113.82611,0.053881,0.048686,0.3,0.048612,0.048686,0.3,0.3,71.10557,67.316649,52.89016,73.16828,-0.0,0.358258,TURN_LEFT
1743,55.776,62.435392,100.803496,0.060891,0.053059,0.3,0.052295,0.053059,0.3,0.3,64.877639,69.358092,52.80852,73.24992,0.0,0.358258,TURN_LEFT
1744,55.808,68.247951,73.438762,0.068307,0.058521,0.3,0.057099,0.058521,0.3,0.3,72.094408,60.18003,52.72688,73.33156,-0.0,0.358258,TURN_LEFT
1745,55.84,73.306752,59.661923,0.068342,0.06204,0.3,0.060472,0.06204,0.3,0.3,68.51161,70.880386,52.65152,73.40692,0.0,0.358258,TURN_LEFT
1746,55.872,70.829891,67.744962,0.3,0.3,0.3,0.13233,0.3,0.3,0.3,64.767336,69.213851,52.56988,73.48856,0.0,0.358258,TURN_LEFT
1747,55.904,64.332219,66.904912,0.3,0.3,0.3,0.182631,0.3,0.3,0.3,66.40979,69.885637,52.48824,73.5702,-0.0,0.545455,FORWARD
1748,55.936,69.932257,74.092826,0.068129,0.068129,0.3,0.148281,0.068129,0.3,0.3,69.79244,63.090738,52.52592,73.60788,0.000772,0.427083,FORWARD
1749,55.968,63.436675,63.755998,0.3,0.3,0.3,0.193796,0.3,0.3,0.3,67.990186,71.237809,52.5636,73.64556,0.000772,0.545455,FORWARD
1750,56.0,66.917641,68.128528,0.3,0.299649,0.3,0.225658,0.299649,0.3,0.3,67.438978,72.156404,52.60128,73.68324,0.000772,0.545455,FORWARD
1751,56.032,66.148139,65.606604,0.3,0.299319,0.067991,0.24796,0.299319,0.3,0.067991,63.499518,74.603186,52.64524,73.72092,0.000837,0.427083,FORWARD
1752,56.064,66.677174,62.605432,0.3,0.299107,0.3,0.263572,0.299107,0.3,0.3,62.037906,60.905598,52.64524,73.79628,0.000772,0.385403,FORWARD
1753,56.096,78.241452,68.513642,0.067005,0.067005,0.3,0.204602,0.067005,0.3,0.3,70.848569,68.976702,52.68292,73.83396,0.000772,0.369246,FORWARD
1754,56.128,68.597443,69.174663,0.3,0.3,0.3,0.233221,0.3,0.3,0.3,67.439929,65.584541,52.7206,73.87164,0.000772,0.545455,FORWARD
1755,56.16,71.315957,69.5071,0.3,0.29962,0.3,0.253255,0.29962,0.3,0.3,66.926779,65.986226,52.75828,73.9156,0.000837,0.545455,FORWARD
1756,56.192,71.081321,72.312747,0.3,0.29934,0.3,0.267278,0.29934,0.3,0.3,65.136147,66.952271,52.79596,73.95328,0.000772,0.427083,FORWARD
1757,56.224,66.227693,71.233435,0.3,0.299119,0.3,0.277095,0.299119,0.3,0.3,66.577525,65.652915,52.83364,73.99096,0.000772,0.385403,FORWARD
1758,56.256,63.428917,68.06764,0.3,0.298957,0.03423,0.283966,0.298957,0.3,0.03423,65.610738,202.401227,52.87132,74.02864,0.000772,0.369246,FORWARD
1759,56.288,69.503423,62.195954,0.3,0.298843,0.03156,0.288777,0.298843,0.3,0.03156,64.782877,222.934431,52.85248,74.12284,0.000772,0.362751,FORWARD
1760,56.32,59.51937,71.769145,0.3,0.298766,0.027785,0.292144,0.298766,0.3,0.027785,70.538453,267.911558,52.83364,74.21704,0.000772,0.360103,FORWARD
1761,56.352,69.878521,69.361097,0.3,0.298672,0.026099,0.2945,0.298672,0.3,0.026099,70.388289,293.015776,52.8148,74.31752,0.000837,0.359017,FORWARD
1762,56.384,70.114382,63.661657,0.3,0.298653,0.024425,0.29615,0.298653,0.3,0.024425,67.181162,317.944888,52.79596,74.41172,0.000772,0.35857,FORWARD
1763,56.416,70.405774,64.10551,0.3,0.29864,0.023241,0.297305,0.29864,0.3,0.023241,69.649246,335.572809,52.77712,74.50592,0.000772,0.358386,FORWARD
1764,56.448,62.379427,66.630965,0.3,0.29859,0.021468,0.298114,0.29859,0.3,0.021468,65.568875,361.982812,52.75828,74.6064,0.000837,0.358311,FORWARD
1765,56.48,63.737125,65.451911,0.3,0.2986,0.020415,0.29868,0.2986,0.3,0.020415,67.801486,377.65684,52.73944,74.7006,0.000772,0.358279,FORWARD
1766,56.512,69.243272,63.647882,0.3,0.298606,0.019905,0.299076,0.298606,0.3,0.019905,65.810032,387.976553,52.7206,74.7948,0.000772,0.358267,FORWARD
1767,56.544,70.651722,61.457463,0.3,0.29861,0.019946,0.299353,0.29861,0.3,0.019946,70.044049,386.200914,52.70176,74.889,0.000772,0.358261,FORWARD
1768,56.576,73.271114,66.864995,0.068352,0.068352,0.019547,0.230053,0.068352,0.3,0.019547,63.088658,403.573927,52.68292,74.98948,0.000837,0.358259,FORWARD
1769,56.608,71.005942,68.210942,0.3,0.3,0.020198,0.251037,0.3,0.3,0.020198,62.229075,380.888069,52.66408,75.08368,0.000772,0.545455,FORWARD
1770,56.64,71.597066,69.0178,0.3,0.299649,0.021263,0.265726,0.299649,0.3,0.021263,63.692953,365.030987,52.64524,75.17788,0.000772,0.545455,FORWARD
1771,56.672,61.942713,62.838982,0.3,0.299356,0.021451,0.276008,0.299356,0.3,0.021451,66.382947,362.227634,52.6264,75.27208,0.000772,0.427083,FORWARD
1772,56.704,73.192113,67.03109,0.068373,0.068373,0.022573,0.213718,0.068373,0.3,0.022573,68.361796,345.523923,52.60756,75.36628,0.000772,0.385403,FORWARD
1773,56.736,68.228209,63.388574,0.3,0.3,0.023859,0.239602,0.3,0.3,0.023859,69.943093,326.373024,52.58872,75.46676,0.000837,0.545455,FORWARD
1774,56.768,68.869114,62.945652,0.3,0.299649,0.025484,0.257722,0.299649,0.3,0.025484,65.070668,302.181481,52.56988,75.56096,0.000772,0.545455,FORWARD
1775,56.8,67.363252,65.77725,0.3,0.299319,0.028096,0.270405,0.299319,0.3,0.028096,69.738841,263.277249,52.55104,75.66144,0.000837,0.427083,FORWARD
1776,56.832,63.431785,66.619941,0.3,0.299147,0.030183,0.279284,0.299147,0.3,0.030183,66.69003,233.521475,52.52592,75.75564,0.000708,0.385403,FORWARD
1777,56.864,61.663312,63.896036,0.3,0.298974,0.032108,0.285499,0.298974,0.3,0.032108,67.174587,218.721873,52.50708,75.84984,0.000772,0.369246,FORWARD
1778,56.896,64.945397,71.474222,0.3,0.298854,0.035021,0.289849,0.298854,0.3,0.035021,67.54176,196.319446,52.48824,75.94404,0.000772,0.362751,FORWARD
1779,56.928,66.556014,72.749832,0.068493,0.068493,0.039383,0.223442,0.068493,0.3,0.039383,63.359986,162.773797,52.4694,76.04452,0.000837,0.360103,FORWARD
1780,56.96,67.06293,73.162464,0.068381,0.068081,0.04281,0.176924,0.068081,0.3,0.04281,70.942182,147.343938,52.45056,76.13872,0.000772,0.545455,FORWARD
1781,56.992,72.121088,67.474446,0.3,0.3,0.054175,0.213847,0.3,0.3,0.054175,65.363647,113.356956,52.43172,76.23292,0.000772,0.427083,FORWARD
1782,57.024,66.848669,68.194307,0.3,0.29962,0.051133,0.239693,0.29962,0.3,0.051133,65.762173,118.197399,52.43172,76.31456,0.000837,0.545455,FORWARD
1783,57.056,66.742458,71.015177,0.3,0.29934,0.055084,0.257785,0.29934,0.3,0.055084,66.624014,111.912132,52.43172,76.38992,0.000772,0.427083,FORWARD
1784,57.088,64.745273,64.001411,0.3,0.299119,0.061106,0.270449,0.299119,0.3,0.061106,66.847509,100.00882,52.43172,76.46528,0.000772,0.385403,FORWARD
1785,57.12,68.04782,68.574889,0.3,0.298917,0.065902,0.279315,0.298917,0.3,0.065902,68.239056,82.310574,52.43172,76.54692,0.000837,0.369246,FORWARD
1786,57.152,76.239316,69.090325,0.067548,0.067548,0.3,0.215785,0.067548,0.3,0.3,68.702032,67.879228,52.43172,76.62228,0.000772,0.362751,FORWARD
1787,57.184,73.8054,71.158692,0.068207,0.067556,0.3,0.171511,0.067556,0.3,0.3,70.820263,64.63633,52.4694,76.65996,0.000772,0.545455,FORWARD
1788,57.216,68.328468,59.522745,0.3,0.3,0.3,0.210058,0.3,0.3,0.3,64.598942,65.563356,52.50708,76.69764,0.000772,0.427083,FORWARD
1789,57.248,67.253887,68.144043,0.3,0.299649,0.3,0.237041,0.299649,0.3,0.3,66.181901,64.738728,52.54476,76.73532,0.000772,0.545455,FORWARD
1790,57.28,68.945558,68.006345,0.3,0.299356,0.3,0.255928,0.299356,0.3,0.3,65.432796,71.037958,52.58244,76.773,0.000772,0.427083,FORWARD
1791,57.312,68.721273,65.679258,0.3,0.29913,0.3,0.26915,0.29913,0.3,0.3,67.034055,70.905694,52.62012,76.81068,0.000772,0.385403,FORWARD
1792,57.344,68.098434,65.867905,0.3,0.298923,0.3,0.278405,0.298923,0.3,0.3,66.349971,67.637125,52.66408,76.84836,0.000837,0.369246,FORWARD
1793,57.376,69.087023,69.899689,0.3,0.298822,0.067601,0.284883,0.298822,0.3,0.067601,70.42899,76.040854,52.70176,76.88604,0.000772,0.362751,FORWARD
1794,57.408,64.245491,68.980824,0.3,0.298752,0.3,0.289418,0.298752,0.3,0.3,69.672334,62.591328,52.70176,76.9614,0.000772,0.360103,FORWARD
1795,57.44,68.15398,65.134759,0.3,0.298663,0.3,0.292593,0.298663,0.3,0.3,72.082835,61.999819,52.73944,77.00536,0.000837,0.359017,FORWARD
1796,57.472,63.221022,66.215928,0.3,0.298647,0.3,0.294815,0.298647,0.3,0.3,66.804967,63.391329,52.77712,77.04304,0.000772,0.35857,FORWARD
1797,57.504,72.890289,66.386861,0.068455,0.068455,0.3,0.226907,0.068455,0.3,0.3,61.301908,69.257101,52.8148,77.08072,0.000772,0.358386,FORWARD
1798,57.536,60.788482,72.249121,0.3,0.3,0.3,0.248835,0.3,0.3,0.3,65.112634,68.443493,52.85248,77.1184,0.000772,0.545455,FORWARD
1799,57.568,68.802949,64.544088,0.3,0.299649,0.3,0.264184,0.299649,0.3,0.3,70.76987,70.224937,52.89016,77.15608,0.000772,0.545455,FORWARD
1800,57.6,64.27948,65.941512,0.3,0.299319,0.3,0.274929,0.299319,0.3,0.3,64.369151,67.6208,52.93412,77.19376,0.000837,0.427083,FORWARD
1801,57.632,69.588649,63.266549,0.3,0.299107,0.3,0.28245,0.299107,0.3,0.3,67.746897,65.183295,52.9718,77.23144,0.000772,0.385403,FORWARD
1802,57.664,64.576275,68.616685,0.3,0.29895,0.3,0.287715,0.29895,0.3,0.3,65.978211,70.96998,53.00948,77.26912,0.000772,0.369246,FORWARD
1803,57.696,69.131734,64.771684,0.3,0.298838,0.068119,0.291401,0.298838,0.068119,0.3,74.132518,68.584361,53.04716,77.3068,0.000772,0.362751,FORWARD
1804,57.728,62.153733,61.949035,0.3,0.298721,0.3,0.29398,0.298721,0.3,0.3,71.187922,67.092858,53.12252,77.31308,0.000837,0.360103,FORWARD
1805,57.76,75.813374,65.509335,0.067663,0.067663,0.3,0.226085,0.067663,0.3,0.3,66.914227,63.775997,53.1602,77.35076,0.000772,0.359017,FORWARD
1806,57.792,80.113827,62.573174,0.066498,0.066498,0.3,0.178209,0.066676,0.3,0.3,59.185378,68.613775,53.19788,77.38844,0.000772,0.545455,FORWARD
1807,57.824,75.367446,71.352983,0.067784,0.066707,0.3,0.145081,0.066707,0.3,0.3,66.82651,65.5769,53.23556,77.42612,0.000772,0.427083,FORWARD
1808,57.856,79.458269,69.685638,0.066675,0.06622,0.3,0.12156,0.06622,0.3,0.3,70.510889,67.529332,53.27324,77.4638,0.000772,0.385403,FORWARD
1809,57.888,82.883636,69.020914,0.065747,0.065558,0.3,0.104816,0.065558,0.3,0.3,68.621606,67.256192,53.31092,77.50148,0.000772,0.369246,FORWARD
1810,57.92,91.902802,67.926433,0.063303,0.063303,0.3,0.092362,0.064207,0.3,0.3,66.122181,60.430633,53.35488,77.53916,0.000837,0.362751,FORWARD
1811,57.952,94.76045,61.635949,0.062528,0.062528,0.3,0.083412,0.063108,0.3,0.3,67.647747,66.964251,53.39256,77.57684,0.000772,0.360103,FORWARD
1812,57.984,91.784219,69.771562,0.063335,0.062653,0.3,0.077389,0.062653,0.3,0.3,71.02937,66.473832,53.43024,77.6208,0.000837,0.359017,FORWARD
1813,58.016,104.772611,70.088694,0.059571,0.059571,0.3,0.072043,0.061052,0.3,0.3,69.490004,67.000025,53.46792,77.65848,0.000772,0.35857,FORWARD
1814,58.048,104.626094,63.72659,0.059663,0.059663,0.3,0.068329,0.060059,0.3,0.3,68.673972,67.742904,53.5056,77.69616,0.000772,0.358386,FORWARD
1815,58.08,110.753523,65.266755,0.055812,0.055812,0.3,0.064574,0.058041,0.3,0.3,66.781482,67.779029,53.54328,77.73384,0.000772,0.358311,FORWARD
1816,58.112,106.301516,67.117736,0.05861,0.057749,0.3,0.062785,0.057749,0.3,0.3,70.085796,64.686227,53.58096,77.77152,0.000772,0.358279,FORWARD
1817,58.144,104.963919,64.466983,0.059451,0.057863,0.3,0.061785,0.057863,0.3,0.3,66.099938,67.915474,53.61864,77.8092,0.000772,0.358267,FORWARD
1818,58.176,109.952123,61.678501,0.056315,0.056315,0.3,0.060144,0.056813,0.3,0.3,71.550507,65.209356,53.65632,77.84688,0.000772,0.358261,FORWARD
1819,58.208,113.994868,66.544947,0.053774,0.053774,0.3,0.058233,0.055187,0.3,0.3,66.226611,64.803747,53.70028,77.88456,0.000837,0.358259,FORWARD
1820,58.24,109.67963,68.594964,0.056487,0.055157,0.3,0.057709,0.055157,0.3,0.3,66.717952,64.353552,53.73796,77.92224,0.000772,0.358258,FORWARD
1821,58.272,105.837516,67.572042,0.058902,0.055962,0.068153,0.058067,0.055962,0.3,0.068153,66.848018,74.006102,53.77564,77.9662,0.000837,0.358258,FORWARD
1822,58.304,116.815545,69.295252,0.052002,0.052002,0.3,0.056247,0.054047,0.3,0.3,66.029914,57.583013,53.77564,78.04156,0.000772,0.358258,FORWARD
1823,58.336,120.551489,67.352189,0.049855,0.049855,0.3,0.05433,0.05205,0.3,0.3,62.407794,65.220413,53.81332,78.07924,0.000772,0.358258,FORWARD
1824,58.368,119.121738,67.384228,0.050552,0.050552,0.3,0.053196,0.051017,0.3,0.3,66.421468,64.927614,53.851,78.11692,0.000772,0.358258,FORWARD
1825,58.4,127.957865,64.614206,0.047907,0.047907,0.3,0.05161,0.049408,0.3,0.3,68.406375,63.348206,53.88868,78.1546,0.000772,0.358258,FORWARD
1826,58.432,132.969375,67.398229,0.04659,0.04659,0.3,0.050104,0.047902,0.3,0.3,66.70316,69.727371,53.92636,78.19228,0.000772,0.358258,FORWARD
1827,58.464,128.793181,70.501278,0.047688,0.04733,0.3,0.049379,0.04733,0.3,0.3,64.267061,65.483843,53.96404,78.22996,0.000772,0.358258,FORWARD
1828,58.496,135.275977,64.334626,0.045983,0.045983,0.3,0.04836,0.046393,0.3,0.3,70.593314,68.159875,54.00172,78.26136,0.000708,0.358258,FORWARD
1829,58.528,142.522382,65.706844,0.044078,0.044078,0.3,0.047075,0.045109,0.3,0.3,66.134663,65.501387,54.03312,78.29904,0.000708,0.358258,FORWARD
1830,58.56,145.481651,67.064256,0.0433,0.0433,0.3,0.045943,0.044006,0.3,0.3,62.682077,71.787297,54.0708,78.33044,0.000708,0.358258,FORWARD
1831,58.592,150.881985,62.141361,0.04188,0.04188,0.3,0.044724,0.04279,0.3,0.3,67.676157,62.546811,54.1022,78.36812,0.000708,0.358258,FORWARD
1832,58.624,151.284918,65.508216,0.041774,0.041774,0.3,0.043839,0.042013,0.3,0.3,65.326428,69.340359,54.1336,78.39952,0.000644,0.358258,FORWARD
1833,58.656,145.867034,62.604491,0.043198,0.042024,0.3,0.043647,0.042024,0.3,0.3,64.94814,72.202792,54.165,78.43092,0.000644,0.358258,FORWARD
1834,58.688,149.367516,65.433654,0.042278,0.041702,0.3,0.043236,0.041702,0.3,0.3,69.078661,62.662453,54.1964,78.46232,0.000644,0.358258,FORWARD
1835,58.72,157.17231,64.114436,0.040226,0.040226,0.3,0.042333,0.04076,0.3,0.3,58.904615,64.275377,54.2278,78.49372,0.000644,0.358258,FORWARD
1836,58.752,163.477613,70.12778,0.039292,0.039292,0.3,0.04142,0.039821,0.3,0.3,66.890057,69.585138,54.2592,78.52512,0.000644,0.358258,TURN_LEFT
1837,58.784,160.468069,67.112157,0.039683,0.039683,0.068277,0.040899,0.03973,0.068596,0.068277,72.370942,73.546304,54.18384,78.60676,6.4e-05,0.358258,TURN_LEFT
1838,58.816,157.674216,66.626492,0.040094,0.039902,0.3,0.040658,0.039902,0.3,0.3,66.611841,60.613377,54.1022,78.68212,-6.4e-05,0.358258,TURN_LEFT
1839,58.848,158.150397,67.539311,0.039984,0.039931,0.3,0.040456,0.039931,0.3,0.3,65.086775,65.789156,54.02056,78.76376,0.0,0.358258,TURN_LEFT
1840,58.88,147.56275,65.980568,0.042752,0.040942,0.3,0.041145,0.040942,0.3,0.3,68.305207,65.919215,53.93892,78.8454,-0.0,0.358258,TURN_LEFT
1841,58.912,131.257423,64.606221,0.04704,0.043085,0.3,0.042913,0.043085,0.3,0.3,61.763417,70.296086,53.86356,78.92704,6.4e-05,0.358258,TURN_LEFT
1842,58.944,105.442098,107.315919,0.057972,0.04846,0.3,0.047431,0.04846,0.3,0.3,62.214203,71.719846,53.78192,79.0024,-6.4e-05,0.358258,TURN_LEFT
1843,58.976,68.598436,131.305163,0.047027,0.047027,0.3,0.04731,0.047947,0.3,0.3,70.791004,61.867957,53.70028,79.08404,0.0,0.358258,TURN_LEFT
1844,59.008,70.805188,137.353347,0.045437,0.045437,0.3,0.046748,0.047006,0.3,0.3,72.123886,70.138923,53.62492,79.16568,6.4e-05,0.358258,TURN_LEFT
1845,59.04,70.253292,154.435631,0.040945,0.040945,0.3,0.045007,0.044835,0.3,0.3,71.835247,65.002317,53.54328,79.24732,0.0,0.358258,TURN_LEFT
1846,59.072,66.295331,160.057924,0.039736,0.039736,0.3,0.043426,0.04305,0.3,0.3,68.289588,66.577107,53.46164,79.32268,-6.4e-05,0.358258,TURN_LEFT
1847,59.104,67.980044,163.363233,0.039306,0.039306,0.3,0.04219,0.041709,0.3,0.3,67.191967,62.749141,53.38,79.40432,-0.0,0.358258,TURN_LEFT
1848,59.136,68.239055,163.18622,0.039329,0.039329,0.3,0.041332,0.040815,0.3,0.3,67.262921,62.779397,53.30464,79.48596,6.4e-05,0.358258,TURN_LEFT
1849,59.168,62.814466,153.586448,0.041168,0.040983,0.3,0.041283,0.040983,0.3,0.3,67.667777,69.760641,53.223,79.56132,-6.4e-05,0.358258,TURN_LEFT
1850,59.2,67.560986,154.562647,0.040912,0.040912,0.3,0.041172,0.040957,0.3,0.3,69.165993,66.875061,53.14136,79.64296,0.0,0.358258,TURN_LEFT
1851,59.232,67.076244,141.760041,0.044278,0.042147,0.3,0.042104,0.042147,0.3,0.3,61.849261,67.00186,53.05972,79.7246,-0.0,0.358258,TURN_LEFT
1852,59.264,57.558784,114.537823,0.053433,0.046149,0.3,0.045502,0.046149,0.3,0.3,67.232183,66.275663,52.98436,79.80624,6.4e-05,0.358258,TURN_LEFT
1853,59.296,66.147606,101.06252,0.06082,0.051447,0.3,0.050098,0.051447,0.3,0.3,68.33439,66.515272,52.90272,79.8816,-6.4e-05,0.358258,TURN_LEFT
1854,59.328,70.338425,66.532893,0.3,0.3,0.3,0.125068,0.3,0.3,0.3,60.789399,69.497839,52.82108,79.96324,-0.0,0.358258,TURN_LEFT
1855,59.36,64.041818,65.808501,0.3,0.299971,0.3,0.177548,0.299971,0.3,0.3,65.970655,62.1626,52.74572,80.04488,6.4e-05,0.545455,TURN_LEFT
1856,59.392,71.16424,61.584468,0.3,0.299983,0.068398,0.214284,0.299983,0.3,0.068398,60.151281,73.103013,52.66408,80.12652,-0.0,0.427083,TURN_LEFT
1857,59.424,70.869977,65.312836,0.3,0.3,0.3,0.239998,0.3,0.3,0.3,70.843873,64.598155,52.58244,80.20188,-6.4e-05,0.385403,FORWARD
1858,59.456,69.267221,62.638367,0.3,0.299513,0.3,0.257999,0.299513,0.3,0.3,66.711422,63.489661,52.62012,80.23956,0.000772,0.369246,FORWARD
1859,59.488,65.203952,60.974776,0.3,0.299156,0.3,0.270599,0.299156,0.3,0.3,68.37828,68.340359,52.6578,80.28352,0.000837,0.362751,FORWARD
1860,59.52,66.970045,65.157636,0.3,0.298966,0.3,0.279419,0.298966,0.3,0.3,68.381899,66.260512,52.69548,80.3212,0.000772,0.360103,FORWARD
1861,59.552,69.352826,68.084567,0.3,0.298801,0.3,0.285594,0.298801,0.3,0.3,69.061576,69.619855,52.73944,80.35888,0.000837,0.359017,FORWARD
1862,59.584,65.463508,65.443861,0.3,0.298735,0.068509,0.289916,0.298735,0.3,0.068509,61.242746,72.690397,52.77712,80.39656,0.000772,0.35857,FORWARD
1863,59.616,64.331705,71.48668,0.3,0.298693,0.3,0.292941,0.298693,0.3,0.3,64.588155,67.918553,52.77712,80.47192,0.000772,0.358386,FORWARD
1864,59.648,70.916427,64.272724,0.3,0.298666,0.068575,0.295059,0.298666,0.068575,0.068586,72.447587,72.40924,52.8148,80.5096,0.000772,0.358311,FORWARD
1865,59.68,62.813675,69.414178,0.3,0.298648,0.3,0.296541,0.298648,0.3,0.3,67.846084,64.114886,52.85248,80.54728,0.000772,0.358279,FORWARD
1866,59.712,68.804549,62.945683,0.3,0.298637,0.3,0.297579,0.298637,0.3,0.3,66.310923,63.69928,52.89016,80.58496,0.000772,0.358267,FORWARD
1867,59.744,61.677955,62.833162,0.3,0.298629,0.3,0.298305,0.298629,0.3,0.3,70.92368,68.703365,52.92784,80.62264,0.000772,0.358261,FORWARD
1868,59.776,69.574187,68.348506,0.3,0.298625,0.06829,0.298814,0.298625,0.06829,0.3,73.500237,67.992425,52.96552,80.66032,0.000772,0.358259,FORWARD
1869,59.808,69.40182,66.846389,0.3,0.29858,0.3,0.29917,0.29858,0.3,0.3,64.245741,69.22472,53.04088,80.6666,0.000837,0.358258,FORWARD
1870,59.84,68.748954,65.051824,0.3,0.298552,0.3,0.299419,0.298552,0.3,0.3,64.884561,69.923207,53.08484,80.70428,0.000837,0.358258,FORWARD
1871,59.872,66.550892,62.471177,0.3,0.298575,0.3,0.299593,0.298575,0.3,0.3,70.007263,69.371265,53.12252,80.74196,0.000772,0.358258,FORWARD
1872,59.904,64.335682,63.860316,0.3,0.29859,0.3,0.299715,0.29859,0.3,0.3,65.428278,71.10055,53.1602,80.77964,0.000772,0.358258,FORWARD
1873,59.936,67.735717,64.754727,0.3,0.298599,0.3,0.299801,0.298599,0.3,0.3,66.052806,68.660645,53.19788,80.81732,0.000772,0.358258,FORWARD
1874,59.968,68.954066,65.066562,0.3,0.298605,0.3,0.29986,0.298605,0.3,0.3,66.915748,66.259358,53.23556,80.855,0.000772,0.358258,FORWARD
1875,60.0,67.980581,67.591233,0.3,0.298609,0.3,0.299902,0.298609,0.3,0.3,64.761477,67.857189,53.27324,80.89268,0.000772,0.358258,FORWARD
1876,60.032,67.880229,66.62169,0.3,0.298612,0.3,0.299932,0.298612,0.3,0.3,64.879678,65.85245,53.31092,80.93036,0.000772,0.358258,FORWARD
1877,60.064,64.346343,67.401362,0.3,0.298572,0.3,0.299952,0.298572,0.3,0.3,65.647142,62.163955,53.3486,80.97432,0.000837,0.358258,FORWARD
1878,60.096,67.919971,70.302334,0.3,0.298588,0.3,0.299966,0.298588,0.3,0.3,61.96739,68.31547,53.38628,81.012,0.000772,0.358258,FORWARD
1879,60.128,62.660536,73.173935,0.068378,0.068378,0.3,0.23049,0.068378,0.3,0.3,66.350386,64.471122,53.43024,81.04968,0.000837,0.358258,FORWARD
1880,60.16,68.89334,68.633363,0.3,0.3,0.3,0.251343,0.3,0.3,0.3,64.341114,71.534238,53.46792,81.08736,0.000772,0.545455,FORWARD
1881,60.192,64.671195,71.470538,0.3,0.299649,0.3,0.26594,0.299649,0.3,0.3,64.557479,66.611355,53.5056,81.12504,0.000772,0.545455,FORWARD
1882,60.224,66.688878,70.18394,0.3,0.299356,0.3,0.276158,0.299356,0.3,0.3,69.805573,68.897684,53.54328,81.16272,0.000772,0.427083,FORWARD
1883,60.256,67.893563,69.64494,0.3,0.29913,0.3,0.283311,0.29913,0.3,0.3,64.113489,68.266487,53.58096,81.2004,0.000772,0.385403,FORWARD
1884,60.288,68.12781,69.515974,0.3,0.298964,0.3,0.288317,0.298964,0.3,0.3,64.745727,71.631448,53.61864,81.23808,0.000772,0.369246,FORWARD
1885,60.32,60.897897,65.939734,0.3,0.298847,0.3,0.291822,0.298847,0.3,0.3,68.926761,67.220565,53.65632,81.27576,0.000772,0.362751,FORWARD
1886,60.352,67.709693,70.20702,0.3,0.298727,0.3,0.294276,0.298727,0.3,0.3,66.600135,67.985198,53.694,81.31972,0.000837,0.360103,FORWARD
1887,60.384,66.174868,64.368089,0.3,0.298689,0.3,0.295993,0.298689,0.3,0.3,66.948178,65.917399,53.73168,81.3574,0.000772,0.359017,FORWARD
1888,60.416,69.908852,63.615965,0.3,0.298622,0.3,0.297195,0.298622,0.3,0.3,70.294512,62.341037,53.77564,81.39508,0.000837,0.35857,FORWARD
1889,60.448,70.25905,65.115647,0.3,0.29862,0.3,0.298037,0.29862,0.3,0.3,68.093216,63.834217,53.81332,81.43276,0.000772,0.358386,FORWARD
1890,60.48,68.988612,71.319171,0.3,0.298619,0.068034,0.298626,0.298619,0.3,0.068034,70.729561,74.443464,53.851,81.47044,0.000772,0.358311,FORWARD
1891,60.512,62.774063,68.350846,0.3,0.298618,0.068585,0.299038,0.298618,0.068585,0.3,72.41196,67.998277,53.851,81.5458,0.000772,0.358279,FORWARD
1892,60.544,70.668376,66.557263,0.3,0.298618,0.3,0.299327,0.298618,0.3,0.3,69.301117,71.446948,53.92636,81.5458,0.000772,0.358267,FORWARD
1893,60.576,61.142459,74.378629,0.068052,0.068052,0.3,0.229944,0.068052,0.3,0.3,67.852678,68.741238,53.96404,81.58348,0.000772,0.358261,FORWARD
1894,60.608,67.253429,68.874345,0.3,0.3,0.3,0.250961,0.3,0.3,0.3,69.136643,59.048899,54.00172,81.62744,0.000837,0.545455,FORWARD
1895,60.64,66.84941,65.889627,0.3,0.299649,0.3,0.265673,0.299649,0.3,0.3,67.957334,72.096779,54.0394,81.66512,0.000772,0.545455,FORWARD
1896,60.672,66.059778,67.738922,0.3,0.299356,0.3,0.275971,0.299356,0.3,0.3,68.177967,65.025201,54.07708,81.7028,0.000772,0.427083,FORWARD
1897,60.704,64.232686,64.930401,0.3,0.29909,0.039379,0.28318,0.29909,0.3,0.039379,69.790994,162.803127,54.12104,81.74048,0.000837,0.385403,FORWARD
1898,60.736,72.042802,67.65069,0.3,0.298939,0.029444,0.288226,0.298939,0.3,0.029444,68.300595,243.21171,54.1022,81.83468,0.000772,0.369246,FORWARD
1899,60.768,66.467178,72.376399,0.068594,0.068594,0.024753,0.222336,0.068594,0.3,0.024753,70.262973,313.062064,54.07708,81.92888,0.000708,0.362751,FORWARD
1900,60.8,62.997274,70.34118,0.3,0.3,0.02169,0.245635,0.3,0.3,0.02169,68.47456,358.677146,54.05824,82.02936,0.000837,0.545455,FORWARD
1901,60.832,73.988714,71.092046,0.068158,0.068158,0.019247,0.192392,0.068158,0.3,0.019247,61.589692,416.596902,54.0394,82.12356,0.000772,0.545455,FORWARD
1902,60.864,64.935543,69.176412,0.3,0.3,0.01757,0.224674,0.3,0.3,0.01757,63.21435,489.608848,54.02056,82.21776,0.000772,0.545455,FORWARD
1903,60.896,67.175848,62.439987,0.3,0.299649,0.015662,0.247272,0.299649,0.3,0.015662,67.596903,572.662039,54.00172,82.31196,0.000772,0.545455,FORWARD
1904,60.928,63.19081,66.352037,0.3,0.299319,0.015749,0.26309,0.299319,0.3,0.015749,70.431331,568.852795,53.98288,82.41244,0.000837,0.427083,FORWARD
1905,60.96,69.574684,68.591802,0.3,0.299107,0.015492,0.274163,0.299107,0.3,0.015492,70.349789,580.062586,53.96404,82.50664,0.000772,0.385403,FORWARD
1906,60.992,64.433141,67.719331,0.3,0.29895,0.015526,0.281914,0.29895,0.3,0.015526,72.345092,578.565302,53.9452,82.60084,0.000772,0.369246,FORWARD
1907,61.024,63.846018,69.051086,0.3,0.298797,0.016436,0.28734,0.298797,0.3,0.016436,64.423455,538.973298,53.92636,82.70132,0.000837,0.362751,FORWARD
1908,61.056,76.889584,61.431098,0.067371,0.067371,0.01765,0.221349,0.067371,0.3,0.01765,64.692152,486.12885,53.90752,82.79552,0.000772,0.360103,FORWARD
1909,61.088,60.356251,71.107212,0.3,0.3,0.019296,0.244945,0.3,0.3,0.019296,65.405475,414.481057,53.88868,82.88972,0.000772,0.545455,FORWARD
1910,61.12,61.592114,63.716174,0.3,0.299649,0.022308,0.261461,0.299649,0.3,0.022308,65.361853,349.466563,53.86984,82.98392,0.000772,0.545455,FORWARD
1911,61.152,65.695801,68.406203,0.3,0.299319,0.024949,0.273023,0.299319,0.3,0.024949,67.412959,310.149771,53.851,83.0844,0.000837,0.427083,FORWARD
1912,61.184,68.42488,62.898067,0.3,0.299107,0.03036,0.281116,0.299107,0.3,0.03036,67.526422,232.164862,53.83216,83.1786,0.000772,0.385403,FORWARD
1913,61.216,68.02739,65.207177,0.3,0.29895,0.042551,0.286781,0.29895,0.3,0.042551,65.224702,148.330295,53.81332,83.2728,0.000772,0.369246,FORWARD
1914,61.248,60.568929,68.385206,0.3,0.298838,0.3,0.290747,0.298838,0.3,0.3,64.52475,66.373826,53.79448,83.367,0.000772,0.362751,FORWARD
1915,61.28,68.879206,67.657399,0.3,0.298721,0.3,0.293523,0.298721,0.3,0.3,68.641762,68.917409,53.83216,83.41096,0.000837,0.360103,FORWARD
1916,61.312,65.241534,67.121686,0.3,0.298685,0.3,0.295466,0.298685,0.3,0.3,63.539065,63.213418,53.86984,83.44864,0.000772,0.359017,FORWARD
1917,61.344,63.590079,67.50219,0.3,0.298661,0.3,0.296826,0.298661,0.3,0.3,70.55236,65.060415,53.90752,83.48632,0.000772,0.35857,FORWARD
1918,61.376,72.693414,69.681421,0.068509,0.068509,0.3,0.228331,0.068509,0.3,0.3,63.515156,65.695149,53.9452,83.524,0.000772,0.358386,FORWARD
1919,61.408,67.631475,68.209779,0.3,0.3,0.3,0.249832,0.3,0.3,0.3,62.99919,63.402645,53.98288,83.56168,0.000772,0.545455,FORWARD
1920,61.44,66.559488,66.657865,0.3,0.299649,0.068151,0.264882,0.299649,0.068151,0.3,74.012708,69.755975,54.02056,83.59936,0.000772,0.545455,FORWARD
1921,61.472,69.538125,70.612745,0.3,0.299356,0.3,0.275417,0.299356,0.3,0.3,65.094572,62.182213,54.09592,83.59936,0.000772,0.427083,FORWARD
1922,61.504,65.056755,66.805209,0.3,0.29913,0.3,0.282792,0.29913,0.3,0.3,68.243911,67.525635,54.1336,83.63704,0.000772,0.385403,FORWARD
1923,61.536,68.388885,65.752854,0.3,0.298883,0.3,0.287955,0.298883,0.3,0.3,66.205999,66.980475,54.17756,83.681,0.000901,0.369246,FORWARD
1924,61.568,62.892275,67.303257,0.3,0.298796,0.3,0.291568,0.298796,0.3,0.3,69.121077,62.60673,54.21524,83.71868,0.000772,0.362751,FORWARD
1925,61.6,63.464943,66.7725,0.3,0.298735,0.3,0.294098,0.298735,0.3,0.3,66.804705,69.279125,54.25292,83.75636,0.000772,0.360103,FORWARD
1926,61.632,65.603785,65.45398,0.3,0.298694,0.3,0.295868,0.298694,0.3,0.3,67.433858,70.128196,54.2906,83.79404,0.000772,0.359017,FORWARD
1927,61.664,66.749653,73.023482,0.068419,0.068419,0.3,0.227634,0.068419,0.3,0.3,65.494672,70.114389,54.32828,83.83172,0.000772,0.35857,FORWARD
1928,61.696,60.65033,71.02705,0.3,0.3,0.3,0.249344,0.3,0.3,0.3,62.74754,67.332932,54.36596,83.8694,0.000772,0.545455,FORWARD
1929,61.728,73.462869,70.171316,0.0683,0.0683,0.06785,0.19503,0.0683,0.06785,0.3,75.124006,70.432023,54.40364,83.90708,0.000772,0.545455,FORWARD
1930,61.76,66.76927,66.733985,0.3,0.3,0.3,0.226521,0.3,0.3,0.3,66.467618,66.99179,54.479,83.90708,0.000772,0.545455,FORWARD
1931,61.792,71.491068,63.066188,0.3,0.29962,0.3,0.248565,0.29962,0.3,0.3,64.595354,66.922953,54.51668,83.95104,0.000837,0.545455,FORWARD
1932,61.824,69.568795,68.318627,0.3,0.29934,0.3,0.263995,0.29934,0.3,0.3,71.126322,67.768818,54.55436,83.98872,0.000772,0.427083,FORWARD
1933,61.856,68.159849,66.181442,0.3,0.29908,0.3,0.274797,0.29908,0.3,0.3,65.631047,67.83549,54.59832,84.0264,0.000837,0.385403,FORWARD
1934,61.888,70.388565,65.347583,0.3,0.298932,0.3,0.282358,0.298932,0.3,0.3,68.005192,63.629729,54.636,84.06408,0.000772,0.369246,FORWARD
1935,61.92,67.999753,65.295336,0.3,0.298827,0.3,0.28765,0.298827,0.3,0.3,65.850411,66.73273,54.67368,84.10176,0.000772,0.362751,FORWARD
1936,61.952,66.54784,63.494462,0.3,0.298755,0.3,0.291355,0.298755,0.3,0.3,67.873242,72.271762,54.71136,84.13944,0.000772,0.360103,FORWARD
1937,61.984,66.159968,74.088788,0.06813,0.06813,0.3,0.224388,0.06813,0.3,0.3,71.456543,60.544181,54.74904,84.17712,0.000772,0.359017,FORWARD
1938,62.016,68.039651,66.819267,0.3,0.3,0.3,0.247071,0.3,0.3,0.3,66.725248,66.573986,54.78672,84.2148,0.000772,0.545455,FORWARD
1939,62.048,61.751274,64.640134,0.3,0.29962,0.3,0.26295,0.29962,0.3,0.3,69.670254,66.608155,54.8244,84.25876,0.000837,0.545455,FORWARD
1940,62.08,71.034051,61.782818,0.3,0.29934,0.3,0.274065,0.29934,0.3,0.3,65.009263,69.08211,54.86208,84.29644,0.000772,0.427083,FORWARD
1941,62.112,66.142675,65.639495,0.3,0.29908,0.3,0.281846,0.29908,0.3,0.3,66.470264,65.275895,54.90604,84.33412,0.000837,0.385403,FORWARD
1942,62.144,66.409356,68.30686,0.3,0.298932,0.3,0.287292,0.298932,0.3,0.3,69.790989,63.225421,54.94372,84.3718,0.000772,0.369246,FORWARD
1943,62.176,69.18003,69.741035,0.3,0.298827,0.3,0.291104,0.298827,0.3,0.3,69.42822,67.854468,54.9814,84.40948,0.000772,0.362751,FORWARD
1944,62.208,71.368268,66.290334,0.3,0.298755,0.3,0.293773,0.298755,0.3,0.3,64.92028,63.50804,55.01908,84.44716,0.000772,0.360103,FORWARD
1945,62.24,63.057483,68.290085,0.3,0.298707,0.3,0.295641,0.298707,0.3,0.3,66.082691,69.573186,55.05676,84.48484,0.000772,0.359017,FORWARD
1946,62.272,70.057503,71.962412,0.3,0.298675,0.068455,0.296949,0.298675,0.068455,0.3,72.890974,68.307708,55.09444,84.52252,0.000772,0.35857,FORWARD
1947,62.304,69.741173,64.623117,0.3,0.298613,0.06853,0.297864,0.298613,0.3,0.06853,63.597439,72.613632,55.1698,84.5288,0.000837,0.358386,FORWARD
1948,62.336,66.953188,64.308846,0.3,0.298614,0.3,0.298505,0.298614,0.3,0.3,66.39269,62.42861,55.1698,84.60416,0.000772,0.358311,FORWARD
1949,62.368,67.524939,66.221325,0.3,0.298615,0.3,0.298953,0.298615,0.3,0.3,70.276893,69.197595,55.20748,84.64184,0.000772,0.358279,FORWARD
1950,62.4,68.949928,67.252627,0.3,0.298574,0.3,0.299267,0.298574,0.3,0.3,64.096861,63.618981,55.25144,84.67952,0.000837,0.358267,FORWARD
1951,62.432,68.327988,65.43315,0.3,0.298589,0.3,0.299487,0.298589,0.3,0.3,67.635547,66.028684,55.28912,84.7172,0.000772,0.358261,FORWARD
1952,62.464,64.711927,67.225114,0.3,0.298599,0.3,0.299641,0.298599,0.3,0.3,65.913865,70.55002,55.3268,84.75488,0.000772,0.358259,FORWARD
1953,62.496,70.838135,60.996479,0.3,0.298605,0.3,0.299749,0.298605,0.3,0.3,66.383861,63.622071,55.36448,84.79256,0.000772,0.358258,FORWARD
1954,62.528,70.430412,65.693719,0.3,0.298609,0.3,0.299824,0.298609,0.3,0.3,65.821168,67.163443,55.40216,84.83024,0.000772,0.358258,FORWARD
1955,62.56,70.181745,67.950106,0.3,0.298612,0.3,0.299877,0.298612,0.3,0.3,67.085354,64.333999,55.43984,84.86792,0.000772,0.358258,FORWARD
1956,62.592,68.056104,65.453234,0.3,0.298613,0.3,0.299914,0.298613,0.3,0.3,64.85928,64.39101,55.47752,84.9056,0.000772,0.358258,FORWARD
1957,62.624,64.549103,69.12781,0.3,0.298573,0.3,0.29994,0.298573,0.3,0.3,64.686801,70.494096,55.5152,84.94956,0.000837,0.358258,FORWARD
1958,62.656,70.240127,67.0957,0.3,0.298589,0.067745,0.299958,0.298589,0.068291,0.067745,73.495959,75.509338,55.55288,84.98724,0.000772,0.358258,FORWARD
1959,62.688,64.652135,62.233533,0.3,0.298557,0.3,0.29997,0.298557,0.3,0.3,66.414469,66.593477,55.59684,85.02492,0.000837,0.358258,FORWARD
1960,62.72,68.373101,68.363242,0.3,0.298578,0.3,0.299979,0.298578,0.3,0.3,63.724259,69.648721,55.63452,85.0626,0.000772,0.358258,FORWARD
1961,62.752,68.512474,71.858449,0.3,0.298592,0.3,0.299986,0.298592,0.3,0.3,65.892372,71.968952,55.6722,85.10028,0.000772,0.358258,FORWARD
1962,62.784,66.359092,75.799882,0.067667,0.067667,0.3,0.23029,0.067667,0.3,0.3,70.776073,64.704064,55.70988,85.13796,0.000772,0.358258,FORWARD
1963,62.816,68.292139,67.375308,0.3,0.3,0.3,0.251203,0.3,0.3,0.3,66.732405,67.276803,55.74756,85.17564,0.000772,0.545455,FORWARD
1964,62.848,60.917648,67.526511,0.3,0.299649,0.3,0.265842,0.299649,0.3,0.3,66.615514,66.267888,55.78524,85.21332,0.000772,0.545455,FORWARD
1965,62.88,70.708322,67.729955,0.3,0.299356,0.3,0.276089,0.299356,0.3,0.3,69.340697,67.757619,55.82292,85.251,0.000772,0.427083,FORWARD
1966,62.912,65.831289,67.352556,0.3,0.29909,0.3,0.283263,0.29909,0.3,0.3,65.379747,68.751873,55.8606,85.29496,0.000837,0.385403,FORWARD
1967,62.944,70.440059,65.062786,0.3,0.298939,0.3,0.288284,0.298939,0.3,0.3,67.525188,69.188495,55.89828,85.33264,0.000772,0.369246,FORWARD
1968,62.976,69.507099,68.638917,0.3,0.298791,0.3,0.291799,0.298791,0.3,0.3,66.050086,64.73492,55.94224,85.37032,0.000837,0.362751,FORWARD
1969,63.008,67.072928,69.378721,0.3,0.298732,0.3,0.294259,0.298732,0.3,0.3,66.870372,67.742388,55.97992,85.408,0.000772,0.360103,FORWARD
1970,63.04,65.587725,67.539897,0.3,0.298692,0.3,0.295981,0.298692,0.3,0.3,70.435205,63.81453,56.0176,85.44568,0.000772,0.359017,FORWARD
1971,63.072,68.993708,71.776557,0.3,0.298666,0.3,0.297187,0.298666,0.3,0.3,66.112809,67.564479,56.05528,85.48336,0.000772,0.35857,FORWARD
1972,63.104,64.74331,70.185521,0.3,0.298648,0.3,0.298031,0.298648,0.3,0.3,69.506757,65.693264,56.09296,85.52104,0.000772,0.358386,FORWARD
1973,63.136,69.245349,71.673232,0.3,0.298637,0.3,0.298622,0.298637,0.3,0.3,68.377225,62.330262,56.13064,85.55872,0.000772,0.358311,FORWARD
1974,63.168,73.192415,66.35528,0.068373,0.068373,0.3,0.229547,0.068373,0.3,0.3,68.325313,66.103659,56.16832,85.60268,0.000837,0.358279,FORWARD
1975,63.2,65.174552,71.487421,0.3,0.3,0.3,0.250683,0.3,0.3,0.3,67.749189,63.919546,56.206,85.64036,0.000772,0.545455,FORWARD
1976,63.232,72.860683,70.984648,0.068463,0.068463,0.3,0.196017,0.068463,0.3,0.3,65.675595,63.01008,56.24368,85.67804,0.000772,0.545455,FORWARD
1977,63.264,71.273561,64.468857,0.3,0.3,0.3,0.227212,0.3,0.3,0.3,61.14028,63.73904,56.28764,85.71572,0.000837,0.545455,FORWARD
1978,63.296,69.851209,60.589083,0.3,0.299649,0.3,0.249048,0.299649,0.3,0.3,68.225139,65.16699,56.32532,85.7534,0.000772,0.545455,FORWARD
1979,63.328,71.936838,70.771883,0.3,0.299356,0.3,0.264334,0.299356,0.3,0.3,70.64312,68.608459,56.363,85.79108,0.000772,0.427083,FORWARD
1980,63.36,68.420518,68.872249,0.3,0.29913,0.3,0.275034,0.29913,0.3,0.3,61.926464,61.762867,56.40068,85.82876,0.000772,0.385403,FORWARD
1981,63.392,70.827859,70.163204,0.3,0.298964,0.3,0.282524,0.298964,0.3,0.3,67.647997,70.153623,56.43836,85.86644,0.000772,0.369246,FORWARD
1982,63.424,70.721754,58.846608,0.3,0.298847,0.3,0.287767,0.298847,0.3,0.3,63.96377,70.940083,56.47604,85.90412,0.000772,0.362751,FORWARD
1983,63.456,70.223736,68.66974,0.3,0.298727,0.3,0.291437,0.298727,0.3,0.3,64.493879,64.837284,56.51372,85.94808,0.000837,0.360103,FORWARD
1984,63.488,66.023483,71.048908,0.3,0.298689,0.3,0.294006,0.298689,0.3,0.3,70.130032,64.898063,56.5514,85.98576,0.000772,0.359017,FORWARD
1985,63.52,61.650056,67.000773,0.3,0.298622,0.3,0.295804,0.298622,0.3,0.3,66.353535,60.812692,56.59536,86.02344,0.000837,0.35857,FORWARD
1986,63.552,66.953323,69.645338,0.3,0.29862,0.3,0.297063,0.29862,0.3,0.3,68.398331,70.187452,56.63304,86.06112,0.000772,0.358386,FORWARD
1987,63.584,62.937234,65.077911,0.3,0.298619,0.068186,0.297944,0.298619,0.068186,0.3,73.883989,68.537017,56.67072,86.0988,0.000772,0.358311,FORWARD
1988,63.616,73.562377,60.35167,0.068273,0.068273,0.3,0.229043,0.068273,0.3,0.3,64.950186,65.783311,56.74608,86.0988,0.000772,0.358279,FORWARD
1989,63.648,66.166317,67.608324,0.3,0.3,0.3,0.25033,0.3,0.3,0.3,67.8871,69.601545,56.78376,86.13648,0.000772,0.545455,FORWARD
1990,63.68,66.97352,62.703077,0.3,0.299649,0.3,0.265231,0.299649,0.3,0.3,70.584412,70.675044,56.82144,86.17416,0.000772,0.545455,FORWARD
1991,63.712,69.742274,70.202363,0.3,0.299319,0.067684,0.275662,0.299319,0.3,0.067684,61.187217,75.734641,56.85912,86.21812,0.000837,0.427083,FORWARD
1992,63.744,67.665029,64.504804,0.3,0.299107,0.3,0.282963,0.299107,0.3,0.3,69.261404,64.595478,56.85912,86.29348,0.000772,0.385403,FORWARD
1993,63.776,69.024278,63.106698,0.3,0.29895,0.3,0.288074,0.29895,0.3,0.3,65.42101,69.60187,56.8968,86.33116,0.000772,0.369246,FORWARD
1994,63.808,67.337981,66.241336,0.3,0.298797,0.3,0.291652,0.298797,0.3,0.3,66.701564,69.750136,56.94076,86.36884,0.000837,0.362751,FORWARD
1995,63.84,63.2292,67.185,0.3,0.298736,0.3,0.294156,0.298736,0.3,0.3,67.724565,67.78536,56.97844,86.40652,0.000772,0.360103,FORWARD
1996,63.872,66.97649,65.353904,0.3,0.298695,0.3,0.295909,0.298695,0.3,0.3,65.056759,69.64849,57.01612,86.4442,0.000772,0.359017,FORWARD
1997,63.904,65.981108,67.618836,0.3,0.298667,0.3,0.297137,0.298667,0.3,0.3,68.357177,66.02734,57.0538,86.48188,0.000772,0.35857,FORWARD
1998,63.936,66.146839,67.857251,0.3,0.298649,0.3,0.297996,0.298649,0.3,0.3,61.176131,62.472636,57.09148,86.51956,0.000772,0.358386,FORWARD
1999,63.968,65.755145,70.325278,0.3,0.298638,0.3,0.298597,0.298638,0.3,0.3,71.579386,70.983087,57.12916,86.55724,0.000772,0.358311,FORWARD
2000,64.0,66.365817,69.62283,0.3,0.29863,0.3,0.299018,0.29863,0.3,0.3,66.43157,65.556614,57.16684,86.59492,0.000772,0.358279,FORWARD
2001,64.032,66.284466,61.689161,0.3,0.298584,0.067508,0.299313,0.298584,0.3,0.067508,63.877417,76.384454,57.20452,86.63888,0.000837,0.358267,FORWARD
2002,64.064,64.009329,70.489877,0.3,0.298595,0.068559,0.299519,0.298595,0.068559,0.3,72.506302,64.408833,57.20452,86.71424,0.000772,0.358261,FORWARD
2003,64.096,64.084494,65.749167,0.3,0.298562,0.3,0.299663,0.298562,0.3,0.3,69.448179,65.120134,57.28616,86.71424,0.000837,0.358259,FORWARD
2004,64.128,67.114484,65.332778,0.3,0.298581,0.3,0.299764,0.298581,0.3,0.3,67.932038,71.862689,57.32384,86.75192,0.000772,0.358258,FORWARD
2005,64.16,68.204427,71.713999,0.3,0.298594,0.068383,0.299835,0.298594,0.3,0.068383,68.941465,73.156447,57.36152,86.7896,0.000772,0.358258,FORWARD
2006,64.192,65.099113,71.03941,0.3,0.298602,0.3,0.299884,0.298602,0.3,0.3,69.411822,70.540915,57.36152,86.86496,0.000772,0.358258,FORWARD
2007,64.224,68.500694,63.321019,0.3,0.298607,0.3,0.299919,0.298607,0.3,0.3,71.13102,61.645223,57.3992,86.90264,0.000772,0.358258,FORWARD
2008,64.256,66.874183,63.845716,0.3,0.29861,0.3,0.299943,0.29861,0.3,0.3,70.168462,66.1517,57.43688,86.94032,0.000772,0.358258,FORWARD
2009,64.288,63.523588,70.557113,0.3,0.298613,0.3,0.29996,0.298613,0.3,0.3,64.552773,67.923564,57.47456,86.978,0.000772,0.358258,FORWARD
2010,64.32,67.719848,72.992626,0.068427,0.068427,0.3,0.2305,0.068427,0.3,0.3,65.163198,70.245968,57.51224,87.02196,0.000837,0.358258,FORWARD
2011,64.352,67.079945,65.621162,0.3,0.3,0.068468,0.25135,0.3,0.068468,0.3,72.842912,64.5978,57.5562,87.05964,0.000837,0.545455,FORWARD
2012,64.384,61.458348,65.916719,0.3,0.299649,0.3,0.265945,0.299649,0.3,0.3,64.578023,65.232209,57.63156,87.05964,0.000772,0.545455,FORWARD
2013,64.416,74.76238,69.288954,0.067948,0.067948,0.3,0.206546,0.067948,0.3,0.3,64.155151,69.794695,57.66924,87.09732,0.000772,0.427083,FORWARD
2014,64.448,64.881641,70.415924,0.3,0.3,0.3,0.234582,0.3,0.3,0.3,68.76924,67.447961,57.70692,87.135,0.000772,0.545455,FORWARD
2015,64.48,68.119508,68.979777,0.3,0.299649,0.3,0.254208,0.299649,0.3,0.3,65.871827,62.990629,57.7446,87.17268,0.000772,0.545455,FORWARD
2016,64.512,71.309938,63.686414,0.3,0.299356,0.3,0.267945,0.299356,0.3,0.3,63.03501,68.866885,57.78228,87.21036,0.000772,0.427083,FORWARD
2017,64.544,61.023303,66.839109,0.3,0.29913,0.3,0.277562,0.29913,0.3,0.3,67.184465,70.884559,57.81996,87.24804,0.000772,0.385403,FORWARD
2018,64.576,66.270697,68.021932,0.3,0.298923,0.3,0.284293,0.298923,0.3,0.3,59.81323,64.834857,57.85764,87.292,0.000837,0.369246,FORWARD
2019,64.608,65.254516,61.222136,0.3,0.298822,0.3,0.289005,0.298822,0.3,0.3,67.112577,69.264542,57.89532,87.32968,0.000772,0.362751,FORWARD
2020,64.64,63.774123,70.573152,0.3,0.298752,0.067899,0.292304,0.298752,0.067899,0.3,74.943525,68.019412,57.933,87.36736,0.000772,0.360103,FORWARD
2021,64.672,67.710078,71.70883,0.3,0.298705,0.3,0.294613,0.298705,0.3,0.3,63.419566,68.567402,58.00836,87.36736,0.000772,0.359017,FORWARD
2022,64.704,68.861713,71.356188,0.3,0.298632,0.3,0.296229,0.298632,0.3,0.3,60.934792,66.664265,58.05232,87.40504,0.000837,0.35857,FORWARD
2023,64.736,66.620007,69.139158,0.3,0.298627,0.3,0.29736,0.298627,0.3,0.3,66.921244,65.012867,58.09,87.44272,0.000772,0.358386,FORWARD
2024,64.768,67.602033,66.01183,0.3,0.298623,0.3,0.298152,0.298623,0.3,0.3,65.799434,66.317303,58.12768,87.4804,0.000772,0.358311,FORWARD
2025,64.8,65.835476,63.809437,0.3,0.298621,0.3,0.298706,0.298621,0.3,0.3,65.989158,68.295797,58.16536,87.51808,0.000772,0.358279,FORWARD
2026,64.832,62.682019,66.696336,0.3,0.298578,0.068203,0.299095,0.298578,0.3,0.068203,66.852809,73.819957,58.20304,87.56204,0.000837,0.358267,FORWARD
2027,64.864,68.135241,64.290802,0.3,0.298592,0.3,0.299366,0.298592,0.3,0.3,59.652998,68.904142,58.20304,87.6374,0.000772,0.358261,FORWARD
2028,64.896,69.400876,64.943519,0.3,0.298601,0.3,0.299556,0.298601,0.3,0.3,71.482375,67.078961,58.24072,87.67508,0.000772,0.358259,FORWARD
2029,64.928,66.380379,65.951211,0.3,0.298606,0.068449,0.299689,0.298606,0.068449,0.3,72.913756,69.189396,58.2784,87.71276,0.000772,0.358258,FORWARD
2030,64.96,69.808848,67.602155,0.3,0.29861,0.3,0.299783,0.29861,0.3,0.3,70.980381,69.708897,58.35376,87.71276,0.000772,0.358258,FORWARD
2031,64.992,69.48805,64.113248,0.3,0.298571,0.3,0.299848,0.298571,0.3,0.3,67.13325,63.91718,58.39772,87.75044,0.000837,0.358258,FORWARD
2032,65.024,62.831438,68.737937,0.3,0.298587,0.3,0.299893,0.298587,0.3,0.3,67.717798,66.375264,58.4354,87.78812,0.000772,0.358258,FORWARD
2033,65.056,72.133461,73.49096,0.068292,0.068292,0.3,0.230413,0.068292,0.3,0.3,65.134737,63.577158,58.47308,87.8258,0.000772,0.358258,FORWARD
2034,65.088,64.249225,67.281537,0.3,0.3,0.3,0.251289,0.3,0.3,0.3,64.51724,71.480513,58.51076,87.86348,0.000772,0.545455,FORWARD
2035,65.12,72.302759,64.491929,0.3,0.29962,0.3,0.265902,0.29962,0.3,0.3,68.011229,63.650404,58.54844,87.90744,0.000837,0.545455,FORWARD
2036,65.152,65.43188,67.122071,0.3,0.29934,0.3,0.276132,0.29934,0.3,0.3,71.698638,68.456189,58.58612,87.94512,0.000772,0.427083,FORWARD
2037,65.184,69.907222,66.60737,0.3,0.299119,0.068195,0.283292,0.299119,0.068195,0.3,73.849369,65.458328,58.6238,87.9828,0.000772,0.385403,FORWARD
2038,65.216,60.794651,63.827065,0.3,0.298957,0.3,0.288305,0.298957,0.3,0.3,69.260584,65.973839,58.69916,87.9828,0.000772,0.369246,FORWARD
2039,65.248,63.172513,68.655746,0.3,0.298843,0.3,0.291813,0.298843,0.3,0.3,65.754196,68.887046,58.73684,88.02048,0.000772,0.362751,FORWARD
2040,65.28,69.257377,73.567149,0.068272,0.068272,0.3,0.224751,0.068272,0.3,0.3,65.341036,71.895986,58.7808,88.05816,0.000837,0.360103,FORWARD
2041,65.312,69.134118,65.274217,0.3,0.3,0.3,0.247326,0.3,0.3,0.3,66.194685,63.34908,58.81848,88.09584,0.000772,0.545455,FORWARD
2042,65.344,66.334766,67.30279,0.3,0.299649,0.3,0.263128,0.299649,0.3,0.3,63.713731,66.949724,58.85616,88.13352,0.000772,0.545455,FORWARD
2043,65.376,70.077501,69.646798,0.3,0.299319,0.3,0.27419,0.299319,0.3,0.3,67.649043,69.614058,58.89384,88.17748,0.000837,0.427083,FORWARD
2044,65.408,63.623591,66.378569,0.3,0.299107,0.3,0.281933,0.299107,0.3,0.3,68.637358,66.691865,58.93152,88.21516,0.000772,0.385403,FORWARD
2045,65.44,64.3169,66.836473,0.3,0.29895,0.3,0.287353,0.29895,0.3,0.3,66.313521,66.181939,58.9692,88.25284,0.000772,0.369246,FORWARD
2046,65.472,64.852771,61.137027,0.3,0.298838,0.3,0.291147,0.298838,0.3,0.3,68.420655,68.845684,59.00688,88.29052,0.000772,0.362751,FORWARD
2047,65.504,72.214511,68.652813,0.3,0.298762,0.3,0.293803,0.298762,0.3,0.3,65.877765,67.303497,59.04456,88.3282,0.000772,0.360103,FORWARD
2048,65.536,71.259456,70.020311,0.3,0.298712,0.3,0.295662,0.298712,0.3,0.3,68.02942,68.380538,59.08224,88.36588,0.000772,0.359017,FORWARD
2049,65.568,61.961284,67.056264,0.3,0.298637,0.3,0.296963,0.298637,0.3,0.3,71.62008,71.192012,59.1262,88.40356,0.000837,0.35857,FORWARD
2050,65.6,68.002613,69.130586,0.3,0.29863,0.3,0.297874,0.29863,0.3,0.3,68.183295,69.761482,59.16388,88.44124,0.000772,0.358386,FORWARD
2051,65.632,67.203712,65.263878,0.3,0.298625,0.3,0.298512,0.298625,0.3,0.3,68.139133,70.973257,59.20156,88.47892,0.000772,0.358311,FORWARD
2052,65.664,60.713108,72.018832,0.3,0.298581,0.3,0.298958,0.298581,0.3,0.3,64.429171,71.251054,59.23924,88.52288,0.000837,0.358279,FORWARD
2053,65.696,63.745039,66.827697,0.3,0.298593,0.3,0.299271,0.298593,0.3,0.3,60.857178,66.794785,59.27692,88.56056,0.000772,0.358267,FORWARD
2054,65.728,64.065797,68.931244,0.3,0.298602,0.3,0.29949,0.298602,0.3,0.3,60.486592,64.505254,59.3146,88.59824,0.000772,0.358261,FORWARD
2055,65.76,64.707193,64.115978,0.3,0.298607,0.3,0.299643,0.298607,0.3,0.3,62.873615,66.779084,59.35228,88.63592,0.000772,0.358259,FORWARD
2056,65.792,66.306796,64.192775,0.3,0.29861,0.3,0.29975,0.29861,0.3,0.3,68.171431,70.796167,59.38996,88.6736,0.000772,0.358258,FORWARD
2057,65.824,65.574984,68.666086,0.3,0.298612,0.3,0.299825,0.298612,0.3,0.3,68.42014,65.235696,59.42764,88.71128,0.000772,0.358258,FORWARD
2058,65.856,67.932872,69.343503,0.3,0.298573,0.3,0.299877,0.298573,0.3,0.3,71.113169,66.621488,59.4716,88.74896,0.000837,0.358258,FORWARD
2059,65.888,65.156228,61.826673,0.3,0.298588,0.3,0.299914,0.298588,0.3,0.3,65.298595,70.169123,59.50928,88.78664,0.000772,0.358258,FORWARD
2060,65.92,60.767048,63.64899,0.3,0.298557,0.3,0.29994,0.298557,0.3,0.3,64.87618,65.152527,59.54696,88.8306,0.000837,0.358258,FORWARD
2061,65.952,68.859773,67.420348,0.3,0.298578,0.3,0.299958,0.298578,0.3,0.3,65.522132,65.048413,59.58464,88.86828,0.000772,0.358258,FORWARD
2062,65.984,70.824846,62.693272,0.3,0.298592,0.3,0.299971,0.298592,0.3,0.3,66.50469,62.020136,59.62232,88.90596,0.000772,0.358258,FORWARD
2063,66.016,66.194025,65.990368,0.3,0.298601,0.3,0.299979,0.298601,0.3,0.3,70.909513,65.536192,59.66,88.94364,0.000772,0.358258,FORWARD
2064,66.048,66.469188,66.286903,0.3,0.298606,0.068269,0.299986,0.298606,0.068269,0.3,73.578489,71.516143,59.69768,88.98132,0.000772,0.358258,FORWARD
2065,66.08,63.261643,69.441631,0.3,0.29861,0.3,0.29999,0.29861,0.3,0.3,67.140043,64.080458,59.77304,88.98132,0.000772,0.358258,FORWARD
2066,66.112,67.42752,68.023735,0.3,0.298612,0.3,0.299993,0.298612,0.3,0.3,66.127542,71.524251,59.81072,89.019,0.000772,0.358258,FORWARD
2067,66.144,65.274209,62.835613,0.3,0.298614,0.3,0.299995,0.298614,0.3,0.3,71.224084,71.352459,59.8484,89.05668,0.000772,0.358258,FORWARD
2068,66.176,68.107793,63.422641,0.3,0.298532,0.3,0.299997,0.298532,0.3,0.3,66.818223,66.944345,59.89236,89.10064,0.000901,0.358258,FORWARD
2069,66.208,71.345865,65.443282,0.3,0.298562,0.3,0.299998,0.298562,0.3,0.3,62.931434,70.893143,59.93004,89.13832,0.000772,0.358258,FORWARD
2070,66.24,64.392969,70.090759,0.3,0.298582,0.3,0.299998,0.298582,0.3,0.3,66.434933,70.548316,59.96772,89.176,0.000772,0.358258,FORWARD
2071,66.272,62.373031,70.509566,0.3,0.298594,0.3,0.299999,0.298594,0.3,0.3,67.408019,71.57476,60.0054,89.21368,0.000772,0.358258,FORWARD
2072,66.304,59.983553,65.760731,0.3,0.298602,0.3,0.299999,0.298602,0.3,0.3,67.246662,67.570526,60.04308,89.25136,0.000772,0.358258,FORWARD
2073,66.336,62.762724,60.76746,0.3,0.298607,0.3,0.299999,0.298607,0.3,0.3,69.50727,69.928156,60.08076,89.28904,0.000772,0.358258,FORWARD
2074,66.368,69.459893,66.491572,0.3,0.29861,0.3,0.3,0.29861,0.3,0.3,68.995398,71.207865,60.11844,89.32672,0.000772,0.358258,FORWARD
2075,66.4,62.906999,70.887188,0.3,0.298613,0.3,0.3,0.298613,0.3,0.3,65.668622,64.892212,60.15612,89.3644,0.000772,0.358258,FORWARD
2076,66.432,69.191601,67.108635,0.3,0.298614,0.3,0.3,0.298614,0.3,0.3,66.882928,66.183878,60.1938,89.40208,0.000772,0.358258,FORWARD
2077,66.464,67.224205,66.046433,0.3,0.298532,0.068226,0.3,0.298532,0.068226,0.3,73.734897,64.567962,60.23776,89.44604,0.000901,0.358258,FORWARD
2078,66.496,70.355521,71.823585,0.3,0.298562,0.3,0.3,0.298562,0.3,0.3,63.235343,67.666516,60.31312,89.44604,0.000772,0.358258,FORWARD
2079,66.528,63.399766,69.072516,0.3,0.298582,0.3,0.3,0.298582,0.3,0.3,67.430011,65.706533,60.3508,89.48372,0.000772,0.358258,FORWARD
2080,66.56,68.153418,64.840647,0.3,0.298594,0.3,0.3,0.298594,0.3,0.3,66.706186,64.038195,60.38848,89.5214,0.000772,0.358258,FORWARD
2081,66.592,60.200037,61.406982,0.3,0.298602,0.3,0.3,0.298602,0.3,0.3,71.532258,70.83232,60.42616,89.55908,0.000772,0.358258,FORWARD
2082,66.624,69.638007,63.879147,0.3,0.298607,0.3,0.3,0.298607,0.3,0.3,64.973974,63.336137,60.46384,89.59676,0.000772,0.358258,FORWARD
2083,66.656,71.50366,69.543371,0.3,0.29861,0.3,0.3,0.29861,0.3,0.3,68.747211,65.555762,60.50152,89.63444,0.000772,0.358258,FORWARD
2084,66.688,62.130659,72.373548,0.068595,0.068595,0.3,0.230579,0.068595,0.3,0.3,64.766926,65.646728,60.5392,89.67212,0.000772,0.358258,FORWARD
2085,66.72,69.545773,70.431335,0.3,0.3,0.3,0.251405,0.3,0.3,0.3,61.786331,64.78785,60.57688,89.71608,0.000837,0.545455,FORWARD
2086,66.752,66.712739,67.041865,0.3,0.29962,0.3,0.265983,0.29962,0.3,0.3,60.816835,67.687588,60.62084,89.75376,0.000837,0.545455,FORWARD
2087,66.784,62.928043,63.686583,0.3,0.29934,0.3,0.276188,0.29934,0.3,0.3,68.259498,65.405979,60.65852,89.79144,0.000772,0.427083,FORWARD
2088,66.816,71.799216,67.777193,0.3,0.299119,0.3,0.283332,0.299119,0.3,0.3,64.965787,66.83053,60.6962,89.82912,0.000772,0.385403,FORWARD
2089,66.848,66.260649,63.334514,0.3,0.298957,0.3,0.288332,0.298957,0.3,0.3,67.843913,66.846225,60.73388,89.8668,0.000772,0.369246,FORWARD
2090,66.88,72.685854,62.843495,0.068511,0.068511,0.3,0.222386,0.068511,0.3,0.3,68.332025,70.787497,60.77156,89.90448,0.000772,0.362751,FORWARD
2091,66.912,68.386701,64.696043,0.3,0.3,0.3,0.24567,0.3,0.3,0.3,69.305878,66.78443,60.80924,89.94216,0.000772,0.545455,FORWARD
2092,66.944,68.313079,69.819636,0.3,0.299649,0.068491,0.261969,0.299649,0.068491,0.3,72.756878,61.939117,60.84692,89.97984,0.000772,0.545455,FORWARD
2093,66.976,62.654513,70.86556,0.3,0.299319,0.3,0.273378,0.299319,0.3,0.3,71.04738,69.074615,60.92228,89.98612,0.000837,0.427083,FORWARD
2094,67.008,65.626572,64.879626,0.3,0.299107,0.3,0.281365,0.299107,0.3,0.3,67.015071,67.56484,60.95996,90.0238,0.000772,0.385403,FORWARD
2095,67.04,71.000112,66.615682,0.3,0.29895,0.3,0.286955,0.29895,0.3,0.3,71.012119,65.055944,60.99764,90.06148,0.000772,0.369246,FORWARD
2096,67.072,74.335718,60.611435,0.068063,0.068063,0.3,0.221288,0.068063,0.3,0.3,63.310026,62.126374,61.0416,90.09916,0.000837,0.362751,FORWARD
2097,67.104,76.056267,64.180205,0.067597,0.067458,0.3,0.175181,0.067458,0.3,0.3,68.435629,70.939996,61.07928,90.13684,0.000772,0.545455,FORWARD
2098,67.136,71.247839,60.827806,0.3,0.3,0.3,0.212626,0.3,0.3,0.3,69.476651,67.153136,61.11696,90.17452,0.000772,0.427083,FORWARD
2099,67.168,74.316239,68.504678,0.068069,0.068069,0.3,0.169259,0.068069,0.3,0.3,70.48095,66.405534,61.15464,90.2122,0.000772,0.545455,FORWARD
2100,67.2,91.983854,59.961287,0.063281,0.063281,0.3,0.137466,0.065106,0.3,0.3,64.632865,70.202404,61.19232,90.24988,0.000772,0.545455,FORWARD
2101,67.232,83.072536,69.202721,0.065696,0.064915,0.3,0.115935,0.064915,0.3,0.3,66.687124,66.826508,61.23,90.28756,0.000772,0.427083,FORWARD
2102,67.264,90.852521,72.45481,0.063587,0.063587,0.3,0.10023,0.063889,0.3,0.3,64.122493,67.685342,61.26768,90.33152,0.000837,0.385403,FORWARD
2103,67.296,95.919292,65.165199,0.062214,0.062214,0.3,0.088826,0.062784,0.3,0.3,69.157957,69.728642,61.30536,90.3692,0.000772,0.369246,FORWARD
2104,67.328,100.37969,66.359818,0.061006,0.061006,0.3,0.08048,0.061646,0.3,0.3,67.929628,68.607834,61.34304,90.40688,0.000772,0.362751,FORWARD
2105,67.36,105.86266,68.12195,0.058886,0.058886,0.3,0.074001,0.060117,0.3,0.3,69.716197,63.720932,61.387,90.44456,0.000837,0.360103,FORWARD
2106,67.392,104.211627,72.967308,0.059924,0.059552,0.3,0.069778,0.059552,0.3,0.3,69.936271,68.564315,61.42468,90.48224,0.000772,0.359017,FORWARD
2107,67.424,109.757695,66.106749,0.056438,0.056438,0.3,0.065776,0.05794,0.3,0.3,71.865092,65.190937,61.46236,90.51992,0.000772,0.35857,FORWARD
2108,67.456,106.15139,69.346387,0.058704,0.057718,0.3,0.063654,0.057718,0.3,0.3,63.383254,68.868678,61.50004,90.5576,0.000772,0.358386,FORWARD
2109,67.488,106.821897,76.86627,0.058283,0.057425,0.3,0.062043,0.057425,0.3,0.3,64.922794,58.672998,61.53772,90.59528,0.000772,0.358311,FORWARD
2110,67.52,109.274565,63.88585,0.056741,0.056643,0.3,0.060452,0.056643,0.3,0.3,64.124588,70.895123,61.5754,90.63924,0.000837,0.358279,FORWARD
2111,67.552,117.419538,66.533124,0.051622,0.051622,0.3,0.057803,0.054348,0.3,0.3,65.255689,71.663253,61.61308,90.67692,0.000772,0.358267,FORWARD
2112,67.584,107.984806,61.065528,0.057552,0.055,0.3,0.057728,0.055,0.3,0.3,65.759753,65.246401,61.65076,90.7146,0.000772,0.358261,FORWARD
2113,67.616,115.720664,70.386212,0.05269,0.05269,0.3,0.056216,0.053636,0.3,0.3,65.219235,63.594501,61.69472,90.75228,0.000837,0.358259,FORWARD
2114,67.648,118.069812,64.700018,0.051213,0.051213,0.3,0.054715,0.052272,0.3,0.3,69.853055,63.563787,61.7324,90.78996,0.000772,0.358258,FORWARD
2115,67.68,117.136642,65.661504,0.0518,0.051607,0.3,0.053841,0.051607,0.3,0.3,70.222887,68.268463,61.77008,90.82764,0.000772,0.358258,FORWARD
2116,67.712,116.913462,68.279265,0.05194,0.051231,0.3,0.053271,0.051231,0.3,0.3,66.232935,70.965666,61.80776,90.86532,0.000772,0.358258,FORWARD
2117,67.744,102.188879,64.261663,0.060515,0.054061,0.3,0.055444,0.054061,0.3,0.3,68.678515,63.075298,61.84544,90.903,0.000772,0.358258,FORWARD
2118,67.776,111.90562,66.354938,0.055088,0.053933,0.3,0.055337,0.053933,0.3,0.3,69.80741,63.342032,61.88312,90.94068,0.000772,0.358258,FORWARD
2119,67.808,124.938801,66.338974,0.048701,0.048701,0.3,0.053346,0.051522,0.3,0.3,68.77876,69.980898,61.9208,90.98464,0.000837,0.358258,FORWARD
2120,67.84,131.059295,65.885724,0.047092,0.047092,0.3,0.05147,0.04948,0.3,0.3,64.995788,71.204964,61.95848,91.01604,0.000708,0.358258,FORWARD
2121,67.872,125.180687,68.044907,0.048638,0.048638,0.3,0.05062,0.048683,0.3,0.3,66.577447,64.924761,61.99616,91.05372,0.000772,0.358258,FORWARD
2122,67.904,138.375708,63.448098,0.045168,0.045168,0.3,0.048985,0.046928,0.3,0.3,67.705682,60.115629,62.03384,91.0914,0.000772,0.358258,FORWARD
2123,67.936,136.39454,66.132667,0.045689,0.045689,0.3,0.047996,0.04603,0.3,0.3,63.967805,66.105056,62.06524,91.12908,0.000708,0.358258,FORWARD
2124,67.968,146.480753,67.301994,0.043037,0.043037,0.3,0.046508,0.044503,0.3,0.3,61.84437,67.38316,62.10292,91.16048,0.000708,0.358258,FORWARD
2125,68.0,142.787835,67.833033,0.044008,0.043871,0.3,0.045758,0.043871,0.3,0.3,71.592657,70.975974,62.13432,91.19816,0.000708,0.358258,FORWARD
2126,68.032,137.404281,63.091434,0.045424,0.043973,0.3,0.045658,0.043973,0.3,0.3,62.114601,61.102633,62.172,91.22956,0.000708,0.358258,FORWARD
2127,68.064,141.816332,68.540294,0.044263,0.043664,0.3,0.045239,0.043664,0.3,0.3,61.479154,67.282124,62.2034,91.26096,0.000644,0.358258,FORWARD
2128,68.096,147.632977,63.231045,0.042734,0.042734,0.3,0.044488,0.042876,0.3,0.3,65.026666,65.834222,62.2348,91.29864,0.000708,0.358258,FORWARD
2129,68.128,159.12235,67.504967,0.039858,0.039858,0.3,0.043099,0.041341,0.3,0.3,69.111005,69.837536,62.27248,91.33004,0.000708,0.358258,TURN_LEFT
2130,68.16,163.689161,62.540714,0.039264,0.039264,0.067996,0.041948,0.040597,0.3,0.067996,63.80833,74.584936,62.19084,91.41168,0.0,0.358258,TURN_LEFT
2131,68.192,188.093689,66.387912,0.036091,0.036091,0.3,0.040191,0.039024,0.3,0.3,63.26317,68.786856,62.1092,91.48704,-6.4e-05,0.358258,TURN_LEFT
2132,68.224,187.399353,70.190085,0.036181,0.036181,0.3,0.038988,0.038005,0.3,0.3,66.696878,66.332968,62.02756,91.56868,0.0,0.358258,TURN_LEFT
2133,68.256,189.58374,67.785884,0.035897,0.035897,0.3,0.038061,0.037209,0.3,0.3,67.499291,65.665628,61.9522,91.65032,6.4e-05,0.358258,TURN_LEFT
2134,68.288,198.893874,94.134608,0.034686,0.034686,0.3,0.037048,0.036346,0.3,0.3,67.113167,69.642406,61.87056,91.72568,-6.4e-05,0.358258,TURN_LEFT
2135,68.32,205.385208,108.821011,0.033842,0.033842,0.3,0.036086,0.035449,0.3,0.3,67.060889,67.916263,61.78892,91.80732,0.0,0.358258,TURN_LEFT
2136,68.352,201.889916,116.952204,0.034296,0.034296,0.3,0.035549,0.035036,0.3,0.3,65.374876,65.048732,61.70728,91.88896,-0.0,0.358258,TURN_LEFT
2137,68.384,214.056076,125.232179,0.032714,0.032714,0.3,0.034699,0.034163,0.3,0.3,62.827095,65.899169,61.63192,91.9706,6.4e-05,0.358258,TURN_LEFT
2138,68.416,213.099358,137.327942,0.032839,0.032839,0.3,0.034141,0.03373,0.3,0.3,64.493928,69.734374,61.55028,92.04596,-6.4e-05,0.358258,TURN_LEFT
2139,68.448,196.170127,150.315633,0.03504,0.034199,0.067821,0.034411,0.034199,0.067821,0.3,75.230871,68.943644,61.46864,92.1276,0.0,0.358258,TURN_RIGHT
2140,68.48,211.817043,134.2251,0.033006,0.033006,0.068567,0.033989,0.033772,0.3,0.068567,69.67172,72.477024,61.55028,92.04596,-0.0,0.358258,TURN_LEFT
2141,68.512,203.83965,137.875767,0.034043,0.033869,0.3,0.034005,0.033869,0.3,0.3,67.782889,69.175439,61.46864,92.1276,0.0,0.358258,TURN_LEFT
2142,68.544,197.019405,157.012982,0.03493,0.034208,0.3,0.034283,0.034208,0.3,0.3,62.596217,59.384892,61.39328,92.20924,6.4e-05,0.358258,TURN_LEFT
2143,68.576,196.07466,163.907183,0.035053,0.03451,0.3,0.034514,0.03451,0.3,0.3,66.216131,71.324232,61.31164,92.29088,0.0,0.358258,TURN_LEFT
2144,68.608,180.295924,181.60031,0.036935,0.03542,0.3,0.03524,0.03542,0.3,0.3,65.698552,65.487019,61.23,92.36624,-6.4e-05,0.358258,TURN_LEFT
2145,68.64,158.904753,193.260566,0.035419,0.035419,0.3,0.035294,0.03542,0.3,0.3,66.766025,68.671876,61.14836,92.44788,-0.0,0.358258,TURN_LEFT
2146,68.672,158.274199,189.880659,0.035858,0.035535,0.3,0.035463,0.035535,0.3,0.3,69.031643,61.929225,61.073,92.52952,6.4e-05,0.358258,TURN_LEFT
2147,68.704,141.198084,203.978055,0.034025,0.034025,0.3,0.035032,0.034994,0.3,0.3,66.819684,70.303582,60.99136,92.61116,-0.0,0.358258,TURN_LEFT
2148,68.736,137.711298,199.144528,0.034654,0.034654,0.3,0.034918,0.034914,0.3,0.3,67.016401,62.240289,60.90972,92.68652,-6.4e-05,0.358258,TURN_LEFT
2149,68.768,121.86205,207.578253,0.033557,0.033557,0.3,0.03451,0.034427,0.3,0.3,68.157168,66.978031,60.82808,92.76816,-0.0,0.358258,TURN_LEFT
2150,68.8,108.077137,208.149041,0.033483,0.033483,0.3,0.034202,0.034048,0.3,0.3,67.21655,64.889552,60.75272,92.8498,6.4e-05,0.358258,TURN_LEFT
2151,68.832,107.840863,204.29688,0.033984,0.033984,0.3,0.034136,0.034066,0.3,0.3,68.07887,64.498755,60.67108,92.92516,-6.4e-05,0.358258,TURN_LEFT
2152,68.864,87.470266,195.921861,0.035073,0.034427,0.067462,0.034417,0.034427,0.3,0.067462,69.076838,76.554697,60.58944,93.0068,-0.0,0.358258,TURN_LEFT
2153,68.896,72.155164,185.524487,0.036425,0.035142,0.3,0.035019,0.035142,0.3,0.3,63.642835,65.886682,60.5078,93.08844,0.0,0.358258,TURN_LEFT
2154,68.928,68.867584,188.605686,0.036024,0.035417,0.3,0.035321,0.035417,0.3,0.3,66.555134,62.91841,60.43244,93.17008,6.4e-05,0.358258,TURN_LEFT
2155,68.96,68.822132,169.010571,0.038572,0.036589,0.068385,0.036296,0.036589,0.3,0.068385,63.66902,73.148951,60.3508,93.24544,-6.4e-05,0.358258,TURN_LEFT
2156,68.992,63.644857,173.191789,0.038028,0.037104,0.3,0.036816,0.037104,0.3,0.3,65.127821,66.165991,60.26916,93.32708,-0.0,0.358258,TURN_LEFT
2157,69.024,69.46857,150.79955,0.041901,0.038782,0.3,0.038341,0.038782,0.3,0.3,69.984429,66.95468,60.1938,93.40872,6.4e-05,0.358258,TURN_LEFT
2158,69.056,73.31809,142.258291,0.044147,0.040704,0.06473,0.040083,0.040704,0.3,0.06473,66.054529,86.63782,60.11216,93.49036,-0.0,0.358258,TURN_LEFT
2159,69.088,69.28486,134.757417,0.04612,0.042685,0.061872,0.041894,0.042685,0.3,0.061872,68.294517,97.182248,60.03052,93.56572,-6.4e-05,0.358258,TURN_LEFT
2160,69.12,68.367246,126.607049,0.048263,0.044683,0.055076,0.043805,0.044683,0.067677,0.055076,75.760347,111.923423,59.94888,93.64736,0.0,0.358258,TURN_LEFT
2161,69.152,63.9795,107.921855,0.057592,0.049267,0.051078,0.047941,0.049267,0.3,0.051078,63.070168,118.285226,59.87352,93.729,6.4e-05,0.358258,TURN_LEFT
2162,69.184,64.910181,104.386877,0.059813,0.053086,0.048838,0.051503,0.053086,0.067344,0.048838,76.989642,124.417676,59.79188,93.80436,-6.4e-05,0.358258,TURN_LEFT
2163,69.216,69.96348,85.803303,0.064956,0.057339,0.043545,0.055538,0.057339,0.3,0.043545,63.842855,144.547434,59.71024,93.886,-0.0,0.358258,TURN_LEFT
2164,69.248,67.777964,74.294323,0.068075,0.061185,0.04306,0.059299,0.061185,0.3,0.04306,69.17382,146.391197,59.6286,93.96764,0.0,0.358258,TURN_LEFT
2165,69.28,65.097431,67.027254,0.3,0.3,0.042166,0.13151,0.3,0.3,0.042166,66.525659,149.792859,59.55324,94.04928,6.4e-05,0.358258,TURN_LEFT
2166,69.312,70.399834,71.097281,0.3,0.3,0.038079,0.182057,0.3,0.3,0.038079,64.045132,172.803119,59.4716,94.12464,-6.4e-05,0.545455,FORWARD
2167,69.344,67.810709,67.302393,0.3,0.299557,0.037197,0.21744,0.299557,0.3,0.037197,66.949404,179.584212,59.45276,94.21884,0.000772,0.427083,FORWARD
2168,69.376,65.228054,66.074587,0.3,0.299214,0.035048,0.242208,0.299214,0.3,0.035048,69.233361,196.111579,59.43392,94.31932,0.000837,0.385403,FORWARD
2169,69.408,73.343715,74.664896,0.067974,0.067974,0.035397,0.189938,0.067974,0.3,0.035397,66.280595,193.425563,59.41508,94.41352,0.000772,0.369246,FORWARD
2170,69.44,63.888711,69.313849,0.3,0.3,0.035054,0.222956,0.3,0.3,0.035054,64.456986,196.067964,59.39624,94.514,0.000837,0.545455,FORWARD
2171,69.472,68.223846,68.48,0.3,0.299649,0.034423,0.246069,0.299649,0.3,0.034423,71.083401,200.913827,59.3774,94.6082,0.000772,0.545455,FORWARD
2172,69.504,65.292294,63.15603,0.3,0.299356,0.033956,0.262249,0.299356,0.3,0.033956,68.038663,204.511916,59.35856,94.7024,0.000772,0.427083,FORWARD
2173,69.536,62.691704,68.278805,0.3,0.29913,0.032263,0.273574,0.29913,0.3,0.032263,71.051154,217.524962,59.33972,94.7966,0.000772,0.385403,FORWARD
2174,69.568,62.545184,65.413726,0.3,0.298964,0.033183,0.281502,0.298964,0.3,0.033183,68.165813,210.456065,59.3146,94.89708,0.000772,0.369246,FORWARD
2175,69.6,65.63951,68.494678,0.3,0.298847,0.03336,0.287051,0.298847,0.3,0.03336,66.333698,209.095252,59.29576,94.99128,0.000772,0.362751,FORWARD
2176,69.632,65.70391,68.84792,0.3,0.298768,0.0347,0.290936,0.298768,0.3,0.0347,66.760937,198.783666,59.27692,95.08548,0.000772,0.360103,FORWARD
2177,69.664,72.447402,67.13342,0.068575,0.068575,0.033285,0.224228,0.068575,0.3,0.033285,69.021932,209.667611,59.25808,95.17968,0.000772,0.359017,FORWARD
2178,69.696,66.241296,71.576655,0.3,0.3,0.033941,0.246959,0.3,0.3,0.033941,69.710581,204.626413,59.23924,95.28016,0.000837,0.545455,FORWARD
2179,69.728,69.620914,69.433051,0.3,0.299649,0.036459,0.262872,0.299649,0.3,0.036459,69.102426,185.262892,59.2204,95.37436,0.000772,0.545455,FORWARD
2180,69.76,68.250204,71.413049,0.3,0.299356,0.036489,0.27401,0.299356,0.3,0.036489,70.693937,185.031393,59.20156,95.46856,0.000772,0.427083,FORWARD
2181,69.792,71.058959,60.454159,0.3,0.29909,0.036728,0.281807,0.29909,0.068164,0.036728,73.96635,183.188123,59.18272,95.56904,0.000837,0.385403,FORWARD
2182,69.824,64.285881,64.443461,0.3,0.298939,0.03871,0.287265,0.298939,0.3,0.03871,68.115301,167.947682,59.21412,95.613,0.000772,0.369246,FORWARD
2183,69.856,60.020709,68.573187,0.3,0.298832,0.039719,0.291085,0.298832,0.3,0.039719,59.476949,160.18738,59.19528,95.7072,0.000772,0.362751,FORWARD
2184,69.888,69.711534,68.986415,0.3,0.298717,0.03991,0.29376,0.298717,0.3,0.03991,65.932289,158.725684,59.17644,95.80768,0.000837,0.360103,FORWARD
2185,69.92,72.603751,61.306533,0.068533,0.068533,0.043809,0.226192,0.068533,0.3,0.043809,59.355642,143.54471,59.1576,95.90188,0.000772,0.359017,FORWARD
2186,69.952,71.781552,66.369994,0.3,0.3,0.044752,0.248334,0.3,0.3,0.044752,67.236828,139.957618,59.13876,95.99608,0.000772,0.545455,FORWARD
2187,69.984,67.652184,57.82592,0.3,0.299649,0.04793,0.263834,0.299649,0.3,0.04793,65.29688,127.872483,59.11992,96.09028,0.000772,0.545455,FORWARD
2188,70.016,67.937592,69.051028,0.3,0.299356,0.050215,0.274684,0.299356,0.3,0.050215,68.092857,119.657395,59.11364,96.17192,0.000772,0.427083,FORWARD
2189,70.048,68.471726,66.709627,0.3,0.29913,0.058092,0.282279,0.29913,0.3,0.058092,72.202075,107.125949,59.11364,96.24728,0.000772,0.385403,FORWARD
2190,70.08,67.726422,65.183611,0.3,0.298923,0.055257,0.287595,0.298923,0.3,0.055257,69.086757,111.635639,59.11364,96.32892,0.000837,0.369246,FORWARD
2191,70.112,62.773705,70.53828,0.3,0.298822,0.053245,0.291317,0.298822,0.3,0.053245,66.739272,114.83778,59.11364,96.40428,0.000772,0.362751,FORWARD
2192,70.144,63.434238,66.901859,0.3,0.298752,0.06105,0.293922,0.298752,0.067982,0.06105,74.635327,100.21537,59.11364,96.47964,0.000772,0.360103,FORWARD
2193,70.176,60.811892,67.181178,0.3,0.298663,0.060937,0.295745,0.298663,0.3,0.060937,65.927432,100.631932,59.15132,96.5236,0.000837,0.359017,FORWARD
2194,70.208,61.882497,64.441242,0.3,0.298647,0.061988,0.297022,0.298647,0.3,0.061988,63.844347,96.752828,59.15132,96.59896,0.000772,0.35857,FORWARD
2195,70.24,61.382581,62.09809,0.3,0.298636,0.06482,0.297915,0.298636,0.3,0.06482,66.984417,86.304941,59.15132,96.67432,0.000772,0.358386,FORWARD
2196,70.272,70.790374,65.305232,0.3,0.298629,0.3,0.298541,0.298629,0.3,0.3,68.568055,68.655778,59.15132,96.74968,0.000772,0.358311,FORWARD
2197,70.304,64.715626,66.742924,0.3,0.298625,0.3,0.298978,0.298625,0.3,0.3,68.51738,66.246035,59.189,96.78736,0.000772,0.358279,FORWARD
2198,70.336,70.15996,64.473717,0.3,0.298622,0.3,0.299285,0.298622,0.3,0.3,65.789649,65.877198,59.22668,96.82504,0.000772,0.358267,FORWARD
2199,70.368,66.033407,68.193337,0.3,0.298579,0.3,0.299499,0.298579,0.3,0.3,65.786578,67.878468,59.26436,96.869,0.000837,0.358261,FORWARD
2200,70.4,66.18061,64.822601,0.3,0.298592,0.3,0.29965,0.298592,0.3,0.3,65.272042,64.536529,59.30204,96.90668,0.000772,0.358259,FORWARD
2201,70.432,69.105839,66.512644,0.3,0.298601,0.3,0.299755,0.298601,0.3,0.3,65.091027,64.981412,59.33972,96.94436,0.000772,0.358258,FORWARD
2202,70.464,66.452231,65.130592,0.3,0.298606,0.3,0.299828,0.298606,0.3,0.3,67.219003,70.719131,59.3774,96.98204,0.000772,0.358258,FORWARD
2203,70.496,68.328673,63.885359,0.3,0.298569,0.3,0.29988,0.298569,0.3,0.3,68.391448,65.63082,59.42136,97.01972,0.000837,0.358258,FORWARD
2204,70.528,66.419463,67.360752,0.3,0.298586,0.3,0.299916,0.298586,0.3,0.3,65.324278,69.074106,59.45904,97.0574,0.000772,0.358258,FORWARD
2205,70.56,68.898284,66.129788,0.3,0.298597,0.3,0.299941,0.298597,0.3,0.3,65.235472,61.175409,59.49672,97.09508,0.000772,0.358258,FORWARD
2206,70.592,65.35056,64.159158,0.3,0.298604,0.3,0.299959,0.298604,0.3,0.3,68.258516,62.861046,59.5344,97.13276,0.000772,0.358258,FORWARD
2207,70.624,66.138072,65.020266,0.3,0.298608,0.3,0.299971,0.298608,0.3,0.3,62.943384,67.984082,59.57208,97.17044,0.000772,0.358258,FORWARD
2208,70.656,67.584553,66.201808,0.3,0.29857,0.3,0.29998,0.29857,0.3,0.3,65.693632,63.7685,59.60976,97.2144,0.000837,0.358258,FORWARD
2209,70.688,68.543029,63.227043,0.3,0.298586,0.068542,0.299986,0.298586,0.068542,0.3,72.569827,61.964187,59.64744,97.25208,0.000772,0.358258,FORWARD
2210,70.72,69.549756,68.315196,0.3,0.298597,0.3,0.29999,0.298597,0.3,0.3,65.178163,66.537132,59.7228,97.25208,0.000772,0.358258,FORWARD
2211,70.752,71.458953,58.797884,0.3,0.298604,0.3,0.299993,0.298604,0.3,0.3,64.083826,67.414289,59.76048,97.28976,0.000772,0.358258,FORWARD
2212,70.784,69.146692,70.872335,0.3,0.298608,0.3,0.299995,0.298608,0.3,0.3,63.029008,68.883522,59.79816,97.32744,0.000772,0.358258,FORWARD
2213,70.816,72.16171,70.912027,0.3,0.29857,0.3,0.299997,0.29857,0.3,0.3,64.185783,71.581265,59.84212,97.36512,0.000837,0.358258,FORWARD
2214,70.848,65.934089,68.953291,0.3,0.298587,0.3,0.299998,0.298587,0.3,0.3,61.543163,71.790214,59.8798,97.4028,0.000772,0.358258,FORWARD
2215,70.88,70.732881,69.437292,0.3,0.298597,0.3,0.299998,0.298597,0.3,0.3,67.022713,66.50765,59.91748,97.44048,0.000772,0.358258,FORWARD
2216,70.912,71.416891,68.887723,0.3,0.298563,0.3,0.299999,0.298563,0.3,0.3,63.925825,68.289289,59.95516,97.48444,0.000837,0.358258,FORWARD
2217,70.944,67.456225,65.223135,0.3,0.298582,0.3,0.299999,0.298582,0.3,0.3,69.112556,64.131532,59.99284,97.52212,0.000772,0.358258,FORWARD
2218,70.976,75.030674,67.174127,0.067875,0.067875,0.3,0.230362,0.067875,0.3,0.3,62.045131,68.043386,60.03052,97.5598,0.000772,0.358258,FORWARD
2219,71.008,74.438338,66.413537,0.068036,0.067612,0.068584,0.181664,0.067612,0.3,0.068584,67.964984,72.414592,60.0682,97.59748,0.000772,0.545455,FORWARD
2220,71.04,63.368606,62.89596,0.3,0.3,0.3,0.217165,0.3,0.3,0.3,67.174793,71.200534,60.0682,97.67284,0.000772,0.427083,FORWARD
2221,71.072,67.715659,62.83074,0.3,0.29962,0.3,0.242015,0.29962,0.3,0.3,71.028324,65.258317,60.11216,97.71052,0.000837,0.545455,FORWARD
2222,71.104,67.529942,68.889273,0.3,0.29934,0.3,0.259411,0.29934,0.3,0.3,61.215809,69.32243,60.14984,97.7482,0.000772,0.427083,FORWARD
2223,71.136,66.852744,70.864366,0.3,0.299119,0.3,0.271588,0.299119,0.3,0.3,63.246589,67.827672,60.18752,97.78588,0.000772,0.385403,FORWARD
2224,71.168,62.712576,65.538011,0.3,0.298957,0.06849,0.280111,0.298957,0.06849,0.3,72.762875,70.106603,60.2252,97.82356,0.000772,0.369246,FORWARD
2225,71.2,65.091851,69.338538,0.3,0.298802,0.3,0.286078,0.298802,0.3,0.3,70.009644,63.767092,60.30056,97.82984,0.000837,0.362751,FORWARD
2226,71.232,67.375411,70.331926,0.3,0.298739,0.3,0.290255,0.298739,0.3,0.3,67.709406,68.413263,60.33824,97.86752,0.000772,0.360103,FORWARD
2227,71.264,71.186593,75.355084,0.067787,0.067787,0.3,0.223514,0.067787,0.3,0.3,68.652356,64.599818,60.37592,97.9052,0.000772,0.359017,FORWARD
2228,71.296,64.308444,68.414928,0.3,0.3,0.3,0.24646,0.3,0.3,0.3,68.24039,64.380943,60.4136,97.94288,0.000772,0.545455,FORWARD
2229,71.328,64.16044,70.107649,0.3,0.299649,0.3,0.262522,0.299649,0.3,0.3,67.279345,71.198849,60.45128,97.98056,0.000772,0.545455,FORWARD
2230,71.36,72.287137,69.202084,0.3,0.299319,0.3,0.273765,0.299319,0.3,0.3,67.457541,62.567789,60.49524,98.01824,0.000837,0.427083,FORWARD
2231,71.392,61.763768,61.272596,0.3,0.299107,0.06813,0.281636,0.299107,0.3,0.06813,69.521246,74.090104,60.53292,98.05592,0.000772,0.385403,FORWARD
2232,71.424,68.672027,61.88384,0.3,0.29895,0.068489,0.287145,0.29895,0.068489,0.3,72.763816,68.779909,60.53292,98.13128,0.000772,0.369246,FORWARD
2233,71.456,63.920736,60.842037,0.3,0.298797,0.3,0.291002,0.298797,0.3,0.3,67.942003,67.113394,60.60828,98.13756,0.000837,0.362751,FORWARD
2234,71.488,64.373083,68.334739,0.3,0.298736,0.3,0.293701,0.298736,0.3,0.3,68.826526,69.671788,60.64596,98.17524,0.000772,0.360103,FORWARD
2235,71.52,69.311956,71.343914,0.3,0.298695,0.3,0.295591,0.298695,0.3,0.3,71.744759,70.646355,60.68364,98.21292,0.000772,0.359017,FORWARD
2236,71.552,64.227702,69.804743,0.3,0.298667,0.3,0.296914,0.298667,0.3,0.3,70.110547,65.220137,60.72132,98.2506,0.000772,0.35857,FORWARD
2237,71.584,64.302985,65.802144,0.3,0.298649,0.3,0.297839,0.298649,0.3,0.3,64.764501,63.657616,60.759,98.28828,0.000772,0.358386,FORWARD
2238,71.616,64.957527,68.621529,0.3,0.298638,0.3,0.298488,0.298638,0.3,0.3,60.620704,67.663265,60.79668,98.32596,0.000772,0.358311,FORWARD
2239,71.648,72.311927,68.425481,0.3,0.298589,0.3,0.298941,0.298589,0.3,0.3,67.319987,69.227529,60.84064,98.36364,0.000837,0.358279,FORWARD
2240,71.68,61.540824,70.848398,0.3,0.298599,0.3,0.299259,0.298599,0.3,0.3,64.06821,63.964573,60.87832,98.40132,0.000772,0.358267,FORWARD
2241,71.712,65.464662,64.425347,0.3,0.298605,0.3,0.299481,0.298605,0.3,0.3,68.691201,65.433211,60.916,98.439,0.000772,0.358261,FORWARD
2242,71.744,68.452079,69.60845,0.3,0.298568,0.3,0.299637,0.298568,0.3,0.3,65.681838,68.969833,60.95368,98.48296,0.000837,0.358259,FORWARD
2243,71.776,64.599759,66.779487,0.3,0.298585,0.3,0.299746,0.298585,0.3,0.3,62.360625,67.739477,60.99136,98.52064,0.000772,0.358258,FORWARD
2244,71.808,64.632994,67.821339,0.3,0.298596,0.3,0.299822,0.298596,0.3,0.3,65.635343,63.030259,61.02904,98.55832,0.000772,0.358258,FORWARD
2245,71.84,61.257522,71.071777,0.3,0.298603,0.3,0.299875,0.298603,0.3,0.3,65.460718,64.766111,61.06672,98.596,0.000772,0.358258,FORWARD
2246,71.872,65.04775,69.944016,0.3,0.298608,0.3,0.299913,0.298608,0.3,0.3,67.112302,64.168156,61.1044,98.63368,0.000772,0.358258,FORWARD
2247,71.904,64.840958,75.239996,0.067818,0.067818,0.3,0.230284,0.067818,0.3,0.3,65.508399,65.018735,61.14208,98.67136,0.000772,0.358258,FORWARD
2248,71.936,62.129498,69.874757,0.3,0.3,0.3,0.251199,0.3,0.3,0.3,69.108837,68.29439,61.18604,98.70904,0.000837,0.545455,FORWARD
2249,71.968,67.86515,74.441282,0.068035,0.068035,0.3,0.19625,0.068035,0.3,0.3,61.12581,63.246784,61.22372,98.74672,0.000772,0.545455,FORWARD
2250,72.0,67.952386,67.873497,0.3,0.3,0.3,0.227375,0.3,0.3,0.3,70.434396,66.561007,61.2614,98.7844,0.000772,0.545455,FORWARD
2251,72.032,69.681428,66.014229,0.3,0.29962,0.3,0.249162,0.29962,0.3,0.3,68.148737,71.443054,61.29908,98.82836,0.000837,0.545455,FORWARD
2252,72.064,70.26415,69.470855,0.3,0.29934,0.3,0.264414,0.29934,0.3,0.3,67.852918,67.56407,61.33676,98.86604,0.000772,0.427083,FORWARD
2253,72.096,70.193098,65.120606,0.3,0.299119,0.3,0.27509,0.299119,0.3,0.3,67.936415,65.945916,61.37444,98.90372,0.000772,0.385403,FORWARD
2254,72.128,64.86916,63.928405,0.3,0.298957,0.3,0.282563,0.298957,0.3,0.3,67.46599,69.164669,61.41212,98.9414,0.000772,0.369246,FORWARD
2255,72.16,66.929475,65.788181,0.3,0.298843,0.3,0.287794,0.298843,0.3,0.3,69.387132,64.903239,61.4498,98.97908,0.000772,0.362751,FORWARD
2256,72.192,71.332022,70.518778,0.3,0.298766,0.3,0.291456,0.298766,0.3,0.3,69.662014,67.406229,61.48748,99.01676,0.000772,0.360103,FORWARD
2257,72.224,60.409898,68.391557,0.3,0.298672,0.3,0.294019,0.298672,0.3,0.3,68.12316,69.279075,61.53144,99.05444,0.000837,0.359017,FORWARD
2258,72.256,65.499199,69.616842,0.3,0.298653,0.3,0.295813,0.298653,0.3,0.3,63.588738,66.966545,61.56912,99.09212,0.000772,0.35857,FORWARD
2259,72.288,70.964737,66.682068,0.3,0.29864,0.068193,0.297069,0.29864,0.068193,0.3,73.859347,64.56285,61.6068,99.1298,0.000772,0.358386,FORWARD
2260,72.32,72.56766,67.351939,0.068543,0.068543,0.3,0.228511,0.068543,0.3,0.3,64.654122,69.531159,61.68216,99.13608,0.000837,0.358311,FORWARD
2261,72.352,69.183497,64.093952,0.3,0.3,0.3,0.249958,0.3,0.3,0.3,57.052578,66.274256,61.71984,99.17376,0.000772,0.545455,FORWARD
2262,72.384,75.744409,66.162583,0.067682,0.067682,0.3,0.195275,0.067682,0.3,0.3,68.117193,69.601043,61.75752,99.21144,0.000772,0.545455,FORWARD
2263,72.416,64.798284,66.470383,0.3,0.3,0.3,0.226693,0.3,0.3,0.3,61.779938,65.781111,61.7952,99.24912,0.000772,0.545455,FORWARD
2264,72.448,74.524019,72.008083,0.068012,0.068012,0.3,0.179089,0.068012,0.3,0.3,64.944499,66.0166,61.83288,99.2868,0.000772,0.545455,FORWARD
2265,72.48,65.886697,66.248266,0.3,0.3,0.3,0.215362,0.3,0.3,0.3,65.958946,64.241821,61.87056,99.32448,0.000772,0.545455,FORWARD
2266,72.512,70.825476,64.809014,0.3,0.299649,0.3,0.240753,0.299649,0.3,0.3,67.48067,71.77471,61.90824,99.36216,0.000772,0.545455,FORWARD
2267,72.544,60.760455,71.838302,0.3,0.299319,0.3,0.258527,0.299319,0.3,0.3,63.697349,68.830562,61.9522,99.39984,0.000837,0.427083,FORWARD
2268,72.576,69.795582,69.740146,0.3,0.299067,0.3,0.270969,0.299067,0.3,0.3,66.097599,70.388293,61.98988,99.4438,0.000837,0.385403,FORWARD
2269,72.608,72.262908,64.359741,0.3,0.298925,0.3,0.279678,0.298925,0.3,0.3,67.865172,61.995449,62.02756,99.48148,0.000772,0.369246,FORWARD
2270,72.64,66.673691,71.581729,0.3,0.298822,0.3,0.285775,0.298822,0.3,0.3,57.000975,65.971925,62.06524,99.51916,0.000772,0.362751,FORWARD
2271,72.672,64.72868,64.772541,0.3,0.298752,0.3,0.290042,0.298752,0.3,0.3,67.242919,64.690177,62.10292,99.55684,0.000772,0.360103,FORWARD
2272,72.704,66.877256,71.823938,0.3,0.298705,0.3,0.29303,0.298705,0.3,0.3,64.396228,66.885453,62.1406,99.59452,0.000772,0.359017,FORWARD
2273,72.736,62.297312,70.698496,0.3,0.298674,0.3,0.295121,0.298674,0.3,0.3,70.759928,64.7905,62.17828,99.6322,0.000772,0.35857,FORWARD
2274,72.768,64.216998,61.756619,0.3,0.298654,0.3,0.296585,0.298654,0.3,0.3,68.165492,69.926036,62.21596,99.66988,0.000772,0.358386,FORWARD
2275,72.8,67.730217,66.039151,0.3,0.298599,0.3,0.297609,0.298599,0.3,0.3,66.823781,70.031534,62.25992,99.70756,0.000837,0.358311,FORWARD
2276,72.832,68.079064,72.192947,0.3,0.298564,0.3,0.298326,0.298564,0.3,0.3,64.551195,68.570466,62.2976,99.75152,0.000837,0.358279,FORWARD
2277,72.864,67.578939,65.835346,0.3,0.298583,0.3,0.298829,0.298583,0.3,0.3,62.877495,66.058467,62.33528,99.7892,0.000772,0.358267,FORWARD
2278,72.896,71.555033,67.276501,0.3,0.298595,0.3,0.29918,0.298595,0.3,0.3,64.057262,71.584352,62.37296,99.82688,0.000772,0.358261,FORWARD
2279,72.928,71.229402,62.895545,0.3,0.298603,0.3,0.299426,0.298603,0.3,0.3,69.181041,67.573607,62.41064,99.86456,0.000772,0.358259,FORWARD
2280,72.96,66.308953,67.06993,0.3,0.298607,0.3,0.299598,0.298607,0.3,0.3,69.585763,72.151028,62.44832,99.90224,0.000772,0.358258,FORWARD
2281,72.992,69.371443,69.481587,0.3,0.298611,0.3,0.299719,0.298611,0.3,0.3,72.234796,67.867831,62.486,99.93992,0.000772,0.358258,FORWARD
2282,73.024,66.252815,65.350674,0.3,0.298613,0.3,0.299803,0.298613,0.3,0.3,66.178966,66.565807,62.52368,99.9776,0.000772,0.358258,FORWARD
2283,73.056,67.964213,69.282584,0.3,0.298614,0.3,0.299862,0.298614,0.3,0.3,67.521416,68.785892,62.56136,100.01528,0.000772,0.358258,FORWARD
2284,73.088,62.352565,66.234997,0.3,0.298574,0.3,0.299904,0.298574,0.3,0.3,66.884802,71.242935,62.60532,100.05296,0.000837,0.358258,FORWARD
2285,73.12,66.102312,71.075424,0.3,0.298548,0.3,0.299932,0.298548,0.3,0.3,66.983161,69.372854,62.643,100.09692,0.000837,0.358258,FORWARD
2286,73.152,70.601044,64.960135,0.3,0.298572,0.3,0.299953,0.298572,0.3,0.3,62.262553,67.198799,62.68068,100.1346,0.000772,0.358258,FORWARD
2287,73.184,67.893471,68.999603,0.3,0.298588,0.3,0.299967,0.298588,0.3,0.3,66.693215,68.850355,62.71836,100.17228,0.000772,0.358258,FORWARD
2288,73.216,64.654605,60.581795,0.3,0.298598,0.3,0.299977,0.298598,0.3,0.3,63.511714,60.194848,62.75604,100.20996,0.000772,0.358258,FORWARD
2289,73.248,65.339782,62.692248,0.3,0.298605,0.3,0.299984,0.298605,0.3,0.3,66.684265,68.524835,62.79372,100.24764,0.000772,0.358258,FORWARD
2290,73.28,70.8879,68.435936,0.3,0.298609,0.3,0.299989,0.298609,0.3,0.3,69.169005,64.103316,62.8314,100.28532,0.000772,0.358258,FORWARD
2291,73.312,65.462482,62.742381,0.3,0.298612,0.3,0.299992,0.298612,0.3,0.3,67.132718,65.537985,62.86908,100.323,0.000772,0.358258,FORWARD
2292,73.344,65.103965,71.335217,0.3,0.298613,0.3,0.299994,0.298613,0.3,0.3,67.733631,67.8057,62.90676,100.36068,0.000772,0.358258,FORWARD
2293,73.376,70.888016,68.116908,0.3,0.298573,0.068455,0.299996,0.298573,0.3,0.068455,68.601952,72.891812,62.95072,100.39836,0.000837,0.358258,FORWARD
2294,73.408,68.918662,72.817965,0.068475,0.068475,0.3,0.23054,0.068475,0.3,0.3,63.899788,67.343118,62.95072,100.47372,0.000772,0.358258,FORWARD
2295,73.44,69.305543,67.866707,0.3,0.3,0.3,0.251378,0.3,0.3,0.3,66.28372,70.782281,62.9884,100.51768,0.000837,0.545455,FORWARD
2296,73.472,71.172878,72.895627,0.068454,0.068454,0.3,0.196501,0.068454,0.3,0.3,60.826845,68.083568,63.02608,100.55536,0.000772,0.545455,FORWARD
2297,73.504,67.145528,62.499234,0.3,0.3,0.3,0.22755,0.3,0.3,0.3,61.642452,66.399003,63.06376,100.59304,0.000772,0.545455,FORWARD
2298,73.536,69.025097,68.303548,0.3,0.299649,0.3,0.249285,0.299649,0.3,0.3,67.680072,68.467043,63.10144,100.63072,0.000772,0.545455,FORWARD
2299,73.568,66.576365,65.037925,0.3,0.299356,0.3,0.2645,0.299356,0.3,0.3,66.291199,62.952035,63.13912,100.6684,0.000772,0.427083,FORWARD
2300,73.6,68.418527,69.73671,0.3,0.29913,0.3,0.27515,0.29913,0.3,0.3,66.027257,64.605838,63.1768,100.70608,0.000772,0.385403,FORWARD
2301,73.632,63.931578,62.837207,0.3,0.298923,0.3,0.282605,0.298923,0.3,0.3,67.317073,66.630466,63.22076,100.74376,0.000837,0.369246,FORWARD
2302,73.664,60.825675,68.448952,0.3,0.298822,0.3,0.287823,0.298822,0.3,0.3,68.078625,67.454214,63.25844,100.78144,0.000772,0.362751,FORWARD
2303,73.696,69.64266,67.117381,0.3,0.298752,0.3,0.291476,0.298752,0.3,0.3,70.192047,67.179143,63.29612,100.81912,0.000772,0.360103,FORWARD
2304,73.728,65.769289,64.096659,0.3,0.298663,0.3,0.294033,0.298663,0.3,0.3,62.019401,65.060942,63.3338,100.86308,0.000837,0.359017,FORWARD
2305,73.76,63.122766,62.226774,0.3,0.298647,0.3,0.295823,0.298647,0.3,0.3,70.894746,64.064684,63.37148,100.90076,0.000772,0.35857,FORWARD
2306,73.792,67.642521,67.045863,0.3,0.298636,0.3,0.297076,0.298636,0.3,0.3,70.250989,66.046638,63.40916,100.93844,0.000772,0.358386,FORWARD
2307,73.824,68.126351,65.398393,0.3,0.298629,0.3,0.297953,0.298629,0.3,0.3,69.341353,64.532975,63.44684,100.97612,0.000772,0.358311,FORWARD
2308,73.856,66.975368,72.818471,0.068475,0.068475,0.3,0.22911,0.068475,0.3,0.3,68.645073,61.328874,63.48452,101.0138,0.000772,0.358279,FORWARD
2309,73.888,62.249758,72.828198,0.068472,0.068122,0.3,0.180918,0.068122,0.3,0.3,68.795486,68.282478,63.5222,101.05148,0.000772,0.545455,FORWARD
2310,73.92,66.690349,71.256151,0.3,0.3,0.3,0.216643,0.3,0.3,0.3,67.161052,67.2951,63.56616,101.08916,0.000837,0.427083,FORWARD
2311,73.952,64.881858,66.198951,0.3,0.299649,0.3,0.24165,0.299649,0.3,0.3,69.710883,65.375555,63.60384,101.12684,0.000772,0.545455,FORWARD
2312,73.984,66.052659,67.356057,0.3,0.299356,0.3,0.259155,0.299356,0.3,0.3,68.449623,66.785336,63.64152,101.16452,0.000772,0.427083,FORWARD
2313,74.016,60.614061,67.643271,0.3,0.29909,0.3,0.271409,0.29909,0.3,0.3,68.496626,62.786581,63.6792,101.20848,0.000837,0.385403,FORWARD
2314,74.048,71.330235,63.12025,0.3,0.298939,0.3,0.279986,0.298939,0.3,0.3,69.91029,67.450259,63.71688,101.24616,0.000772,0.369246,FORWARD
2315,74.08,65.494599,67.90718,0.3,0.298832,0.3,0.28599,0.298832,0.3,0.3,71.713102,68.233148,63.75456,101.28384,0.000772,0.362751,FORWARD
2316,74.112,67.081173,73.939397,0.068171,0.068171,0.3,0.220644,0.068171,0.3,0.3,64.498855,62.664393,63.79224,101.32152,0.000772,0.360103,FORWARD
2317,74.144,67.1989,64.04101,0.3,0.3,0.3,0.244451,0.3,0.3,0.3,62.537622,67.346707,63.82992,101.3592,0.000772,0.545455,FORWARD
2318,74.176,69.428665,64.848651,0.3,0.29962,0.3,0.261116,0.29962,0.3,0.3,66.745783,70.083636,63.87388,101.39688,0.000837,0.545455,FORWARD
2319,74.208,71.156702,61.152561,0.3,0.29934,0.06809,0.272781,0.29934,0.06809,0.3,74.237995,68.941511,63.91156,101.43456,0.000772,0.427083,FORWARD
2320,74.24,68.894809,63.176647,0.3,0.29908,0.3,0.280947,0.29908,0.3,0.3,62.160247,65.670512,63.98692,101.44084,0.000837,0.385403,FORWARD
2321,74.272,68.988201,68.203449,0.3,0.298932,0.3,0.286663,0.298932,0.3,0.3,72.102002,69.257617,64.0246,101.47852,0.000772,0.369246,FORWARD
2322,74.304,69.544642,64.253752,0.3,0.298827,0.3,0.290664,0.298827,0.3,0.3,63.703654,65.471438,64.06228,101.5162,0.000772,0.362751,FORWARD
2323,74.336,68.202268,68.039092,0.3,0.298755,0.3,0.293465,0.298755,0.3,0.3,68.006706,61.162868,64.09996,101.55388,0.000772,0.360103,FORWARD
2324,74.368,64.863048,63.720946,0.3,0.298707,0.3,0.295425,0.298707,0.3,0.3,66.724701,65.092514,64.13764,101.59156,0.000772,0.359017,FORWARD
2325,74.4,63.974635,65.249101,0.3,0.298675,0.3,0.296798,0.298675,0.3,0.3,61.53162,62.808284,64.17532,101.62924,0.000772,0.35857,FORWARD
2326,74.432,72.511406,69.416523,0.068558,0.068558,0.3,0.228326,0.068558,0.3,0.3,61.885724,68.386422,64.213,101.66692,0.000772,0.358386,FORWARD
2327,74.464,67.070199,68.823701,0.3,0.3,0.3,0.249828,0.3,0.3,0.3,69.118585,60.04891,64.25068,101.7046,0.000772,0.545455,FORWARD
2328,74.496,63.762435,66.185716,0.3,0.29962,0.3,0.26488,0.29962,0.3,0.3,67.450983,69.877817,64.29464,101.74228,0.000837,0.545455,FORWARD
2329,74.528,59.897321,61.894694,0.3,0.299303,0.3,0.275416,0.299303,0.3,0.3,69.445053,68.835199,64.33232,101.78624,0.000837,0.427083,FORWARD
2330,74.56,66.272223,66.090818,0.3,0.299097,0.3,0.282791,0.299097,0.3,0.3,63.400579,68.499092,64.37,101.82392,0.000772,0.385403,FORWARD
2331,74.592,62.532005,67.957241,0.3,0.298943,0.3,0.287954,0.298943,0.3,0.3,62.278986,64.095499,64.40768,101.8616,0.000772,0.369246,FORWARD
2332,74.624,65.200718,69.281624,0.3,0.298834,0.3,0.291568,0.298834,0.3,0.3,71.279356,68.933536,64.44536,101.89928,0.000772,0.362751,FORWARD
2333,74.656,66.945315,66.563699,0.3,0.29876,0.3,0.294097,0.29876,0.3,0.3,61.786064,66.955393,64.48304,101.93696,0.000772,0.360103,FORWARD
2334,74.688,72.141891,67.438886,0.3,0.29871,0.3,0.295868,0.29871,0.3,0.3,64.933752,66.870098,64.52072,101.97464,0.000772,0.359017,FORWARD
2335,74.72,72.654273,70.29153,0.068519,0.068519,0.3,0.227663,0.068519,0.3,0.3,69.027948,63.478222,64.5584,102.01232,0.000772,0.35857,FORWARD
2336,74.752,68.963396,71.839266,0.3,0.3,0.3,0.249364,0.3,0.3,0.3,67.498813,70.040504,64.59608,102.05,0.000772,0.545455,FORWARD
2337,74.784,69.26752,63.940949,0.3,0.29962,0.3,0.264555,0.29962,0.3,0.3,68.548134,67.034553,64.64004,102.08768,0.000837,0.545455,FORWARD
2338,74.816,65.662231,69.210124,0.3,0.299303,0.3,0.275189,0.299303,0.3,0.3,63.111653,69.602701,64.67772,102.13164,0.000837,0.427083,FORWARD
2339,74.848,68.258582,60.218093,0.3,0.299097,0.3,0.282632,0.299097,0.3,0.3,66.832237,66.497707,64.7154,102.16932,0.000772,0.385403,FORWARD
2340,74.88,66.644389,67.385467,0.3,0.298943,0.3,0.287842,0.298943,0.3,0.3,70.733273,68.711018,64.75308,102.207,0.000772,0.369246,FORWARD
2341,74.912,66.4075,68.646181,0.3,0.298834,0.3,0.29149,0.298834,0.3,0.3,68.391584,64.802347,64.79076,102.24468,0.000772,0.362751,FORWARD
2342,74.944,69.092703,67.285698,0.3,0.29876,0.067345,0.294043,0.29876,0.067345,0.3,76.987849,69.622576,64.82844,102.28236,0.000772,0.360103,FORWARD
2343,74.976,65.05265,68.700248,0.3,0.29871,0.3,0.29583,0.29871,0.3,0.3,66.471253,61.609025,64.9038,102.28236,0.000772,0.359017,FORWARD
2344,75.008,62.738492,64.434427,0.3,0.298677,0.3,0.297081,0.298677,0.3,0.3,69.773116,64.911517,64.94148,102.32004,0.000772,0.35857,FORWARD
2345,75.04,65.538908,69.608473,0.3,0.298656,0.3,0.297957,0.298656,0.3,0.3,62.95776,66.736688,64.97916,102.35772,0.000772,0.358386,FORWARD
2346,75.072,64.295026,73.317046,0.06834,0.06834,0.068597,0.229072,0.06834,0.3,0.068597,64.047534,72.368502,65.02312,102.40168,0.000901,0.358311,FORWARD
2347,75.104,62.392663,67.175367,0.3,0.3,0.3,0.25035,0.3,0.3,0.3,68.024419,68.915381,65.02312,102.47704,0.000772,0.545455,FORWARD
2348,75.136,68.978418,73.323701,0.068338,0.068338,0.3,0.195746,0.068338,0.3,0.3,66.247849,65.371671,65.0608,102.51472,0.000772,0.545455,FORWARD
2349,75.168,69.563882,68.198915,0.3,0.3,0.3,0.227022,0.3,0.3,0.3,66.650215,59.965227,65.09848,102.5524,0.000772,0.545455,FORWARD
2350,75.2,73.797184,64.10471,0.068209,0.068209,0.068379,0.179379,0.068209,0.3,0.068379,68.44509,73.170328,65.13616,102.59008,0.000772,0.545455,FORWARD
2351,75.232,66.207287,64.531958,0.3,0.3,0.3,0.215565,0.3,0.3,0.3,66.845104,67.116076,65.13616,102.66544,0.000772,0.545455,FORWARD
2352,75.264,66.141828,68.646492,0.3,0.299649,0.3,0.240895,0.299649,0.3,0.3,71.043579,66.504909,65.17384,102.70312,0.000772,0.545455,FORWARD
2353,75.296,63.974998,65.475908,0.3,0.299319,0.3,0.258627,0.299319,0.3,0.3,71.196534,65.979947,65.2178,102.7408,0.000837,0.427083,FORWARD
2354,75.328,66.52116,66.032481,0.3,0.299107,0.3,0.271039,0.299107,0.3,0.3,70.055345,64.352447,65.25548,102.77848,0.000772,0.385403,FORWARD
2355,75.36,60.477216,71.122182,0.3,0.29895,0.068304,0.279727,0.29895,0.068304,0.3,73.44982,67.910576,65.29316,102.81616,0.000772,0.369246,FORWARD
2356,75.392,67.524438,68.529754,0.3,0.298797,0.3,0.285809,0.298797,0.3,0.3,64.044911,68.028356,65.36852,102.82244,0.000837,0.362751,FORWARD
2357,75.424,67.564545,70.427169,0.3,0.298736,0.3,0.290066,0.298736,0.3,0.3,68.231371,67.509813,65.4062,102.86012,0.000772,0.360103,FORWARD
2358,75.456,69.927582,71.595573,0.3,0.298695,0.3,0.293046,0.298695,0.3,0.3,68.453757,67.5435,65.44388,102.8978,0.000772,0.359017,FORWARD
2359,75.488,68.26201,63.860019,0.3,0.298667,0.3,0.295132,0.298667,0.3,0.3,68.013142,70.752768,65.48156,102.93548,0.000772,0.35857,FORWARD
2360,75.52,67.294432,64.885748,0.3,0.298649,0.3,0.296593,0.298649,0.3,0.3,64.373181,64.410111,65.51924,102.97316,0.000772,0.358386,FORWARD
2361,75.552,63.365623,60.902774,0.3,0.298638,0.3,0.297615,0.298638,0.3,0.3,65.680719,68.739115,65.55692,103.01084,0.000772,0.358311,FORWARD
2362,75.584,66.245149,70.113006,0.3,0.29863,0.3,0.29833,0.29863,0.3,0.3,69.342077,63.972781,65.5946,103.04852,0.000772,0.358279,FORWARD
2363,75.616,71.657083,65.500329,0.3,0.298584,0.3,0.298831,0.298584,0.3,0.3,66.054752,67.839649,65.63856,103.0862,0.000837,0.358267,FORWARD
2364,75.648,71.720633,67.086463,0.3,0.298595,0.06829,0.299182,0.298595,0.3,0.06829,62.75785,73.49866,65.67624,103.12388,0.000772,0.358261,FORWARD
2365,75.68,63.566037,65.477969,0.3,0.298603,0.3,0.299427,0.298603,0.3,0.3,66.746051,62.608705,65.67624,103.19924,0.000772,0.358259,FORWARD
2366,75.712,70.054061,77.164956,0.067297,0.067297,0.3,0.229788,0.067297,0.3,0.3,65.195885,71.258436,65.71392,103.2432,0.000837,0.358258,FORWARD
2367,75.744,66.831845,71.947678,0.3,0.3,0.3,0.250852,0.3,0.3,0.3,66.989065,68.381497,65.7516,103.28088,0.000772,0.545455,FORWARD
2368,75.776,72.040157,71.169994,0.3,0.299649,0.3,0.265596,0.299649,0.3,0.3,70.481757,62.316979,65.78928,103.31856,0.000772,0.545455,FORWARD
2369,75.808,69.28587,59.527913,0.3,0.299356,0.3,0.275917,0.299356,0.3,0.3,70.364386,65.445093,65.82696,103.35624,0.000772,0.427083,FORWARD
2370,75.84,59.094622,76.214519,0.067554,0.067554,0.3,0.213408,0.067554,0.3,0.3,67.979414,68.221945,65.86464,103.39392,0.000772,0.385403,FORWARD
2371,75.872,64.796833,64.584548,0.3,0.3,0.3,0.239386,0.3,0.3,0.3,69.382155,63.290819,65.9086,103.4316,0.000837,0.545455,FORWARD
2372,75.904,64.566981,63.917059,0.3,0.299649,0.3,0.25757,0.299649,0.3,0.3,62.565874,62.162265,65.94628,103.46928,0.000772,0.545455,FORWARD
2373,75.936,63.865405,64.887954,0.3,0.299356,0.068569,0.270299,0.299356,0.068569,0.3,72.469785,71.255697,65.98396,103.50696,0.000772,0.427083,FORWARD
2374,75.968,64.932168,71.676638,0.3,0.29909,0.3,0.279209,0.29909,0.3,0.3,65.89137,64.279245,66.05932,103.51324,0.000837,0.385403,FORWARD
2375,76.0,66.222871,69.18299,0.3,0.298939,0.3,0.285447,0.298939,0.3,0.3,64.482149,69.882237,66.097,103.55092,0.000772,0.369246,FORWARD
2376,76.032,66.116741,70.721167,0.3,0.298832,0.068565,0.289813,0.298832,0.068565,0.3,72.486125,68.51593,66.13468,103.5886,0.000772,0.362751,FORWARD
2377,76.064,67.247972,68.648269,0.3,0.298758,0.3,0.292869,0.298758,0.3,0.3,65.072752,69.284499,66.21004,103.5886,0.000772,0.360103,FORWARD
2378,76.096,69.80207,69.345585,0.3,0.298709,0.3,0.295008,0.298709,0.3,0.3,64.637918,69.408131,66.24772,103.62628,0.000772,0.359017,FORWARD
2379,76.128,70.514429,62.314034,0.3,0.298676,0.3,0.296506,0.298676,0.3,0.3,65.429986,69.680393,66.2854,103.66396,0.000772,0.35857,FORWARD
2380,76.16,65.678839,62.606508,0.3,0.298655,0.3,0.297554,0.298655,0.3,0.3,56.600314,65.254141,66.32308,103.70164,0.000772,0.358386,FORWARD
2381,76.192,66.950539,66.152887,0.3,0.2986,0.3,0.298288,0.2986,0.3,0.3,71.007362,63.11669,66.36076,103.7456,0.000837,0.358311,FORWARD
2382,76.224,61.779658,66.1224,0.3,0.298565,0.3,0.298801,0.298565,0.3,0.3,65.631774,66.715311,66.40472,103.78328,0.000837,0.358279,FORWARD
2383,76.256,73.919735,67.619054,0.068176,0.068176,0.3,0.229614,0.068176,0.3,0.3,66.570255,71.303396,66.4424,103.82096,0.000772,0.358267,FORWARD
2384,76.288,66.867291,63.534411,0.3,0.3,0.3,0.25073,0.3,0.3,0.3,65.786922,60.757736,66.48008,103.85864,0.000772,0.545455,FORWARD
2385,76.32,69.532245,66.165795,0.3,0.299649,0.3,0.265511,0.299649,0.3,0.3,68.17789,68.279636,66.51776,103.89632,0.000772,0.545455,FORWARD
2386,76.352,69.827,68.825888,0.3,0.299356,0.068476,0.275858,0.299356,0.068476,0.3,72.815227,70.626402,66.55544,103.934,0.000772,0.427083,FORWARD
2387,76.384,67.385606,62.062292,0.3,0.29913,0.3,0.2831,0.29913,0.3,0.3,68.411927,69.539658,66.6308,103.934,0.000772,0.385403,FORWARD
2388,76.416,66.832414,66.352151,0.3,0.298964,0.3,0.28817,0.298964,0.3,0.3,69.419321,66.178122,66.66848,103.97168,0.000772,0.369246,FORWARD
2389,76.448,71.050785,63.769132,0.3,0.298806,0.3,0.291719,0.298806,0.3,0.3,66.769875,69.246112,66.70616,104.01564,0.000837,0.362751,FORWARD
2390,76.48,68.687355,70.880748,0.3,0.298742,0.3,0.294203,0.298742,0.3,0.3,70.938712,64.443525,66.74384,104.05332,0.000772,0.360103,FORWARD
2391,76.512,65.197046,69.762215,0.3,0.298657,0.3,0.295942,0.298657,0.3,0.3,69.15548,69.401037,66.7878,104.091,0.000837,0.359017,FORWARD
2392,76.544,71.48066,67.465906,0.3,0.298643,0.3,0.29716,0.298643,0.3,0.3,67.511396,70.410023,66.82548,104.12868,0.000772,0.35857,FORWARD
2393,76.576,66.803711,62.921785,0.3,0.298634,0.3,0.298012,0.298634,0.3,0.3,66.234438,64.344694,66.86316,104.16636,0.000772,0.358386,FORWARD
2394,76.608,68.52872,71.115653,0.3,0.298628,0.3,0.298608,0.298628,0.3,0.3,72.117314,68.288195,66.90084,104.20404,0.000772,0.358311,FORWARD
2395,76.64,66.837801,70.543177,0.3,0.298624,0.3,0.299026,0.298624,0.3,0.3,70.176811,70.460627,66.93852,104.24172,0.000772,0.358279,FORWARD
2396,76.672,66.220073,68.679553,0.3,0.298621,0.3,0.299318,0.298621,0.3,0.3,71.388916,71.553656,66.9762,104.2794,0.000772,0.358267,FORWARD
2397,76.704,66.787504,68.369916,0.3,0.298619,0.3,0.299523,0.298619,0.3,0.3,66.83054,63.944907,67.01388,104.31708,0.000772,0.358261,FORWARD
2398,76.736,65.911587,68.29169,0.3,0.298577,0.3,0.299666,0.298577,0.3,0.3,69.555813,65.361218,67.05156,104.36104,0.000837,0.358259,FORWARD
2399,76.768,67.903345,70.393555,0.3,0.298591,0.3,0.299766,0.298591,0.3,0.3,70.522928,68.298428,67.08924,104.39872,0.000772,0.358258,FORWARD
2400,76.8,75.161989,65.754753,0.06784,0.06784,0.068418,0.230188,0.06784,0.3,0.068418,62.072507,73.026079,67.1332,104.4364,0.000837,0.358258,FORWARD
2401,76.832,67.586845,66.140127,0.3,0.3,0.3,0.251132,0.3,0.3,0.3,64.097926,68.501202,67.1332,104.51176,0.000772,0.545455,FORWARD
2402,76.864,65.682281,63.511683,0.3,0.299649,0.3,0.265792,0.299649,0.3,0.3,61.149878,68.139988,67.17088,104.54944,0.000772,0.545455,FORWARD
2403,76.896,66.094447,72.866333,0.068462,0.068462,0.3,0.206593,0.068462,0.3,0.3,69.030211,70.73535,67.20856,104.58712,0.000772,0.427083,FORWARD
2404,76.928,70.591453,65.088382,0.3,0.3,0.3,0.234615,0.3,0.3,0.3,70.510058,69.283798,67.24624,104.6248,0.000772,0.545455,FORWARD
2405,76.96,61.45923,64.918719,0.3,0.299649,0.3,0.254231,0.299649,0.3,0.3,66.609928,66.187638,67.28392,104.66248,0.000772,0.545455,FORWARD
2406,76.992,68.519056,65.542389,0.3,0.299356,0.3,0.267961,0.299356,0.3,0.3,66.120944,65.989204,67.3216,104.70016,0.000772,0.427083,FORWARD
2407,77.024,70.565939,66.451835,0.3,0.29913,0.3,0.277573,0.29913,0.3,0.3,70.573867,67.03719,67.35928,104.73784,0.000772,0.385403,FORWARD
2408,77.056,63.776043,67.116693,0.3,0.298883,0.3,0.284301,0.298883,0.3,0.3,72.02563,62.275329,67.40324,104.7818,0.000901,0.369246,FORWARD
2409,77.088,66.525522,68.699711,0.3,0.298796,0.3,0.289011,0.298796,0.3,0.3,68.909033,67.070683,67.44092,104.81948,0.000772,0.362751,FORWARD
2410,77.12,68.691445,69.801958,0.3,0.298735,0.3,0.292308,0.298735,0.3,0.3,66.065969,66.369788,67.4786,104.85716,0.000772,0.360103,FORWARD
2411,77.152,64.527684,69.567118,0.3,0.298694,0.3,0.294615,0.298694,0.3,0.3,71.193125,70.774843,67.51628,104.89484,0.000772,0.359017,FORWARD
2412,77.184,69.5396,67.1071,0.3,0.298667,0.3,0.296231,0.298667,0.3,0.3,67.564612,68.924178,67.55396,104.93252,0.000772,0.35857,FORWARD
2413,77.216,67.729384,67.931943,0.3,0.298649,0.068443,0.297361,0.298649,0.3,0.068443,71.000584,72.93707,67.59164,104.9702,0.000772,0.358386,FORWARD
2414,77.248,65.617379,70.309474,0.3,0.298637,0.3,0.298153,0.298637,0.3,0.3,66.995613,64.595333,67.59164,105.04556,0.000772,0.358311,FORWARD
2415,77.28,67.495154,78.252803,0.067002,0.067002,0.3,0.228808,0.067002,0.3,0.3,66.169137,65.675657,67.62932,105.08324,0.000772,0.358279,FORWARD
2416,77.312,66.82612,85.700018,0.064984,0.064984,0.3,0.179661,0.065521,0.3,0.3,62.402909,71.560339,67.67328,105.12092,0.000837,0.545455,FORWARD
2417,77.344,70.04192,89.095853,0.064063,0.064063,0.067904,0.144981,0.064456,0.3,0.067904,70.361398,74.925449,67.71096,105.1586,0.000772,0.427083,FORWARD
2418,77.376,63.710121,89.667853,0.063908,0.063731,0.3,0.12066,0.063731,0.3,0.3,67.293644,66.94289,67.71096,105.24024,0.000837,0.385403,FORWARD
2419,77.408,74.899525,98.979913,0.061385,0.061385,0.3,0.102877,0.062377,0.3,0.3,64.545149,67.018094,67.74864,105.27792,0.000772,0.369246,FORWARD
2420,77.44,62.398532,108.938671,0.056952,0.056952,0.067205,0.0891,0.059917,0.067205,0.3,77.504812,65.582035,67.78632,105.3156,0.000772,0.362751,FORWARD
2421,77.472,70.026011,109.927432,0.056331,0.056331,0.3,0.079269,0.058131,0.3,0.3,64.740471,67.12545,67.86168,105.3156,0.000772,0.360103,FORWARD
2422,77.504,63.513685,109.902867,0.056346,0.056346,0.3,0.072392,0.056995,0.3,0.3,66.66785,63.338804,67.89936,105.35328,0.000772,0.359017,FORWARD
2423,77.536,66.312777,116.229542,0.05237,0.05237,0.3,0.066386,0.054841,0.3,0.3,67.380461,66.891881,67.93704,105.39096,0.000772,0.35857,FORWARD
2424,77.568,68.612539,119.358205,0.050403,0.050403,0.3,0.061591,0.052755,0.3,0.3,64.621103,61.65843,67.97472,105.42864,0.000772,0.358386,FORWARD
2425,77.6,69.694717,126.975434,0.048166,0.048166,0.3,0.057563,0.050574,0.3,0.3,64.304942,68.599359,68.01868,105.46632,0.000837,0.358311,FORWARD
2426,77.632,66.516106,125.506714,0.048552,0.048552,0.3,0.05486,0.049395,0.3,0.3,62.358496,70.492678,68.05008,105.504,0.000708,0.358279,FORWARD
2427,77.664,68.685029,131.921548,0.046865,0.046865,0.3,0.052462,0.047993,0.3,0.3,71.080738,63.4211,68.08776,105.54168,0.000772,0.358267,FORWARD
2428,77.696,72.362305,150.82549,0.041894,0.041894,0.3,0.049291,0.045312,0.3,0.3,61.872715,68.725856,68.12544,105.57936,0.000772,0.358261,FORWARD
2429,77.728,68.826291,155.192952,0.040746,0.040746,0.3,0.046728,0.043263,0.3,0.3,68.817328,69.231782,68.15684,105.61076,0.000644,0.358259,FORWARD
2430,77.76,68.368125,164.307545,0.039184,0.039184,0.3,0.044465,0.041389,0.3,0.3,69.464813,62.010375,68.18824,105.64216,0.000644,0.358258,TURN_LEFT
2431,77.792,65.755994,141.467476,0.044355,0.04241,0.3,0.044432,0.04241,0.3,0.3,66.306102,65.203335,68.11288,105.7238,6.4e-05,0.358258,TURN_LEFT
2432,77.824,70.050907,137.749794,0.045333,0.043498,0.3,0.044702,0.043498,0.3,0.3,67.324366,60.488927,68.03124,105.79916,-6.4e-05,0.358258,TURN_LEFT
2433,77.856,64.735073,131.514649,0.046972,0.044743,0.3,0.045383,0.044743,0.3,0.3,63.601387,66.293187,67.9496,105.8808,0.0,0.358258,TURN_LEFT
2434,77.888,62.645372,114.606637,0.05339,0.047841,0.3,0.047785,0.047841,0.3,0.3,65.727815,67.256961,67.86796,105.96244,0.0,0.358258,TURN_LEFT
2435,77.92,67.060493,101.376002,0.060736,0.052419,0.063574,0.05167,0.052419,0.3,0.063574,70.896021,90.900536,67.7926,106.04408,6.4e-05,0.358258,TURN_LEFT
2436,77.952,71.807448,68.493936,0.3,0.3,0.058729,0.126169,0.3,0.3,0.058729,68.82195,106.111691,67.71096,106.11944,-6.4e-05,0.358258,TURN_LEFT
2437,77.984,66.696764,65.840039,0.3,0.3,0.053158,0.178318,0.3,0.3,0.053158,68.428531,114.975163,67.62932,106.20108,0.0,0.545455,TURN_LEFT
2438,78.016,58.115018,69.581324,0.3,0.3,0.047319,0.214823,0.3,0.3,0.047319,63.9642,130.194234,67.54768,106.28272,-0.0,0.427083,TURN_LEFT
2439,78.048,65.495162,61.203508,0.3,0.29996,0.043902,0.240376,0.29996,0.3,0.043902,68.463742,143.189246,67.47232,106.36436,6.4e-05,0.385403,FORWARD
2440,78.08,61.8899,67.374674,0.3,0.299488,0.040953,0.258263,0.299488,0.3,0.040953,65.067856,154.404466,67.45348,106.45856,0.000772,0.369246,FORWARD
2441,78.112,61.119411,72.715195,0.068503,0.068503,0.038977,0.201335,0.068503,0.3,0.038977,71.284472,165.896296,67.43464,106.55276,0.000772,0.362751,FORWARD
2442,78.144,72.849895,67.262049,0.068466,0.068132,0.036715,0.161474,0.068132,0.3,0.036715,71.314896,183.29057,67.4158,106.64696,0.000772,0.545455,FORWARD
2443,78.176,66.815413,67.520338,0.3,0.3,0.034536,0.203032,0.3,0.3,0.034536,66.605126,200.046426,67.39696,106.74116,0.000772,0.427083,FORWARD
2444,78.208,70.364631,67.47553,0.3,0.29962,0.034366,0.232122,0.29962,0.3,0.034366,67.927329,201.357055,67.37812,106.84164,0.000837,0.545455,FORWARD
2445,78.24,62.948122,68.128369,0.3,0.29934,0.032474,0.252486,0.29934,0.3,0.032474,65.496891,215.904643,67.35928,106.93584,0.000772,0.427083,FORWARD
2446,78.272,62.395553,68.865552,0.3,0.299119,0.030434,0.26674,0.299119,0.3,0.030434,63.880558,231.592143,67.34044,107.03004,0.000772,0.385403,FORWARD
2447,78.304,66.195063,66.605046,0.3,0.298917,0.029104,0.276718,0.298917,0.3,0.029104,67.147279,248.278091,67.3216,107.13052,0.000837,0.369246,FORWARD
2448,78.336,73.145883,64.937008,0.068386,0.068386,0.028544,0.214218,0.068386,0.3,0.028544,69.046776,256.614485,67.29648,107.22472,0.000708,0.362751,FORWARD
2449,78.368,65.482739,61.083659,0.3,0.3,0.029578,0.239953,0.3,0.3,0.029578,63.667581,241.213967,67.27764,107.31892,0.000772,0.545455,FORWARD
2450,78.4,67.017519,65.633166,0.3,0.299649,0.028771,0.257967,0.299649,0.3,0.028771,67.678491,253.238444,67.2588,107.41312,0.000772,0.545455,FORWARD
2451,78.432,75.907022,68.184417,0.067638,0.067638,0.029236,0.200868,0.067638,0.3,0.029236,62.978587,246.306822,67.23996,107.5136,0.000837,0.427083,FORWARD
2452,78.464,68.237014,70.922787,0.3,0.3,0.029344,0.230608,0.3,0.3,0.029344,69.605251,244.705603,67.22112,107.6078,0.000772,0.545455,FORWARD
2453,78.496,70.074406,66.841536,0.3,0.299649,0.031578,0.251425,0.299649,0.3,0.031578,67.626301,222.797237,67.20228,107.702,0.000772,0.545455,FORWARD
2454,78.528,68.770719,66.478197,0.3,0.299356,0.03318,0.265998,0.299356,0.3,0.03318,68.280099,210.476588,67.18344,107.7962,0.000772,0.427083,FORWARD
2455,78.56,66.474093,64.072897,0.3,0.29909,0.035582,0.276198,0.29909,0.3,0.035582,68.628966,192.004054,67.1646,107.89668,0.000837,0.385403,FORWARD
2456,78.592,66.267568,69.861688,0.3,0.298939,0.036899,0.283339,0.298939,0.3,0.036899,70.296636,181.878777,67.14576,107.99088,0.000772,0.369246,FORWARD
2457,78.624,65.549829,68.381637,0.3,0.298832,0.038513,0.288337,0.298832,0.3,0.038513,67.477659,169.464328,67.12692,108.08508,0.000772,0.362751,FORWARD
2458,78.656,66.102552,68.247826,0.3,0.298717,0.04238,0.291836,0.298717,0.3,0.04238,65.728833,148.980574,67.10808,108.18556,0.000837,0.360103,FORWARD
2459,78.688,64.2747,69.460429,0.3,0.298682,0.042665,0.294285,0.298682,0.3,0.042665,62.839042,147.896116,67.08924,108.27976,0.000772,0.359017,FORWARD
2460,78.72,67.252042,62.951399,0.3,0.298659,0.048773,0.296,0.298659,0.3,0.048773,69.897462,124.665658,67.0704,108.37396,0.000772,0.35857,FORWARD
2461,78.752,64.484729,74.708023,0.067963,0.067963,0.048497,0.227589,0.067963,0.3,0.048497,69.11383,125.71404,67.06412,108.4556,0.000772,0.358386,FORWARD
2462,78.784,65.607032,71.056158,0.3,0.3,0.056422,0.249312,0.3,0.3,0.056422,69.894521,109.782288,67.05784,108.53724,0.000772,0.545455,FORWARD
2463,78.816,66.716922,72.00434,0.3,0.299649,0.060613,0.264518,0.299649,0.3,0.060613,67.168382,101.829181,67.05784,108.6126,0.000772,0.545455,FORWARD
2464,78.848,64.090213,69.912199,0.3,0.299319,0.061383,0.275163,0.299319,0.3,0.061383,67.176894,98.985391,67.05784,108.69424,0.000837,0.427083,FORWARD
2465,78.88,69.163302,64.020459,0.3,0.299107,0.066278,0.282614,0.299107,0.3,0.066278,68.692278,80.92268,67.05784,108.7696,0.000772,0.385403,FORWARD
2466,78.912,66.692064,66.705645,0.3,0.29895,0.3,0.28783,0.29895,0.3,0.3,64.069852,71.051578,67.05784,108.84496,0.000772,0.369246,FORWARD
2467,78.944,65.422583,60.929336,0.3,0.298838,0.3,0.291481,0.298838,0.3,0.3,68.395032,64.579285,67.09552,108.88264,0.000772,0.362751,FORWARD
2468,78.976,67.237895,65.011621,0.3,0.298762,0.3,0.294037,0.298762,0.3,0.3,68.024604,63.10903,67.1332,108.92032,0.000772,0.360103,FORWARD
2469,79.008,65.716678,68.66581,0.3,0.29867,0.3,0.295826,0.29867,0.3,0.3,71.164883,65.48829,67.17716,108.958,0.000837,0.359017,FORWARD
2470,79.04,73.159386,67.212716,0.068382,0.068382,0.3,0.227593,0.068382,0.3,0.3,71.803379,60.359638,67.21484,108.99568,0.000772,0.35857,FORWARD
2471,79.072,61.171857,67.294415,0.3,0.3,0.3,0.249315,0.3,0.3,0.3,69.763678,68.942433,67.25252,109.03964,0.000837,0.545455,FORWARD
2472,79.104,62.527415,65.138595,0.3,0.299649,0.3,0.26452,0.299649,0.3,0.3,67.213535,61.899631,67.2902,109.07732,0.000772,0.545455,FORWARD
2473,79.136,64.416511,66.894405,0.3,0.299356,0.3,0.275164,0.299356,0.3,0.3,60.733894,67.798155,67.32788,109.115,0.000772,0.427083,FORWARD
2474,79.168,64.602474,69.468373,0.3,0.29913,0.3,0.282615,0.29913,0.3,0.3,65.813454,68.214919,67.36556,109.15268,0.000772,0.385403,FORWARD
2475,79.2,65.219736,68.848229,0.3,0.298964,0.3,0.28783,0.298964,0.3,0.3,70.340989,68.63318,67.40324,109.19036,0.000772,0.369246,FORWARD
2476,79.232,66.549299,68.570298,0.3,0.298847,0.3,0.291481,0.298847,0.3,0.3,70.009005,67.416433,67.44092,109.22804,0.000772,0.362751,FORWARD
2477,79.264,71.228758,66.04356,0.3,0.298727,0.3,0.294037,0.298727,0.3,0.3,62.415309,67.623251,67.48488,109.26572,0.000837,0.360103,FORWARD
2478,79.296,78.31927,64.801053,0.066984,0.066984,0.3,0.225921,0.066984,0.3,0.3,63.597057,68.302204,67.52256,109.3034,0.000772,0.359017,FORWARD
2479,79.328,72.270636,63.773356,0.3,0.3,0.3,0.248145,0.3,0.3,0.3,65.311061,66.114696,67.56024,109.34108,0.000772,0.545455,FORWARD
2480,79.36,80.207931,68.380196,0.066472,0.066472,0.3,0.193643,0.066472,0.3,0.3,69.798879,65.222387,67.59792,109.38504,0.000837,0.545455,FORWARD
2481,79.392,91.306592,68.913114,0.063464,0.063464,0.068303,0.154589,0.06448,0.068303,0.3,73.450128,70.398266,67.6356,109.42272,0.000772,0.545455,FORWARD
2482,79.424,76.702985,59.178096,0.067422,0.065294,0.3,0.128439,0.065294,0.3,0.3,68.127832,64.051969,67.71096,109.42272,0.000772,0.427083,FORWARD
2483,79.456,77.499951,64.110531,0.067206,0.065556,0.3,0.110069,0.065556,0.3,0.3,65.18361,60.577377,67.74864,109.4604,0.000772,0.385403,FORWARD
2484,79.488,79.567453,68.914731,0.066646,0.065471,0.3,0.097042,0.065471,0.3,0.3,61.002473,66.650786,67.78632,109.49808,0.000772,0.369246,FORWARD
2485,79.52,85.284727,62.812691,0.065096,0.064843,0.3,0.087458,0.064843,0.3,0.3,68.790962,66.358867,67.824,109.53576,0.000772,0.362751,FORWARD
2486,79.552,83.072049,70.661468,0.065696,0.064656,0.3,0.08093,0.064656,0.3,0.3,67.259436,68.007108,67.86168,109.57344,0.000772,0.360103,FORWARD
2487,79.584,85.795313,64.334148,0.064958,0.064228,0.067489,0.076138,0.064228,0.067489,0.3,76.455839,64.463073,67.90564,109.61112,0.000837,0.359017,FORWARD
2488,79.616,80.765899,68.041652,0.066321,0.064442,0.3,0.073193,0.064442,0.3,0.3,69.965939,64.554999,67.981,109.6174,0.000837,0.35857,FORWARD
2489,79.648,81.910194,63.609307,0.066011,0.064508,0.3,0.071038,0.064508,0.3,0.3,68.746242,69.763784,68.01868,109.65508,0.000772,0.358386,FORWARD
2490,79.68,86.201681,65.101389,0.064848,0.064134,0.3,0.069181,0.064134,0.3,0.3,71.598463,69.934242,68.05636,109.69276,0.000772,0.358311,FORWARD
2491,79.712,83.116858,64.779588,0.065684,0.064194,0.3,0.068132,0.064194,0.3,0.3,65.311358,70.539016,68.09404,109.73044,0.000772,0.358279,FORWARD
2492,79.744,93.529728,69.104555,0.062862,0.062862,0.3,0.066551,0.063221,0.3,0.3,72.124678,60.667002,68.13172,109.76812,0.000772,0.358267,FORWARD
2493,79.776,85.405273,59.962339,0.065064,0.063385,0.3,0.066105,0.063385,0.3,0.3,64.162155,62.962615,68.1694,109.8058,0.000772,0.358261,FORWARD
2494,79.808,87.689766,69.2913,0.064445,0.063269,0.3,0.065607,0.063269,0.3,0.3,69.186479,58.961332,68.20708,109.84348,0.000772,0.358259,FORWARD
2495,79.84,90.167791,67.500431,0.063773,0.062954,0.3,0.065057,0.062954,0.3,0.3,65.385796,63.906435,68.24476,109.88116,0.000772,0.358258,FORWARD
2496,79.872,94.363747,70.786809,0.062636,0.062303,0.3,0.06433,0.062303,0.3,0.3,71.73777,71.605896,68.28244,109.92512,0.000837,0.358258,FORWARD
2497,79.904,101.280608,66.369333,0.060761,0.060761,0.3,0.06326,0.061214,0.3,0.3,66.652126,69.446289,68.3264,109.9628,0.000837,0.358258,FORWARD
2498,79.936,94.118283,66.32524,0.062702,0.061251,0.3,0.063092,0.061251,0.3,0.3,67.149771,62.845675,68.36408,110.00048,0.000772,0.358258,FORWARD
2499,79.968,95.911282,66.211574,0.062216,0.061101,0.3,0.06283,0.061101,0.3,0.3,66.29434,64.496241,68.40176,110.03816,0.000772,0.358258,FORWARD
2500,80.0,102.29179,66.536658,0.060487,0.060386,0.067416,0.062127,0.060386,0.3,0.067416,68.539552,76.726634,68.43944,110.07584,0.000772,0.358258,FORWARD
2501,80.032,116.089224,66.111687,0.052458,0.052458,0.3,0.059226,0.05705,0.3,0.3,64.496409,70.097783,68.43944,110.1512,0.000772,0.358258,FORWARD
2502,80.064,108.062866,68.561774,0.057503,0.056716,0.3,0.058709,0.056716,0.3,0.3,67.848623,67.530347,68.47712,110.18888,0.000772,0.358258,FORWARD
2503,80.096,114.499541,70.712219,0.053457,0.053457,0.3,0.057134,0.055053,0.3,0.3,70.456304,69.561765,68.5148,110.22656,0.000772,0.358258,FORWARD
2504,80.128,113.766452,70.403709,0.053918,0.053918,0.3,0.056169,0.054151,0.3,0.3,64.433464,66.717991,68.55248,110.26424,0.000772,0.358258,FORWARD
2505,80.16,122.361517,63.349542,0.049379,0.049379,0.068315,0.054132,0.051904,0.3,0.068315,66.239294,73.407266,68.59644,110.30192,0.000837,0.358258,FORWARD
2506,80.192,123.625905,68.214351,0.049047,0.049047,0.3,0.052606,0.050385,0.3,0.3,70.772163,62.883084,68.59644,110.37728,0.000772,0.358258,FORWARD
2507,80.224,119.933616,67.996123,0.050042,0.049766,0.3,0.051837,0.049766,0.3,0.3,62.296594,63.768701,68.63412,110.41496,0.000772,0.358258,FORWARD
2508,80.256,124.642244,64.931875,0.048779,0.048779,0.3,0.05092,0.048917,0.3,0.3,64.135493,69.684965,68.6718,110.45264,0.000772,0.358258,FORWARD
2509,80.288,133.188552,73.254834,0.046532,0.046532,0.3,0.049603,0.047567,0.3,0.3,65.75737,67.472943,68.70948,110.49032,0.000772,0.358258,FORWARD
2510,80.32,127.243571,62.673068,0.048095,0.047302,0.3,0.049151,0.047302,0.3,0.3,65.023374,65.365586,68.74088,110.528,0.000708,0.358258,FORWARD
2511,80.352,133.321178,69.33997,0.046497,0.046497,0.3,0.048355,0.046518,0.3,0.3,63.587518,64.057774,68.77856,110.56568,0.000772,0.358258,FORWARD
2512,80.384,129.948725,69.797824,0.047384,0.046332,0.3,0.048064,0.046332,0.3,0.3,68.711672,66.595033,68.81624,110.60336,0.000772,0.358258,FORWARD
2513,80.416,140.774973,66.27028,0.044537,0.044537,0.3,0.047006,0.045235,0.3,0.3,63.731249,59.596677,68.85392,110.63476,0.000708,0.358258,FORWARD
2514,80.448,129.121222,64.036809,0.047602,0.045628,0.3,0.047184,0.045628,0.3,0.3,66.438374,70.83629,68.88532,110.67244,0.000708,0.358258,FORWARD
2515,80.48,137.653846,68.712585,0.045358,0.045077,0.3,0.046636,0.045077,0.3,0.3,63.898402,64.066397,68.923,110.70384,0.000708,0.358258,FORWARD
2516,80.512,144.860436,68.60229,0.043463,0.043463,0.3,0.045684,0.044044,0.3,0.3,71.473506,61.657051,68.9544,110.74152,0.000708,0.358258,FORWARD
2517,80.544,133.210715,64.160729,0.046526,0.04452,0.3,0.045937,0.04452,0.3,0.3,65.735145,70.591108,68.9858,110.77292,0.000644,0.358258,FORWARD
2518,80.576,135.323509,63.447913,0.045971,0.044544,0.3,0.045947,0.044544,0.3,0.3,66.692161,68.5286,69.02348,110.8106,0.000772,0.358258,FORWARD
2519,80.608,148.117804,71.762986,0.042606,0.042606,0.3,0.044945,0.043437,0.3,0.3,64.996907,69.942918,69.05488,110.842,0.000644,0.358258,FORWARD
2520,80.64,142.739003,62.715777,0.044021,0.043192,0.067909,0.044668,0.043192,0.067909,0.3,74.907606,65.41124,69.09256,110.8734,0.000708,0.358258,FORWARD
2521,80.672,114.331402,68.432451,0.053563,0.046453,0.3,0.047336,0.046453,0.3,0.3,65.512728,68.798592,69.16164,110.8734,0.000708,0.358258,FORWARD
2522,80.704,118.296754,70.840365,0.051071,0.047694,0.3,0.048457,0.047694,0.3,0.3,69.182332,67.225101,69.19304,110.9048,0.000644,0.358258,FORWARD
2523,80.736,121.788234,64.431464,0.04953,0.047856,0.3,0.048779,0.047856,0.3,0.3,70.296682,67.029854,69.23072,110.94248,0.000772,0.358258,FORWARD
2524,80.768,117.339987,66.957709,0.051672,0.048727,0.3,0.049647,0.048727,0.3,0.3,67.424285,70.927511,69.2684,110.98016,0.000772,0.358258,FORWARD
2525,80.8,64.608798,66.572012,0.3,0.3,0.3,0.124753,0.3,0.3,0.3,65.519387,67.993753,69.30608,111.01784,0.000772,0.358258,FORWARD
2526,80.832,68.179943,75.309426,0.0678,0.0678,0.3,0.107667,0.0678,0.3,0.3,65.2305,67.470672,69.34376,111.05552,0.000772,0.545455,FORWARD
2527,80.864,66.374096,62.623498,0.3,0.3,0.06792,0.165367,0.3,0.3,0.06792,70.635102,74.865904,69.38144,111.0932,0.000772,0.545455,FORWARD
2528,80.896,153.302934,63.634548,0.041243,0.041243,0.3,0.12813,0.041243,0.3,0.3,67.539212,62.384681,69.38144,111.16856,0.000772,0.545455,FORWARD
2529,80.928,149.795492,68.022968,0.042165,0.041424,0.3,0.10234,0.041424,0.3,0.3,66.577549,70.184703,69.41912,111.19996,0.000708,0.545455,FORWARD
2530,80.96,148.161496,64.393536,0.042595,0.041555,0.3,0.084417,0.041555,0.3,0.3,62.811015,64.237838,69.45052,111.23136,0.000644,0.427083,FORWARD
2531,80.992,143.892242,67.772042,0.043718,0.041993,0.068445,0.072207,0.041993,0.068445,0.3,72.927383,70.16913,69.48192,111.26276,0.000644,0.385403,FORWARD
2532,81.024,69.563929,65.115086,0.3,0.3,0.3,0.140545,0.3,0.3,0.3,60.296545,70.676233,69.551,111.26276,0.000708,0.369246,FORWARD
2533,81.056,64.884679,68.679175,0.3,0.299649,0.3,0.188381,0.299649,0.3,0.3,64.111183,72.004094,69.58868,111.30044,0.000772,0.545455,FORWARD
2534,81.088,64.704911,68.908875,0.3,0.299356,0.3,0.221867,0.299356,0.3,0.3,66.379667,72.087163,69.62636,111.33812,0.000772,0.427083,FORWARD
2535,81.12,68.229436,66.158137,0.3,0.29913,0.0682,0.245307,0.29913,0.3,0.0682,70.840071,73.832489,69.66404,111.3758,0.000772,0.385403,FORWARD
2536,81.152,65.942397,61.476695,0.3,0.298964,0.068333,0.261715,0.298964,0.3,0.068333,66.553831,73.33955,69.66404,111.45116,0.000772,0.369246,FORWARD
2537,81.184,180.38117,66.637588,0.037093,0.037093,0.3,0.194328,0.037093,0.3,0.3,70.486561,66.758372,69.66404,111.52652,0.000772,0.362751,TURN_LEFT
2538,81.216,285.217404,70.763836,0.026623,0.026623,0.3,0.144017,0.031353,0.3,0.3,63.518594,63.878832,69.58868,111.60816,6.4e-05,0.545455,TURN_LEFT
2539,81.248,354.14965,59.14683,0.021994,0.021994,0.068312,0.10741,0.027393,0.3,0.068312,59.897388,73.419764,69.50704,111.68352,-6.4e-05,0.427083,TURN_LEFT
2540,81.28,439.431312,65.264288,0.018723,0.018723,0.3,0.080804,0.024051,0.3,0.3,66.881565,64.291271,69.4254,111.76516,-0.0,0.385403,TURN_LEFT
2541,81.312,525.2304,68.216258,0.016751,0.016751,0.067955,0.061588,0.021315,0.3,0.067955,61.823756,74.737632,69.35004,111.8468,6.4e-05,0.369246,TURN_LEFT
2542,81.344,595.799846,69.277297,0.01513,0.01513,0.3,0.047651,0.019072,0.3,0.3,71.179843,61.694945,69.2684,111.92844,-0.0,0.362751,TURN_LEFT
2543,81.376,687.876513,62.684043,0.0145,0.0145,0.3,0.037705,0.017467,0.3,0.3,67.633509,61.557479,69.18676,112.0038,-6.4e-05,0.360103,TURN_LEFT
2544,81.408,804.474095,69.544986,0.013826,0.013826,0.3,0.030541,0.016159,0.3,0.3,67.106398,71.836932,69.10512,112.08544,0.0,0.359017,TURN_LEFT
2545,81.44,712.401865,64.51486,0.014358,0.014358,0.3,0.025686,0.015472,0.3,0.3,70.148131,65.901402,69.02976,112.16708,6.4e-05,0.35857,TURN_LEFT
2546,81.472,659.33561,68.379503,0.014665,0.014665,0.3,0.02238,0.015183,0.3,0.3,68.3279,68.071137,68.94812,112.24872,0.0,0.358386,TURN_LEFT
2547,81.504,572.822322,69.231846,0.015658,0.015394,0.3,0.020363,0.015394,0.3,0.3,67.924285,63.931793,68.86648,112.32408,-6.4e-05,0.358311,TURN_LEFT
2548,81.536,521.461296,189.41398,0.016838,0.015912,0.3,0.019306,0.015912,0.3,0.3,65.954301,58.522032,68.78484,112.40572,0.0,0.358279,TURN_LEFT
2549,81.568,417.275023,282.897113,0.019232,0.01706,0.3,0.019284,0.01706,0.3,0.3,72.167722,66.271134,68.70948,112.48736,6.4e-05,0.358267,TURN_LEFT
2550,81.6,338.36432,352.615801,0.022097,0.018906,0.3,0.020128,0.018906,0.3,0.3,69.530282,66.202803,68.62784,112.56272,-6.4e-05,0.358261,TURN_LEFT
2551,81.632,255.008077,424.109661,0.019075,0.018966,0.3,0.019812,0.018966,0.3,0.3,67.772161,61.660779,68.5462,112.64436,0.0,0.358259,TURN_LEFT
2552,81.664,143.871301,530.874478,0.016622,0.016622,0.3,0.018855,0.018085,0.3,0.3,69.59782,65.417387,68.47084,112.726,6.4e-05,0.358258,TURN_LEFT
2553,81.696,71.05934,550.956086,0.01616,0.01616,0.3,0.018046,0.017396,0.3,0.3,64.524652,64.73227,68.3892,112.80764,0.0,0.358258,TURN_LEFT
2554,81.728,67.61178,661.581704,0.014652,0.014652,0.3,0.017028,0.016454,0.3,0.3,64.226868,71.480473,68.30756,112.883,-6.4e-05,0.358258,TURN_LEFT
2555,81.76,72.517528,771.819284,0.014014,0.014014,0.3,0.016124,0.01558,0.3,0.3,71.011742,67.650948,68.22592,112.96464,0.0,0.358258,TURN_LEFT
2556,81.792,75.258885,805.806721,0.013818,0.013818,0.3,0.015432,0.014907,0.3,0.3,63.634412,64.889231,68.15056,113.04628,6.4e-05,0.358258,TURN_LEFT
2557,81.824,66.812447,699.607607,0.014432,0.014432,0.3,0.015132,0.014737,0.3,0.3,66.481045,69.913066,68.06892,113.12792,0.0,0.358258,TURN_LEFT
2558,81.856,59.324132,632.133741,0.014823,0.014809,0.3,0.015039,0.014809,0.3,0.3,68.376677,66.949043,67.98728,113.20328,-6.4e-05,0.358258,TURN_LEFT
2559,81.888,65.272392,508.385594,0.017138,0.015644,0.3,0.015669,0.015644,0.3,0.3,72.238682,69.765597,67.90564,113.28492,0.0,0.358258,TURN_LEFT
2560,81.92,73.088365,408.632625,0.01943,0.016959,0.067704,0.016797,0.016959,0.3,0.067704,70.656141,75.662804,67.83028,113.36656,6.4e-05,0.358258,TURN_LEFT
2561,81.952,69.161279,339.762765,0.02296,0.019109,0.068577,0.018646,0.019109,0.3,0.068577,71.219536,72.439182,67.74864,113.4482,-0.0,0.358258,TURN_LEFT
2562,81.984,70.096991,262.518108,0.028147,0.022388,0.3,0.021497,0.022388,0.3,0.3,68.882266,70.834671,67.667,113.52356,-6.4e-05,0.358258,TURN_LEFT
2563,82.016,70.731103,64.443792,0.3,0.3,0.068355,0.105048,0.3,0.3,0.068355,69.195776,73.261829,67.58536,113.6052,-0.0,0.358258,TURN_LEFT
2564,82.048,58.547157,71.341293,0.3,0.299971,0.3,0.163533,0.299971,0.3,0.3,68.347634,61.940843,67.51,113.68684,6.4e-05,0.545455,TURN_LEFT
2565,82.08,61.225798,71.521872,0.3,0.3,0.3,0.204473,0.3,0.3,0.3,70.852373,66.386688,67.42836,113.7622,-6.4e-05,0.427083,TURN_LEFT
2566,82.112,66.240443,69.201492,0.3,0.3,0.3,0.233131,0.3,0.3,0.3,72.026648,67.612173,67.34672,113.84384,0.0,0.385403,TURN_LEFT
2567,82.144,67.716696,67.792939,0.3,0.299959,0.3,0.253192,0.299959,0.3,0.3,70.897674,68.642595,67.27136,113.92548,6.4e-05,0.369246,TURN_LEFT
2568,82.176,63.804409,64.164478,0.3,0.299974,0.06831,0.267234,0.299974,0.3,0.06831,64.643405,73.426704,67.18972,114.00712,0.0,0.362751,TURN_LEFT
2569,82.208,69.454573,64.857909,0.3,0.3,0.3,0.277064,0.3,0.3,0.3,66.473577,62.527016,67.10808,114.08248,-6.4e-05,0.360103,TURN_LEFT
2570,82.24,65.408193,69.958414,0.3,0.3,0.04472,0.283945,0.3,0.3,0.04472,71.783099,140.079689,67.02644,114.16412,-0.0,0.359017,TURN_LEFT
2571,82.272,65.731596,67.7424,0.3,0.299959,0.029353,0.288761,0.299959,0.3,0.029353,66.669784,244.563646,66.95108,114.24576,6.4e-05,0.35857,TURN_LEFT
2572,82.304,66.097926,65.804154,0.3,0.299974,0.023898,0.292133,0.299974,0.3,0.023898,70.152182,325.800671,66.86944,114.3274,-0.0,0.358386,TURN_LEFT
2573,82.336,65.139364,65.403454,0.3,0.3,0.020481,0.294493,0.3,0.068568,0.020481,72.472383,376.673368,66.7878,114.40276,-6.4e-05,0.358311,TURN_LEFT
2574,82.368,70.421749,66.026711,0.3,0.3,0.017985,0.296145,0.3,0.3,0.017985,65.724989,471.541311,66.70616,114.4844,-0.0,0.358279,TURN_LEFT
2575,82.4,71.667643,65.799147,0.3,0.299959,0.016806,0.297302,0.299959,0.3,0.016806,68.426051,522.869769,66.6308,114.56604,6.4e-05,0.358267,TURN_LEFT
2576,82.432,73.028414,67.772853,0.068418,0.068418,0.01499,0.228636,0.068418,0.3,0.01499,70.787236,603.134759,66.54916,114.6414,-6.4e-05,0.358261,TURN_LEFT
2577,82.464,65.487251,62.759184,0.3,0.3,0.014985,0.250046,0.3,0.3,0.014985,68.172554,603.979224,66.46752,114.72304,-0.0,0.545455,TURN_LEFT
2578,82.496,68.748825,65.696811,0.3,0.299971,0.014848,0.265032,0.299971,0.3,0.014848,65.269162,627.782868,66.39216,114.80468,6.4e-05,0.545455,TURN_LEFT
2579,82.528,69.642005,66.843612,0.3,0.299983,0.015309,0.275522,0.299983,0.3,0.015309,64.036811,588.011706,66.31052,114.88632,-0.0,0.427083,TURN_LEFT
2580,82.56,58.795389,69.318179,0.3,0.3,0.016548,0.282866,0.3,0.3,0.016548,61.09994,534.072972,66.22888,114.96168,-6.4e-05,0.385403,TURN_LEFT
2581,82.592,64.889906,65.189453,0.3,0.3,0.017525,0.288006,0.3,0.3,0.017525,64.36183,491.561929,66.14724,115.04332,-0.0,0.369246,TURN_LEFT
2582,82.624,67.201649,60.861131,0.3,0.299959,0.019594,0.291604,0.299959,0.3,0.019594,69.384999,401.511353,66.07188,115.12496,6.4e-05,0.362751,TURN_LEFT
2583,82.656,68.806566,70.687649,0.3,0.299974,0.022831,0.294123,0.299974,0.3,0.022831,68.597365,341.688951,65.99024,115.2066,0.0,0.360103,TURN_LEFT
2584,82.688,68.39804,70.117915,0.3,0.3,0.027984,0.295886,0.3,0.3,0.027984,71.901535,264.944329,65.9086,115.28196,-6.4e-05,0.359017,TURN_LEFT
2585,82.72,61.197371,62.169688,0.3,0.3,0.037876,0.29712,0.3,0.3,0.037876,68.829855,174.362492,65.82696,115.3636,0.0,0.35857,TURN_LEFT
2586,82.752,66.210117,64.040177,0.3,0.299959,0.3,0.297984,0.299959,0.3,0.3,65.805499,62.030477,65.7516,115.44524,6.4e-05,0.358386,TURN_LEFT
2587,82.784,65.371415,65.275277,0.3,0.3,0.3,0.298589,0.3,0.3,0.3,67.255932,70.792102,65.66996,115.5206,-6.4e-05,0.358311,TURN_LEFT
2588,82.816,63.723678,69.822718,0.3,0.3,0.3,0.299012,0.3,0.3,0.3,67.919304,67.016999,65.58832,115.60224,-0.0,0.358279,TURN_LEFT
2589,82.848,68.647314,63.728205,0.3,0.3,0.3,0.299309,0.3,0.3,0.3,68.389205,63.561652,65.50668,115.68388,0.0,0.358267,TURN_LEFT
2590,82.88,68.483256,69.912607,0.3,0.299959,0.3,0.299516,0.299959,0.3,0.3,71.413998,66.28279,65.43132,115.76552,6.4e-05,0.358261,TURN_LEFT
2591,82.912,65.247289,65.362351,0.3,0.3,0.3,0.299661,0.3,0.3,0.3,63.489291,66.841049,65.34968,115.84088,-6.4e-05,0.358259,TURN_LEFT
2592,82.944,66.342372,73.492084,0.068292,0.068292,0.067559,0.23025,0.068292,0.067559,0.068538,76.198679,72.583237,65.26804,115.92252,0.0,0.358258,TURN_RIGHT
2593,82.976,71.298191,62.362556,0.3,0.3,0.3,0.251175,0.3,0.3,0.3,63.511445,66.768383,65.34968,115.84088,0.0,0.545455,TURN_LEFT
2594,83.008,65.143543,69.703523,0.3,0.3,0.3,0.265823,0.3,0.3,0.3,65.844383,63.998051,65.26804,115.92252,0.0,0.545455,TURN_LEFT
2595,83.04,68.802107,68.46391,0.3,0.299963,0.3,0.276076,0.299963,0.3,0.3,69.98628,69.134238,65.19268,116.00416,6.4e-05,0.427083,TURN_LEFT
2596,83.072,64.565163,67.496713,0.3,0.299977,0.3,0.283253,0.299977,0.3,0.3,62.632063,68.654486,65.11104,116.0858,0.0,0.385403,FORWARD
2597,83.104,67.673411,69.522624,0.3,0.299498,0.3,0.288277,0.299498,0.3,0.3,64.601772,63.288836,65.14872,116.12348,0.000772,0.369246,FORWARD
2598,83.136,72.75611,69.089026,0.068492,0.068492,0.068082,0.222342,0.068492,0.068082,0.3,74.266845,69.009847,65.1864,116.16116,0.000772,0.362751,FORWARD
2599,83.168,64.316299,69.273007,0.3,0.3,0.068516,0.245639,0.3,0.3,0.068516,68.598232,72.66636,65.26176,116.16116,0.000772,0.545455,FORWARD
2600,83.2,65.42759,69.205774,0.3,0.299649,0.3,0.261947,0.299649,0.3,0.3,68.582454,66.503608,65.26176,116.23652,0.000772,0.545455,FORWARD
2601,83.232,59.611942,65.353467,0.3,0.299356,0.3,0.273363,0.299356,0.3,0.3,68.372209,68.110444,65.29944,116.2742,0.000772,0.427083,FORWARD
2602,83.264,75.314239,69.388969,0.067798,0.067798,0.3,0.211694,0.067798,0.3,0.3,63.165558,63.697456,65.3434,116.31188,0.000837,0.385403,FORWARD
2603,83.296,68.270639,65.553488,0.3,0.3,0.3,0.238186,0.3,0.3,0.3,66.161897,70.458558,65.38108,116.34956,0.000772,0.545455,FORWARD
2604,83.328,65.256231,67.460696,0.3,0.29962,0.3,0.25673,0.29962,0.3,0.3,68.554301,66.390904,65.41876,116.39352,0.000837,0.545455,FORWARD
2605,83.36,69.817899,58.364636,0.3,0.29934,0.3,0.269711,0.29934,0.3,0.3,65.977992,70.84436,65.45644,116.4312,0.000772,0.427083,FORWARD
2606,83.392,65.538374,64.500013,0.3,0.299119,0.068541,0.278798,0.299119,0.068541,0.3,72.574079,69.60241,65.49412,116.46888,0.000772,0.385403,FORWARD
2607,83.424,67.64902,66.598907,0.3,0.298957,0.3,0.285158,0.298957,0.3,0.3,69.23629,66.039121,65.56948,116.46888,0.000772,0.369246,FORWARD
2608,83.456,70.012339,71.989914,0.3,0.298843,0.067532,0.289611,0.298843,0.3,0.067532,70.582492,76.297191,65.60716,116.50656,0.000772,0.362751,FORWARD
2609,83.488,68.227137,65.542254,0.3,0.298766,0.068424,0.292728,0.298766,0.068424,0.3,73.004912,64.593396,65.60716,116.58192,0.000772,0.360103,FORWARD
2610,83.52,66.935594,69.523116,0.3,0.298714,0.3,0.294909,0.298714,0.3,0.3,72.255354,68.653151,65.68252,116.58192,0.000772,0.359017,FORWARD
2611,83.552,70.232383,73.639447,0.068252,0.068252,0.068251,0.226912,0.068252,0.3,0.068251,65.094903,73.64427,65.7202,116.6196,0.000772,0.35857,FORWARD
2612,83.584,70.309741,67.235926,0.3,0.3,0.3,0.248839,0.3,0.3,0.3,67.275432,63.817996,65.72648,116.69496,0.000837,0.545455,FORWARD
2613,83.616,65.640149,66.133615,0.3,0.29962,0.3,0.264187,0.29962,0.3,0.3,70.803378,67.417007,65.76416,116.73892,0.000837,0.545455,FORWARD
2614,83.648,68.932155,67.367625,0.3,0.29934,0.3,0.274931,0.29934,0.3,0.3,68.339615,69.125914,65.80184,116.7766,0.000772,0.427083,FORWARD
2615,83.68,71.656348,64.285302,0.3,0.299119,0.068574,0.282452,0.299119,0.068574,0.3,72.45012,71.700121,65.83952,116.81428,0.000772,0.385403,FORWARD
2616,83.712,65.188262,65.685609,0.3,0.298957,0.3,0.287716,0.298957,0.3,0.3,67.284239,65.663606,65.91488,116.81428,0.000772,0.369246,FORWARD
2617,83.744,66.539511,68.807912,0.3,0.298843,0.068447,0.291401,0.298843,0.3,0.068447,70.169319,72.921712,65.95256,116.85196,0.000772,0.362751,FORWARD
2618,83.776,62.444901,69.773184,0.3,0.298766,0.3,0.293981,0.298766,0.3,0.3,69.624999,64.512992,65.95256,116.92732,0.000772,0.360103,FORWARD
2619,83.808,64.856006,65.451045,0.3,0.298714,0.3,0.295787,0.298714,0.3,0.3,64.678544,63.985991,65.99024,116.965,0.000772,0.359017,FORWARD
2620,83.84,71.095572,72.638949,0.068523,0.068523,0.3,0.227608,0.068523,0.3,0.3,67.802225,68.259378,66.0342,117.00268,0.000837,0.35857,FORWARD
2621,83.872,63.169404,65.392003,0.3,0.3,0.3,0.249325,0.3,0.3,0.3,69.139491,65.805894,66.07188,117.04036,0.000772,0.545455,FORWARD
2622,83.904,70.636145,70.528647,0.3,0.29962,0.3,0.264528,0.29962,0.3,0.3,66.88067,61.075574,66.10956,117.08432,0.000837,0.545455,FORWARD
2623,83.936,65.242842,63.175443,0.3,0.29934,0.068513,0.275169,0.29934,0.3,0.068513,63.38355,72.675831,66.14724,117.122,0.000772,0.427083,FORWARD
2624,83.968,66.634646,61.006201,0.3,0.299119,0.3,0.282619,0.299119,0.3,0.3,63.543169,67.095063,66.14724,117.19736,0.000772,0.385403,FORWARD
2625,84.0,67.244393,70.661814,0.3,0.298957,0.3,0.287833,0.298957,0.3,0.3,65.026134,67.074727,66.18492,117.23504,0.000772,0.369246,FORWARD
2626,84.032,65.095226,61.776472,0.3,0.298843,0.3,0.291483,0.298843,0.3,0.3,65.422639,68.363349,66.2226,117.27272,0.000772,0.362751,FORWARD
2627,84.064,65.73692,72.369073,0.068596,0.068596,0.3,0.224617,0.068596,0.3,0.3,65.025135,65.692801,66.26028,117.3104,0.000772,0.360103,FORWARD
2628,84.096,65.900078,69.974752,0.3,0.3,0.3,0.247232,0.3,0.3,0.3,67.165222,67.201667,66.30424,117.34808,0.000837,0.545455,FORWARD
2629,84.128,68.645434,63.87375,0.3,0.299649,0.3,0.263062,0.299649,0.3,0.3,62.348288,66.830377,66.34192,117.38576,0.000772,0.545455,FORWARD
2630,84.16,64.528271,65.66913,0.3,0.299356,0.3,0.274144,0.299356,0.3,0.3,70.638235,64.115236,66.3796,117.42344,0.000772,0.427083,FORWARD
2631,84.192,64.224121,67.546196,0.3,0.29913,0.3,0.281901,0.29913,0.3,0.3,67.80101,67.57064,66.41728,117.46112,0.000772,0.385403,FORWARD
2632,84.224,68.409012,60.879657,0.3,0.298923,0.3,0.28733,0.298923,0.3,0.3,68.75777,68.048098,66.45496,117.50508,0.000837,0.369246,FORWARD
2633,84.256,72.512487,62.614331,0.068558,0.068558,0.3,0.221699,0.068558,0.3,0.3,70.16683,70.718752,66.49264,117.54276,0.000772,0.362751,FORWARD
2634,84.288,62.956311,66.917779,0.3,0.3,0.3,0.245189,0.3,0.3,0.3,68.432107,67.223732,66.53032,117.58044,0.000772,0.545455,FORWARD
2635,84.32,68.75427,63.77397,0.3,0.299649,0.3,0.261632,0.299649,0.3,0.3,69.979416,66.562263,66.568,117.61812,0.000772,0.545455,FORWARD
2636,84.352,69.688335,63.879786,0.3,0.299356,0.3,0.273143,0.299356,0.3,0.3,70.542642,72.016008,66.60568,117.6558,0.000772,0.427083,FORWARD
2637,84.384,62.618273,69.20221,0.3,0.29909,0.3,0.2812,0.29909,0.3,0.3,64.999912,63.994504,66.64964,117.69348,0.000837,0.385403,FORWARD
2638,84.416,63.645773,67.629748,0.3,0.298939,0.3,0.28684,0.298939,0.3,0.3,71.79095,57.172761,66.68732,117.73116,0.000772,0.369246,FORWARD
2639,84.448,65.009724,72.053828,0.3,0.298832,0.3,0.290788,0.298832,0.3,0.3,68.59599,70.366742,66.725,117.76884,0.000772,0.362751,FORWARD
2640,84.48,65.354517,71.590667,0.3,0.298717,0.3,0.293552,0.298717,0.3,0.3,70.849032,66.535247,66.76268,117.8128,0.000837,0.360103,FORWARD
2641,84.512,62.048309,65.024464,0.3,0.298682,0.3,0.295486,0.298682,0.3,0.3,67.70962,66.06807,66.80036,117.85048,0.000772,0.359017,FORWARD
2642,84.544,65.829685,72.049837,0.3,0.298659,0.3,0.29684,0.298659,0.3,0.3,69.106862,63.798215,66.83804,117.88816,0.000772,0.35857,FORWARD
2643,84.576,66.574051,69.373342,0.3,0.298644,0.3,0.297788,0.298644,0.3,0.3,63.522941,64.818211,66.87572,117.92584,0.000772,0.358386,FORWARD
2644,84.608,66.960642,65.388966,0.3,0.298634,0.3,0.298452,0.298634,0.3,0.3,64.613594,66.95464,66.9134,117.96352,0.000772,0.358311,FORWARD
2645,84.64,66.692995,65.708865,0.3,0.298628,0.3,0.298916,0.298628,0.3,0.3,66.203611,69.755886,66.95108,118.0012,0.000772,0.358279,FORWARD
2646,84.672,70.788239,66.122704,0.3,0.298582,0.068598,0.299241,0.298582,0.068598,0.3,72.364213,68.01911,66.99504,118.03888,0.000837,0.358267,FORWARD
2647,84.704,72.162456,70.668611,0.3,0.298595,0.068307,0.299469,0.298595,0.068307,0.3,73.435752,61.031218,67.0704,118.03888,0.000772,0.358261,FORWARD
2648,84.736,67.260894,65.131507,0.3,0.298561,0.3,0.299628,0.298561,0.3,0.3,67.89266,67.072532,67.14576,118.04516,0.000837,0.358259,FORWARD
2649,84.768,71.348601,66.701308,0.3,0.298581,0.3,0.29974,0.298581,0.3,0.3,69.903635,70.18292,67.18344,118.08284,0.000772,0.358258,FORWARD
2650,84.8,68.194789,63.291041,0.3,0.298594,0.3,0.299818,0.298594,0.3,0.3,64.979583,69.161322,67.22112,118.12052,0.000772,0.358258,FORWARD
2651,84.832,69.561381,68.172398,0.3,0.298602,0.3,0.299872,0.298602,0.3,0.3,63.620729,64.558625,67.2588,118.1582,0.000772,0.358258,FORWARD
2652,84.864,72.294296,64.585376,0.3,0.298607,0.3,0.299911,0.298607,0.3,0.3,68.39826,60.089133,67.29648,118.19588,0.000772,0.358258,FORWARD
2653,84.896,75.713435,66.287415,0.06769,0.06769,0.3,0.230245,0.06769,0.3,0.3,67.390611,69.561868,67.33416,118.23356,0.000772,0.358258,FORWARD
2654,84.928,94.498617,69.764331,0.062599,0.062599,0.3,0.179951,0.064562,0.3,0.3,67.203191,67.287475,67.37184,118.27124,0.000772,0.545455,FORWARD
2655,84.96,94.53265,68.457802,0.06259,0.06259,0.3,0.144743,0.063277,0.3,0.3,71.256854,67.280743,67.40952,118.30892,0.000772,0.427083,FORWARD
2656,84.992,104.763332,61.243201,0.059577,0.059577,0.3,0.119193,0.061337,0.3,0.3,64.380589,66.000779,67.4472,118.35288,0.000837,0.385403,FORWARD
2657,85.024,109.112711,68.580613,0.056843,0.056843,0.3,0.100488,0.05915,0.3,0.3,65.479716,64.707342,67.49116,118.39056,0.000837,0.369246,FORWARD
2658,85.056,106.689175,72.791938,0.058366,0.058366,0.3,0.087851,0.058373,0.3,0.3,66.218946,61.829237,67.52884,118.42824,0.000772,0.362751,FORWARD
2659,85.088,108.242678,67.9062,0.05739,0.05739,0.3,0.078713,0.057525,0.3,0.3,71.967602,64.969434,67.56652,118.46592,0.000772,0.360103,FORWARD
2660,85.12,119.031191,67.952153,0.050609,0.050609,0.3,0.070282,0.054547,0.3,0.3,67.052271,69.364219,67.6042,118.5036,0.000772,0.359017,FORWARD
2661,85.152,124.888235,73.480762,0.048715,0.048715,0.068081,0.063812,0.05196,0.068081,0.3,74.270136,68.269203,67.64188,118.54128,0.000772,0.35857,FORWARD
2662,85.184,115.1123,68.810951,0.053072,0.051863,0.060648,0.06059,0.051863,0.060648,0.3,101.70034,68.405367,67.71724,118.54128,0.000772,0.358386,FORWARD
2663,85.216,113.267389,65.487927,0.054232,0.052216,0.054513,0.058682,0.052216,0.054513,0.3,112.819946,65.931837,67.7926,118.54128,0.000772,0.358311,FORWARD
2664,85.248,112.702628,68.395853,0.054587,0.05257,0.056806,0.057454,0.05257,0.056806,0.3,109.170919,65.8463,67.86796,118.54128,0.000772,0.358279,FORWARD
2665,85.28,109.140736,65.422415,0.056825,0.053557,0.047688,0.057265,0.053557,0.047688,0.3,128.79226,69.748588,67.9496,118.54128,0.000837,0.358267,FORWARD
2666,85.312,105.660645,62.236079,0.059013,0.055016,0.044395,0.057789,0.055016,0.044395,0.3,141.317146,68.846242,68.03124,118.535,0.000772,0.358261,FORWARD
2667,85.344,91.751688,69.155124,0.063344,0.057504,0.040293,0.059456,0.057504,0.040293,0.068252,156.916233,73.638401,68.12544,118.51616,0.000772,0.358259,FORWARD
2668,85.376,97.927438,66.725187,0.06167,0.058501,0.039109,0.06012,0.058501,0.039109,0.067607,164.880143,76.019766,68.1694,118.54756,0.000772,0.358258,FORWARD
2669,85.408,100.291675,67.29404,0.061029,0.05887,0.037267,0.060393,0.05887,0.037267,0.3,179.048905,69.487012,68.21964,118.57896,0.000837,0.358258,FORWARD
2670,85.44,81.376045,69.171142,0.066156,0.060984,0.031666,0.062122,0.060984,0.031666,0.068423,222.117161,73.009576,68.31384,118.56012,0.000772,0.358258,FORWARD
2671,85.472,82.468416,66.895311,0.06586,0.062235,0.030909,0.063243,0.062235,0.030909,0.3,227.936876,65.385569,68.36408,118.58524,0.000772,0.358258,FORWARD
2672,85.504,74.444958,63.106711,0.068034,0.063817,0.027592,0.06468,0.063817,0.027592,0.3,270.781661,69.432477,68.45828,118.5664,0.000772,0.358258,FORWARD
2673,85.536,70.796228,69.088604,0.3,0.3,0.026005,0.135276,0.3,0.026005,0.3,294.417658,65.75069,68.55248,118.54756,0.000772,0.358258,FORWARD
2674,85.568,62.356342,67.868767,0.3,0.29962,0.023792,0.184693,0.29962,0.023792,0.3,327.376677,70.669254,68.65296,118.52872,0.000837,0.545455,FORWARD
2675,85.6,69.625091,63.472261,0.3,0.29934,0.022433,0.219285,0.29934,0.022433,0.3,347.605217,67.213608,68.74716,118.50988,0.000772,0.427083,FORWARD
2676,85.632,67.531481,68.355643,0.3,0.299119,0.02073,0.2435,0.299119,0.02073,0.3,372.963853,71.774997,68.84136,118.49104,0.000772,0.385403,FORWARD
2677,85.664,65.733954,68.280288,0.3,0.298917,0.019988,0.26045,0.298917,0.019988,0.3,384.355724,64.408338,68.94184,118.4722,0.000837,0.369246,FORWARD
2678,85.696,59.891963,68.968649,0.3,0.298817,0.019285,0.272315,0.298817,0.019285,0.3,414.947324,64.125167,69.03604,118.45336,0.000772,0.362751,FORWARD
2679,85.728,72.996188,67.670705,0.068427,0.068427,0.01812,0.211148,0.068427,0.01812,0.3,465.673708,67.862983,69.13024,118.43452,0.000772,0.360103,FORWARD
2680,85.76,66.138583,67.971078,0.3,0.3,0.018209,0.237804,0.3,0.018209,0.3,461.786189,68.877502,69.22444,118.41568,0.000772,0.545455,FORWARD
2681,85.792,64.131918,71.207052,0.3,0.29962,0.017148,0.256463,0.29962,0.017148,0.3,507.986242,68.220698,69.32492,118.39684,0.000837,0.545455,FORWARD
2682,85.824,59.900507,68.482217,0.3,0.29934,0.017499,0.269524,0.29934,0.017499,0.3,492.674856,66.94076,69.41912,118.378,0.000772,0.427083,FORWARD
2683,85.856,67.314131,67.515669,0.3,0.299159,0.017776,0.278667,0.299159,0.017776,0.3,480.617602,68.261342,69.51332,118.35288,0.000708,0.385403,FORWARD
2684,85.888,63.27773,62.650151,0.3,0.298982,0.017936,0.285067,0.298982,0.017936,0.068203,473.692255,73.819351,69.60752,118.33404,0.000772,0.369246,FORWARD
2685,85.92,69.961116,65.876899,0.3,0.298818,0.018235,0.289547,0.298818,0.018235,0.3,460.641529,68.107935,69.67032,118.35288,0.000837,0.362751,FORWARD
2686,85.952,65.305238,65.723796,0.3,0.298708,0.019357,0.292683,0.298708,0.019357,0.3,411.816674,70.95814,69.7708,118.33404,0.000837,0.360103,FORWARD
2687,85.984,68.915787,66.769211,0.3,0.298677,0.020695,0.294878,0.298677,0.020695,0.3,373.498151,71.393031,69.865,118.3152,0.000772,0.359017,FORWARD
2688,86.016,70.800235,70.816769,0.3,0.298656,0.02207,0.296415,0.298656,0.02207,0.3,353.009756,63.536771,69.9592,118.29636,0.000772,0.35857,FORWARD
2689,86.048,68.402142,70.554998,0.3,0.298642,0.023315,0.29749,0.298642,0.023315,0.3,334.475599,66.076029,70.0534,118.27752,0.000772,0.358386,FORWARD
2690,86.08,69.270468,63.599099,0.3,0.298633,0.024856,0.298243,0.298633,0.024856,0.3,311.526946,60.934857,70.15388,118.2524,0.000772,0.358311,FORWARD
2691,86.112,70.233242,66.480124,0.3,0.298627,0.027154,0.29877,0.298627,0.027154,0.3,277.303223,66.478349,70.24808,118.23356,0.000772,0.358279,FORWARD
2692,86.144,67.710144,68.875637,0.3,0.298623,0.029724,0.299139,0.298623,0.029724,0.3,239.045873,71.19098,70.34228,118.21472,0.000772,0.358267,FORWARD
2693,86.176,63.180294,71.432636,0.3,0.298579,0.032939,0.299397,0.298579,0.032939,0.3,212.328979,63.416057,70.44276,118.19588,0.000837,0.358261,FORWARD
2694,86.208,68.486359,73.109196,0.068396,0.068396,0.037363,0.230097,0.068396,0.037363,0.3,178.306303,69.168347,70.53696,118.17704,0.000772,0.358259,FORWARD
2695,86.24,71.196387,72.595915,0.068535,0.068121,0.042664,0.181628,0.068121,0.042664,0.3,147.898592,66.884601,70.63116,118.1582,0.000772,0.545455,FORWARD
2696,86.272,61.873202,65.520454,0.3,0.3,0.046852,0.21714,0.3,0.046852,0.3,131.972263,60.129998,70.72536,118.13936,0.000772,0.427083,FORWARD
2697,86.304,65.098634,67.508621,0.3,0.29962,0.051521,0.241998,0.29962,0.051521,0.3,117.580408,64.684711,70.81328,118.13308,0.000837,0.545455,FORWARD
2698,86.336,64.122139,61.599751,0.3,0.29934,0.054361,0.259399,0.29934,0.054361,0.3,113.061872,70.705857,70.89492,118.1268,0.000772,0.427083,FORWARD
2699,86.368,66.833181,61.769636,0.3,0.299119,0.061001,0.271579,0.299119,0.061001,0.3,100.394965,67.477863,70.97028,118.1268,0.000772,0.385403,FORWARD
2700,86.4,67.598479,74.273967,0.06808,0.06808,0.3,0.210529,0.06808,0.3,0.3,69.514031,64.996972,71.04564,118.1268,0.000772,0.369246,FORWARD
2701,86.432,68.162839,69.376774,0.3,0.3,0.3,0.237371,0.3,0.3,0.3,66.245126,65.217843,71.08332,118.16448,0.000772,0.545455,FORWARD
2702,86.464,72.657076,61.752344,0.068518,0.068518,0.3,0.186715,0.068518,0.3,0.3,63.805402,68.422284,71.121,118.20216,0.000772,0.545455,FORWARD
2703,86.496,65.082069,70.928867,0.3,0.3,0.3,0.2207,0.3,0.3,0.3,69.165973,68.073308,71.15868,118.24612,0.000837,0.545455,FORWARD
2704,86.528,71.514063,70.350057,0.3,0.29962,0.3,0.24449,0.29962,0.3,0.3,65.669306,68.599541,71.20264,118.2838,0.000837,0.545455,FORWARD
2705,86.56,68.437551,63.323859,0.3,0.29934,0.3,0.261143,0.29934,0.3,0.3,65.133696,71.378858,71.24032,118.32148,0.000772,0.427083,FORWARD
2706,86.592,66.632849,65.015929,0.3,0.299119,0.3,0.2728,0.299119,0.3,0.3,66.986013,70.109343,71.278,118.35916,0.000772,0.385403,FORWARD
2707,86.624,66.621883,67.945665,0.3,0.298957,0.3,0.28096,0.298957,0.3,0.3,72.031088,65.167293,71.31568,118.39684,0.000772,0.369246,FORWARD
2708,86.656,72.37123,67.589078,0.068596,0.068596,0.3,0.217251,0.068596,0.3,0.3,61.037835,69.406165,71.35336,118.43452,0.000772,0.362751,FORWARD
2709,86.688,66.915234,65.506108,0.3,0.3,0.3,0.242076,0.3,0.3,0.3,68.387659,67.092194,71.39104,118.4722,0.000772,0.545455,FORWARD
2710,86.72,61.163774,58.874218,0.3,0.299649,0.068445,0.259453,0.299649,0.3,0.068445,68.936315,72.926204,71.42872,118.50988,0.000772,0.545455,FORWARD
2711,86.752,72.459541,74.088365,0.068131,0.068131,0.3,0.202056,0.068131,0.3,0.3,68.329394,63.492734,71.42872,118.58524,0.000772,0.427083,FORWARD
2712,86.784,72.095943,64.716954,0.3,0.3,0.3,0.231439,0.3,0.3,0.3,70.643471,67.710179,71.47268,118.6292,0.000901,0.545455,FORWARD
2713,86.816,65.288636,67.400513,0.3,0.299649,0.3,0.252008,0.299649,0.3,0.3,65.41041,67.438751,71.51036,118.66688,0.000772,0.545455,FORWARD
2714,86.848,65.957726,62.670721,0.3,0.299356,0.3,0.266405,0.299356,0.3,0.3,64.979045,69.683878,71.54804,118.70456,0.000772,0.427083,FORWARD
2715,86.88,65.693662,68.218259,0.3,0.29913,0.3,0.276484,0.29913,0.3,0.3,69.965368,69.194661,71.58572,118.74224,0.000772,0.385403,FORWARD
2716,86.912,66.483838,68.744893,0.3,0.298964,0.3,0.283539,0.298964,0.3,0.3,65.246719,69.777738,71.6234,118.77992,0.000772,0.369246,FORWARD
2717,86.944,66.016371,67.73067,0.3,0.298847,0.068264,0.288477,0.298847,0.3,0.068264,68.015638,73.596552,71.66108,118.8176,0.000772,0.362751,FORWARD
2718,86.976,70.364185,67.891934,0.3,0.298768,0.3,0.291934,0.298768,0.3,0.3,68.279347,67.766161,71.66108,118.89296,0.000772,0.360103,FORWARD
2719,87.008,65.205972,73.900642,0.068181,0.068181,0.3,0.224808,0.068181,0.3,0.3,65.956939,66.525207,71.69876,118.93064,0.000772,0.359017,FORWARD
2720,87.04,66.982755,66.635144,0.3,0.3,0.3,0.247366,0.3,0.3,0.3,68.20359,69.577846,71.74272,118.96832,0.000837,0.545455,FORWARD
2721,87.072,73.663198,62.345658,0.068246,0.068246,0.3,0.19363,0.068246,0.3,0.3,70.22488,66.683526,71.7804,119.006,0.000772,0.545455,FORWARD
2722,87.104,70.46511,64.299369,0.3,0.3,0.3,0.225541,0.3,0.3,0.3,62.696759,66.380052,71.81808,119.04996,0.000837,0.545455,FORWARD
2723,87.136,72.177771,69.395385,0.3,0.299649,0.3,0.247879,0.299649,0.3,0.3,67.343835,67.699673,71.85576,119.08764,0.000772,0.545455,FORWARD
2724,87.168,69.255332,71.410421,0.3,0.299356,0.06836,0.263515,0.299356,0.3,0.06836,66.616436,73.240568,71.89344,119.12532,0.000772,0.427083,FORWARD
2725,87.2,69.23623,65.71822,0.3,0.29913,0.3,0.27446,0.29913,0.3,0.3,68.551749,65.355555,71.89344,119.20068,0.000772,0.385403,FORWARD
2726,87.232,68.613569,64.56975,0.3,0.298964,0.3,0.282122,0.298964,0.3,0.3,70.007198,65.012944,71.93112,119.23836,0.000772,0.369246,FORWARD
2727,87.264,71.303634,70.729397,0.3,0.298847,0.068135,0.287486,0.298847,0.068135,0.3,74.070741,65.950665,71.9688,119.27604,0.000772,0.362751,FORWARD
2728,87.296,65.086244,68.774639,0.3,0.298727,0.3,0.29124,0.298727,0.3,0.3,67.941231,68.57672,72.05044,119.27604,0.000837,0.360103,FORWARD
2729,87.328,64.960039,66.225832,0.3,0.298689,0.3,0.293868,0.298689,0.3,0.3,68.74681,67.939524,72.08812,119.31372,0.000772,0.359017,FORWARD
2730,87.36,68.770285,63.115814,0.3,0.298664,0.3,0.295708,0.298664,0.3,0.3,61.572983,71.044927,72.1258,119.3514,0.000772,0.35857,FORWARD
2731,87.392,68.125276,68.738532,0.3,0.298606,0.3,0.296995,0.298606,0.3,0.3,65.792107,65.303986,72.16348,119.39536,0.000837,0.358386,FORWARD
2732,87.424,66.428691,66.117154,0.3,0.29861,0.3,0.297897,0.29861,0.3,0.3,62.186854,65.435387,72.20116,119.43304,0.000772,0.358311,FORWARD
2733,87.456,61.32498,69.046227,0.3,0.298612,0.3,0.298528,0.298612,0.3,0.3,66.469561,70.439374,72.23884,119.47072,0.000772,0.358279,FORWARD
2734,87.488,64.364048,62.971007,0.3,0.298614,0.3,0.298969,0.298614,0.3,0.3,70.209544,63.181975,72.27652,119.5084,0.000772,0.358267,FORWARD
2735,87.52,68.772327,63.622818,0.3,0.298615,0.3,0.299279,0.298615,0.3,0.3,63.153987,68.858127,72.3142,119.54608,0.000772,0.358261,FORWARD
2736,87.552,62.347891,67.183474,0.3,0.298615,0.3,0.299495,0.298615,0.3,0.3,70.533735,68.354169,72.35188,119.58376,0.000772,0.358259,FORWARD
2737,87.584,71.74703,69.488122,0.3,0.298574,0.068575,0.299647,0.298574,0.068575,0.3,72.448795,61.68691,72.39584,119.62144,0.000837,0.358258,FORWARD
2738,87.616,67.159749,69.444276,0.3,0.298589,0.3,0.299753,0.298589,0.3,0.3,63.898015,66.326311,72.4712,119.62144,0.000772,0.358258,FORWARD
2739,87.648,67.59061,61.040046,0.3,0.298558,0.3,0.299827,0.298558,0.3,0.3,70.404229,69.894376,72.50888,119.6654,0.000837,0.358258,FORWARD
2740,87.68,62.349913,63.344773,0.3,0.298579,0.3,0.299879,0.298579,0.3,0.3,63.732713,66.913244,72.54656,119.70308,0.000772,0.358258,FORWARD
2741,87.712,69.093082,68.822911,0.3,0.298592,0.3,0.299915,0.298592,0.3,0.3,67.589322,70.234402,72.58424,119.74076,0.000772,0.358258,FORWARD
2742,87.744,69.624727,70.993244,0.3,0.298601,0.3,0.299941,0.298601,0.3,0.3,64.441634,62.775821,72.62192,119.77844,0.000772,0.358258,FORWARD
2743,87.776,64.580807,66.696949,0.3,0.298606,0.3,0.299958,0.298606,0.3,0.3,63.947175,66.19519,72.6596,119.81612,0.000772,0.358258,FORWARD
2744,87.808,70.834431,68.176328,0.3,0.29861,0.3,0.299971,0.29861,0.3,0.3,67.043921,68.707821,72.69728,119.8538,0.000772,0.358258,FORWARD
2745,87.84,66.063595,61.234493,0.3,0.298612,0.3,0.29998,0.298612,0.3,0.3,71.487104,68.623016,72.73496,119.89148,0.000772,0.358258,FORWARD
2746,87.872,64.922534,67.332777,0.3,0.298614,0.068095,0.299986,0.298614,0.068095,0.3,74.218427,66.657259,72.77264,119.92916,0.000772,0.358258,FORWARD
2747,87.904,67.828119,65.722732,0.3,0.298573,0.068249,0.29999,0.298573,0.3,0.068249,70.086695,73.649361,72.848,119.93544,0.000837,0.358258,FORWARD
2748,87.936,64.442351,64.433677,0.3,0.298547,0.3,0.299993,0.298547,0.3,0.3,61.336544,64.472572,72.85428,120.0108,0.000837,0.358258,FORWARD
2749,87.968,67.393593,67.489314,0.3,0.298572,0.068452,0.299995,0.298572,0.3,0.068452,67.010684,72.903855,72.89196,120.04848,0.000772,0.358258,FORWARD
2750,88.0,66.168587,69.123632,0.3,0.298588,0.3,0.299997,0.298588,0.3,0.3,65.530532,69.509408,72.89196,120.12384,0.000772,0.358258,FORWARD
2751,88.032,64.572271,63.81755,0.3,0.298598,0.3,0.299998,0.298598,0.3,0.3,68.464966,64.577279,72.92964,120.16152,0.000772,0.358258,FORWARD
2752,88.064,68.314846,68.346776,0.3,0.298605,0.3,0.299998,0.298605,0.3,0.3,70.790169,63.922606,72.96732,120.1992,0.000772,0.358258,FORWARD
2753,88.096,64.55389,64.486814,0.3,0.298609,0.3,0.299999,0.298609,0.3,0.3,63.847547,62.507101,73.005,120.23688,0.000772,0.358258,FORWARD
2754,88.128,66.616132,67.146406,0.3,0.298612,0.3,0.299999,0.298612,0.3,0.3,63.830953,68.846397,73.04268,120.27456,0.000772,0.358258,FORWARD
2755,88.16,68.406721,68.939404,0.3,0.298572,0.3,0.299999,0.298572,0.3,0.3,62.551085,68.478895,73.08664,120.31224,0.000837,0.358258,FORWARD
2756,88.192,66.654444,62.385809,0.3,0.298588,0.3,0.3,0.298588,0.3,0.3,69.246821,65.541982,73.12432,120.34992,0.000772,0.358258,FORWARD
2757,88.224,65.468553,65.849447,0.3,0.298557,0.3,0.3,0.298557,0.3,0.3,63.214908,71.202198,73.162,120.39388,0.000837,0.358258,FORWARD
2758,88.256,70.120552,65.541281,0.3,0.298578,0.3,0.3,0.298578,0.3,0.3,69.351586,63.699606,73.19968,120.43156,0.000772,0.358258,FORWARD
2759,88.288,67.054767,69.981076,0.3,0.298592,0.3,0.3,0.298592,0.3,0.3,70.497159,60.256041,73.23736,120.46924,0.000772,0.358258,FORWARD
2760,88.32,66.096788,66.310054,0.3,0.298601,0.3,0.3,0.298601,0.3,0.3,63.135564,69.473543,73.27504,120.50692,0.000772,0.358258,FORWARD
2761,88.352,61.240876,70.806111,0.3,0.298606,0.3,0.3,0.298606,0.3,0.3,66.756994,67.440143,73.31272,120.5446,0.000772,0.358258,FORWARD
2762,88.384,65.203793,68.050928,0.3,0.29861,0.3,0.3,0.29861,0.3,0.3,64.813582,70.26646,73.3504,120.58228,0.000772,0.358258,FORWARD
2763,88.416,66.047649,62.154824,0.3,0.298612,0.3,0.3,0.298612,0.3,0.3,67.981513,62.370949,73.38808,120.61996,0.000772,0.358258,FORWARD
2764,88.448,65.60884,67.5523,0.3,0.298572,0.3,0.3,0.298572,0.3,0.3,64.945582,65.168712,73.43204,120.65764,0.000837,0.358258,FORWARD
2765,88.48,70.780477,70.732595,0.3,0.298588,0.3,0.3,0.298588,0.3,0.3,63.413398,65.754071,73.46972,120.69532,0.000772,0.358258,FORWARD
2766,88.512,64.853486,65.485996,0.3,0.298557,0.3,0.3,0.298557,0.3,0.3,65.196553,69.097355,73.5074,120.73928,0.000837,0.358258,FORWARD
2767,88.544,63.36591,66.073153,0.3,0.298578,0.068225,0.3,0.298578,0.068225,0.3,73.740087,67.897905,73.54508,120.77696,0.000772,0.358258,FORWARD
2768,88.576,65.662811,64.911828,0.3,0.298592,0.3,0.3,0.298592,0.3,0.3,63.511505,67.320571,73.62044,120.77696,0.000772,0.358258,FORWARD
2769,88.608,66.380833,72.848292,0.068467,0.068467,0.3,0.23054,0.068467,0.3,0.3,61.680788,67.527521,73.65812,120.81464,0.000772,0.358258,FORWARD
2770,88.64,68.025032,67.630662,0.3,0.3,0.3,0.251378,0.3,0.3,0.3,61.461848,66.916566,73.6958,120.85232,0.000772,0.545455,FORWARD
2771,88.672,65.6961,61.926761,0.3,0.299649,0.3,0.265965,0.299649,0.3,0.3,67.705608,63.749323,73.73348,120.89,0.000772,0.545455,FORWARD
2772,88.704,58.862081,62.683719,0.3,0.299356,0.3,0.276175,0.299356,0.3,0.3,63.773708,68.393661,73.77116,120.92768,0.000772,0.427083,FORWARD
2773,88.736,66.209305,65.30394,0.3,0.29909,0.3,0.283323,0.29909,0.3,0.3,67.308525,65.385597,73.81512,120.96536,0.000837,0.385403,FORWARD
2774,88.768,65.790547,74.19874,0.068101,0.068101,0.3,0.218756,0.068101,0.3,0.3,68.823417,65.898387,73.8528,121.00932,0.000837,0.369246,FORWARD
2775,88.8,61.879658,69.865718,0.3,0.3,0.3,0.243129,0.3,0.3,0.3,66.201957,64.318401,73.89048,121.047,0.000772,0.545455,FORWARD
2776,88.832,68.037044,68.464502,0.3,0.299649,0.3,0.26019,0.299649,0.3,0.3,65.668603,61.12011,73.92816,121.08468,0.000772,0.545455,FORWARD
2777,88.864,69.086877,70.28731,0.3,0.299356,0.3,0.272133,0.299356,0.3,0.3,70.133185,64.926673,73.96584,121.12236,0.000772,0.427083,FORWARD
2778,88.896,70.395672,63.204711,0.3,0.29913,0.3,0.280493,0.29913,0.3,0.3,69.345367,65.82569,74.00352,121.16004,0.000772,0.385403,FORWARD
2779,88.928,65.56042,70.476883,0.3,0.298964,0.3,0.286345,0.298964,0.3,0.3,66.995362,66.386544,74.0412,121.19772,0.000772,0.369246,FORWARD
2780,88.96,66.703501,68.448478,0.3,0.298847,0.3,0.290442,0.298847,0.3,0.3,62.482156,66.935236,74.07888,121.2354,0.000772,0.362751,FORWARD
2781,88.992,69.092776,67.273669,0.3,0.298768,0.3,0.293309,0.298768,0.3,0.3,68.182387,65.047881,74.11656,121.27308,0.000772,0.360103,FORWARD
2782,89.024,72.816205,60.657138,0.068475,0.068475,0.3,0.225859,0.068475,0.3,0.3,66.496179,69.356723,74.16052,121.31076,0.000837,0.359017,FORWARD
2783,89.056,63.464257,68.888704,0.3,0.3,0.3,0.248101,0.3,0.3,0.3,65.309672,61.929922,74.1982,121.35472,0.000837,0.545455,FORWARD
2784,89.088,68.090043,68.11052,0.3,0.299649,0.3,0.263671,0.299649,0.3,0.3,66.072327,71.93049,74.23588,121.3924,0.000772,0.545455,FORWARD
2785,89.12,74.510243,64.706684,0.068016,0.068016,0.3,0.204975,0.068016,0.3,0.3,72.249336,69.568465,74.27356,121.43008,0.000772,0.427083,FORWARD
2786,89.152,69.338684,66.591625,0.3,0.3,0.3,0.233482,0.3,0.3,0.3,72.160973,61.713689,74.31124,121.46776,0.000772,0.545455,FORWARD
2787,89.184,66.765927,67.154797,0.3,0.299649,0.068373,0.253438,0.299649,0.068373,0.3,73.19263,63.68151,74.34892,121.50544,0.000772,0.545455,FORWARD
2788,89.216,66.541334,68.437052,0.3,0.299356,0.3,0.267406,0.299356,0.3,0.3,64.265206,66.084206,74.42428,121.50544,0.000772,0.427083,FORWARD
2789,89.248,62.385848,67.597187,0.3,0.29913,0.3,0.277184,0.29913,0.3,0.3,69.274976,60.909885,74.46196,121.54312,0.000772,0.385403,FORWARD
2790,89.28,71.690355,64.675097,0.3,0.298964,0.3,0.284029,0.298964,0.3,0.3,66.993459,68.356443,74.49964,121.5808,0.000772,0.369246,FORWARD
2791,89.312,66.947486,63.46626,0.3,0.298806,0.3,0.28882,0.298806,0.3,0.3,62.690859,63.026856,74.53732,121.62476,0.000837,0.362751,FORWARD
2792,89.344,68.368855,64.566719,0.3,0.298701,0.3,0.292174,0.298701,0.3,0.3,68.529576,64.749697,74.58128,121.66244,0.000837,0.360103,FORWARD
2793,89.376,72.842448,64.223437,0.068468,0.068468,0.3,0.225062,0.068468,0.3,0.3,65.630378,64.524148,74.61896,121.70012,0.000772,0.359017,FORWARD
2794,89.408,69.465131,64.073396,0.3,0.3,0.3,0.247544,0.3,0.3,0.3,66.808529,70.759845,74.65664,121.7378,0.000772,0.545455,FORWARD
2795,89.44,61.741036,61.553116,0.3,0.299649,0.3,0.263281,0.299649,0.3,0.3,63.896436,67.734704,74.69432,121.77548,0.000772,0.545455,FORWARD
2796,89.472,68.82192,70.63509,0.3,0.299356,0.3,0.274296,0.299356,0.3,0.3,70.727962,65.044481,74.732,121.81316,0.000772,0.427083,FORWARD
2797,89.504,66.909215,69.715413,0.3,0.29913,0.3,0.282007,0.29913,0.3,0.3,72.057702,66.677589,74.76968,121.85084,0.000772,0.385403,FORWARD
2798,89.536,69.048137,66.596569,0.3,0.298964,0.3,0.287405,0.298964,0.3,0.3,62.162508,69.034697,74.80736,121.88852,0.000772,0.369246,FORWARD
2799,89.568,63.467997,65.764621,0.3,0.298806,0.068573,0.291184,0.298806,0.068573,0.3,72.453947,59.637855,74.84504,121.93248,0.000837,0.362751,FORWARD
2800,89.6,65.360075,65.594804,0.3,0.298742,0.3,0.293829,0.298742,0.3,0.3,67.193643,65.202754,74.9204,121.93248,0.000772,0.360103,FORWARD
2801,89.632,61.646859,67.29399,0.3,0.298698,0.3,0.29568,0.298698,0.3,0.3,68.214052,64.836183,74.95808,121.97016,0.000772,0.359017,FORWARD
2802,89.664,70.673743,60.852015,0.3,0.298628,0.068568,0.296976,0.298628,0.068568,0.3,72.472291,67.180099,75.00204,122.00784,0.000837,0.35857,FORWARD
2803,89.696,61.763197,67.527982,0.3,0.298624,0.3,0.297883,0.298624,0.3,0.3,67.192568,65.94802,75.0774,122.00784,0.000772,0.358386,FORWARD
2804,89.728,68.870477,70.784039,0.3,0.298622,0.3,0.298518,0.298622,0.3,0.3,66.614494,70.66129,75.11508,122.04552,0.000772,0.358311,FORWARD
2805,89.76,65.900529,65.491502,0.3,0.29862,0.3,0.298963,0.29862,0.3,0.3,69.292723,68.227652,75.15276,122.0832,0.000772,0.358279,FORWARD
2806,89.792,69.288434,64.867549,0.3,0.298577,0.3,0.299274,0.298577,0.3,0.3,65.039452,66.132244,75.19044,122.12716,0.000837,0.358267,FORWARD
2807,89.824,69.038306,67.385464,0.3,0.298591,0.3,0.299492,0.298591,0.3,0.3,62.842066,62.327674,75.22812,122.16484,0.000772,0.358261,FORWARD
2808,89.856,72.701499,64.901351,0.068506,0.068506,0.3,0.230196,0.068506,0.3,0.3,59.574633,63.147016,75.2658,122.20252,0.000772,0.358259,FORWARD
2809,89.888,69.357588,64.036279,0.3,0.3,0.3,0.251137,0.3,0.3,0.3,59.387788,68.356453,75.30348,122.2402,0.000772,0.545455,FORWARD
2810,89.92,60.497643,63.70071,0.3,0.299649,0.3,0.265796,0.299649,0.3,0.3,69.066361,64.51409,75.34116,122.27788,0.000772,0.545455,FORWARD
2811,89.952,74.866139,67.626965,0.06792,0.06792,0.3,0.206433,0.06792,0.3,0.3,67.914004,63.873978,75.38512,122.31556,0.000837,0.427083,FORWARD
2812,89.984,67.59853,68.039518,0.3,0.3,0.067799,0.234503,0.3,0.067799,0.3,75.312194,59.224073,75.4228,122.35324,0.000772,0.545455,FORWARD
2813,90.016,73.014431,68.920961,0.068422,0.068422,0.3,0.184679,0.068422,0.3,0.3,67.682081,67.021837,75.49816,122.35324,0.000772,0.545455,FORWARD
2814,90.048,65.243121,67.569731,0.3,0.3,0.3,0.219275,0.3,0.3,0.3,72.217143,66.106769,75.53584,122.3972,0.000837,0.545455,FORWARD
2815,90.08,66.822705,65.26061,0.3,0.299649,0.3,0.243493,0.299649,0.3,0.3,64.328296,67.952069,75.57352,122.43488,0.000772,0.545455,FORWARD
2816,90.112,68.181921,64.60954,0.3,0.299356,0.3,0.260445,0.299356,0.3,0.3,71.977667,66.102313,75.6112,122.47256,0.000772,0.427083,FORWARD
2817,90.144,70.12699,62.77112,0.3,0.29913,0.3,0.272311,0.29913,0.3,0.3,67.824844,65.746558,75.64888,122.51024,0.000772,0.385403,FORWARD
2818,90.176,65.920562,67.11683,0.3,0.298964,0.3,0.280618,0.298964,0.3,0.3,67.461715,68.964581,75.68656,122.54792,0.000772,0.369246,FORWARD
2819,90.208,62.714175,68.881306,0.3,0.298847,0.3,0.286433,0.298847,0.3,0.3,64.551207,71.325894,75.72424,122.5856,0.000772,0.362751,FORWARD
2820,90.24,66.170461,71.158959,0.3,0.298768,0.3,0.290503,0.298768,0.3,0.3,61.587153,68.291027,75.76192,122.62328,0.000772,0.360103,FORWARD
2821,90.272,66.920085,69.766627,0.3,0.298674,0.068459,0.293352,0.298674,0.068459,0.3,72.876653,65.917637,75.80588,122.66096,0.000837,0.359017,FORWARD
2822,90.304,58.149612,69.684479,0.3,0.298613,0.3,0.295346,0.298613,0.3,0.3,63.842116,67.848168,75.88124,122.66724,0.000837,0.35857,FORWARD
2823,90.336,64.572122,71.435994,0.3,0.298614,0.3,0.296742,0.298614,0.3,0.3,68.92976,67.992099,75.91892,122.70492,0.000772,0.358386,FORWARD
2824,90.368,65.636291,68.824525,0.3,0.298615,0.3,0.29772,0.298615,0.3,0.3,59.042801,63.992329,75.9566,122.7426,0.000772,0.358311,FORWARD
2825,90.4,59.06482,68.149005,0.3,0.298616,0.3,0.298404,0.298616,0.3,0.3,68.627901,65.93441,75.99428,122.78028,0.000772,0.358279,FORWARD
2826,90.432,66.251454,66.492445,0.3,0.298616,0.3,0.298883,0.298616,0.3,0.3,69.863223,69.14048,76.03196,122.81796,0.000772,0.358267,FORWARD
2827,90.464,70.842749,69.273784,0.3,0.298616,0.3,0.299218,0.298616,0.3,0.3,70.457329,67.62373,76.06964,122.85564,0.000772,0.358261,FORWARD
2828,90.496,62.394265,62.748201,0.3,0.298616,0.3,0.299453,0.298616,0.3,0.3,69.196454,62.229446,76.10732,122.89332,0.000772,0.358259,FORWARD
2829,90.528,66.679207,67.059847,0.3,0.298616,0.3,0.299617,0.298616,0.3,0.3,68.446025,67.012095,76.145,122.931,0.000772,0.358258,FORWARD
2830,90.56,69.471345,64.806864,0.3,0.298616,0.3,0.299732,0.298616,0.3,0.3,68.164818,66.507304,76.18268,122.96868,0.000772,0.358258,FORWARD
2831,90.592,68.347535,68.137731,0.3,0.298534,0.3,0.299812,0.298534,0.3,0.3,69.290599,67.366312,76.22664,123.01264,0.000901,0.358258,FORWARD
2832,90.624,68.065008,70.074715,0.3,0.298563,0.3,0.299869,0.298563,0.3,0.3,61.688699,66.306261,76.26432,123.05032,0.000772,0.358258,FORWARD
2833,90.656,67.532586,68.371974,0.3,0.298582,0.3,0.299908,0.298582,0.3,0.3,72.344768,68.838002,76.302,123.088,0.000772,0.358258,FORWARD
2834,90.688,72.941985,66.785841,0.068441,0.068441,0.3,0.230468,0.068441,0.3,0.3,67.619754,58.136189,76.33968,123.12568,0.000772,0.358258,FORWARD
2835,90.72,63.80356,67.754911,0.3,0.3,0.3,0.251328,0.3,0.3,0.3,70.567393,69.630409,76.37736,123.16336,0.000772,0.545455,FORWARD
2836,90.752,67.402956,64.44169,0.3,0.299649,0.3,0.265929,0.299649,0.3,0.3,68.581518,67.469974,76.41504,123.20104,0.000772,0.545455,FORWARD
2837,90.784,63.582963,68.818702,0.3,0.299356,0.3,0.276151,0.299356,0.3,0.3,71.938922,71.669245,76.45272,123.23872,0.000772,0.427083,FORWARD
2838,90.816,70.043673,74.754581,0.06795,0.06795,0.3,0.21369,0.06795,0.3,0.3,64.984739,70.795816,76.4904,123.2764,0.000772,0.385403,FORWARD
2839,90.848,61.688299,68.055165,0.3,0.3,0.3,0.239583,0.3,0.3,0.3,60.95913,72.146724,76.53436,123.31408,0.000837,0.545455,FORWARD
2840,90.88,64.096777,64.154989,0.3,0.29962,0.3,0.257708,0.29962,0.3,0.3,66.940016,65.969704,76.57204,123.35804,0.000837,0.545455,FORWARD
2841,90.912,67.381061,67.789328,0.3,0.29934,0.3,0.270396,0.29934,0.3,0.3,69.693739,70.500691,76.60972,123.39572,0.000772,0.427083,FORWARD
2842,90.944,67.13649,63.441774,0.3,0.299119,0.3,0.279277,0.299119,0.3,0.3,68.205389,57.975126,76.6474,123.4334,0.000772,0.385403,FORWARD
2843,90.976,72.308199,63.207115,0.3,0.298957,0.3,0.285494,0.298957,0.3,0.3,63.799561,61.394048,76.68508,123.47108,0.000772,0.369246,FORWARD
2844,91.008,70.964813,67.720886,0.3,0.298843,0.3,0.289846,0.298843,0.3,0.3,67.679688,65.063349,76.72276,123.50876,0.000772,0.362751,FORWARD
2845,91.04,67.140082,66.977728,0.3,0.298766,0.3,0.292892,0.298766,0.3,0.3,65.181697,70.800649,76.76044,123.54644,0.000772,0.360103,FORWARD
2846,91.072,66.37667,71.308862,0.3,0.298714,0.3,0.295024,0.298714,0.3,0.3,68.140856,63.081324,76.79812,123.58412,0.000772,0.359017,FORWARD
2847,91.104,63.371662,66.068458,0.3,0.298679,0.3,0.296517,0.298679,0.3,0.3,61.858716,68.260911,76.8358,123.6218,0.000772,0.35857,FORWARD
2848,91.136,69.036679,72.039617,0.3,0.298616,0.3,0.297562,0.298616,0.3,0.3,63.106826,68.259714,76.87976,123.65948,0.000837,0.358386,FORWARD
2849,91.168,61.155367,66.14726,0.3,0.298575,0.3,0.298293,0.298575,0.3,0.3,67.962192,69.344518,76.91744,123.70344,0.000837,0.358311,FORWARD
2850,91.2,68.998604,68.936908,0.3,0.29859,0.3,0.298805,0.29859,0.3,0.3,64.639649,60.136584,76.95512,123.74112,0.000772,0.358279,FORWARD
2851,91.232,69.641353,64.904704,0.3,0.298599,0.3,0.299164,0.298599,0.3,0.3,69.207665,66.84147,76.9928,123.7788,0.000772,0.358267,FORWARD
2852,91.264,60.079669,68.088935,0.3,0.298605,0.3,0.299415,0.298605,0.3,0.3,70.870699,70.77136,77.03048,123.81648,0.000772,0.358261,FORWARD
2853,91.296,67.464245,66.594031,0.3,0.298609,0.3,0.29959,0.298609,0.3,0.3,65.480807,66.666687,77.06816,123.85416,0.000772,0.358259,FORWARD
2854,91.328,64.915547,71.876061,0.3,0.298612,0.3,0.299713,0.298612,0.3,0.3,67.575583,68.148868,77.10584,123.89184,0.000772,0.358258,FORWARD
2855,91.36,69.934363,75.925242,0.067633,0.067633,0.3,0.230089,0.067633,0.3,0.3,71.128264,68.899746,77.14352,123.92952,0.000772,0.358258,FORWARD
2856,91.392,65.486096,66.903338,0.3,0.3,0.067879,0.251062,0.3,0.067879,0.3,75.018291,69.702747,77.1812,123.9672,0.000772,0.545455,FORWARD
2857,91.424,63.021425,65.626465,0.3,0.29962,0.3,0.265744,0.29962,0.3,0.3,65.320869,67.536196,77.25656,123.97348,0.000837,0.545455,FORWARD
2858,91.456,64.190252,73.319222,0.068339,0.068339,0.3,0.206522,0.068339,0.3,0.3,72.26491,69.694098,77.30052,124.01116,0.000837,0.427083,FORWARD
2859,91.488,66.372727,70.077765,0.3,0.3,0.3,0.234566,0.3,0.3,0.3,66.213889,64.896714,77.3382,124.04884,0.000772,0.545455,FORWARD
2860,91.52,70.782364,68.381153,0.3,0.299649,0.3,0.254196,0.299649,0.3,0.3,67.663656,66.684589,77.37588,124.08652,0.000772,0.545455,FORWARD
2861,91.552,71.361206,66.827543,0.3,0.299356,0.3,0.267937,0.299356,0.3,0.3,68.266811,71.528743,77.41356,124.1242,0.000772,0.427083,FORWARD
2862,91.584,67.832257,64.161186,0.3,0.29913,0.3,0.277556,0.29913,0.3,0.3,65.1872,66.458396,77.45124,124.16188,0.000772,0.385403,FORWARD
2863,91.616,71.210889,64.421096,0.3,0.298964,0.067908,0.284289,0.298964,0.067908,0.3,74.909772,70.608483,77.48892,124.19956,0.000772,0.369246,FORWARD
2864,91.648,65.044456,65.708005,0.3,0.298847,0.3,0.289002,0.298847,0.3,0.3,62.031,66.194684,77.56428,124.19956,0.000772,0.362751,FORWARD
2865,91.68,68.572427,67.586622,0.3,0.298727,0.3,0.292302,0.298727,0.3,0.3,67.7491,69.65565,77.60196,124.24352,0.000837,0.360103,FORWARD
2866,91.712,67.561372,65.579521,0.3,0.298689,0.3,0.294611,0.298689,0.3,0.3,67.492932,69.139839,77.63964,124.2812,0.000772,0.359017,FORWARD
2867,91.744,74.428674,66.073185,0.068038,0.068038,0.3,0.226639,0.068038,0.3,0.3,60.630775,67.146639,77.6836,124.31888,0.000837,0.35857,FORWARD
2868,91.776,80.377478,68.165618,0.066426,0.066426,0.3,0.178575,0.066808,0.3,0.3,68.994553,64.089151,77.72128,124.35656,0.000772,0.545455,FORWARD
2869,91.808,75.669819,64.118443,0.067702,0.066747,0.3,0.145313,0.066747,0.3,0.3,68.388064,69.047211,77.75896,124.39424,0.000772,0.427083,FORWARD
2870,91.84,81.033054,66.986243,0.066248,0.06608,0.3,0.121594,0.06608,0.3,0.3,68.474791,72.031494,77.79664,124.43192,0.000772,0.385403,FORWARD
2871,91.872,84.325431,65.025967,0.065356,0.065326,0.3,0.104723,0.065326,0.3,0.3,68.100148,63.31464,77.83432,124.4696,0.000772,0.369246,FORWARD
2872,91.904,87.906557,67.04358,0.064386,0.064386,0.3,0.092622,0.064492,0.3,0.3,68.122144,66.587727,77.872,124.50728,0.000772,0.362751,FORWARD
2873,91.936,91.585109,67.272834,0.063389,0.063389,0.06843,0.083852,0.06356,0.06843,0.068514,72.982755,72.675008,77.90968,124.55124,0.000837,0.360103,FORWARD
2874,91.968,90.959256,63.221987,0.063558,0.063064,0.3,0.077764,0.063064,0.3,0.3,66.422347,59.021063,77.94736,124.58892,0.000772,0.359017,FORWARD
2875,92.0,94.252875,67.136955,0.062666,0.062426,0.3,0.073234,0.062426,0.3,0.3,65.038421,61.200554,77.98504,124.6266,0.000772,0.35857,FORWARD
2876,92.032,102.885107,67.506206,0.060327,0.060327,0.3,0.069362,0.061137,0.3,0.3,71.365209,61.072614,78.029,124.66428,0.000837,0.358386,FORWARD
2877,92.064,97.043928,64.551229,0.06191,0.060918,0.3,0.067126,0.060918,0.3,0.3,66.94187,64.84769,78.06668,124.70196,0.000772,0.358311,FORWARD
2878,92.096,105.310071,67.287057,0.059233,0.059233,0.068501,0.064758,0.059819,0.068501,0.3,72.722444,62.498034,78.10436,124.73964,0.000772,0.358279,FORWARD
2879,92.128,101.094104,69.286301,0.060812,0.059679,0.3,0.063574,0.059679,0.3,0.3,70.568786,70.104959,78.17972,124.73964,0.000772,0.358267,FORWARD
2880,92.16,104.686045,67.473365,0.059625,0.059164,0.3,0.06239,0.059164,0.3,0.3,67.71645,71.034775,78.2174,124.77732,0.000772,0.358261,FORWARD
2881,92.192,105.910614,68.671194,0.058856,0.058516,0.068368,0.061329,0.058516,0.068368,0.3,73.212277,66.987962,78.25508,124.82128,0.000837,0.358259,FORWARD
2882,92.224,101.471791,64.747247,0.06071,0.058806,0.3,0.061144,0.058806,0.3,0.3,67.104178,64.155002,78.33044,124.82128,0.000772,0.358258,FORWARD
2883,92.256,108.417283,64.805211,0.05728,0.05728,0.3,0.059984,0.057764,0.3,0.3,63.292013,70.508529,78.36812,124.85896,0.000772,0.358258,FORWARD
2884,92.288,113.37064,69.209011,0.054167,0.054167,0.3,0.058239,0.05598,0.3,0.3,68.423673,68.627542,78.4058,124.89664,0.000772,0.358258,FORWARD
2885,92.32,106.545624,70.895073,0.058457,0.056371,0.066996,0.058304,0.056371,0.066996,0.3,78.274785,60.643275,78.44348,124.93432,0.000772,0.358258,FORWARD
2886,92.352,112.288992,66.972094,0.054847,0.054847,0.063246,0.057267,0.055329,0.063246,0.3,92.110416,67.643982,78.51884,124.93432,0.000772,0.358258,FORWARD
2887,92.384,104.460776,68.440998,0.059767,0.056382,0.061705,0.058017,0.056382,0.061705,0.3,97.799629,56.984909,78.60048,124.93432,0.000837,0.358258,FORWARD
2888,92.416,103.044946,67.564669,0.060283,0.057284,0.060505,0.058697,0.057284,0.060505,0.3,102.22765,65.454953,78.67584,124.93432,0.000772,0.358258,FORWARD
2889,92.448,99.823537,64.491026,0.061156,0.058176,0.058265,0.059435,0.058176,0.058265,0.3,106.849858,60.948442,78.7512,124.93432,0.000772,0.358258,FORWARD
2890,92.48,90.365021,66.778947,0.06372,0.059666,0.051715,0.06072,0.059666,0.051715,0.3,117.270855,67.276844,78.82656,124.93432,0.000772,0.358258,FORWARD
2891,92.512,81.173928,67.144862,0.06621,0.061474,0.053571,0.062367,0.061474,0.053571,0.3,114.318332,72.336407,78.9082,124.93432,0.000837,0.358258,FORWARD
2892,92.544,75.700735,64.163608,0.067694,0.063206,0.047954,0.063965,0.063206,0.047954,0.3,127.780697,67.348618,78.98356,124.93432,0.000772,0.358258,FORWARD
2893,92.576,65.534093,65.854921,0.3,0.3,0.050782,0.134776,0.3,0.050782,0.3,118.755887,68.895539,79.0652,124.92804,0.000772,0.358258,FORWARD
2894,92.608,65.853559,61.992979,0.3,0.29962,0.045728,0.184343,0.29962,0.045728,0.068103,136.246857,74.188448,79.14684,124.92804,0.000837,0.545455,FORWARD
2895,92.64,69.531359,68.460673,0.3,0.29934,0.045144,0.21904,0.29934,0.045144,0.068513,138.468288,72.675489,79.1908,124.95944,0.000772,0.427083,FORWARD
2896,92.672,66.116155,61.401702,0.3,0.299159,0.043564,0.243328,0.299159,0.043564,0.3,144.474557,61.34557,79.22848,124.99084,0.000708,0.385403,FORWARD
2897,92.704,63.958172,67.765772,0.3,0.298942,0.043004,0.26033,0.298942,0.043004,0.3,146.606564,69.626735,79.32896,124.972,0.000837,0.369246,FORWARD
2898,92.736,66.763108,68.902671,0.3,0.298833,0.039302,0.272231,0.298833,0.039302,0.3,163.394094,69.057877,79.42316,124.95316,0.000772,0.362751,FORWARD
2899,92.768,70.387144,64.96902,0.3,0.298759,0.039364,0.280562,0.298759,0.039364,0.3,162.921914,64.740098,79.51736,124.93432,0.000772,0.360103,FORWARD
2900,92.8,63.428137,71.181645,0.3,0.29871,0.039091,0.286393,0.29871,0.039091,0.3,165.018726,66.332829,79.61156,124.91548,0.000772,0.359017,FORWARD
2901,92.832,68.437368,66.576088,0.3,0.298635,0.036548,0.290475,0.298635,0.036548,0.3,184.577434,72.215462,79.71204,124.89664,0.000837,0.35857,FORWARD
2902,92.864,67.397188,64.309373,0.3,0.298629,0.036145,0.293333,0.298629,0.036145,0.3,187.678093,67.410936,79.80624,124.8778,0.000772,0.358386,FORWARD
2903,92.896,67.194171,67.082857,0.3,0.298625,0.035579,0.295333,0.298625,0.035579,0.3,192.029982,69.989669,79.90044,124.85896,0.000772,0.358311,FORWARD
2904,92.928,66.594662,67.396515,0.3,0.29858,0.035843,0.296733,0.29858,0.035843,0.3,189.996352,70.065207,80.00092,124.84012,0.000837,0.358279,FORWARD
2905,92.96,72.239269,68.543485,0.3,0.298593,0.034354,0.297713,0.298593,0.034354,0.3,201.445118,65.003546,80.09512,124.82128,0.000772,0.358267,FORWARD
2906,92.992,72.35195,67.067124,0.3,0.298602,0.034769,0.298399,0.298602,0.034769,0.3,198.25537,67.73251,80.18932,124.80244,0.000772,0.358261,FORWARD
2907,93.024,63.134366,62.448949,0.3,0.298607,0.03286,0.298879,0.298607,0.03286,0.3,212.938268,67.519173,80.28352,124.7836,0.000772,0.358259,FORWARD
2908,93.056,65.559965,69.63488,0.3,0.298569,0.032374,0.299216,0.298569,0.032374,0.3,216.671326,62.32192,80.384,124.76476,0.000837,0.358258,FORWARD
2909,93.088,70.881468,71.735252,0.3,0.298586,0.033611,0.299451,0.298586,0.033611,0.3,207.163959,68.927002,80.4782,124.74592,0.000772,0.358258,FORWARD
2910,93.12,61.230081,69.506112,0.3,0.298597,0.033735,0.299616,0.298597,0.033735,0.3,206.210011,67.950661,80.5724,124.72708,0.000772,0.358258,FORWARD
2911,93.152,70.345812,63.942974,0.3,0.298604,0.035868,0.299731,0.298604,0.035868,0.3,189.80191,62.612771,80.6666,124.70824,0.000772,0.358258,FORWARD
2912,93.184,69.53699,69.41277,0.3,0.298567,0.034927,0.299812,0.298567,0.034927,0.068191,197.044215,73.866029,80.76708,124.6894,0.000837,0.358258,FORWARD
2913,93.216,67.899266,70.12503,0.3,0.298626,0.036366,0.299868,0.298626,0.036366,0.3,185.976144,71.292168,80.81104,124.71452,0.000708,0.358258,FORWARD
2914,93.248,64.553294,67.763562,0.3,0.298581,0.037355,0.299908,0.298581,0.037355,0.3,178.366928,62.987876,80.91152,124.69568,0.000837,0.358258,FORWARD
2915,93.28,68.223383,68.833026,0.3,0.298594,0.038226,0.299935,0.298594,0.038226,0.3,171.671974,68.396251,81.00572,124.67684,0.000772,0.358258,FORWARD
2916,93.312,67.415435,66.813508,0.3,0.298602,0.039344,0.299955,0.298602,0.039344,0.3,163.075556,71.97668,81.09992,124.658,0.000772,0.358258,FORWARD
2917,93.344,67.416363,66.099835,0.3,0.298566,0.040671,0.299968,0.298566,0.040671,0.067405,155.476972,76.764828,81.2004,124.63916,0.000837,0.358258,FORWARD
2918,93.376,65.427155,68.756505,0.3,0.298584,0.041674,0.299978,0.298584,0.041674,0.3,151.66302,70.669644,81.24436,124.67056,0.000772,0.358258,FORWARD
2919,93.408,64.188222,67.337158,0.3,0.298596,0.047149,0.299984,0.298596,0.047149,0.3,130.840814,66.611399,81.33856,124.65172,0.000772,0.358258,FORWARD
2920,93.44,66.098326,62.282537,0.3,0.298603,0.045789,0.299989,0.298603,0.045789,0.06839,136.014298,73.131637,81.42648,124.63916,0.000772,0.358258,FORWARD
2921,93.472,63.947843,61.184959,0.3,0.298566,0.046687,0.299992,0.298566,0.046687,0.3,132.598015,66.965002,81.47044,124.67684,0.000837,0.358258,FORWARD
2922,93.504,65.216447,68.358455,0.3,0.298626,0.052748,0.299995,0.298626,0.052748,0.3,115.62723,65.628474,81.55208,124.66428,0.000708,0.358258,FORWARD
2923,93.536,69.756759,64.270122,0.3,0.298581,0.049828,0.299996,0.298581,0.049828,0.3,120.654869,65.538484,81.63372,124.66428,0.000837,0.358258,FORWARD
2924,93.568,65.840448,67.945062,0.3,0.298594,0.053944,0.299997,0.298594,0.053944,0.068533,113.725452,72.603273,81.70908,124.66428,0.000772,0.358258,FORWARD
2925,93.6,67.671582,67.071954,0.3,0.298602,0.053081,0.299998,0.298602,0.053081,0.3,115.097764,66.203797,81.75304,124.69568,0.000772,0.358258,FORWARD
2926,93.632,64.379473,68.61207,0.3,0.298607,0.054584,0.299999,0.298607,0.054584,0.3,112.706705,72.310782,81.8284,124.69568,0.000772,0.358258,FORWARD
2927,93.664,67.439524,71.026966,0.3,0.298569,0.055568,0.299999,0.298569,0.055568,0.3,111.140926,63.112695,81.91004,124.69568,0.000837,0.358258,FORWARD
2928,93.696,66.3142,69.734535,0.3,0.298586,0.062697,0.299999,0.298586,0.062697,0.3,94.136809,68.967171,81.9854,124.69568,0.000772,0.358258,FORWARD
2929,93.728,66.889601,65.104581,0.3,0.298597,0.064762,0.3,0.298597,0.064762,0.3,86.517207,67.416717,82.06076,124.69568,0.000772,0.358258,FORWARD
2930,93.76,77.072894,64.378147,0.067322,0.067322,0.067454,0.230196,0.067322,0.067454,0.3,76.586516,67.595095,82.13612,124.69568,0.000772,0.358258,FORWARD
2931,93.792,68.325277,69.782578,0.3,0.3,0.3,0.251137,0.3,0.3,0.3,68.385877,67.78686,82.21148,124.69568,0.000772,0.545455,FORWARD
2932,93.824,65.630814,67.756381,0.3,0.299649,0.3,0.265796,0.299649,0.3,0.3,64.36785,60.98367,82.24916,124.73336,0.000772,0.545455,FORWARD
2933,93.856,66.461733,64.615586,0.3,0.299319,0.3,0.276057,0.299319,0.3,0.3,62.95086,67.691587,82.28684,124.77732,0.000837,0.427083,FORWARD
2934,93.888,64.833665,68.748613,0.3,0.299067,0.3,0.28324,0.299067,0.3,0.3,69.934293,66.510416,82.3308,124.815,0.000837,0.385403,FORWARD
2935,93.92,70.995975,72.869106,0.068461,0.068461,0.3,0.218806,0.068461,0.3,0.3,69.343791,63.383344,82.36848,124.85268,0.000772,0.369246,FORWARD
2936,93.952,70.152461,65.055549,0.3,0.3,0.3,0.243164,0.3,0.3,0.3,63.548648,70.988307,82.40616,124.89036,0.000772,0.545455,FORWARD
2937,93.984,65.405824,68.417901,0.3,0.299649,0.3,0.260215,0.299649,0.3,0.3,65.502116,68.284266,82.44384,124.92804,0.000772,0.545455,FORWARD
2938,94.016,70.37723,59.848078,0.3,0.299356,0.3,0.272151,0.299356,0.3,0.3,67.057205,70.255333,82.48152,124.96572,0.000772,0.427083,FORWARD
2939,94.048,67.239094,70.250133,0.3,0.29913,0.3,0.280505,0.29913,0.3,0.3,68.157211,63.998965,82.5192,125.0034,0.000772,0.385403,FORWARD
2940,94.08,62.982976,68.159933,0.3,0.298964,0.068291,0.286354,0.298964,0.068291,0.3,73.497565,66.546798,82.55688,125.04108,0.000772,0.369246,FORWARD
2941,94.112,62.733659,68.248085,0.3,0.298806,0.3,0.290448,0.298806,0.3,0.3,64.016645,72.036208,82.63224,125.04736,0.000837,0.362751,FORWARD
2942,94.144,62.537728,63.316099,0.3,0.298742,0.3,0.293313,0.298742,0.3,0.3,62.471475,61.11516,82.66992,125.08504,0.000772,0.360103,FORWARD
2943,94.176,66.940957,63.434233,0.3,0.298698,0.3,0.295319,0.298698,0.3,0.3,68.601046,66.888556,82.7076,125.12272,0.000772,0.359017,FORWARD
2944,94.208,72.229246,67.401694,0.3,0.298628,0.3,0.296724,0.298628,0.3,0.3,62.770226,66.639392,82.75156,125.1604,0.000837,0.35857,FORWARD
2945,94.24,72.776906,69.630037,0.068486,0.068486,0.3,0.228252,0.068486,0.3,0.3,68.382364,63.91782,82.78924,125.19808,0.000772,0.358386,FORWARD
2946,94.272,70.501781,64.844179,0.3,0.3,0.3,0.249777,0.3,0.3,0.3,68.633729,69.984888,82.82692,125.23576,0.000772,0.545455,FORWARD
2947,94.304,68.207975,68.988415,0.3,0.299649,0.068431,0.264844,0.299649,0.3,0.068431,66.23483,72.978437,82.8646,125.27344,0.000772,0.545455,FORWARD
2948,94.336,68.575578,65.163443,0.3,0.299356,0.3,0.275391,0.299356,0.3,0.3,66.2973,68.133996,82.8646,125.3488,0.000772,0.427083,FORWARD
2949,94.368,66.260474,69.263268,0.3,0.29913,0.3,0.282773,0.29913,0.3,0.3,66.598247,63.154949,82.90228,125.38648,0.000772,0.385403,FORWARD
2950,94.4,71.142784,70.302979,0.3,0.298923,0.3,0.287941,0.298923,0.3,0.3,63.430177,66.102425,82.93996,125.43044,0.000837,0.369246,FORWARD
2951,94.432,68.733127,65.618043,0.3,0.298822,0.3,0.291559,0.298822,0.3,0.3,61.189776,58.868231,82.97764,125.46812,0.000772,0.362751,FORWARD
2952,94.464,70.241888,70.522201,0.3,0.29871,0.3,0.294091,0.29871,0.3,0.3,64.593747,62.156443,83.0216,125.5058,0.000837,0.360103,FORWARD
2953,94.496,65.074176,64.915458,0.3,0.298678,0.3,0.295864,0.298678,0.3,0.3,68.525018,65.663087,83.05928,125.54348,0.000772,0.359017,FORWARD
2954,94.528,64.298985,61.758339,0.3,0.298657,0.068525,0.297105,0.298657,0.068525,0.3,72.634473,65.223664,83.09696,125.58116,0.000772,0.35857,FORWARD
2955,94.56,71.158425,68.481095,0.3,0.298643,0.3,0.297973,0.298643,0.3,0.3,61.263904,61.271675,83.17232,125.58116,0.000772,0.358386,FORWARD
2956,94.592,69.918165,69.604451,0.3,0.298633,0.3,0.298581,0.298633,0.3,0.3,63.694542,65.905053,83.21,125.61884,0.000772,0.358311,FORWARD
2957,94.624,67.862125,72.364206,0.068598,0.068598,0.3,0.229586,0.068598,0.3,0.3,63.567164,62.629031,83.24768,125.65652,0.000772,0.358279,FORWARD
2958,94.656,68.048764,73.510535,0.068287,0.068048,0.3,0.181197,0.068048,0.3,0.3,65.569047,64.651504,83.28536,125.70048,0.000837,0.545455,FORWARD
2959,94.688,64.744836,68.551365,0.3,0.3,0.3,0.216838,0.3,0.3,0.3,68.873143,64.567334,83.32304,125.73816,0.000772,0.427083,FORWARD
2960,94.72,68.664406,66.398922,0.3,0.299649,0.3,0.241786,0.299649,0.3,0.3,69.003143,63.909277,83.36072,125.77584,0.000772,0.545455,FORWARD
2961,94.752,65.657634,68.405964,0.3,0.299356,0.3,0.25925,0.299356,0.3,0.3,66.923484,64.615966,83.3984,125.81352,0.000772,0.427083,FORWARD
2962,94.784,63.542779,63.859881,0.3,0.29909,0.3,0.271475,0.29909,0.3,0.3,65.332513,68.509302,83.44236,125.8512,0.000837,0.385403,FORWARD
2963,94.816,67.544027,67.204281,0.3,0.298939,0.3,0.280033,0.298939,0.3,0.3,64.983161,66.275638,83.48004,125.88888,0.000772,0.369246,FORWARD
2964,94.848,71.148382,65.288872,0.3,0.298832,0.3,0.286023,0.298832,0.3,0.3,65.919195,61.368473,83.51772,125.92656,0.000772,0.362751,FORWARD
2965,94.88,72.767571,68.575802,0.068488,0.068488,0.3,0.220763,0.068488,0.3,0.3,64.559588,64.549238,83.5554,125.96424,0.000772,0.360103,FORWARD
2966,94.912,64.799238,68.055144,0.3,0.3,0.068297,0.244534,0.3,0.3,0.068297,70.543822,73.473222,83.59308,126.00192,0.000772,0.545455,FORWARD
2967,94.944,67.98189,70.367839,0.3,0.299649,0.3,0.261174,0.299649,0.3,0.3,62.796274,67.829118,83.59308,126.07728,0.000772,0.545455,FORWARD
2968,94.976,65.599072,60.597427,0.3,0.299319,0.3,0.272822,0.299319,0.3,0.3,64.831395,67.060124,83.63076,126.12124,0.000837,0.427083,FORWARD
2969,95.008,72.131035,67.878654,0.3,0.299107,0.3,0.280975,0.299107,0.3,0.3,68.788583,66.004947,83.66844,126.15892,0.000772,0.385403,FORWARD
2970,95.04,68.577602,65.526706,0.3,0.298909,0.3,0.286683,0.298909,0.3,0.3,65.7071,63.43183,83.7124,126.1966,0.000837,0.369246,FORWARD
2971,95.072,67.099321,67.231745,0.3,0.298812,0.3,0.290678,0.298812,0.3,0.3,68.519837,69.796157,83.75008,126.23428,0.000772,0.362751,FORWARD
2972,95.104,69.195746,68.896575,0.3,0.298746,0.068112,0.293474,0.298746,0.068112,0.3,74.156061,67.054717,83.78776,126.27196,0.000772,0.360103,FORWARD
2973,95.136,64.883468,68.643043,0.3,0.298701,0.3,0.295432,0.298701,0.3,0.3,64.570528,65.628534,83.86312,126.27196,0.000772,0.359017,FORWARD
2974,95.168,65.567779,64.945376,0.3,0.298671,0.3,0.296802,0.298671,0.3,0.3,67.654132,70.676208,83.9008,126.30964,0.000772,0.35857,FORWARD
2975,95.2,68.211828,66.830729,0.3,0.298652,0.3,0.297762,0.298652,0.3,0.3,62.5526,71.229985,83.93848,126.34732,0.000772,0.358386,FORWARD
2976,95.232,66.123857,67.721834,0.3,0.298598,0.3,0.298433,0.298598,0.3,0.3,65.705797,67.412545,83.97616,126.39128,0.000837,0.358311,FORWARD
2977,95.264,64.769696,70.272567,0.3,0.298605,0.3,0.298903,0.298605,0.3,0.3,64.002186,66.102612,84.01384,126.42896,0.000772,0.358279,FORWARD
2978,95.296,70.648717,66.822536,0.3,0.298609,0.3,0.299232,0.298609,0.3,0.3,68.90662,65.970487,84.05152,126.46664,0.000772,0.358267,FORWARD
2979,95.328,65.804948,63.10057,0.3,0.29857,0.3,0.299463,0.29857,0.3,0.3,68.949666,65.545786,84.09548,126.50432,0.000837,0.358261,FORWARD
2980,95.36,60.376431,69.576872,0.3,0.298587,0.3,0.299624,0.298587,0.3,0.3,63.736053,67.652412,84.13316,126.542,0.000772,0.358259,FORWARD
2981,95.392,70.735714,69.296919,0.3,0.298597,0.3,0.299737,0.298597,0.3,0.3,68.005617,62.705537,84.17084,126.57968,0.000772,0.358258,FORWARD
2982,95.424,70.824774,71.020955,0.3,0.298604,0.3,0.299816,0.298604,0.3,0.3,65.862873,63.557728,84.20852,126.61736,0.000772,0.358258,FORWARD
2983,95.456,66.887133,66.446751,0.3,0.298609,0.3,0.299871,0.298609,0.3,0.3,69.149044,69.955915,84.2462,126.65504,0.000772,0.358258,FORWARD
2984,95.488,70.252191,67.376634,0.3,0.298611,0.3,0.29991,0.298611,0.3,0.3,67.058346,66.039108,84.28388,126.69272,0.000772,0.358258,FORWARD
2985,95.52,67.429343,70.837782,0.3,0.298572,0.3,0.299937,0.298572,0.3,0.3,65.626743,67.38842,84.32156,126.73668,0.000837,0.358258,FORWARD
2986,95.552,66.996026,64.121955,0.3,0.298588,0.3,0.299956,0.298588,0.3,0.3,63.756421,70.42981,84.35924,126.77436,0.000772,0.358258,FORWARD
2987,95.584,65.487677,67.103917,0.3,0.298598,0.3,0.299969,0.298598,0.3,0.3,61.048387,68.411189,84.39692,126.81204,0.000772,0.358258,FORWARD
2988,95.616,65.321644,66.68053,0.3,0.298563,0.068567,0.299978,0.298563,0.3,0.068567,64.502084,72.477533,84.44088,126.84972,0.000837,0.358258,FORWARD
2989,95.648,68.049523,62.193468,0.3,0.298582,0.3,0.299985,0.298582,0.3,0.3,65.07138,70.452061,84.44088,126.92508,0.000772,0.358258,FORWARD
2990,95.68,67.309595,65.483197,0.3,0.298594,0.3,0.299989,0.298594,0.3,0.3,66.010661,65.435347,84.47856,126.96276,0.000772,0.358258,FORWARD
2991,95.712,63.31086,65.739296,0.3,0.298602,0.3,0.299993,0.298602,0.3,0.3,68.911834,60.763809,84.51624,127.00044,0.000772,0.358258,FORWARD
2992,95.744,62.74708,66.453667,0.3,0.298607,0.3,0.299995,0.298607,0.3,0.3,63.689008,63.673446,84.55392,127.03812,0.000772,0.358258,FORWARD
2993,95.776,64.714616,65.815978,0.3,0.298611,0.3,0.299996,0.298611,0.3,0.3,65.992043,65.786011,84.5916,127.0758,0.000772,0.358258,FORWARD
2994,95.808,66.654855,69.635894,0.3,0.298571,0.3,0.299997,0.298571,0.3,0.3,68.032133,64.322022,84.62928,127.11976,0.000837,0.358258,FORWARD
2995,95.84,73.466888,66.716082,0.068299,0.068299,0.3,0.230488,0.068299,0.3,0.3,68.39442,65.595001,84.66696,127.15744,0.000772,0.358258,FORWARD
2996,95.872,65.029629,63.944664,0.3,0.3,0.3,0.251342,0.3,0.3,0.3,67.993653,63.952047,84.71092,127.19512,0.000837,0.545455,FORWARD
2997,95.904,69.680578,65.551778,0.3,0.299649,0.3,0.265939,0.299649,0.3,0.3,69.295476,60.965806,84.7486,127.2328,0.000772,0.545455,FORWARD
2998,95.936,60.673151,63.501282,0.3,0.299356,0.3,0.276157,0.299356,0.3,0.3,70.932295,68.227293,84.78628,127.27048,0.000772,0.427083,FORWARD
2999,95.968,70.829767,66.421012,0.3,0.29913,0.3,0.28331,0.29913,0.3,0.3,65.193385,66.842411,84.82396,127.30816,0.000772,0.385403,FORWARD
3000,96.0,68.463919,69.14565,0.3,0.298964,0.3,0.288317,0.298964,0.3,0.3,63.699089,68.357227,84.86164,127.34584,0.000772,0.369246,FORWARD
3001,96.032,62.540538,64.151959,0.3,0.298847,0.3,0.291822,0.298847,0.3,0.3,67.137716,67.06662,84.89932,127.38352,0.000772,0.362751,FORWARD
3002,96.064,69.362222,66.716066,0.3,0.298768,0.3,0.294275,0.298768,0.3,0.3,70.103582,64.642312,84.937,127.4212,0.000772,0.360103,FORWARD
3003,96.096,60.789848,72.567133,0.068543,0.068543,0.3,0.226556,0.068543,0.3,0.3,69.043689,61.792288,84.97468,127.46516,0.000837,0.359017,FORWARD
3004,96.128,70.185969,67.585839,0.3,0.3,0.3,0.248589,0.3,0.3,0.3,65.894787,62.314089,85.01236,127.50284,0.000772,0.545455,FORWARD
3005,96.16,65.225638,62.488519,0.3,0.29962,0.068017,0.264012,0.29962,0.068017,0.068444,74.507434,72.930617,85.05632,127.54052,0.000837,0.545455,FORWARD
3006,96.192,61.389943,64.277032,0.3,0.29934,0.3,0.274809,0.29934,0.3,0.3,67.204794,67.826838,85.094,127.5782,0.000772,0.427083,FORWARD
3007,96.224,69.483577,69.465372,0.3,0.299119,0.068177,0.282366,0.299119,0.3,0.068177,68.285359,73.91695,85.13168,127.61588,0.000772,0.385403,FORWARD
3008,96.256,66.291866,69.797216,0.3,0.298957,0.3,0.287656,0.298957,0.3,0.3,70.668533,67.274003,85.13168,127.69124,0.000772,0.369246,FORWARD
3009,96.288,64.6501,64.628206,0.3,0.298843,0.068111,0.291359,0.298843,0.068111,0.3,74.161668,71.276949,85.16936,127.72892,0.000772,0.362751,FORWARD
3010,96.32,66.812073,66.098479,0.3,0.298766,0.068308,0.293952,0.298766,0.068308,0.3,73.434101,62.942381,85.24472,127.72892,0.000772,0.360103,FORWARD
3011,96.352,62.837314,68.313001,0.3,0.298672,0.3,0.295766,0.298672,0.3,0.3,63.318421,70.598375,85.32008,127.7352,0.000837,0.359017,FORWARD
3012,96.384,69.138579,75.384758,0.067779,0.067779,0.3,0.22737,0.067779,0.3,0.3,66.857109,71.903386,85.35776,127.77288,0.000772,0.35857,FORWARD
3013,96.416,71.918662,65.40461,0.3,0.3,0.3,0.249159,0.3,0.3,0.3,70.798264,62.167462,85.39544,127.81056,0.000772,0.545455,FORWARD
3014,96.448,69.125109,67.510598,0.3,0.29962,0.3,0.264411,0.29962,0.3,0.3,63.027293,68.438746,85.4394,127.84824,0.000837,0.545455,FORWARD
3015,96.48,67.131297,66.38289,0.3,0.29934,0.3,0.275088,0.29934,0.3,0.3,67.98648,71.472168,85.47708,127.88592,0.000772,0.427083,FORWARD
3016,96.512,63.476012,65.680928,0.3,0.299119,0.06828,0.282562,0.299119,0.3,0.06828,60.219043,73.537842,85.51476,127.9236,0.000772,0.385403,FORWARD
3017,96.544,65.074276,63.804714,0.3,0.298957,0.3,0.287793,0.298957,0.3,0.3,66.340565,67.982408,85.51476,127.99896,0.000772,0.369246,FORWARD
3018,96.576,63.982425,61.798319,0.3,0.298843,0.3,0.291455,0.298843,0.3,0.3,65.317929,66.468992,85.55244,128.03664,0.000772,0.362751,FORWARD
3019,96.608,64.960804,68.347701,0.3,0.298766,0.3,0.294019,0.298766,0.3,0.3,66.378326,69.130744,85.59012,128.07432,0.000772,0.360103,FORWARD
3020,96.64,70.567637,69.524656,0.3,0.298714,0.068387,0.295813,0.298714,0.068387,0.3,73.140184,69.647623,85.6278,128.112,0.000772,0.359017,FORWARD
3021,96.672,66.079124,64.306255,0.3,0.298638,0.3,0.297069,0.298638,0.3,0.3,70.976882,67.763081,85.70316,128.11828,0.000837,0.35857,FORWARD
3022,96.704,69.003091,65.306185,0.3,0.298631,0.3,0.297948,0.298631,0.3,0.3,65.56555,59.451104,85.74084,128.15596,0.000772,0.358386,FORWARD
3023,96.736,69.558854,70.368246,0.3,0.298584,0.3,0.298564,0.298584,0.3,0.3,67.639254,66.529272,85.7848,128.19364,0.000837,0.358311,FORWARD
3024,96.768,64.856009,65.792556,0.3,0.298596,0.3,0.298995,0.298596,0.3,0.3,69.282413,69.93625,85.82248,128.23132,0.000772,0.358279,FORWARD
3025,96.8,60.661451,68.654612,0.3,0.298603,0.3,0.299296,0.298603,0.3,0.3,62.33001,60.269744,85.86016,128.269,0.000772,0.358267,FORWARD
3026,96.832,68.588543,67.24974,0.3,0.298608,0.3,0.299507,0.298608,0.3,0.3,63.513347,68.422492,85.89784,128.30668,0.000772,0.358261,FORWARD
3027,96.864,67.10934,63.518008,0.3,0.298611,0.3,0.299655,0.298611,0.3,0.3,69.64663,68.946212,85.93552,128.34436,0.000772,0.358259,FORWARD
3028,96.896,69.585605,65.436512,0.3,0.298613,0.3,0.299759,0.298613,0.3,0.3,69.179994,64.524015,85.9732,128.38204,0.000772,0.358258,FORWARD
3029,96.928,66.458624,66.896263,0.3,0.298573,0.068341,0.299831,0.298573,0.068341,0.3,73.311103,67.993857,86.01088,128.426,0.000837,0.358258,FORWARD
3030,96.96,59.649213,65.552147,0.3,0.298588,0.3,0.299882,0.298588,0.3,0.3,61.349979,67.051101,86.08624,128.426,0.000772,0.358258,FORWARD
3031,96.992,67.974838,66.845407,0.3,0.298598,0.3,0.299917,0.298598,0.3,0.3,61.888947,66.886694,86.12392,128.46368,0.000772,0.358258,FORWARD
3032,97.024,66.225805,65.210063,0.3,0.298605,0.06759,0.299942,0.298605,0.06759,0.3,76.08214,61.541067,86.1616,128.50136,0.000772,0.358258,FORWARD
3033,97.056,63.467634,70.1005,0.3,0.298609,0.3,0.299959,0.298609,0.3,0.3,69.802355,63.292428,86.23696,128.50136,0.000772,0.358258,FORWARD
3034,97.088,67.201944,62.041764,0.3,0.29857,0.3,0.299972,0.29857,0.3,0.3,65.017383,63.627615,86.28092,128.53904,0.000837,0.358258,FORWARD
3035,97.12,72.25198,72.213513,0.3,0.298587,0.3,0.29998,0.298587,0.3,0.3,66.758703,67.381493,86.3186,128.57672,0.000772,0.358258,FORWARD
3036,97.152,70.943446,68.677796,0.3,0.298556,0.3,0.299986,0.298556,0.3,0.3,65.743662,69.80277,86.35628,128.62068,0.000837,0.358258,FORWARD
3037,97.184,65.845966,71.5368,0.3,0.298578,0.3,0.29999,0.298578,0.3,0.3,63.290889,67.840405,86.39396,128.65836,0.000772,0.358258,FORWARD
3038,97.216,62.913714,70.334703,0.3,0.298592,0.3,0.299993,0.298592,0.3,0.3,66.830575,65.267519,86.43164,128.69604,0.000772,0.358258,FORWARD
3039,97.248,65.987133,71.510708,0.3,0.2986,0.3,0.299995,0.2986,0.3,0.3,64.115998,65.1788,86.46932,128.73372,0.000772,0.358258,FORWARD
3040,97.28,66.544703,70.578272,0.3,0.298606,0.067894,0.299997,0.298606,0.067894,0.3,74.961604,67.276804,86.507,128.7714,0.000772,0.358258,FORWARD
3041,97.312,66.097288,64.439116,0.3,0.29861,0.3,0.299998,0.29861,0.3,0.3,68.029604,63.138872,86.58236,128.7714,0.000772,0.358258,FORWARD
3042,97.344,60.992943,65.944275,0.3,0.298612,0.3,0.299998,0.298612,0.3,0.3,65.944943,71.833314,86.62004,128.80908,0.000772,0.358258,FORWARD
3043,97.376,71.478444,61.670671,0.3,0.298572,0.3,0.299999,0.298572,0.3,0.3,64.214944,71.046188,86.664,128.84676,0.000837,0.358258,FORWARD
3044,97.408,71.979764,67.132428,0.3,0.298547,0.3,0.299999,0.298547,0.3,0.3,70.848369,71.777842,86.70168,128.89072,0.000837,0.358258,FORWARD
3045,97.44,68.282519,68.100857,0.3,0.298572,0.3,0.299999,0.298572,0.3,0.3,64.997583,68.930773,86.73936,128.9284,0.000772,0.358258,FORWARD
3046,97.472,63.519494,70.284966,0.3,0.298588,0.3,0.3,0.298588,0.3,0.3,67.748004,67.220246,86.77704,128.96608,0.000772,0.358258,FORWARD
3047,97.504,70.728262,68.843813,0.3,0.298598,0.3,0.3,0.298598,0.3,0.3,65.796517,62.933849,86.81472,129.00376,0.000772,0.358258,FORWARD
3048,97.536,65.569169,65.43557,0.3,0.298605,0.068584,0.3,0.298605,0.068584,0.3,72.414704,69.404905,86.8524,129.04144,0.000772,0.358258,FORWARD
3049,97.568,61.198354,70.369801,0.3,0.298609,0.3,0.3,0.298609,0.3,0.3,68.274573,70.614597,86.92776,129.04144,0.000772,0.358258,FORWARD
3050,97.6,63.145283,72.671552,0.068514,0.068514,0.3,0.230554,0.068514,0.3,0.3,68.974285,65.766201,86.96544,129.07912,0.000772,0.358258,FORWARD
3051,97.632,65.757631,66.441162,0.3,0.3,0.3,0.251388,0.3,0.3,0.3,66.158797,60.731712,87.00312,129.1168,0.000772,0.545455,FORWARD
3052,97.664,65.247791,66.896449,0.3,0.29962,0.3,0.265972,0.29962,0.3,0.3,70.417012,68.902775,87.0408,129.16076,0.000837,0.545455,FORWARD
3053,97.696,70.37632,65.067816,0.3,0.299303,0.3,0.27618,0.299303,0.3,0.3,69.799919,62.548157,87.08476,129.19844,0.000837,0.427083,FORWARD
3054,97.728,67.534312,64.447824,0.3,0.299097,0.3,0.283326,0.299097,0.3,0.3,70.66699,66.413522,87.12244,129.23612,0.000772,0.385403,FORWARD
3055,97.76,63.454438,64.577766,0.3,0.298943,0.3,0.288328,0.298943,0.3,0.3,70.618734,72.32012,87.16012,129.2738,0.000772,0.369246,FORWARD
3056,97.792,65.477545,68.734194,0.3,0.298834,0.3,0.29183,0.298834,0.3,0.3,67.953742,67.212894,87.1978,129.31148,0.000772,0.362751,FORWARD
3057,97.824,65.157813,66.259671,0.3,0.29876,0.3,0.294281,0.29876,0.3,0.3,62.915759,67.139386,87.23548,129.34916,0.000772,0.360103,FORWARD
3058,97.856,68.146603,70.428855,0.3,0.29871,0.3,0.295997,0.29871,0.3,0.3,62.176051,64.567216,87.27316,129.38684,0.000772,0.359017,FORWARD
3059,97.888,75.134921,69.789499,0.067847,0.067847,0.3,0.227552,0.067847,0.3,0.3,70.071569,68.930507,87.31084,129.42452,0.000772,0.35857,FORWARD
3060,97.92,67.12569,64.885116,0.3,0.3,0.3,0.249286,0.3,0.3,0.3,64.690604,63.693393,87.34852,129.4622,0.000772,0.545455,FORWARD
3061,97.952,69.948714,74.025026,0.068148,0.068148,0.3,0.194945,0.068148,0.3,0.3,66.149741,69.802032,87.3862,129.50616,0.000837,0.545455,FORWARD
3062,97.984,64.990713,65.128567,0.3,0.3,0.3,0.226461,0.3,0.3,0.3,66.03055,67.891156,87.43016,129.54384,0.000837,0.545455,FORWARD
3063,98.016,66.577965,68.827252,0.3,0.299649,0.3,0.248523,0.299649,0.3,0.3,71.08197,69.657313,87.46784,129.58152,0.000772,0.545455,FORWARD
3064,98.048,64.172509,74.291797,0.068075,0.068075,0.3,0.194389,0.068075,0.3,0.3,72.23184,66.636681,87.50552,129.6192,0.000772,0.427083,FORWARD
3065,98.08,72.349117,66.263087,0.3,0.3,0.3,0.226072,0.3,0.3,0.3,66.873093,66.041827,87.5432,129.65688,0.000772,0.545455,FORWARD
3066,98.112,64.002571,63.617332,0.3,0.299649,0.3,0.24825,0.299649,0.3,0.3,68.577264,63.855567,87.58088,129.69456,0.000772,0.545455,FORWARD
3067,98.144,65.239427,67.517829,0.3,0.299356,0.3,0.263775,0.299356,0.3,0.3,65.579112,71.549666,87.61856,129.73224,0.000772,0.427083,FORWARD
3068,98.176,65.190439,69.631007,0.3,0.29913,0.3,0.274643,0.29913,0.3,0.3,70.844661,69.061505,87.65624,129.76992,0.000772,0.385403,FORWARD
3069,98.208,62.756889,67.419217,0.3,0.298923,0.3,0.28225,0.298923,0.3,0.3,69.985378,66.859289,87.69392,129.81388,0.000837,0.369246,FORWARD
3070,98.24,59.827776,69.117228,0.3,0.298781,0.3,0.287575,0.298781,0.3,0.3,64.89398,70.654345,87.73788,129.85156,0.000837,0.362751,FORWARD
3071,98.272,71.362935,65.923704,0.3,0.298725,0.3,0.291302,0.298725,0.3,0.3,67.968454,70.256562,87.77556,129.88924,0.000772,0.360103,FORWARD
3072,98.304,65.590623,68.014242,0.3,0.298688,0.3,0.293912,0.298688,0.3,0.3,62.432446,67.434088,87.81324,129.92692,0.000772,0.359017,FORWARD
3073,98.336,64.678608,67.848645,0.3,0.298663,0.3,0.295738,0.298663,0.3,0.3,66.404453,68.999381,87.85092,129.9646,0.000772,0.35857,FORWARD
3074,98.368,72.676754,66.286819,0.068513,0.068513,0.3,0.227571,0.068513,0.3,0.3,69.60973,69.618104,87.8886,130.00228,0.000772,0.358386,FORWARD
3075,98.4,72.464035,66.50564,0.068571,0.068193,0.3,0.179871,0.068193,0.3,0.3,71.496316,71.937095,87.92628,130.03996,0.000772,0.545455,FORWARD
3076,98.432,67.223672,67.332533,0.3,0.3,0.068362,0.215909,0.3,0.068362,0.3,73.235061,68.374833,87.96396,130.07764,0.000772,0.427083,FORWARD
3077,98.464,65.945073,66.873936,0.3,0.29962,0.3,0.241137,0.29962,0.3,0.3,62.521842,65.624668,88.03932,130.08392,0.000837,0.545455,FORWARD
3078,98.496,69.353913,65.980423,0.3,0.29934,0.068541,0.258796,0.29934,0.068541,0.3,72.574651,64.189321,88.077,130.1216,0.000772,0.427083,FORWARD
3079,98.528,69.353238,64.978696,0.3,0.299119,0.3,0.271157,0.299119,0.3,0.3,64.269947,70.08304,88.15236,130.1216,0.000772,0.385403,FORWARD
3080,98.56,69.412255,64.885888,0.3,0.298957,0.3,0.27981,0.298957,0.3,0.3,62.176766,65.9109,88.19004,130.15928,0.000772,0.369246,FORWARD
3081,98.592,66.999452,66.142843,0.3,0.298802,0.3,0.285867,0.298802,0.3,0.3,65.211009,68.59664,88.234,130.19696,0.000837,0.362751,FORWARD
3082,98.624,64.675387,63.801488,0.3,0.298739,0.3,0.290107,0.298739,0.3,0.3,66.31603,63.979013,88.27168,130.23464,0.000772,0.360103,FORWARD
3083,98.656,69.009427,74.983407,0.067888,0.067888,0.3,0.223441,0.067888,0.3,0.3,63.43032,62.950721,88.30936,130.27232,0.000772,0.359017,FORWARD
3084,98.688,69.77105,65.726898,0.3,0.3,0.3,0.246409,0.3,0.3,0.3,66.789236,67.7559,88.34704,130.31,0.000772,0.545455,FORWARD
3085,98.72,67.645205,69.103696,0.3,0.29962,0.3,0.262486,0.29962,0.3,0.3,66.794259,69.19646,88.38472,130.35396,0.000837,0.545455,FORWARD
3086,98.752,61.691527,69.479641,0.3,0.29934,0.3,0.27374,0.29934,0.3,0.3,66.290672,64.338595,88.4224,130.39164,0.000772,0.427083,FORWARD
3087,98.784,70.921754,63.833345,0.3,0.299119,0.3,0.281618,0.299119,0.3,0.3,70.372651,68.346367,88.46008,130.42932,0.000772,0.385403,FORWARD
3088,98.816,64.457118,74.289166,0.068076,0.068076,0.3,0.217556,0.068076,0.3,0.3,64.964091,60.667051,88.49776,130.467,0.000772,0.369246,FORWARD
3089,98.848,67.935116,69.24908,0.3,0.3,0.3,0.242289,0.3,0.3,0.3,66.124533,65.385275,88.53544,130.50468,0.000772,0.545455,FORWARD
3090,98.88,68.541684,67.449674,0.3,0.29962,0.3,0.259602,0.29962,0.3,0.3,68.262411,66.852808,88.5794,130.54236,0.000837,0.545455,FORWARD
3091,98.912,67.064639,69.093914,0.3,0.29934,0.3,0.271722,0.29934,0.3,0.3,64.600911,68.544953,88.61708,130.58004,0.000772,0.427083,FORWARD
3092,98.944,71.121516,65.808638,0.3,0.299119,0.3,0.280205,0.299119,0.3,0.3,69.485582,62.998756,88.65476,130.61772,0.000772,0.385403,FORWARD
3093,98.976,73.894988,70.475013,0.068183,0.068183,0.3,0.216598,0.068183,0.3,0.3,67.30319,67.774873,88.69244,130.6554,0.000772,0.369246,FORWARD
3094,99.008,60.570632,71.428316,0.3,0.3,0.3,0.241619,0.3,0.3,0.3,64.774759,63.905991,88.73012,130.69936,0.000837,0.545455,FORWARD
3095,99.04,63.821559,66.581788,0.3,0.299649,0.06834,0.259133,0.299649,0.3,0.06834,68.961232,73.313631,88.7678,130.73704,0.000772,0.545455,FORWARD
3096,99.072,73.257773,66.397281,0.068356,0.068356,0.3,0.2019,0.068356,0.3,0.3,66.351467,66.210655,88.7678,130.8124,0.000772,0.427083,FORWARD
3097,99.104,65.769053,67.418165,0.3,0.3,0.3,0.23133,0.3,0.3,0.3,66.460075,64.590077,88.80548,130.85008,0.000772,0.545455,FORWARD
3098,99.136,63.748476,67.190175,0.3,0.29962,0.3,0.251931,0.29962,0.3,0.3,67.886544,68.141024,88.84944,130.88776,0.000837,0.545455,FORWARD
3099,99.168,63.796547,59.91102,0.3,0.29934,0.3,0.266352,0.29934,0.3,0.3,71.656421,63.540445,88.88712,130.92544,0.000772,0.427083,FORWARD
3100,99.2,67.073779,67.807216,0.3,0.299119,0.3,0.276446,0.299119,0.3,0.3,67.934863,63.042091,88.9248,130.96312,0.000772,0.385403,FORWARD
3101,99.232,74.482708,61.985312,0.068024,0.068024,0.068296,0.213919,0.068024,0.3,0.068296,70.713436,73.476796,88.96248,131.0008,0.000772,0.369246,FORWARD
3102,99.264,66.032101,66.184297,0.3,0.3,0.3,0.239744,0.3,0.3,0.3,65.321393,65.425454,88.96248,131.07616,0.000772,0.545455,FORWARD
3103,99.296,63.225717,65.885049,0.3,0.299649,0.067486,0.257821,0.299649,0.067486,0.3,76.465303,68.228181,89.00016,131.11384,0.000772,0.545455,FORWARD
3104,99.328,70.068848,65.967332,0.3,0.299319,0.3,0.270474,0.299319,0.3,0.3,66.228129,66.423196,89.07552,131.12012,0.000837,0.427083,FORWARD
3105,99.36,63.812061,68.928344,0.3,0.299107,0.3,0.279332,0.299107,0.3,0.3,70.470426,64.25147,89.1132,131.1578,0.000772,0.385403,FORWARD
3106,99.392,67.653339,68.627047,0.3,0.298909,0.3,0.285532,0.298909,0.3,0.3,68.119349,70.095081,89.15716,131.19548,0.000837,0.369246,FORWARD
3107,99.424,67.111289,68.90338,0.3,0.298812,0.3,0.289873,0.298812,0.3,0.3,65.691636,64.911657,89.19484,131.23316,0.000772,0.362751,FORWARD
3108,99.456,65.647253,64.557611,0.3,0.298746,0.3,0.292911,0.298746,0.3,0.3,65.772112,69.441716,89.23252,131.27084,0.000772,0.360103,FORWARD
3109,99.488,67.718537,71.312787,0.3,0.298701,0.3,0.295038,0.298701,0.3,0.3,65.959788,67.786984,89.2702,131.30852,0.000772,0.359017,FORWARD
3110,99.52,64.378005,69.200469,0.3,0.298671,0.3,0.296526,0.298671,0.3,0.3,67.560711,67.549393,89.30788,131.3462,0.000772,0.35857,FORWARD
3111,99.552,62.193204,66.387085,0.3,0.298652,0.3,0.297568,0.298652,0.3,0.3,64.284292,66.289046,89.34556,131.38388,0.000772,0.358386,FORWARD
3112,99.584,66.864635,73.772811,0.068216,0.068216,0.3,0.228763,0.068216,0.3,0.3,70.250689,69.516831,89.38324,131.42156,0.000772,0.358311,FORWARD
3113,99.616,71.599363,69.726056,0.3,0.3,0.06859,0.250134,0.3,0.3,0.06859,64.61145,72.391809,89.42092,131.46552,0.000837,0.545455,FORWARD
3114,99.648,59.426065,62.312758,0.3,0.29962,0.3,0.265094,0.29962,0.3,0.3,61.2263,70.332576,89.4272,131.54088,0.000837,0.545455,FORWARD
3115,99.68,67.242936,69.356381,0.3,0.29934,0.3,0.275566,0.29934,0.3,0.3,65.123535,64.480797,89.46488,131.57856,0.000772,0.427083,FORWARD
3116,99.712,67.047576,67.674049,0.3,0.299119,0.3,0.282896,0.299119,0.3,0.3,67.696486,61.079907,89.50256,131.61624,0.000772,0.385403,FORWARD
3117,99.744,68.743883,63.107394,0.3,0.298957,0.068212,0.288027,0.298957,0.068212,0.3,73.788064,63.873526,89.54024,131.65392,0.000772,0.369246,FORWARD
3118,99.776,66.2911,59.263954,0.3,0.298843,0.3,0.291619,0.298843,0.3,0.3,69.626811,66.387477,89.6156,131.65392,0.000772,0.362751,FORWARD
3119,99.808,61.802591,63.16094,0.3,0.298766,0.3,0.294133,0.298766,0.3,0.3,67.584678,63.874964,89.65328,131.6916,0.000772,0.360103,FORWARD
3120,99.84,65.807305,73.511242,0.068287,0.068287,0.3,0.226379,0.068287,0.3,0.3,69.55035,68.098771,89.69096,131.72928,0.000772,0.359017,FORWARD
3121,99.872,66.63379,65.307227,0.3,0.3,0.3,0.248466,0.3,0.3,0.3,65.49596,71.739304,89.72864,131.76696,0.000772,0.545455,FORWARD
3122,99.904,70.602074,69.780782,0.3,0.29962,0.068426,0.263926,0.29962,0.068426,0.3,72.999741,68.153433,89.76632,131.81092,0.000837,0.545455,FORWARD
3123,99.936,72.839513,71.225993,0.068469,0.068469,0.3,0.205289,0.068469,0.3,0.3,68.992158,69.034323,89.84168,131.81092,0.000772,0.427083,FORWARD
3124,99.968,64.986695,67.059638,0.3,0.3,0.3,0.233702,0.3,0.3,0.3,69.536555,67.324298,89.87936,131.8486,0.000772,0.545455,FORWARD
3125,100.0,67.918796,67.010935,0.3,0.29962,0.3,0.253592,0.29962,0.3,0.3,69.373212,65.775484,89.92332,131.88628,0.000837,0.545455,FORWARD
3126,100.032,66.270521,66.701464,0.3,0.29934,0.068466,0.267514,0.29934,0.3,0.068466,68.823113,72.849832,89.961,131.92396,0.000772,0.427083,FORWARD
3127,100.064,70.999743,67.590269,0.3,0.299119,0.3,0.27726,0.299119,0.3,0.3,70.038305,64.831411,89.961,131.99932,0.000772,0.385403,FORWARD
3128,100.096,68.297753,67.083128,0.3,0.298957,0.3,0.284082,0.298957,0.3,0.3,63.086971,70.904868,89.99868,132.037,0.000772,0.369246,FORWARD
3129,100.128,70.084273,68.743984,0.3,0.298843,0.3,0.288857,0.298843,0.3,0.3,64.498944,70.409235,90.03636,132.07468,0.000772,0.362751,FORWARD
3130,100.16,65.59706,69.873814,0.3,0.298724,0.3,0.2922,0.298724,0.3,0.3,67.019878,66.848376,90.07404,132.11864,0.000837,0.360103,FORWARD
3131,100.192,67.794837,66.512594,0.3,0.298687,0.3,0.29454,0.298687,0.3,0.3,65.060725,67.466585,90.11172,132.15632,0.000772,0.359017,FORWARD
3132,100.224,69.193926,68.037826,0.3,0.298662,0.3,0.296178,0.298662,0.3,0.3,68.134524,71.752604,90.1494,132.194,0.000772,0.35857,FORWARD
3133,100.256,69.640982,67.813801,0.3,0.298605,0.3,0.297325,0.298605,0.3,0.3,65.247791,65.83105,90.19336,132.23168,0.000837,0.358386,FORWARD
3134,100.288,66.79044,68.82185,0.3,0.298609,0.3,0.298127,0.298609,0.3,0.3,61.700897,63.922405,90.23104,132.26936,0.000772,0.358311,FORWARD
3135,100.32,69.849803,69.226454,0.3,0.298612,0.3,0.298689,0.298612,0.3,0.3,67.70644,67.781766,90.26872,132.30704,0.000772,0.358279,FORWARD
3136,100.352,71.99026,70.615679,0.3,0.298613,0.3,0.299082,0.298613,0.3,0.3,65.063143,69.928627,90.3064,132.34472,0.000772,0.358267,FORWARD
3137,100.384,60.943121,69.983899,0.3,0.298614,0.3,0.299358,0.298614,0.3,0.3,66.352604,68.360435,90.34408,132.3824,0.000772,0.358261,FORWARD
3138,100.416,66.628042,69.511799,0.3,0.298615,0.068477,0.29955,0.298615,0.3,0.068477,66.250662,72.808836,90.38176,132.42008,0.000772,0.358259,FORWARD
3139,100.448,67.853994,67.078373,0.3,0.298616,0.3,0.299685,0.298616,0.3,0.3,66.103883,64.072701,90.38176,132.49544,0.000772,0.358258,FORWARD
3140,100.48,66.890675,60.598878,0.3,0.298575,0.3,0.29978,0.298575,0.3,0.3,61.691166,67.252161,90.41944,132.5394,0.000837,0.358258,FORWARD
3141,100.512,67.163141,75.344658,0.06779,0.06779,0.068244,0.230183,0.06779,0.068244,0.3,73.669819,68.993701,90.4634,132.57708,0.000837,0.358258,FORWARD
3142,100.544,66.484005,65.325886,0.3,0.3,0.3,0.251128,0.3,0.3,0.3,65.43622,70.704744,90.53876,132.57708,0.000772,0.545455,FORWARD
3143,100.576,66.931947,65.049243,0.3,0.299649,0.3,0.26579,0.299649,0.3,0.3,66.73841,69.297543,90.57644,132.61476,0.000772,0.545455,FORWARD
3144,100.608,67.118123,71.375199,0.3,0.299356,0.067959,0.276053,0.299356,0.3,0.067959,65.242417,74.722263,90.61412,132.65244,0.000772,0.427083,FORWARD
3145,100.64,71.324908,57.864775,0.3,0.29913,0.3,0.283237,0.29913,0.3,0.3,71.039587,59.095157,90.61412,132.7278,0.000772,0.385403,FORWARD
3146,100.672,69.255118,69.226387,0.3,0.298964,0.3,0.288266,0.298964,0.3,0.3,60.535461,63.952534,90.6518,132.76548,0.000772,0.369246,FORWARD
3147,100.704,69.462566,64.531547,0.3,0.298847,0.068587,0.291786,0.298847,0.3,0.068587,65.150497,72.403381,90.68948,132.80316,0.000772,0.362751,FORWARD
3148,100.736,74.242307,66.179247,0.068089,0.068089,0.3,0.224677,0.068089,0.3,0.3,65.48783,65.8279,90.68948,132.87852,0.000772,0.360103,FORWARD
3149,100.768,71.060545,71.55701,0.3,0.3,0.3,0.247274,0.3,0.3,0.3,63.681427,64.827685,90.73344,132.9162,0.000837,0.545455,FORWARD
3150,100.8,68.307108,67.919364,0.3,0.29962,0.3,0.263092,0.29962,0.3,0.3,69.271624,68.347178,90.77112,132.96016,0.000837,0.545455,FORWARD
3151,100.832,74.193369,63.457998,0.068102,0.068102,0.3,0.204595,0.068102,0.3,0.3,65.835802,67.757584,90.8088,132.99784,0.000772,0.427083,FORWARD
3152,100.864,68.974263,70.330559,0.3,0.3,0.3,0.233216,0.3,0.3,0.3,66.584356,65.694053,90.84648,133.03552,0.000772,0.545455,FORWARD
3153,100.896,69.219112,70.305153,0.3,0.299649,0.3,0.253251,0.299649,0.3,0.3,66.864228,69.764938,90.88416,133.0732,0.000772,0.545455,FORWARD
3154,100.928,67.132559,67.269299,0.3,0.299356,0.3,0.267276,0.299356,0.3,0.3,69.89985,65.83676,90.92184,133.11088,0.000772,0.427083,FORWARD
3155,100.96,63.777753,61.065728,0.3,0.29913,0.068007,0.277093,0.29913,0.068498,0.068007,72.731903,74.543804,90.95952,133.14856,0.000772,0.385403,FORWARD
3156,100.992,68.924073,63.749315,0.3,0.298964,0.3,0.283965,0.298964,0.3,0.3,69.55785,66.073981,90.9972,133.18624,0.000772,0.369246,FORWARD
3157,101.024,66.190638,64.078597,0.3,0.298847,0.3,0.288776,0.298847,0.3,0.3,66.634511,63.265501,91.03488,133.22392,0.000772,0.362751,FORWARD
3158,101.056,70.507332,70.523634,0.3,0.298727,0.3,0.292143,0.298727,0.3,0.3,71.304273,65.732867,91.07884,133.2616,0.000837,0.360103,FORWARD
3159,101.088,68.105038,65.996873,0.3,0.298648,0.3,0.2945,0.298648,0.3,0.3,68.520071,68.793229,91.11652,133.30556,0.000837,0.359017,FORWARD
3160,101.12,64.265727,73.358649,0.068328,0.068328,0.3,0.226649,0.068328,0.3,0.3,64.338015,66.344435,91.1542,133.34324,0.000772,0.35857,FORWARD
3161,101.152,67.694032,63.673137,0.3,0.3,0.3,0.248654,0.3,0.3,0.3,67.530645,66.056831,91.19188,133.38092,0.000772,0.545455,FORWARD
3162,101.184,68.60848,71.116871,0.3,0.299649,0.067782,0.264058,0.299649,0.067782,0.3,75.374512,64.437811,91.22956,133.4186,0.000772,0.545455,FORWARD
3163,101.216,65.692277,66.989409,0.3,0.299356,0.3,0.27484,0.299356,0.3,0.3,67.032983,66.174197,91.30492,133.4186,0.000772,0.427083,FORWARD
3164,101.248,69.276752,65.135009,0.3,0.29913,0.3,0.282388,0.29913,0.3,0.3,67.275909,70.689043,91.3426,133.45628,0.000772,0.385403,FORWARD
3165,101.28,60.791402,65.489072,0.3,0.298964,0.3,0.287672,0.298964,0.3,0.3,70.288351,69.440796,91.38028,133.49396,0.000772,0.369246,FORWARD
3166,101.312,69.548467,66.792981,0.3,0.298847,0.3,0.29137,0.298847,0.3,0.3,63.075257,66.820911,91.41796,133.53164,0.000772,0.362751,FORWARD
3167,101.344,66.12454,71.199826,0.3,0.298686,0.3,0.293959,0.298686,0.3,0.3,63.643804,67.341653,91.46192,133.5756,0.000901,0.360103,FORWARD
3168,101.376,63.882772,67.271807,0.3,0.298663,0.067964,0.295771,0.298663,0.3,0.067964,65.633982,74.70258,91.4996,133.61328,0.000772,0.359017,FORWARD
3169,101.408,68.933338,69.600499,0.3,0.298647,0.3,0.29704,0.298647,0.3,0.3,71.049053,68.721688,91.4996,133.68864,0.000772,0.35857,FORWARD
3170,101.44,66.814642,65.058421,0.3,0.298636,0.3,0.297928,0.298636,0.3,0.3,69.51069,71.433373,91.53728,133.72632,0.000772,0.358386,FORWARD
3171,101.472,65.406256,66.201446,0.3,0.298629,0.3,0.29855,0.298629,0.3,0.3,61.424651,63.819699,91.57496,133.764,0.000772,0.358311,FORWARD
3172,101.504,68.753576,66.351759,0.3,0.298625,0.3,0.298985,0.298625,0.3,0.3,70.232513,59.838223,91.61264,133.80168,0.000772,0.358279,FORWARD
3173,101.536,67.122227,68.765892,0.3,0.298622,0.3,0.299289,0.298622,0.3,0.3,65.835593,62.933247,91.65032,133.83936,0.000772,0.358267,FORWARD
3174,101.568,69.481526,70.912798,0.3,0.29862,0.3,0.299503,0.29862,0.3,0.3,64.010494,65.549266,91.688,133.87704,0.000772,0.358261,FORWARD
3175,101.6,71.251427,68.670215,0.3,0.298577,0.3,0.299652,0.298577,0.3,0.3,69.677646,61.160294,91.73196,133.91472,0.000837,0.358259,FORWARD
3176,101.632,70.166269,68.182588,0.3,0.29855,0.3,0.299756,0.29855,0.3,0.3,66.301553,63.289733,91.76964,133.95868,0.000837,0.358258,FORWARD
3177,101.664,68.336302,59.174179,0.3,0.298574,0.068396,0.299829,0.298574,0.3,0.068396,68.617504,73.107684,91.80732,133.99636,0.000772,0.358258,FORWARD
3178,101.696,73.149117,69.049669,0.068385,0.068385,0.3,0.230396,0.068385,0.3,0.3,61.565432,71.259707,91.80732,134.07172,0.000772,0.358258,FORWARD
3179,101.728,67.471213,68.667639,0.3,0.3,0.068571,0.251277,0.3,0.3,0.068571,63.382672,72.464051,91.845,134.1094,0.000772,0.545455,FORWARD
3180,101.76,68.472249,68.377054,0.3,0.299649,0.068543,0.265894,0.299649,0.068543,0.3,72.567046,68.712534,91.845,134.18476,0.000772,0.545455,FORWARD
3181,101.792,67.202459,59.672283,0.3,0.299356,0.3,0.276126,0.299356,0.3,0.3,64.871711,62.695974,91.92036,134.18476,0.000772,0.427083,FORWARD
3182,101.824,72.190276,65.399075,0.3,0.29913,0.3,0.283288,0.29913,0.3,0.3,67.32279,63.696812,91.95804,134.22244,0.000772,0.385403,FORWARD
3183,101.856,58.03112,68.050208,0.3,0.298923,0.3,0.288302,0.298923,0.3,0.3,68.336398,67.883044,92.002,134.26012,0.000837,0.369246,FORWARD
3184,101.888,62.436654,68.530135,0.3,0.298822,0.3,0.291811,0.298822,0.3,0.3,69.570372,68.172289,92.03968,134.2978,0.000772,0.362751,FORWARD
3185,101.92,62.013613,63.238415,0.3,0.298752,0.3,0.294268,0.298752,0.3,0.3,68.161751,65.049423,92.07736,134.33548,0.000772,0.360103,FORWARD
3186,101.952,72.052597,66.480234,0.3,0.298663,0.3,0.295987,0.298663,0.3,0.3,63.54114,66.813318,92.11504,134.37944,0.000837,0.359017,FORWARD
3187,101.984,66.678844,65.56351,0.3,0.298647,0.3,0.297191,0.298647,0.3,0.3,69.574014,64.050472,92.15272,134.41712,0.000772,0.35857,FORWARD
3188,102.016,67.618997,69.361134,0.3,0.298636,0.3,0.298034,0.298636,0.3,0.3,71.331088,70.157211,92.1904,134.4548,0.000772,0.358386,FORWARD
3189,102.048,66.398029,62.556172,0.3,0.298629,0.068489,0.298624,0.298629,0.3,0.068489,67.655637,72.765542,92.22808,134.49248,0.000772,0.358311,FORWARD
3190,102.08,64.442518,67.428675,0.3,0.298625,0.3,0.299037,0.298625,0.3,0.3,69.857693,69.596868,92.22808,134.56784,0.000772,0.358279,FORWARD
3191,102.112,62.983405,65.198805,0.3,0.29858,0.3,0.299326,0.29858,0.3,0.3,68.646692,68.792478,92.27204,134.60552,0.000837,0.358267,FORWARD
3192,102.144,65.218921,64.90703,0.3,0.298593,0.3,0.299528,0.298593,0.3,0.3,63.285669,66.162196,92.30972,134.6432,0.000772,0.358261,FORWARD
3193,102.176,72.297356,69.381564,0.3,0.298602,0.3,0.29967,0.298602,0.3,0.3,69.177155,66.583771,92.3474,134.68088,0.000772,0.358259,FORWARD
3194,102.208,68.312911,68.099947,0.3,0.298607,0.3,0.299769,0.298607,0.3,0.3,66.805393,65.507445,92.38508,134.71856,0.000772,0.358258,FORWARD
3195,102.24,72.161493,68.597451,0.3,0.29861,0.3,0.299838,0.29861,0.3,0.3,64.586101,67.698589,92.42276,134.75624,0.000772,0.358258,FORWARD
3196,102.272,63.74247,68.192816,0.3,0.298571,0.068342,0.299887,0.298571,0.068342,0.3,73.307106,64.571942,92.46044,134.8002,0.000837,0.358258,FORWARD
3197,102.304,64.218835,69.378669,0.3,0.298587,0.3,0.299921,0.298587,0.3,0.3,63.67986,71.402336,92.5358,134.8002,0.000772,0.358258,FORWARD
3198,102.336,66.313054,67.368083,0.3,0.298598,0.3,0.299944,0.298598,0.3,0.3,69.144577,71.197092,92.57348,134.83788,0.000772,0.358258,FORWARD
3199,102.368,62.251196,63.176946,0.3,0.298604,0.068365,0.299961,0.298604,0.3,0.068365,62.849152,73.222881,92.61116,134.87556,0.000772,0.358258,FORWARD
3200,102.4,67.834332,68.095988,0.3,0.298567,0.068142,0.299973,0.298567,0.068142,0.3,74.046312,66.963377,92.61744,134.95092,0.000837,0.358258,FORWARD
3201,102.432,67.983795,69.900341,0.3,0.298585,0.068514,0.299981,0.298585,0.068514,0.3,72.674498,63.181689,92.6928,134.95092,0.000772,0.358258,FORWARD
3202,102.464,66.902884,67.93872,0.3,0.298596,0.3,0.299987,0.298596,0.3,0.3,63.252377,69.839247,92.76816,134.95092,0.000772,0.358258,FORWARD
3203,102.496,65.306547,68.245792,0.3,0.298562,0.3,0.299991,0.298562,0.3,0.3,67.618329,63.992094,92.80584,134.99488,0.000837,0.358258,FORWARD
3204,102.528,72.731227,62.292358,0.068498,0.068498,0.3,0.230543,0.068498,0.3,0.3,70.017392,64.508615,92.84352,135.03256,0.000772,0.358258,FORWARD
3205,102.56,66.080391,72.345561,0.3,0.3,0.3,0.25138,0.3,0.3,0.3,60.129499,65.306705,92.8812,135.07024,0.000772,0.545455,FORWARD
3206,102.592,65.62914,65.380197,0.3,0.299649,0.3,0.265966,0.299649,0.3,0.3,68.846171,69.256255,92.91888,135.10792,0.000772,0.545455,FORWARD
3207,102.624,71.948527,68.011515,0.3,0.299356,0.3,0.276176,0.299356,0.3,0.3,65.759319,63.102005,92.95656,135.1456,0.000772,0.427083,FORWARD
3208,102.656,68.487118,69.463477,0.3,0.29913,0.3,0.283323,0.29913,0.3,0.3,63.657847,68.164803,92.99424,135.18328,0.000772,0.385403,FORWARD
3209,102.688,67.114128,61.953027,0.3,0.298964,0.3,0.288326,0.298964,0.3,0.3,67.01993,64.913791,93.03192,135.22096,0.000772,0.369246,FORWARD
3210,102.72,65.618861,67.613656,0.3,0.298806,0.06858,0.291828,0.298806,0.06858,0.3,72.429424,70.155535,93.07588,135.25864,0.000837,0.362751,FORWARD
3211,102.752,67.217012,66.471997,0.3,0.298701,0.068489,0.29428,0.298701,0.068489,0.3,72.766047,69.53947,93.15124,135.26492,0.000837,0.360103,FORWARD
3212,102.784,62.833608,66.099253,0.3,0.298672,0.3,0.295996,0.298672,0.3,0.3,65.431672,68.74457,93.2266,135.26492,0.000772,0.359017,FORWARD
3213,102.816,68.701877,69.405977,0.3,0.298653,0.3,0.297197,0.298653,0.3,0.3,62.893554,70.781284,93.26428,135.3026,0.000772,0.35857,FORWARD
3214,102.848,65.159512,69.309379,0.3,0.29864,0.3,0.298038,0.29864,0.3,0.3,72.337679,59.507421,93.30196,135.34028,0.000772,0.358386,FORWARD
3215,102.88,63.178361,61.965566,0.3,0.298632,0.3,0.298627,0.298632,0.3,0.3,64.380118,69.217823,93.33964,135.37796,0.000772,0.358311,FORWARD
3216,102.912,60.491538,67.807491,0.3,0.298626,0.3,0.299039,0.298626,0.3,0.3,71.544496,70.304084,93.37732,135.41564,0.000772,0.358279,FORWARD
3217,102.944,65.919628,69.627898,0.3,0.298623,0.3,0.299327,0.298623,0.3,0.3,70.071866,68.337802,93.415,135.45332,0.000772,0.358267,FORWARD
3218,102.976,76.451142,64.726316,0.06749,0.06749,0.3,0.229776,0.06749,0.3,0.3,60.82954,63.50077,93.45268,135.491,0.000772,0.358261,FORWARD
3219,103.008,74.276073,64.81629,0.06808,0.067431,0.3,0.181267,0.067431,0.3,0.3,60.831238,63.181375,93.49036,135.53496,0.000837,0.545455,FORWARD
3220,103.04,70.278173,68.432088,0.3,0.3,0.068577,0.216887,0.3,0.3,0.068577,66.60437,72.440192,93.52804,135.57264,0.000772,0.427083,FORWARD
3221,103.072,68.538043,67.464109,0.3,0.29962,0.3,0.241821,0.29962,0.3,0.3,68.812493,69.580128,93.53432,135.648,0.000837,0.545455,FORWARD
3222,103.104,62.759327,61.130572,0.3,0.29934,0.3,0.259275,0.29934,0.3,0.3,67.970424,63.337856,93.572,135.68568,0.000772,0.427083,FORWARD
3223,103.136,71.539003,61.779062,0.3,0.299119,0.3,0.271492,0.299119,0.3,0.3,67.465889,67.12011,93.60968,135.72336,0.000772,0.385403,FORWARD
3224,103.168,69.554105,72.506728,0.068559,0.068559,0.3,0.210612,0.068559,0.3,0.3,63.763254,60.512832,93.64736,135.76104,0.000772,0.369246,FORWARD
3225,103.2,65.717864,67.510633,0.3,0.3,0.068228,0.237429,0.3,0.068228,0.3,73.730139,69.579872,93.68504,135.79872,0.000772,0.545455,FORWARD
3226,103.232,67.73974,72.219045,0.3,0.299649,0.3,0.2562,0.299649,0.3,0.3,72.313685,67.372061,93.7604,135.79872,0.000772,0.545455,FORWARD
3227,103.264,64.160705,63.71449,0.3,0.299356,0.3,0.26934,0.299356,0.3,0.3,60.265392,67.887446,93.79808,135.8364,0.000772,0.427083,FORWARD
3228,103.296,67.402326,64.104912,0.3,0.29909,0.3,0.278538,0.29909,0.3,0.3,68.679588,64.397384,93.83576,135.88036,0.000837,0.385403,FORWARD
3229,103.328,66.253991,66.96393,0.3,0.298939,0.3,0.284977,0.298939,0.3,0.3,63.265266,67.52521,93.87344,135.91804,0.000772,0.369246,FORWARD
3230,103.36,70.040896,67.919122,0.3,0.298791,0.3,0.289484,0.298791,0.3,0.3,67.725283,65.533563,93.9174,135.95572,0.000837,0.362751,FORWARD
3231,103.392,61.424857,69.161231,0.3,0.298732,0.3,0.292639,0.298732,0.3,0.3,67.614262,63.003362,93.95508,135.9934,0.000772,0.360103,FORWARD
3232,103.424,71.327845,63.357599,0.3,0.298692,0.3,0.294847,0.298692,0.3,0.3,70.043298,63.552981,93.99276,136.03108,0.000772,0.359017,FORWARD
3233,103.456,64.45422,76.860052,0.067379,0.067379,0.3,0.226607,0.067379,0.3,0.3,71.037034,69.507843,94.03044,136.06876,0.000772,0.35857,FORWARD
3234,103.488,64.451801,66.103186,0.3,0.3,0.3,0.248625,0.3,0.3,0.3,64.459613,68.426645,94.06812,136.10644,0.000772,0.545455,FORWARD
3235,103.52,66.812369,74.626219,0.067985,0.067985,0.068365,0.194433,0.067985,0.3,0.068365,66.121838,73.224729,94.1058,136.14412,0.000772,0.545455,FORWARD
3236,103.552,71.852582,70.218801,0.3,0.3,0.3,0.226103,0.3,0.3,0.3,62.580819,66.970988,94.1058,136.21948,0.000772,0.545455,FORWARD
3237,103.584,65.142274,66.292413,0.3,0.29962,0.3,0.248272,0.29962,0.3,0.3,67.359346,66.758754,94.14348,136.26344,0.000837,0.545455,FORWARD
3238,103.616,71.368769,67.17221,0.3,0.299303,0.3,0.26379,0.299303,0.3,0.3,71.217067,70.422696,94.18744,136.30112,0.000837,0.427083,FORWARD
3239,103.648,64.923005,66.886259,0.3,0.299097,0.3,0.274653,0.299097,0.3,0.3,67.468426,70.695655,94.22512,136.3388,0.000772,0.385403,FORWARD
3240,103.68,66.97658,69.745018,0.3,0.298943,0.3,0.282257,0.298943,0.3,0.3,64.121663,66.656551,94.2628,136.37648,0.000772,0.369246,FORWARD
3241,103.712,70.009628,71.302968,0.3,0.298834,0.068462,0.28758,0.298834,0.068462,0.3,72.865227,61.808814,94.30048,136.41416,0.000772,0.362751,FORWARD
3242,103.744,66.884058,60.849561,0.3,0.29876,0.3,0.291306,0.29876,0.3,0.3,67.208698,70.797097,94.37584,136.41416,0.000772,0.360103,FORWARD
3243,103.776,72.551556,65.5791,0.068547,0.068547,0.3,0.224478,0.068547,0.3,0.3,66.568223,64.975449,94.41352,136.45184,0.000772,0.359017,FORWARD
3244,103.808,69.64677,65.225335,0.3,0.3,0.3,0.247135,0.3,0.3,0.3,70.027504,68.331178,94.4512,136.48952,0.000772,0.545455,FORWARD
3245,103.84,65.243283,67.25511,0.3,0.29962,0.3,0.262994,0.29962,0.3,0.3,68.867337,63.219788,94.48888,136.53348,0.000837,0.545455,FORWARD
3246,103.872,67.273882,69.7889,0.3,0.29934,0.3,0.274096,0.29934,0.3,0.3,65.235367,65.203687,94.52656,136.57116,0.000772,0.427083,FORWARD
3247,103.904,69.988703,60.840431,0.3,0.299119,0.3,0.281867,0.299119,0.3,0.3,66.827915,59.120299,94.56424,136.60884,0.000772,0.385403,FORWARD
3248,103.936,68.522801,70.919781,0.3,0.298917,0.3,0.287307,0.298917,0.3,0.3,64.780325,64.874911,94.6082,136.64652,0.000837,0.369246,FORWARD
3249,103.968,67.544156,64.065703,0.3,0.298817,0.3,0.291115,0.298817,0.3,0.3,68.674567,71.769156,94.64588,136.6842,0.000772,0.362751,FORWARD
3250,104.0,64.663616,66.44622,0.3,0.298749,0.068552,0.29378,0.298749,0.3,0.068552,65.210717,72.531699,94.68356,136.72188,0.000772,0.360103,FORWARD
3251,104.032,61.528723,63.690071,0.3,0.298703,0.067864,0.295646,0.298703,0.067864,0.3,75.072605,65.083474,94.68356,136.79724,0.000772,0.359017,FORWARD
3252,104.064,63.584863,65.80676,0.3,0.298673,0.3,0.296952,0.298673,0.3,0.3,64.501247,69.234102,94.75892,136.79724,0.000772,0.35857,FORWARD
3253,104.096,68.063462,67.754327,0.3,0.298653,0.3,0.297867,0.298653,0.3,0.3,67.140377,71.674696,94.7966,136.83492,0.000772,0.358386,FORWARD
3254,104.128,69.503598,68.970044,0.3,0.298598,0.3,0.298507,0.298598,0.3,0.3,72.113985,68.00757,94.83428,136.87888,0.000837,0.358311,FORWARD
3255,104.16,64.703613,67.248081,0.3,0.298605,0.3,0.298955,0.298605,0.3,0.3,65.134206,62.619693,94.87196,136.91656,0.000772,0.358279,FORWARD
3256,104.192,66.767266,69.407988,0.3,0.298568,0.3,0.299268,0.298568,0.3,0.3,68.777128,62.403413,94.91592,136.95424,0.000837,0.358267,FORWARD
3257,104.224,69.075488,69.129238,0.3,0.298585,0.3,0.299488,0.298585,0.3,0.3,68.446779,63.580251,94.9536,136.99192,0.000772,0.358261,FORWARD
3258,104.256,67.387299,70.326334,0.3,0.298596,0.3,0.299641,0.298596,0.3,0.3,70.215132,63.711499,94.99128,137.0296,0.000772,0.358259,FORWARD
3259,104.288,70.028895,73.557323,0.068274,0.068274,0.3,0.230231,0.068274,0.3,0.3,63.198824,64.985021,95.02896,137.06728,0.000772,0.358258,FORWARD
3260,104.32,65.551836,69.349241,0.3,0.3,0.3,0.251162,0.3,0.3,0.3,61.449355,69.362143,95.06664,137.10496,0.000772,0.545455,FORWARD
3261,104.352,69.024361,71.338391,0.3,0.299649,0.3,0.265813,0.299649,0.3,0.3,71.297576,63.791408,95.10432,137.14264,0.000772,0.545455,FORWARD
3262,104.384,65.284317,66.084084,0.3,0.299356,0.3,0.276069,0.299356,0.3,0.3,65.018264,63.768347,95.142,137.18032,0.000772,0.427083,FORWARD
3263,104.416,67.918596,62.975423,0.3,0.29909,0.3,0.283249,0.29909,0.3,0.3,70.608002,69.196713,95.17968,137.22428,0.000837,0.385403,FORWARD
3264,104.448,64.60891,70.161149,0.3,0.298939,0.3,0.288274,0.298939,0.3,0.3,71.808938,67.64758,95.21736,137.26196,0.000772,0.369246,FORWARD
3265,104.48,67.765126,67.752541,0.3,0.298791,0.3,0.291792,0.298791,0.3,0.3,67.267679,66.375877,95.26132,137.29964,0.000837,0.362751,FORWARD
3266,104.512,68.962415,73.721645,0.06823,0.06823,0.3,0.224723,0.06823,0.3,0.3,63.383541,65.97607,95.299,137.33732,0.000772,0.360103,FORWARD
3267,104.544,66.736917,71.056524,0.3,0.3,0.3,0.247306,0.3,0.3,0.3,63.499067,64.630409,95.33668,137.375,0.000772,0.545455,FORWARD
3268,104.576,66.384837,70.166251,0.3,0.299649,0.3,0.263114,0.299649,0.3,0.3,67.033546,62.752585,95.37436,137.41268,0.000772,0.545455,FORWARD
3269,104.608,78.026822,61.8013,0.067063,0.067063,0.3,0.204299,0.067063,0.3,0.3,72.261706,68.033976,95.41204,137.45036,0.000772,0.427083,FORWARD
3270,104.64,70.625904,72.368429,0.068597,0.067549,0.3,0.163588,0.067549,0.3,0.3,69.926462,71.537613,95.44972,137.48804,0.000772,0.545455,FORWARD
3271,104.672,67.399944,66.624866,0.3,0.3,0.068587,0.204512,0.3,0.068587,0.3,72.403447,63.959568,95.4874,137.52572,0.000772,0.427083,FORWARD
3272,104.704,70.846107,63.531318,0.3,0.29962,0.3,0.233158,0.29962,0.3,0.3,67.184626,63.167866,95.56276,137.532,0.000837,0.545455,FORWARD
3273,104.736,65.427779,65.616622,0.3,0.29934,0.3,0.253211,0.29934,0.3,0.3,65.622436,64.247375,95.60044,137.56968,0.000772,0.427083,FORWARD
3274,104.768,66.256732,69.092597,0.3,0.299119,0.3,0.267248,0.299119,0.3,0.3,62.898098,67.6913,95.63812,137.60736,0.000772,0.385403,FORWARD
3275,104.8,70.277721,66.009464,0.3,0.298917,0.3,0.277073,0.298917,0.3,0.3,70.672559,70.021914,95.68208,137.64504,0.000837,0.369246,FORWARD
3276,104.832,59.545994,67.554115,0.3,0.298817,0.3,0.283951,0.298817,0.3,0.3,70.157036,68.564405,95.71976,137.68272,0.000772,0.362751,FORWARD
3277,104.864,64.695341,63.640937,0.3,0.298749,0.3,0.288766,0.298749,0.3,0.3,68.010527,69.3676,95.75744,137.7204,0.000772,0.360103,FORWARD
3278,104.896,66.403864,65.949558,0.3,0.298703,0.3,0.292136,0.298703,0.3,0.3,65.140945,70.614762,95.79512,137.75808,0.000772,0.359017,FORWARD
3279,104.928,62.222097,72.707767,0.068505,0.068505,0.3,0.225047,0.068505,0.3,0.3,66.193546,65.97079,95.8328,137.79576,0.000772,0.35857,FORWARD
3280,104.96,60.731064,73.485495,0.068294,0.068009,0.3,0.178021,0.068009,0.3,0.3,68.071825,62.591722,95.87048,137.83972,0.000837,0.545455,FORWARD
3281,104.992,63.815361,60.648828,0.3,0.3,0.3,0.214615,0.3,0.3,0.3,64.064342,67.252429,95.90816,137.8774,0.000772,0.427083,FORWARD
3282,105.024,66.855619,66.216838,0.3,0.299649,0.3,0.24023,0.299649,0.3,0.3,65.409128,65.717539,95.94584,137.91508,0.000772,0.545455,FORWARD
3283,105.056,70.277064,68.438245,0.3,0.299356,0.3,0.258161,0.299356,0.3,0.3,70.039162,72.041815,95.98352,137.95276,0.000772,0.427083,FORWARD
3284,105.088,67.725158,64.448228,0.3,0.29909,0.3,0.270713,0.29909,0.3,0.3,64.393587,69.318,96.02748,137.99044,0.000837,0.385403,FORWARD
3285,105.12,65.296912,65.774621,0.3,0.298939,0.3,0.279499,0.298939,0.3,0.3,71.263677,63.08092,96.06516,138.02812,0.000772,0.369246,FORWARD
3286,105.152,66.623673,67.232648,0.3,0.298832,0.3,0.285649,0.298832,0.3,0.3,66.075001,70.065341,96.10284,138.0658,0.000772,0.362751,FORWARD
3287,105.184,65.878752,63.361941,0.3,0.298758,0.3,0.289954,0.298758,0.3,0.3,71.734289,60.589339,96.14052,138.10348,0.000772,0.360103,FORWARD
3288,105.216,66.743535,71.051953,0.3,0.298668,0.3,0.292968,0.298668,0.3,0.3,66.522032,65.896877,96.1782,138.14744,0.000837,0.359017,FORWARD
3289,105.248,65.899322,68.55505,0.3,0.29865,0.3,0.295078,0.29865,0.3,0.3,60.951745,66.008786,96.21588,138.18512,0.000772,0.35857,FORWARD
3290,105.28,68.711182,70.138957,0.3,0.298638,0.3,0.296554,0.298638,0.3,0.3,64.645256,69.021092,96.25356,138.2228,0.000772,0.358386,FORWARD
3291,105.312,64.986149,66.906029,0.3,0.29863,0.3,0.297588,0.29863,0.3,0.3,66.789833,65.186943,96.29124,138.26048,0.000772,0.358311,FORWARD
3292,105.344,66.512566,68.547735,0.3,0.298584,0.3,0.298312,0.298584,0.3,0.3,71.582404,66.658331,96.3352,138.29816,0.000837,0.358279,FORWARD
3293,105.376,64.380308,66.898589,0.3,0.298596,0.3,0.298818,0.298596,0.3,0.3,67.101475,69.600434,96.37288,138.33584,0.000772,0.358267,FORWARD
3294,105.408,68.509215,63.81139,0.3,0.298603,0.3,0.299173,0.298603,0.3,0.3,69.866885,67.826202,96.41056,138.37352,0.000772,0.358261,FORWARD
3295,105.44,68.259031,65.541769,0.3,0.298608,0.3,0.299421,0.298608,0.3,0.3,66.187347,70.662042,96.44824,138.4112,0.000772,0.358259,FORWARD
3296,105.472,72.000813,70.211365,0.3,0.298611,0.3,0.299595,0.298611,0.3,0.3,69.26299,68.462428,96.48592,138.44888,0.000772,0.358258,FORWARD
3297,105.504,69.402249,62.167041,0.3,0.298572,0.3,0.299716,0.298572,0.3,0.3,64.632532,63.443743,96.5236,138.49284,0.000837,0.358258,FORWARD
3298,105.536,64.880414,66.511257,0.3,0.298588,0.068167,0.299801,0.298588,0.068167,0.3,73.954529,66.615428,96.56128,138.53052,0.000772,0.358258,FORWARD
3299,105.568,64.882874,65.625764,0.3,0.298598,0.3,0.299861,0.298598,0.3,0.3,67.756051,63.234533,96.63664,138.53052,0.000772,0.358258,FORWARD
3300,105.6,69.517388,68.931908,0.3,0.298604,0.3,0.299903,0.298604,0.3,0.3,70.592046,67.689545,96.67432,138.5682,0.000772,0.358258,FORWARD
3301,105.632,67.488474,67.205772,0.3,0.298609,0.3,0.299932,0.298609,0.3,0.3,68.647283,63.643297,96.712,138.60588,0.000772,0.358258,FORWARD
3302,105.664,67.910544,70.390903,0.3,0.29857,0.3,0.299952,0.29857,0.3,0.3,71.286733,64.599444,96.75596,138.64356,0.000837,0.358258,FORWARD
3303,105.696,64.803773,67.762653,0.3,0.298587,0.3,0.299967,0.298587,0.3,0.3,67.427264,60.711572,96.79364,138.68124,0.000772,0.358258,FORWARD
3304,105.728,63.891374,66.140129,0.3,0.298597,0.3,0.299977,0.298597,0.3,0.3,67.390737,64.74554,96.83132,138.71892,0.000772,0.358258,FORWARD
3305,105.76,60.38618,67.931309,0.3,0.298563,0.3,0.299984,0.298563,0.3,0.3,66.124864,65.087884,96.869,138.76288,0.000837,0.358258,FORWARD
3306,105.792,68.663104,67.160541,0.3,0.298582,0.3,0.299989,0.298582,0.3,0.3,64.291315,62.562519,96.90668,138.80056,0.000772,0.358258,FORWARD
3307,105.824,67.164495,64.162886,0.3,0.298594,0.3,0.299992,0.298594,0.3,0.3,66.493216,67.075558,96.94436,138.83824,0.000772,0.358258,FORWARD
3308,105.856,66.100883,71.138813,0.3,0.298602,0.3,0.299994,0.298602,0.3,0.3,67.577356,67.922294,96.98204,138.87592,0.000772,0.358258,FORWARD
3309,105.888,66.780092,69.615751,0.3,0.298607,0.068104,0.299996,0.298607,0.3,0.068104,70.055114,74.187756,97.01972,138.9136,0.000772,0.358258,FORWARD
3310,105.92,72.376588,72.911742,0.068449,0.068449,0.3,0.230532,0.068449,0.3,0.3,68.730915,67.959673,97.026,138.98896,0.000837,0.358258,FORWARD
3311,105.952,64.231201,72.502413,0.06856,0.068159,0.3,0.181941,0.068159,0.3,0.3,67.575959,66.470208,97.06368,139.02664,0.000772,0.545455,FORWARD
3312,105.984,71.462398,66.345034,0.3,0.3,0.3,0.217358,0.3,0.3,0.3,69.590827,67.103583,97.10136,139.06432,0.000772,0.427083,FORWARD
3313,106.016,66.249634,67.756896,0.3,0.299649,0.068131,0.242151,0.299649,0.3,0.068131,68.360761,74.08492,97.13904,139.102,0.000772,0.545455,FORWARD
3314,106.048,67.009734,68.818559,0.3,0.299356,0.3,0.259506,0.299356,0.3,0.3,62.173991,70.659294,97.13904,139.17736,0.000772,0.427083,FORWARD
3315,106.08,64.492389,69.26217,0.3,0.29913,0.3,0.271654,0.29913,0.3,0.3,68.79152,62.596101,97.17672,139.21504,0.000772,0.385403,FORWARD
3316,106.112,66.163494,64.758104,0.3,0.298923,0.3,0.280158,0.298923,0.3,0.3,64.239405,66.190321,97.2144,139.259,0.000837,0.369246,FORWARD
3317,106.144,61.840596,63.986812,0.3,0.298822,0.3,0.28611,0.298822,0.3,0.3,66.429426,69.94638,97.25208,139.29668,0.000772,0.362751,FORWARD
3318,106.176,62.98739,65.7884,0.3,0.29871,0.3,0.290277,0.29871,0.3,0.3,65.54925,60.791716,97.29604,139.33436,0.000837,0.360103,FORWARD
3319,106.208,70.783412,69.054787,0.3,0.298678,0.3,0.293194,0.298678,0.3,0.3,70.502855,72.3103,97.33372,139.37204,0.000772,0.359017,FORWARD
3320,106.24,69.717131,67.524952,0.3,0.298657,0.3,0.295236,0.298657,0.3,0.3,70.476078,62.479752,97.3714,139.40972,0.000772,0.35857,FORWARD
3321,106.272,65.129769,62.998329,0.3,0.298643,0.3,0.296665,0.298643,0.3,0.3,66.519407,64.559469,97.40908,139.4474,0.000772,0.358386,FORWARD
3322,106.304,70.780045,69.133096,0.3,0.298633,0.3,0.297666,0.298633,0.3,0.3,71.907827,69.899611,97.44676,139.48508,0.000772,0.358311,FORWARD
3323,106.336,63.346537,69.347799,0.3,0.298627,0.3,0.298366,0.298627,0.3,0.3,68.317468,58.893063,97.48444,139.52276,0.000772,0.358279,FORWARD
3324,106.368,64.092386,68.826054,0.3,0.298582,0.3,0.298856,0.298582,0.3,0.3,69.601642,65.224082,97.52212,139.56672,0.000837,0.358267,FORWARD
3325,106.4,69.043455,68.658709,0.3,0.298594,0.3,0.299199,0.298594,0.3,0.3,70.974046,67.535027,97.5598,139.6044,0.000772,0.358261,FORWARD
3326,106.432,72.765186,64.885108,0.068489,0.068489,0.068118,0.229986,0.068489,0.3,0.068118,64.81066,74.13538,97.59748,139.64208,0.000772,0.358259,FORWARD
3327,106.464,73.251036,58.237254,0.068357,0.068037,0.3,0.181498,0.068037,0.3,0.3,64.279766,71.633321,97.60376,139.71744,0.000837,0.545455,FORWARD
3328,106.496,67.933468,65.972248,0.3,0.3,0.3,0.217048,0.3,0.3,0.3,66.177352,63.556729,97.64144,139.75512,0.000772,0.427083,FORWARD
3329,106.528,62.872006,68.507995,0.3,0.299649,0.3,0.241934,0.299649,0.3,0.3,66.288521,69.928234,97.67912,139.7928,0.000772,0.545455,FORWARD
3330,106.56,63.388884,71.443769,0.3,0.299356,0.3,0.259354,0.299356,0.3,0.3,68.796906,66.224041,97.7168,139.83048,0.000772,0.427083,FORWARD
3331,106.592,68.616571,69.03273,0.3,0.29913,0.3,0.271548,0.29913,0.3,0.3,65.556968,66.314268,97.75448,139.86816,0.000772,0.385403,FORWARD
3332,106.624,74.961069,64.817602,0.067894,0.067894,0.3,0.210452,0.067894,0.3,0.3,63.074552,71.299271,97.79216,139.90584,0.000772,0.369246,FORWARD
3333,106.656,79.596065,76.561245,0.066638,0.066638,0.3,0.167307,0.066858,0.3,0.3,67.570181,71.505146,97.82984,139.94352,0.000772,0.545455,FORWARD
3334,106.688,83.888414,67.652802,0.065475,0.065475,0.3,0.136758,0.065788,0.3,0.3,64.795742,64.546017,97.86752,139.98748,0.000837,0.427083,FORWARD
3335,106.72,80.902697,66.248822,0.066284,0.065465,0.3,0.115615,0.065465,0.3,0.3,65.353793,71.534344,97.91148,140.02516,0.000837,0.385403,FORWARD
3336,106.752,89.420174,70.902255,0.063976,0.063976,0.3,0.100123,0.064428,0.3,0.3,68.061583,67.430849,97.94916,140.06284,0.000772,0.369246,FORWARD
3337,106.784,90.478321,64.263601,0.063689,0.063667,0.068261,0.089193,0.063667,0.068261,0.3,73.608641,65.336573,97.98684,140.10052,0.000772,0.362751,FORWARD
3338,106.816,92.74672,72.126463,0.063074,0.062959,0.3,0.081357,0.062959,0.3,0.3,63.263026,68.890382,98.0622,140.10052,0.000772,0.360103,FORWARD
3339,106.848,90.825831,67.382449,0.063595,0.062692,0.068416,0.076029,0.062692,0.3,0.068416,65.955803,73.034194,98.09988,140.1382,0.000772,0.359017,FORWARD
3340,106.88,99.155916,67.520621,0.061337,0.061337,0.3,0.071621,0.061711,0.3,0.3,68.619516,64.971673,98.09988,140.21356,0.000772,0.35857,FORWARD
3341,106.912,100.541062,59.978055,0.060962,0.060947,0.068353,0.068423,0.060947,0.3,0.068353,69.34341,73.268981,98.13756,140.25124,0.000772,0.358386,FORWARD
3342,106.944,109.395488,63.213947,0.056665,0.056665,0.3,0.064896,0.058917,0.3,0.3,67.029631,65.784859,98.13756,140.3266,0.000772,0.358311,FORWARD
3343,106.976,110.186236,76.515439,0.056168,0.056168,0.06811,0.062278,0.057395,0.3,0.06811,67.194869,74.165746,98.18152,140.36428,0.000837,0.358279,FORWARD
3344,107.008,117.917715,70.478751,0.051309,0.051309,0.3,0.058987,0.054719,0.3,0.3,64.310415,63.881643,98.18152,140.43964,0.000772,0.358267,FORWARD
3345,107.04,117.730046,64.462776,0.051427,0.051427,0.3,0.056719,0.053002,0.3,0.3,62.25268,69.794043,98.2192,140.4836,0.000837,0.358261,FORWARD
3346,107.072,111.257855,67.328467,0.055495,0.0534,0.068324,0.056352,0.0534,0.068324,0.3,73.375896,69.109382,98.25688,140.52128,0.000772,0.358259,FORWARD
3347,107.104,117.36586,73.001006,0.051656,0.051656,0.3,0.054943,0.052279,0.3,0.3,66.742299,69.534541,98.33224,140.52128,0.000772,0.358258,FORWARD
3348,107.136,124.988218,66.228974,0.048688,0.048688,0.3,0.053067,0.050497,0.3,0.3,71.734789,66.562698,98.36992,140.55896,0.000772,0.358258,FORWARD
3349,107.168,121.751892,74.92658,0.049539,0.049539,0.3,0.052008,0.049658,0.3,0.3,66.061367,62.626285,98.4076,140.59664,0.000772,0.358258,FORWARD
3350,107.2,127.073031,65.941717,0.04814,0.04814,0.3,0.050848,0.048619,0.3,0.3,70.139471,69.974617,98.44528,140.63432,0.000772,0.358258,FORWARD
3351,107.232,123.963703,66.675689,0.048958,0.048244,0.3,0.050281,0.048244,0.3,0.3,66.835568,70.786498,98.48296,140.672,0.000772,0.358258,FORWARD
3352,107.264,118.403308,70.807361,0.051004,0.048737,0.3,0.050498,0.048737,0.3,0.3,68.629912,60.657199,98.52064,140.70968,0.000772,0.358258,FORWARD
3353,107.296,121.941387,73.346891,0.04949,0.048511,0.3,0.050195,0.048511,0.3,0.3,71.174387,67.570246,98.55832,140.74736,0.000772,0.358258,FORWARD
3354,107.328,127.092751,67.140175,0.048135,0.047881,0.3,0.049577,0.047881,0.3,0.3,70.602897,65.385361,98.596,140.78504,0.000772,0.358258,FORWARD
3355,107.36,120.014497,64.278354,0.049996,0.048143,0.067569,0.049703,0.048143,0.067569,0.3,76.159816,70.356362,98.63368,140.82272,0.000772,0.358258,FORWARD
3356,107.392,130.302999,65.600028,0.047291,0.047291,0.063755,0.048979,0.047342,0.063755,0.067906,90.232343,74.917746,98.70904,140.82272,0.000772,0.358258,FORWARD
3357,107.424,131.53462,70.736482,0.046967,0.046794,0.063893,0.048376,0.046794,0.063893,0.3,89.726049,64.14846,98.74044,140.85412,0.000644,0.358258,FORWARD
3358,107.456,127.151004,68.703554,0.04812,0.046774,0.057458,0.048299,0.046774,0.057458,0.3,108.1341,62.006073,98.8158,140.85412,0.000772,0.358258,FORWARD
3359,107.488,135.146947,67.575192,0.046017,0.046017,0.054626,0.047614,0.046048,0.054626,0.3,112.640151,68.43499,98.89116,140.84784,0.000708,0.358258,FORWARD
3360,107.52,120.853552,69.090791,0.049776,0.046888,0.052999,0.048263,0.046888,0.052999,0.3,115.227841,70.818026,98.96652,140.84784,0.000772,0.358258,FORWARD
3361,107.552,112.137705,73.002082,0.054942,0.049319,0.05107,0.050266,0.049319,0.05107,0.3,118.298412,67.978098,99.04188,140.84156,0.000708,0.358258,FORWARD
3362,107.584,113.828954,66.675131,0.053879,0.050457,0.047664,0.05135,0.050457,0.047664,0.3,128.884674,70.006023,99.11724,140.84156,0.000772,0.358258,FORWARD
3363,107.616,115.503713,62.506024,0.052826,0.050769,0.044273,0.051793,0.050769,0.044273,0.3,141.77897,67.707149,99.20516,140.83528,0.000837,0.358258,FORWARD
3364,107.648,109.981712,69.594936,0.056297,0.052253,0.043958,0.053144,0.052253,0.043958,0.3,142.976354,68.708885,99.29936,140.81644,0.000772,0.358258,FORWARD
3365,107.68,99.073753,65.198582,0.061359,0.05502,0.039412,0.055609,0.05502,0.039412,0.3,162.548499,71.022576,99.39356,140.7976,0.000772,0.358258,FORWARD
3366,107.712,88.199747,62.087202,0.064306,0.057851,0.03849,0.058218,0.057851,0.03849,0.3,169.639396,65.863896,99.48776,140.77876,0.000772,0.358258,FORWARD
3367,107.744,71.113914,68.391139,0.3,0.3,0.036614,0.130753,0.3,0.036614,0.3,184.066718,66.23628,99.58196,140.75992,0.000772,0.358258,FORWARD
3368,107.776,68.480881,66.232382,0.3,0.299649,0.033603,0.181527,0.299649,0.033603,0.3,207.219858,68.962509,99.67616,140.74108,0.000772,0.545455,FORWARD
3369,107.808,60.358975,58.778379,0.3,0.299319,0.033737,0.217069,0.299319,0.033737,0.3,206.194058,61.850163,99.77664,140.72224,0.000837,0.427083,FORWARD
3370,107.84,71.727222,66.74311,0.3,0.299107,0.033146,0.241948,0.299107,0.033146,0.3,210.734762,72.020071,99.87084,140.7034,0.000772,0.385403,FORWARD
3371,107.872,75.127276,72.300827,0.067849,0.067849,0.030672,0.189718,0.067849,0.030672,0.3,229.758724,68.133646,99.96504,140.68456,0.000772,0.369246,FORWARD
3372,107.904,65.705962,67.311206,0.3,0.3,0.029926,0.222803,0.3,0.029926,0.3,236.037385,64.116391,100.05924,140.66572,0.000772,0.545455,FORWARD
3373,107.936,68.745713,67.231374,0.3,0.29962,0.029188,0.245962,0.29962,0.029188,0.3,247.015844,64.910763,100.15972,140.64688,0.000837,0.545455,FORWARD
3374,107.968,64.913789,64.986846,0.3,0.29934,0.028884,0.262173,0.29934,0.028884,0.3,251.545073,65.909293,100.25392,140.62804,0.000772,0.427083,FORWARD
3375,108.0,65.149898,61.623967,0.3,0.299119,0.0281,0.273521,0.299119,0.0281,0.3,263.216129,64.5679,100.34812,140.6092,0.000772,0.385403,FORWARD
3376,108.032,69.951323,72.021415,0.3,0.298957,0.027374,0.281465,0.298957,0.027374,0.3,274.04018,64.216764,100.44232,140.59036,0.000772,0.369246,FORWARD
3377,108.064,70.498508,68.039907,0.3,0.298802,0.028092,0.287025,0.298802,0.028092,0.3,263.346137,65.871884,100.5428,140.57152,0.000837,0.362751,FORWARD
3378,108.096,67.291889,70.091838,0.3,0.298739,0.028059,0.290918,0.298739,0.028059,0.3,263.828635,71.414134,100.637,140.55268,0.000772,0.360103,FORWARD
3379,108.128,64.712673,67.007787,0.3,0.298697,0.027776,0.293642,0.298697,0.027776,0.3,268.049963,68.00746,100.7312,140.53384,0.000772,0.359017,FORWARD
3380,108.16,68.574506,66.139676,0.3,0.298669,0.028915,0.29555,0.298669,0.028915,0.3,251.094088,67.445404,100.83168,140.50872,0.000772,0.35857,FORWARD
3381,108.192,62.598481,60.908626,0.3,0.29865,0.029603,0.296885,0.29865,0.029603,0.3,240.847082,66.703488,100.92588,140.48988,0.000772,0.358386,FORWARD
3382,108.224,67.390367,66.213579,0.3,0.298638,0.03016,0.297819,0.298638,0.03016,0.3,233.702045,61.460716,101.02008,140.47104,0.000772,0.358311,FORWARD
3383,108.256,62.232279,65.146945,0.3,0.29863,0.030484,0.298474,0.29863,0.030484,0.3,231.205307,65.32025,101.11428,140.4522,0.000772,0.358279,FORWARD
3384,108.288,63.940483,59.488963,0.3,0.298584,0.032668,0.298931,0.298584,0.032668,0.3,214.416621,65.376211,101.21476,140.43336,0.000837,0.358267,FORWARD
3385,108.32,64.898304,65.803704,0.3,0.298596,0.032638,0.299252,0.298596,0.032638,0.3,214.646315,70.394806,101.30896,140.41452,0.000772,0.358261,FORWARD
3386,108.352,69.817699,66.929161,0.3,0.298603,0.035338,0.299476,0.298603,0.035338,0.3,193.882617,70.462509,101.40316,140.39568,0.000772,0.358259,FORWARD
3387,108.384,69.853124,69.199114,0.3,0.298567,0.037313,0.299634,0.298567,0.037313,0.3,178.691683,72.211196,101.50364,140.37684,0.000837,0.358258,FORWARD
3388,108.416,64.227322,66.890601,0.3,0.298584,0.039953,0.299743,0.298584,0.039953,0.3,158.388174,70.094472,101.59784,140.358,0.000772,0.358258,FORWARD
3389,108.448,67.365281,73.661945,0.068246,0.068246,0.040594,0.230294,0.068246,0.040594,0.3,155.772381,67.899006,101.69204,140.33916,0.000772,0.358258,FORWARD
3390,108.48,59.703391,68.154579,0.3,0.3,0.042773,0.251206,0.3,0.042773,0.3,147.483135,64.057265,101.78624,140.32032,0.000772,0.545455,FORWARD
3391,108.512,68.576522,60.95538,0.3,0.29962,0.047033,0.265844,0.29962,0.047033,0.3,131.282032,69.493309,101.88672,140.30148,0.000837,0.545455,FORWARD
3392,108.544,68.682619,67.46572,0.3,0.299376,0.050624,0.276091,0.299376,0.050624,0.06837,119.0066,73.205299,101.96836,140.28892,0.000708,0.427083,FORWARD
3393,108.576,68.000835,69.822407,0.3,0.299102,0.056164,0.283264,0.299102,0.056164,0.3,110.193262,68.148005,102.01232,140.3266,0.000837,0.385403,FORWARD
3394,108.608,69.845952,66.095505,0.3,0.298947,0.053525,0.288285,0.298947,0.053525,0.3,114.392452,63.264367,102.08768,140.3266,0.000772,0.369246,FORWARD
3395,108.64,71.500703,67.45339,0.3,0.298795,0.055762,0.291799,0.298795,0.055762,0.068216,110.832162,73.772313,102.16932,140.3266,0.000837,0.362751,FORWARD
3396,108.672,65.089573,61.954473,0.3,0.298735,0.056163,0.294259,0.298735,0.056163,0.3,110.195316,67.414118,102.207,140.36428,0.000772,0.360103,FORWARD
3397,108.704,64.621911,70.059031,0.3,0.298735,0.058529,0.295982,0.298735,0.058529,0.3,106.430375,69.067166,102.28236,140.358,0.000708,0.359017,FORWARD
3398,108.736,72.273425,69.830961,0.3,0.298652,0.063084,0.297187,0.298652,0.063084,0.3,92.71074,64.450958,102.364,140.358,0.000837,0.35857,FORWARD
3399,108.768,70.195105,68.496713,0.3,0.298598,0.065971,0.298031,0.298598,0.065971,0.3,82.057553,65.041908,102.43936,140.36428,0.000837,0.358386,FORWARD
3400,108.8,62.529502,66.226134,0.3,0.298605,0.3,0.298622,0.298605,0.3,0.3,71.051956,64.730087,102.51472,140.36428,0.000772,0.358311,FORWARD
3401,108.832,66.880136,63.78378,0.3,0.298609,0.3,0.299035,0.298609,0.3,0.3,67.757057,68.259404,102.5524,140.40196,0.000772,0.358279,FORWARD
3402,108.864,65.61669,64.059064,0.3,0.298612,0.3,0.299325,0.298612,0.3,0.3,67.520605,67.870759,102.59008,140.43964,0.000772,0.358267,FORWARD
3403,108.896,71.542665,67.902684,0.3,0.298613,0.3,0.299527,0.298613,0.3,0.3,68.432889,61.454579,102.62776,140.47732,0.000772,0.358261,FORWARD
3404,108.928,64.202111,65.646624,0.3,0.298614,0.3,0.299669,0.298614,0.3,0.3,66.596943,64.590019,102.66544,140.515,0.000772,0.358259,FORWARD
3405,108.96,69.140361,69.127024,0.3,0.298615,0.3,0.299768,0.298615,0.3,0.3,65.580056,64.077582,102.70312,140.55268,0.000772,0.358258,FORWARD
3406,108.992,63.056905,71.189417,0.3,0.298574,0.3,0.299838,0.298574,0.3,0.3,58.201654,62.058788,102.74708,140.59036,0.000837,0.358258,FORWARD
3407,109.024,61.792061,66.886479,0.3,0.298589,0.3,0.299886,0.298589,0.3,0.3,69.80758,65.576459,102.78476,140.62804,0.000772,0.358258,FORWARD
3408,109.056,70.017295,58.441855,0.3,0.298558,0.3,0.299921,0.298558,0.3,0.3,63.473429,69.287469,102.82244,140.672,0.000837,0.358258,FORWARD
3409,109.088,69.302074,63.531841,0.3,0.298579,0.068445,0.299944,0.298579,0.068445,0.3,72.926481,62.541895,102.86012,140.70968,0.000772,0.358258,FORWARD
3410,109.12,71.478308,64.695618,0.3,0.298592,0.3,0.299961,0.298592,0.3,0.3,70.519866,67.023887,102.93548,140.70968,0.000772,0.358258,FORWARD
3411,109.152,59.146031,63.509856,0.3,0.298601,0.3,0.299973,0.298601,0.3,0.3,70.600868,61.927916,102.97316,140.74736,0.000772,0.358258,FORWARD
3412,109.184,69.447589,69.523036,0.3,0.298606,0.068388,0.299981,0.298606,0.3,0.068388,71.376126,73.138604,103.01084,140.78504,0.000772,0.358258,FORWARD
3413,109.216,71.150327,61.491612,0.3,0.29861,0.3,0.299987,0.29861,0.3,0.3,68.653407,63.438191,103.01084,140.8604,0.000772,0.358258,FORWARD
3414,109.248,66.106914,69.386185,0.3,0.298612,0.3,0.299991,0.298612,0.3,0.3,65.189546,69.094488,103.04852,140.89808,0.000772,0.358258,FORWARD
3415,109.28,67.478496,66.552212,0.3,0.298572,0.067281,0.299993,0.298572,0.3,0.067281,67.445698,77.222379,103.09248,140.93576,0.000837,0.358258,FORWARD
3416,109.312,73.156968,64.938266,0.068383,0.068383,0.3,0.23051,0.068383,0.3,0.3,64.3056,70.834062,103.09248,141.01112,0.000772,0.358258,FORWARD
3417,109.344,64.393486,71.074487,0.3,0.3,0.3,0.251357,0.3,0.3,0.3,69.440767,72.251044,103.13016,141.05508,0.000837,0.545455,FORWARD
3418,109.376,62.038203,66.552989,0.3,0.299649,0.3,0.26595,0.299649,0.3,0.3,62.331926,71.531225,103.16784,141.09276,0.000772,0.545455,FORWARD
3419,109.408,70.30042,69.467381,0.3,0.299356,0.068286,0.276165,0.299356,0.068286,0.3,73.513429,70.320346,103.20552,141.13044,0.000772,0.427083,FORWARD
3420,109.44,65.349053,65.673738,0.3,0.29913,0.3,0.283316,0.29913,0.3,0.3,65.344474,63.128781,103.28088,141.13044,0.000772,0.385403,FORWARD
3421,109.472,72.470269,64.867399,0.068569,0.068569,0.3,0.218892,0.068569,0.3,0.3,65.293683,65.181016,103.31856,141.16812,0.000772,0.369246,FORWARD
3422,109.504,66.943222,67.864636,0.3,0.3,0.3,0.243224,0.3,0.3,0.3,69.193208,67.764088,103.35624,141.2058,0.000772,0.545455,FORWARD
3423,109.536,68.310673,66.243824,0.3,0.299649,0.3,0.260257,0.299649,0.3,0.3,72.219669,68.914043,103.39392,141.24348,0.000772,0.545455,FORWARD
3424,109.568,64.572703,70.379702,0.3,0.299319,0.3,0.27218,0.299319,0.3,0.3,64.566223,70.320016,103.43788,141.28116,0.000837,0.427083,FORWARD
3425,109.6,65.080855,65.657715,0.3,0.299067,0.3,0.280526,0.299067,0.3,0.3,68.891573,70.447546,103.47556,141.32512,0.000837,0.385403,FORWARD
3426,109.632,62.149051,67.48976,0.3,0.298925,0.3,0.286368,0.298925,0.3,0.3,69.329876,61.125158,103.51324,141.3628,0.000772,0.369246,FORWARD
3427,109.664,66.73577,65.276915,0.3,0.298822,0.3,0.290458,0.298822,0.3,0.3,67.598717,67.808722,103.55092,141.40048,0.000772,0.362751,FORWARD
3428,109.696,64.603525,66.107191,0.3,0.298752,0.3,0.29332,0.298752,0.3,0.3,67.545421,67.253851,103.5886,141.43816,0.000772,0.360103,FORWARD
3429,109.728,66.34068,64.538809,0.3,0.298705,0.3,0.295324,0.298705,0.3,0.3,62.594227,67.717866,103.62628,141.47584,0.000772,0.359017,FORWARD
3430,109.76,61.657977,68.401671,0.3,0.298674,0.3,0.296727,0.298674,0.3,0.3,68.972088,67.423804,103.66396,141.51352,0.000772,0.35857,FORWARD
3431,109.792,72.002519,66.499677,0.3,0.298654,0.068322,0.297709,0.298654,0.3,0.068322,66.81192,73.383581,103.70164,141.5512,0.000772,0.358386,FORWARD
3432,109.824,67.372043,69.957711,0.3,0.298599,0.3,0.298396,0.298599,0.3,0.3,62.963094,63.452559,103.70792,141.62656,0.000837,0.358311,FORWARD
3433,109.856,62.688694,66.145342,0.3,0.298605,0.3,0.298877,0.298605,0.3,0.3,58.83955,68.325022,103.7456,141.66424,0.000772,0.358279,FORWARD
3434,109.888,62.920951,64.22496,0.3,0.298609,0.3,0.299214,0.298609,0.3,0.3,66.74614,67.69774,103.78328,141.70192,0.000772,0.358267,FORWARD
3435,109.92,69.9197,72.526536,0.068554,0.068554,0.3,0.230016,0.068554,0.3,0.3,69.084206,65.044591,103.82096,141.74588,0.000837,0.358261,FORWARD
3436,109.952,69.054889,65.672675,0.3,0.3,0.3,0.251011,0.3,0.3,0.3,66.442987,65.85248,103.85864,141.78356,0.000772,0.545455,FORWARD
3437,109.984,67.299646,65.154604,0.3,0.299649,0.3,0.265708,0.299649,0.3,0.3,66.097701,69.702302,103.89632,141.82124,0.000772,0.545455,FORWARD
3438,110.016,66.638831,64.934221,0.3,0.299356,0.3,0.275996,0.299356,0.3,0.3,65.842289,70.368872,103.934,141.85892,0.000772,0.427083,FORWARD
3439,110.048,64.65292,62.986814,0.3,0.29913,0.3,0.283197,0.29913,0.3,0.3,72.194619,65.853552,103.97168,141.8966,0.000772,0.385403,FORWARD
3440,110.08,66.042829,73.422658,0.068311,0.068311,0.3,0.218731,0.068311,0.3,0.3,62.351314,61.918746,104.00936,141.93428,0.000772,0.369246,FORWARD
3441,110.112,69.963171,63.379141,0.3,0.3,0.3,0.243112,0.3,0.3,0.3,69.665585,69.962607,104.05332,141.97196,0.000837,0.545455,FORWARD
3442,110.144,71.081301,70.767127,0.3,0.299649,0.3,0.260178,0.299649,0.3,0.3,69.553623,69.865232,104.091,142.00964,0.000772,0.545455,FORWARD
3443,110.176,65.856601,69.653339,0.3,0.299356,0.3,0.272125,0.299356,0.3,0.3,69.47027,68.100771,104.12868,142.04732,0.000772,0.427083,FORWARD
3444,110.208,70.615661,72.860707,0.068463,0.068463,0.3,0.211026,0.068463,0.3,0.3,66.617597,71.758429,104.16636,142.09128,0.000837,0.385403,FORWARD
3445,110.24,66.353949,73.429172,0.068309,0.068028,0.3,0.168211,0.068028,0.3,0.3,60.586951,71.153862,104.20404,142.12896,0.000772,0.545455,FORWARD
3446,110.272,63.536449,60.936197,0.3,0.3,0.3,0.207748,0.3,0.3,0.3,68.312375,65.13057,104.24172,142.16664,0.000772,0.427083,FORWARD
3447,110.304,66.461681,67.14263,0.3,0.299649,0.3,0.235423,0.299649,0.3,0.3,65.93748,64.601906,104.2794,142.20432,0.000772,0.545455,FORWARD
3448,110.336,66.66302,69.453719,0.3,0.299356,0.3,0.254796,0.299356,0.3,0.3,62.989991,61.657897,104.31708,142.242,0.000772,0.427083,FORWARD
3449,110.368,70.641913,68.19489,0.3,0.29909,0.3,0.268357,0.29909,0.3,0.3,65.504073,64.400912,104.36104,142.27968,0.000837,0.385403,FORWARD
3450,110.4,64.981202,66.399343,0.3,0.298939,0.3,0.27785,0.298939,0.3,0.3,70.839684,66.281269,104.39872,142.31736,0.000772,0.369246,FORWARD
3451,110.432,61.458321,61.129574,0.3,0.298832,0.3,0.284495,0.298832,0.3,0.3,64.232817,69.51223,104.4364,142.35504,0.000772,0.362751,FORWARD
3452,110.464,62.702107,67.08256,0.3,0.298717,0.3,0.289147,0.298717,0.3,0.3,70.017789,70.343974,104.47408,142.399,0.000837,0.360103,FORWARD
3453,110.496,69.081345,60.911958,0.3,0.298682,0.3,0.292403,0.298682,0.3,0.3,63.366805,67.762479,104.51176,142.43668,0.000772,0.359017,FORWARD
3454,110.528,64.902925,71.315537,0.3,0.298659,0.3,0.294682,0.298659,0.3,0.3,67.815187,66.746115,104.54944,142.47436,0.000772,0.35857,FORWARD
3455,110.56,67.206353,62.422998,0.3,0.298644,0.3,0.296277,0.298644,0.3,0.3,64.134951,70.410158,104.58712,142.51204,0.000772,0.358386,FORWARD
3456,110.592,64.931117,69.634199,0.3,0.298634,0.3,0.297394,0.298634,0.3,0.3,69.874786,68.091307,104.6248,142.54972,0.000772,0.358311,FORWARD
3457,110.624,69.339113,66.461108,0.3,0.298628,0.3,0.298176,0.298628,0.3,0.3,70.280876,64.536429,104.66248,142.5874,0.000772,0.358279,FORWARD
3458,110.656,67.371384,69.077842,0.3,0.298582,0.3,0.298723,0.298582,0.3,0.3,71.311028,63.148049,104.70644,142.62508,0.000837,0.358267,FORWARD
3459,110.688,71.303356,72.864101,0.068462,0.068462,0.068461,0.229645,0.068462,0.068461,0.3,72.868481,66.416183,104.74412,142.66276,0.000772,0.358261,FORWARD
3460,110.72,69.585366,64.766331,0.3,0.3,0.3,0.250751,0.3,0.3,0.3,66.177942,66.563277,104.81948,142.66904,0.000837,0.545455,FORWARD
3461,110.752,68.513137,66.975716,0.3,0.299649,0.3,0.265526,0.299649,0.3,0.3,68.967306,71.723242,104.85716,142.70672,0.000772,0.545455,FORWARD
3462,110.784,62.723098,66.811696,0.3,0.299356,0.3,0.275868,0.299356,0.3,0.3,71.605204,65.928866,104.89484,142.7444,0.000772,0.427083,FORWARD
3463,110.816,68.609786,69.078111,0.3,0.29913,0.3,0.283108,0.29913,0.3,0.3,72.301152,65.037616,104.93252,142.78208,0.000772,0.385403,FORWARD
3464,110.848,66.378452,63.456819,0.3,0.298964,0.3,0.288175,0.298964,0.3,0.3,65.158001,67.07712,104.9702,142.81976,0.000772,0.369246,FORWARD
3465,110.88,66.434019,71.071198,0.3,0.298847,0.3,0.291723,0.298847,0.3,0.3,68.198132,60.129816,105.00788,142.85744,0.000772,0.362751,FORWARD
3466,110.912,75.235375,67.405048,0.06782,0.06782,0.067976,0.224552,0.06782,0.3,0.067976,68.518211,74.659426,105.04556,142.89512,0.000772,0.360103,FORWARD
3467,110.944,63.563244,65.625025,0.3,0.3,0.3,0.247186,0.3,0.3,0.3,68.637143,67.493425,105.05184,142.97048,0.000837,0.545455,FORWARD
3468,110.976,69.842547,70.994195,0.3,0.299649,0.3,0.26303,0.299649,0.3,0.3,70.336302,64.616595,105.08952,143.00816,0.000772,0.545455,FORWARD
3469,111.008,67.289905,62.859876,0.3,0.299356,0.3,0.274121,0.299356,0.3,0.3,68.140541,61.376976,105.1272,143.04584,0.000772,0.427083,FORWARD
3470,111.04,69.7916,62.09453,0.3,0.29909,0.3,0.281885,0.29909,0.3,0.3,67.163731,66.318174,105.16488,143.0898,0.000837,0.385403,FORWARD
3471,111.072,67.521249,63.381139,0.3,0.298939,0.3,0.287319,0.298939,0.3,0.3,63.051613,70.094178,105.20256,143.12748,0.000772,0.369246,FORWARD
3472,111.104,66.04871,70.615513,0.3,0.298832,0.3,0.291124,0.298832,0.3,0.3,71.834813,67.186186,105.24024,143.16516,0.000772,0.362751,FORWARD
3473,111.136,60.047663,70.617095,0.3,0.298758,0.3,0.293787,0.298758,0.3,0.3,63.643642,62.949018,105.27792,143.20284,0.000772,0.360103,FORWARD
3474,111.168,65.657518,66.055446,0.3,0.298709,0.3,0.295651,0.298709,0.3,0.3,62.97576,69.004575,105.3156,143.24052,0.000772,0.359017,FORWARD
3475,111.2,69.381895,62.965296,0.3,0.298676,0.3,0.296955,0.298676,0.3,0.3,71.193699,65.13429,105.35328,143.2782,0.000772,0.35857,FORWARD
3476,111.232,68.856086,68.618838,0.3,0.298614,0.3,0.297869,0.298614,0.3,0.3,65.192927,67.727682,105.39724,143.31588,0.000837,0.358386,FORWARD
3477,111.264,63.01088,64.718682,0.3,0.298615,0.3,0.298508,0.298615,0.3,0.3,64.539359,65.453766,105.43492,143.35356,0.000772,0.358311,FORWARD
3478,111.296,63.710712,70.542767,0.3,0.298615,0.3,0.298956,0.298615,0.3,0.3,68.378152,58.933807,105.4726,143.39124,0.000772,0.358279,FORWARD
3479,111.328,61.157212,62.303395,0.3,0.298574,0.068587,0.299269,0.298574,0.3,0.068587,59.764264,72.405302,105.51028,143.4352,0.000837,0.358267,FORWARD
3480,111.36,71.321968,66.397192,0.3,0.298589,0.3,0.299488,0.298589,0.3,0.3,69.489807,60.888079,105.51028,143.51056,0.000772,0.358261,FORWARD
3481,111.392,64.987586,69.18607,0.3,0.298599,0.3,0.299642,0.298599,0.3,0.3,69.32728,67.935342,105.54796,143.54824,0.000772,0.358259,FORWARD
3482,111.424,70.145027,67.484024,0.3,0.298605,0.3,0.299749,0.298605,0.3,0.3,68.314229,60.180102,105.58564,143.58592,0.000772,0.358258,FORWARD
3483,111.456,69.284854,69.635181,0.3,0.298609,0.3,0.299824,0.298609,0.3,0.3,67.206412,64.481373,105.62332,143.6236,0.000772,0.358258,FORWARD
3484,111.488,67.574224,65.161343,0.3,0.29857,0.3,0.299877,0.29857,0.3,0.3,70.072284,60.73455,105.66728,143.66128,0.000837,0.358258,FORWARD
3485,111.52,67.732685,64.890826,0.3,0.298587,0.3,0.299914,0.298587,0.3,0.3,67.303723,65.023723,105.70496,143.69896,0.000772,0.358258,FORWARD
3486,111.552,68.927414,69.881088,0.3,0.298597,0.3,0.29994,0.298597,0.3,0.3,63.808674,66.319312,105.74264,143.73664,0.000772,0.358258,FORWARD
3487,111.584,65.692081,65.091883,0.3,0.298604,0.3,0.299958,0.298604,0.3,0.3,70.237383,69.884517,105.78032,143.77432,0.000772,0.358258,FORWARD
3488,111.616,64.556092,63.680103,0.3,0.298567,0.3,0.299971,0.298567,0.3,0.3,65.73785,63.128981,105.818,143.81828,0.000837,0.358258,FORWARD
3489,111.648,64.973319,66.042938,0.3,0.298585,0.068383,0.299979,0.298585,0.3,0.068383,67.592622,73.157724,105.85568,143.85596,0.000772,0.358258,FORWARD
3490,111.68,63.590479,68.053237,0.3,0.298596,0.3,0.299986,0.298596,0.3,0.3,70.863376,68.947609,105.85568,143.93132,0.000772,0.358258,FORWARD
3491,111.712,67.003939,66.688833,0.3,0.298603,0.3,0.29999,0.298603,0.3,0.3,65.35092,62.020682,105.89336,143.969,0.000772,0.358258,FORWARD
3492,111.744,67.679614,68.715551,0.3,0.298567,0.3,0.299993,0.298567,0.3,0.3,67.394956,62.634449,105.93732,144.00668,0.000837,0.358258,FORWARD
3493,111.776,64.006474,68.746414,0.3,0.298584,0.068084,0.299995,0.298584,0.068084,0.3,74.259621,69.676925,105.975,144.04436,0.000772,0.358258,FORWARD
3494,111.808,58.657433,67.770064,0.3,0.298596,0.3,0.299997,0.298596,0.3,0.3,66.444602,69.887876,106.05036,144.04436,0.000772,0.358258,FORWARD
3495,111.84,66.5245,67.059102,0.3,0.298603,0.3,0.299998,0.298603,0.3,0.3,66.5835,67.348902,106.08804,144.08204,0.000772,0.358258,FORWARD
3496,111.872,61.174225,65.525451,0.3,0.298608,0.3,0.299998,0.298608,0.3,0.3,68.951288,63.039476,106.12572,144.11972,0.000772,0.358258,FORWARD
3497,111.904,65.356856,68.67307,0.3,0.29857,0.3,0.299999,0.29857,0.3,0.3,63.573077,68.915645,106.1634,144.16368,0.000837,0.358258,FORWARD
3498,111.936,66.900557,70.485209,0.3,0.298586,0.3,0.299999,0.298586,0.3,0.3,67.513957,65.78644,106.20108,144.20136,0.000772,0.358258,FORWARD
3499,111.968,67.355036,69.180784,0.3,0.298597,0.3,0.299999,0.298597,0.3,0.3,65.677792,69.164677,106.23876,144.23904,0.000772,0.358258,FORWARD
3500,112.0,65.240615,68.242717,0.3,0.298604,0.3,0.3,0.298604,0.3,0.3,71.506511,66.375523,106.27644,144.27672,0.000772,0.358258,FORWARD
3501,112.032,66.869723,63.090161,0.3,0.298567,0.3,0.3,0.298567,0.3,0.3,65.256991,63.7915,106.3204,144.3144,0.000837,0.358258,FORWARD
3502,112.064,67.512996,63.072481,0.3,0.298585,0.3,0.3,0.298585,0.3,0.3,71.829074,70.187115,106.35808,144.35208,0.000772,0.358258,FORWARD
3503,112.096,67.123755,69.025786,0.3,0.298596,0.3,0.3,0.298596,0.3,0.3,63.741122,64.629105,106.39576,144.38976,0.000772,0.358258,FORWARD
3504,112.128,60.82889,65.062168,0.3,0.298603,0.3,0.3,0.298603,0.3,0.3,65.411724,67.128922,106.43344,144.42744,0.000772,0.358258,FORWARD
3505,112.16,69.437187,63.602824,0.3,0.298608,0.3,0.3,0.298608,0.3,0.3,68.40712,67.530404,106.47112,144.46512,0.000772,0.358258,FORWARD
3506,112.192,65.485856,65.28903,0.3,0.29857,0.3,0.3,0.29857,0.3,0.3,63.674144,62.852319,106.5088,144.50908,0.000837,0.358258,FORWARD
3507,112.224,62.855898,69.252035,0.3,0.298586,0.3,0.3,0.298586,0.3,0.3,64.724158,62.185126,106.54648,144.54676,0.000772,0.358258,FORWARD
3508,112.256,66.126238,69.323873,0.3,0.298597,0.3,0.3,0.298597,0.3,0.3,70.312118,66.236974,106.58416,144.58444,0.000772,0.358258,FORWARD
3509,112.288,67.942866,70.376563,0.3,0.298604,0.3,0.3,0.298604,0.3,0.3,62.513131,72.250321,106.62184,144.62212,0.000772,0.358258,FORWARD
3510,112.32,63.657352,66.968103,0.3,0.298567,0.068465,0.3,0.298567,0.3,0.068465,63.773568,72.854189,106.6658,144.6598,0.000837,0.358258,FORWARD
3511,112.352,70.217844,61.715967,0.3,0.298585,0.3,0.3,0.298585,0.3,0.3,67.58882,68.053894,106.6658,144.73516,0.000772,0.358258,FORWARD
3512,112.384,66.851646,65.260206,0.3,0.298596,0.3,0.3,0.298596,0.3,0.3,69.20627,70.95137,106.70348,144.77284,0.000772,0.358258,FORWARD
3513,112.416,67.971694,65.689686,0.3,0.298603,0.3,0.3,0.298603,0.3,0.3,69.588369,65.620827,106.74116,144.81052,0.000772,0.358258,FORWARD
3514,112.448,67.594469,70.065429,0.3,0.298608,0.3,0.3,0.298608,0.3,0.3,64.038884,63.34431,106.77884,144.8482,0.000772,0.358258,FORWARD
3515,112.48,67.852815,72.901802,0.068452,0.068452,0.3,0.230536,0.068452,0.3,0.3,68.829774,69.63095,106.81652,144.88588,0.000772,0.358258,FORWARD
3516,112.512,67.85621,65.824281,0.3,0.3,0.3,0.251375,0.3,0.3,0.3,68.687924,67.961363,106.8542,144.92984,0.000837,0.545455,FORWARD
3517,112.544,68.488862,67.706895,0.3,0.299649,0.068007,0.265962,0.299649,0.3,0.068007,67.791852,74.543047,106.89188,144.96752,0.000772,0.545455,FORWARD
3518,112.576,68.301291,64.906392,0.3,0.299319,0.3,0.276174,0.299319,0.3,0.3,65.84437,66.198811,106.89816,145.04288,0.000837,0.427083,FORWARD
3519,112.608,63.710015,70.608977,0.3,0.299107,0.0683,0.283322,0.299107,0.3,0.0683,60.463207,73.464332,106.93584,145.08056,0.000772,0.385403,FORWARD
3520,112.64,63.670813,66.401337,0.3,0.29895,0.3,0.288325,0.29895,0.3,0.3,69.867934,61.605403,106.93584,145.15592,0.000772,0.369246,FORWARD
3521,112.672,75.181302,62.76049,0.067834,0.067834,0.3,0.222178,0.067834,0.3,0.3,69.801147,65.135387,106.97352,145.1936,0.000772,0.362751,FORWARD
3522,112.704,67.277928,72.496733,0.068562,0.06788,0.3,0.176093,0.06788,0.3,0.3,68.221449,68.734876,107.0112,145.23128,0.000772,0.545455,FORWARD
3523,112.736,65.171902,71.191997,0.3,0.3,0.3,0.213265,0.3,0.3,0.3,69.208511,70.060377,107.04888,145.26896,0.000772,0.427083,FORWARD
3524,112.768,70.592098,66.215702,0.3,0.299649,0.3,0.239286,0.299649,0.3,0.3,65.624234,64.966536,107.08656,145.30664,0.000772,0.545455,FORWARD
3525,112.8,70.866369,66.351567,0.3,0.299319,0.3,0.2575,0.299319,0.3,0.3,64.773647,65.286755,107.13052,145.34432,0.000837,0.427083,FORWARD
3526,112.832,72.013274,65.976588,0.3,0.299067,0.3,0.27025,0.299067,0.3,0.3,64.465589,67.999594,107.1682,145.38828,0.000837,0.385403,FORWARD
3527,112.864,65.713035,63.537882,0.3,0.298925,0.3,0.279175,0.298925,0.3,0.3,69.720189,67.311991,107.20588,145.42596,0.000772,0.369246,FORWARD
3528,112.896,68.510265,63.687626,0.3,0.298822,0.3,0.285422,0.298822,0.3,0.3,69.703988,67.202687,107.24356,145.46364,0.000772,0.362751,FORWARD
3529,112.928,69.351009,68.762668,0.3,0.298752,0.3,0.289796,0.298752,0.3,0.3,70.786145,71.18143,107.28124,145.50132,0.000772,0.360103,FORWARD
3530,112.96,64.877976,64.37675,0.3,0.298705,0.3,0.292857,0.298705,0.3,0.3,63.202453,67.934118,107.31892,145.539,0.000772,0.359017,FORWARD
3531,112.992,62.564633,65.522507,0.3,0.298674,0.3,0.295,0.298674,0.3,0.3,59.786316,60.104669,107.3566,145.57668,0.000772,0.35857,FORWARD
3532,113.024,63.356667,65.424494,0.3,0.298654,0.3,0.2965,0.298654,0.3,0.3,67.66056,68.289971,107.39428,145.61436,0.000772,0.358386,FORWARD
3533,113.056,67.679735,66.026147,0.3,0.29864,0.3,0.29755,0.29864,0.3,0.3,67.046407,70.181919,107.43196,145.65204,0.000772,0.358311,FORWARD
3534,113.088,67.208895,68.480142,0.3,0.29859,0.3,0.298285,0.29859,0.3,0.3,70.729254,65.091036,107.47592,145.68972,0.000837,0.358279,FORWARD
3535,113.12,64.654314,67.725637,0.3,0.298558,0.3,0.298799,0.298558,0.3,0.3,65.039589,69.038052,107.5136,145.73368,0.000837,0.358267,FORWARD
3536,113.152,63.176975,61.729151,0.3,0.298579,0.3,0.29916,0.298579,0.3,0.3,68.693304,62.942555,107.55128,145.77136,0.000772,0.358261,FORWARD
3537,113.184,69.463295,61.281431,0.3,0.298593,0.06848,0.299412,0.298593,0.3,0.06848,70.143457,72.797633,107.58896,145.80904,0.000772,0.358259,FORWARD
3538,113.216,71.239028,66.840574,0.3,0.298601,0.3,0.299588,0.298601,0.3,0.3,69.199397,72.313248,107.58896,145.8844,0.000772,0.358258,FORWARD
3539,113.248,61.080771,69.190204,0.3,0.298607,0.3,0.299712,0.298607,0.3,0.3,64.160797,69.587298,107.62664,145.92208,0.000772,0.358258,FORWARD
3540,113.28,68.026248,63.962463,0.3,0.29861,0.3,0.299798,0.29861,0.3,0.3,69.375085,63.589377,107.66432,145.95976,0.000772,0.358258,FORWARD
3541,113.312,74.255125,67.317507,0.068085,0.068085,0.3,0.230284,0.068085,0.3,0.3,62.809806,71.875113,107.702,145.99744,0.000772,0.358258,FORWARD
3542,113.344,59.624363,66.778217,0.3,0.3,0.3,0.251199,0.3,0.3,0.3,63.008101,64.506091,107.74596,146.03512,0.000837,0.545455,FORWARD
3543,113.376,62.451376,69.187923,0.3,0.299649,0.3,0.265839,0.299649,0.3,0.3,65.020193,72.027884,107.78364,146.0728,0.000772,0.545455,FORWARD
3544,113.408,66.10606,67.404944,0.3,0.299356,0.3,0.276088,0.299356,0.3,0.3,66.049314,66.33509,107.82132,146.11048,0.000772,0.427083,FORWARD
3545,113.44,67.284408,66.013289,0.3,0.29909,0.3,0.283261,0.29909,0.3,0.3,65.629702,62.372784,107.859,146.15444,0.000837,0.385403,FORWARD
3546,113.472,61.802136,71.380793,0.3,0.298939,0.3,0.288283,0.298939,0.3,0.3,67.015838,67.155836,107.89668,146.19212,0.000772,0.369246,FORWARD
3547,113.504,68.120058,65.532705,0.3,0.298832,0.3,0.291798,0.298832,0.3,0.3,69.184076,69.173002,107.93436,146.2298,0.000772,0.362751,FORWARD
3548,113.536,65.528682,68.890186,0.3,0.298758,0.3,0.294259,0.298758,0.3,0.3,68.970667,67.854052,107.97204,146.26748,0.000772,0.360103,FORWARD
3549,113.568,68.261719,73.753384,0.068221,0.068221,0.3,0.226447,0.068221,0.3,0.3,64.466477,68.767906,108.00972,146.30516,0.000772,0.359017,FORWARD
3550,113.6,64.980379,64.8534,0.3,0.3,0.068094,0.248513,0.3,0.3,0.068094,65.581084,74.224715,108.05368,146.34284,0.000837,0.545455,FORWARD
3551,113.632,66.291366,65.858727,0.3,0.299649,0.3,0.263959,0.299649,0.3,0.3,65.910643,68.434804,108.05368,146.4182,0.000772,0.545455,FORWARD
3552,113.664,64.945319,65.225164,0.3,0.299356,0.3,0.274771,0.299356,0.3,0.3,72.299896,67.756011,108.09136,146.45588,0.000772,0.427083,FORWARD
3553,113.696,66.269729,64.399543,0.3,0.29913,0.3,0.28234,0.29913,0.3,0.3,64.425501,68.300073,108.12904,146.49356,0.000772,0.385403,FORWARD
3554,113.728,71.787816,69.407229,0.3,0.298964,0.3,0.287638,0.298964,0.3,0.3,61.489011,66.074305,108.16672,146.53124,0.000772,0.369246,FORWARD
3555,113.76,65.719413,67.868901,0.3,0.298806,0.3,0.291347,0.298806,0.3,0.3,64.071143,69.858443,108.2044,146.5752,0.000837,0.362751,FORWARD
3556,113.792,72.161783,71.448165,0.3,0.298742,0.3,0.293943,0.298742,0.3,0.3,60.6005,68.51154,108.24208,146.61288,0.000772,0.360103,FORWARD
3557,113.824,65.043961,69.364335,0.3,0.298698,0.3,0.29576,0.298698,0.3,0.3,67.467553,69.293378,108.27976,146.65056,0.000772,0.359017,FORWARD
3558,113.856,66.827401,67.583808,0.3,0.298628,0.068073,0.297032,0.298628,0.3,0.068073,68.350669,74.300703,108.32372,146.68824,0.000837,0.35857,FORWARD
3559,113.888,66.894906,69.711954,0.3,0.298624,0.3,0.297922,0.298624,0.3,0.3,61.550035,66.212348,108.32372,146.7636,0.000772,0.358386,FORWARD
3560,113.92,66.880643,69.045628,0.3,0.298622,0.3,0.298546,0.298622,0.3,0.3,62.916512,68.427463,108.3614,146.80128,0.000772,0.358311,FORWARD
3561,113.952,65.233636,68.52523,0.3,0.29862,0.3,0.298982,0.29862,0.3,0.3,67.836687,63.14612,108.39908,146.83896,0.000772,0.358279,FORWARD
3562,113.984,67.014455,65.847725,0.3,0.298619,0.3,0.299287,0.298619,0.3,0.3,70.580497,67.854307,108.43676,146.87664,0.000772,0.358267,FORWARD
3563,114.016,59.576505,64.764135,0.3,0.298618,0.3,0.299501,0.298618,0.3,0.3,68.779316,70.668094,108.47444,146.91432,0.000772,0.358261,FORWARD
3564,114.048,70.337397,64.113252,0.3,0.298576,0.3,0.299651,0.298576,0.3,0.3,60.272582,65.898506,108.51212,146.95828,0.000837,0.358259,FORWARD
3565,114.08,71.200941,65.346037,0.3,0.29859,0.3,0.299756,0.29859,0.3,0.3,60.726115,72.259477,108.5498,146.99596,0.000772,0.358258,FORWARD
3566,114.112,71.967404,63.299318,0.3,0.298558,0.3,0.299829,0.298558,0.3,0.3,70.517238,61.604256,108.59376,147.03364,0.000837,0.358258,FORWARD
3567,114.144,64.59539,66.339428,0.3,0.298579,0.3,0.29988,0.298579,0.3,0.3,70.005591,68.717947,108.63144,147.07132,0.000772,0.358258,FORWARD
3568,114.176,69.790731,68.762761,0.3,0.298592,0.3,0.299916,0.298592,0.3,0.3,63.403364,67.457888,108.66912,147.109,0.000772,0.358258,FORWARD
3569,114.208,67.303867,61.977872,0.3,0.298601,0.3,0.299941,0.298601,0.3,0.3,70.277867,63.541535,108.7068,147.14668,0.000772,0.358258,FORWARD
3570,114.24,73.050865,65.866528,0.068412,0.068412,0.3,0.230482,0.068412,0.3,0.3,66.871075,59.636199,108.74448,147.18436,0.000772,0.358258,FORWARD
3571,114.272,67.800619,60.291813,0.3,0.3,0.3,0.251338,0.3,0.3,0.3,62.094974,68.710976,108.78216,147.22204,0.000772,0.545455,FORWARD
3572,114.304,65.314317,57.447781,0.3,0.299649,0.3,0.265936,0.299649,0.3,0.3,67.521186,67.858831,108.81984,147.25972,0.000772,0.545455,FORWARD
3573,114.336,59.484359,69.470102,0.3,0.299319,0.3,0.276155,0.299319,0.3,0.3,65.461705,63.870302,108.85752,147.30368,0.000837,0.427083,FORWARD
3574,114.368,74.902555,62.218888,0.06791,0.06791,0.3,0.213682,0.06791,0.3,0.3,67.09474,68.639481,108.8952,147.34136,0.000772,0.385403,FORWARD
3575,114.4,68.768762,74.973005,0.067891,0.067519,0.3,0.169944,0.067519,0.3,0.3,63.349401,63.708486,108.93916,147.37904,0.000837,0.545455,FORWARD
3576,114.432,65.338103,69.245469,0.3,0.3,0.3,0.208961,0.3,0.3,0.3,71.439441,64.656471,108.97684,147.41672,0.000772,0.427083,FORWARD
3577,114.464,61.936401,64.146129,0.3,0.299649,0.06779,0.236273,0.299649,0.06779,0.3,75.345299,66.967853,109.01452,147.4544,0.000772,0.545455,FORWARD
3578,114.496,63.573476,77.458742,0.067217,0.067217,0.3,0.185556,0.067217,0.3,0.3,69.073119,66.290039,109.08988,147.4544,0.000772,0.427083,FORWARD
3579,114.528,73.280574,64.274198,0.068349,0.067484,0.3,0.150394,0.067484,0.3,0.3,63.620695,69.911058,109.12756,147.49208,0.000772,0.545455,FORWARD
3580,114.56,66.606741,70.686453,0.3,0.3,0.3,0.195276,0.3,0.3,0.3,67.115252,64.48605,109.16524,147.52976,0.000772,0.427083,FORWARD
3581,114.592,70.719763,64.826771,0.3,0.29962,0.3,0.226693,0.29962,0.3,0.3,68.958345,66.0013,109.20292,147.57372,0.000837,0.545455,FORWARD
3582,114.624,65.790662,69.378507,0.3,0.29934,0.3,0.248685,0.29934,0.3,0.3,69.103469,66.890814,109.2406,147.6114,0.000772,0.427083,FORWARD
3583,114.656,68.701241,70.131615,0.3,0.299119,0.3,0.26408,0.299119,0.3,0.3,70.736364,64.304895,109.27828,147.64908,0.000772,0.385403,FORWARD
3584,114.688,66.131039,63.739728,0.3,0.298957,0.3,0.274856,0.298957,0.3,0.3,71.329637,68.306352,109.31596,147.68676,0.000772,0.369246,FORWARD
3585,114.72,66.96578,66.939657,0.3,0.298802,0.068479,0.282399,0.298802,0.3,0.068479,62.915915,72.801182,109.35992,147.72444,0.000837,0.362751,FORWARD
3586,114.752,69.97995,62.40803,0.3,0.298739,0.3,0.287679,0.298739,0.3,0.3,64.250851,66.806982,109.35992,147.7998,0.000772,0.360103,FORWARD
3587,114.784,63.378518,70.223201,0.3,0.298697,0.3,0.291376,0.298697,0.3,0.3,70.603093,67.636584,109.3976,147.83748,0.000772,0.359017,FORWARD
3588,114.816,64.254868,69.545109,0.3,0.298669,0.3,0.293963,0.298669,0.3,0.3,69.910638,67.631544,109.43528,147.87516,0.000772,0.35857,FORWARD
3589,114.848,70.904906,67.910514,0.3,0.29865,0.3,0.295774,0.29865,0.3,0.3,67.784767,70.079362,109.47296,147.91284,0.000772,0.358386,FORWARD
3590,114.88,68.678533,65.876638,0.3,0.298638,0.3,0.297042,0.298638,0.3,0.3,67.161285,65.205822,109.51064,147.95052,0.000772,0.358311,FORWARD
3591,114.912,65.5465,71.01453,0.3,0.298589,0.3,0.297929,0.298589,0.3,0.3,68.848884,70.910025,109.54832,147.99448,0.000837,0.358279,FORWARD
3592,114.944,67.066944,67.85266,0.3,0.298599,0.3,0.29855,0.298599,0.3,0.3,71.129292,68.834333,109.586,148.03216,0.000772,0.358267,FORWARD
3593,114.976,70.053592,65.136988,0.3,0.298564,0.3,0.298985,0.298564,0.3,0.3,65.495578,70.070918,109.62996,148.06984,0.000837,0.358261,FORWARD
3594,115.008,65.937098,67.177836,0.3,0.298583,0.3,0.29929,0.298583,0.3,0.3,69.53233,68.383558,109.66764,148.10752,0.000772,0.358259,FORWARD
3595,115.04,70.4273,68.479147,0.3,0.298595,0.3,0.299503,0.298595,0.3,0.3,70.007489,66.658876,109.70532,148.1452,0.000772,0.358258,FORWARD
3596,115.072,67.603726,67.964597,0.3,0.298602,0.3,0.299652,0.298602,0.3,0.3,62.835149,60.524822,109.743,148.18288,0.000772,0.358258,FORWARD
3597,115.104,67.371888,67.051167,0.3,0.298607,0.3,0.299756,0.298607,0.3,0.3,65.110363,71.462801,109.78068,148.22056,0.000772,0.358258,FORWARD
3598,115.136,71.956875,62.592585,0.3,0.298611,0.3,0.299829,0.298611,0.3,0.3,70.517807,69.222691,109.81836,148.25824,0.000772,0.358258,FORWARD
3599,115.168,64.671908,66.113723,0.3,0.298613,0.068247,0.299881,0.298613,0.3,0.068247,66.30412,73.657356,109.85604,148.29592,0.000772,0.358258,FORWARD
3600,115.2,68.018362,69.675236,0.3,0.298573,0.3,0.299916,0.298573,0.3,0.3,71.753528,63.83665,109.85604,148.37756,0.000837,0.358258,FORWARD
3601,115.232,70.400137,69.591788,0.3,0.298547,0.3,0.299942,0.298547,0.3,0.3,63.737421,65.992109,109.9,148.41524,0.000837,0.358258,FORWARD
3602,115.264,68.589339,64.679525,0.3,0.298572,0.3,0.299959,0.298572,0.3,0.3,64.925154,68.439005,109.93768,148.45292,0.000772,0.358258,FORWARD
3603,115.296,75.762014,67.527725,0.067677,0.067677,0.3,0.230274,0.067677,0.3,0.3,66.17323,68.996666,109.97536,148.4906,0.000772,0.358258,FORWARD
3604,115.328,70.456432,76.026518,0.067605,0.067287,0.068546,0.181474,0.067287,0.068546,0.3,72.555683,62.00476,110.01304,148.52828,0.000772,0.545455,FORWARD
3605,115.36,68.31119,72.531486,0.068552,0.067385,0.3,0.147597,0.067385,0.3,0.3,70.67632,60.166388,110.0884,148.52828,0.000772,0.427083,FORWARD
3606,115.392,67.805771,64.927757,0.3,0.3,0.3,0.193318,0.3,0.3,0.3,63.331252,65.774111,110.12608,148.56596,0.000772,0.385403,FORWARD
3607,115.424,66.676196,69.464757,0.3,0.299649,0.3,0.225323,0.299649,0.3,0.3,71.873266,66.413337,110.16376,148.60364,0.000772,0.545455,FORWARD
3608,115.456,66.811929,65.530278,0.3,0.299319,0.3,0.247726,0.299319,0.3,0.3,65.328815,67.582394,110.20144,148.6476,0.000837,0.427083,FORWARD
3609,115.488,69.134544,67.980625,0.3,0.299107,0.3,0.263408,0.299107,0.3,0.3,62.064259,69.661587,110.23912,148.68528,0.000772,0.385403,FORWARD
3610,115.52,66.990801,67.05569,0.3,0.298909,0.3,0.274386,0.298909,0.3,0.3,68.980233,66.327946,110.28308,148.72296,0.000837,0.369246,FORWARD
3611,115.552,71.897522,67.373453,0.3,0.298812,0.3,0.28207,0.298812,0.3,0.3,61.168269,67.716006,110.32076,148.76064,0.000772,0.362751,FORWARD
3612,115.584,61.74134,66.445871,0.3,0.298746,0.067989,0.287449,0.298746,0.3,0.067989,67.761781,74.610217,110.35844,148.79832,0.000772,0.360103,FORWARD
3613,115.616,69.235604,68.388575,0.3,0.298701,0.3,0.291214,0.298701,0.3,0.3,67.789932,67.588054,110.35844,148.87368,0.000772,0.359017,FORWARD
3614,115.648,67.243061,71.151994,0.3,0.298671,0.3,0.29385,0.298671,0.3,0.3,71.306307,66.433902,110.39612,148.91136,0.000772,0.35857,FORWARD
3615,115.68,68.551445,67.281916,0.3,0.298652,0.3,0.295695,0.298652,0.3,0.3,64.323225,68.062056,110.4338,148.94904,0.000772,0.358386,FORWARD
3616,115.712,69.826457,62.145816,0.3,0.298639,0.3,0.296987,0.298639,0.3,0.3,65.581764,65.561193,110.47148,148.98672,0.000772,0.358311,FORWARD
3617,115.744,63.168906,64.33173,0.3,0.298631,0.3,0.297891,0.298631,0.3,0.3,58.639771,64.070996,110.50916,149.0244,0.000772,0.358279,FORWARD
3618,115.776,71.107997,65.35978,0.3,0.298543,0.3,0.298523,0.298543,0.3,0.3,66.271693,68.383101,110.55312,149.06836,0.000901,0.358267,FORWARD
3619,115.808,62.765096,68.977841,0.3,0.298569,0.3,0.298966,0.298569,0.3,0.3,64.660863,66.046167,110.5908,149.10604,0.000772,0.358261,FORWARD
3620,115.84,67.726694,67.310761,0.3,0.298586,0.3,0.299276,0.298586,0.3,0.3,66.878393,70.019096,110.62848,149.14372,0.000772,0.358259,FORWARD
3621,115.872,70.741878,67.300871,0.3,0.298597,0.3,0.299494,0.298597,0.3,0.3,67.559852,66.839615,110.66616,149.1814,0.000772,0.358258,FORWARD
3622,115.904,70.448954,61.38032,0.3,0.298604,0.3,0.299645,0.298604,0.3,0.3,70.514214,64.696217,110.70384,149.21908,0.000772,0.358258,FORWARD
3623,115.936,66.512168,62.885295,0.3,0.298608,0.3,0.299752,0.298608,0.3,0.3,65.751339,70.683839,110.74152,149.25676,0.000772,0.358258,FORWARD
3624,115.968,67.049348,66.239889,0.3,0.298611,0.3,0.299826,0.298611,0.3,0.3,62.613719,68.588948,110.7792,149.29444,0.000772,0.358258,FORWARD
3625,116.0,62.283693,67.676002,0.3,0.298613,0.3,0.299878,0.298613,0.3,0.3,68.056577,60.136176,110.81688,149.33212,0.000772,0.358258,FORWARD
3626,116.032,63.064105,64.209085,0.3,0.298614,0.3,0.299915,0.298614,0.3,0.3,65.948482,65.757358,110.85456,149.3698,0.000772,0.358258,FORWARD
3627,116.064,71.196151,71.193305,0.3,0.298532,0.3,0.29994,0.298532,0.3,0.3,66.079236,66.79859,110.89852,149.41376,0.000901,0.358258,FORWARD
3628,116.096,70.225786,65.483411,0.3,0.298562,0.3,0.299958,0.298562,0.3,0.3,70.36972,65.659097,110.9362,149.45144,0.000772,0.358258,FORWARD
3629,116.128,68.714451,74.54225,0.068008,0.068008,0.3,0.230373,0.068008,0.3,0.3,63.213842,64.957429,110.97388,149.48912,0.000772,0.358258,FORWARD
3630,116.16,65.887197,68.507728,0.3,0.3,0.3,0.251261,0.3,0.3,0.3,64.951782,64.527122,111.01156,149.5268,0.000772,0.545455,FORWARD
3631,116.192,70.812302,70.313659,0.3,0.299649,0.3,0.265883,0.299649,0.3,0.3,65.177315,68.272022,111.04924,149.56448,0.000772,0.545455,FORWARD
3632,116.224,74.398441,67.014814,0.068046,0.068046,0.3,0.206532,0.068046,0.3,0.3,68.572675,68.82087,111.08692,149.60216,0.000772,0.427083,FORWARD
3633,116.256,64.918271,64.311151,0.3,0.3,0.3,0.234572,0.3,0.3,0.3,64.881189,69.856053,111.1246,149.63984,0.000772,0.545455,FORWARD
3634,116.288,73.456207,63.528566,0.068302,0.068302,0.3,0.184691,0.068302,0.3,0.3,66.142736,64.752967,111.16228,149.67752,0.000772,0.545455,FORWARD
3635,116.32,68.303342,69.54424,0.3,0.3,0.3,0.219284,0.3,0.3,0.3,67.02888,65.90525,111.19996,149.72148,0.000837,0.545455,FORWARD
3636,116.352,68.955409,66.946445,0.3,0.29962,0.3,0.243499,0.29962,0.3,0.3,66.761461,66.752883,111.24392,149.75916,0.000837,0.545455,FORWARD
3637,116.384,68.778296,63.069401,0.3,0.29934,0.3,0.260449,0.29934,0.3,0.3,66.082663,69.878424,111.2816,149.79684,0.000772,0.427083,FORWARD
3638,116.416,74.682656,66.651835,0.067969,0.067969,0.3,0.202705,0.067969,0.3,0.3,64.793055,61.183274,111.31928,149.83452,0.000772,0.385403,FORWARD
3639,116.448,67.940943,70.925189,0.3,0.3,0.3,0.231894,0.3,0.3,0.3,64.836081,68.646307,111.35696,149.8722,0.000772,0.545455,FORWARD
3640,116.48,70.710637,67.094936,0.3,0.299649,0.3,0.252326,0.299649,0.3,0.3,68.962736,65.501083,111.39464,149.90988,0.000772,0.545455,FORWARD
3641,116.512,69.187199,68.885699,0.3,0.299356,0.3,0.266628,0.299356,0.3,0.3,67.003644,62.946075,111.43232,149.94756,0.000772,0.427083,FORWARD
3642,116.544,62.963306,66.607406,0.3,0.29913,0.3,0.27664,0.29913,0.3,0.3,68.961641,61.05415,111.47,149.98524,0.000772,0.385403,FORWARD
3643,116.576,66.050743,69.703449,0.3,0.298964,0.3,0.283648,0.298964,0.3,0.3,66.845743,63.434623,111.50768,150.02292,0.000772,0.369246,FORWARD
3644,116.608,66.828525,62.298132,0.3,0.298806,0.068381,0.288553,0.298806,0.068381,0.3,73.164948,68.455351,111.54536,150.06688,0.000837,0.362751,FORWARD
3645,116.64,70.562407,71.56219,0.3,0.298742,0.3,0.291987,0.298742,0.3,0.3,64.23332,64.503813,111.62072,150.06688,0.000772,0.360103,FORWARD
3646,116.672,63.785787,62.084416,0.3,0.298657,0.3,0.294391,0.298657,0.3,0.3,58.637718,63.928356,111.66468,150.10456,0.000837,0.359017,FORWARD
3647,116.704,60.240083,65.300661,0.3,0.298643,0.3,0.296074,0.298643,0.3,0.3,65.297864,64.464201,111.70236,150.14224,0.000772,0.35857,FORWARD
3648,116.736,65.091339,70.519507,0.3,0.298634,0.3,0.297252,0.298634,0.3,0.3,70.051178,67.30848,111.74004,150.17992,0.000772,0.358386,FORWARD
3649,116.768,66.668931,65.377225,0.3,0.298628,0.3,0.298076,0.298628,0.3,0.3,67.822007,68.908138,111.77772,150.2176,0.000772,0.358311,FORWARD
3650,116.8,70.492506,66.220726,0.3,0.298624,0.3,0.298653,0.298624,0.3,0.3,64.529351,67.238136,111.8154,150.25528,0.000772,0.358279,FORWARD
3651,116.832,69.263021,64.829742,0.3,0.298621,0.3,0.299057,0.298621,0.3,0.3,65.903423,68.346682,111.85308,150.29296,0.000772,0.358267,FORWARD
3652,116.864,68.626527,70.116033,0.3,0.298578,0.3,0.29934,0.298578,0.3,0.3,63.162906,67.829067,111.89076,150.33692,0.000837,0.358261,FORWARD
3653,116.896,71.480364,64.900343,0.3,0.298592,0.3,0.299538,0.298592,0.3,0.3,66.031128,69.838385,111.92844,150.3746,0.000772,0.358259,FORWARD
3654,116.928,64.26881,65.219334,0.3,0.298559,0.3,0.299677,0.298559,0.3,0.3,68.305109,69.173262,111.9724,150.41228,0.000837,0.358258,FORWARD
3655,116.96,69.080832,68.066765,0.3,0.29858,0.3,0.299774,0.29858,0.3,0.3,65.367409,62.627868,112.01008,150.44996,0.000772,0.358258,FORWARD
3656,116.992,61.25262,67.320391,0.3,0.298593,0.3,0.299842,0.298593,0.3,0.3,66.882144,64.450237,112.04776,150.48764,0.000772,0.358258,FORWARD
3657,117.024,64.833956,66.104233,0.3,0.298601,0.3,0.299889,0.298601,0.3,0.3,70.769072,66.32612,112.08544,150.52532,0.000772,0.358258,FORWARD
3658,117.056,65.683303,62.189923,0.3,0.298607,0.3,0.299922,0.298607,0.3,0.3,69.857039,69.954809,112.12312,150.563,0.000772,0.358258,FORWARD
3659,117.088,74.478558,67.383931,0.068025,0.068025,0.3,0.230353,0.068025,0.3,0.3,63.579322,65.753584,112.1608,150.60068,0.000772,0.358258,FORWARD
3660,117.12,69.551247,69.276306,0.3,0.3,0.3,0.251247,0.3,0.3,0.3,66.336216,69.58149,112.19848,150.63836,0.000772,0.545455,FORWARD
3661,117.152,68.111246,68.93887,0.3,0.29962,0.3,0.265873,0.29962,0.3,0.3,63.014327,70.008375,112.23616,150.68232,0.000837,0.545455,FORWARD
3662,117.184,69.066206,67.565578,0.3,0.29934,0.06834,0.276111,0.29934,0.3,0.06834,66.406089,73.315983,112.27384,150.72,0.000772,0.427083,FORWARD
3663,117.216,65.336558,68.178536,0.3,0.29908,0.3,0.283278,0.29908,0.3,0.3,67.632567,66.517126,112.28012,150.79536,0.000837,0.385403,FORWARD
3664,117.248,68.370159,64.523867,0.3,0.298932,0.3,0.288294,0.298932,0.3,0.3,65.361572,70.230044,112.3178,150.83304,0.000772,0.369246,FORWARD
3665,117.28,63.943921,66.696995,0.3,0.298827,0.3,0.291806,0.298827,0.3,0.3,66.322175,67.941372,112.35548,150.87072,0.000772,0.362751,FORWARD
3666,117.312,66.129533,70.629806,0.3,0.298755,0.3,0.294264,0.298755,0.3,0.3,70.463895,65.994964,112.39316,150.9084,0.000772,0.360103,FORWARD
3667,117.344,66.411768,73.830904,0.0682,0.0682,0.068154,0.226445,0.0682,0.3,0.068154,67.537935,74.001263,112.43084,150.94608,0.000772,0.359017,FORWARD
3668,117.376,67.747096,69.687137,0.3,0.3,0.3,0.248512,0.3,0.3,0.3,69.564255,71.064789,112.43084,151.02144,0.000772,0.545455,FORWARD
3669,117.408,72.235734,68.871666,0.3,0.299649,0.3,0.263958,0.299649,0.3,0.3,67.363469,65.690739,112.46852,151.05912,0.000772,0.545455,FORWARD
3670,117.44,67.751708,66.084226,0.3,0.299319,0.3,0.274771,0.299319,0.3,0.3,64.754692,68.493228,112.51248,151.0968,0.000837,0.427083,FORWARD
3671,117.472,68.488886,65.095855,0.3,0.299107,0.067317,0.282339,0.299107,0.3,0.067317,67.460133,77.088514,112.55016,151.13448,0.000772,0.385403,FORWARD
3672,117.504,65.258541,64.149862,0.3,0.298909,0.3,0.287638,0.298909,0.3,0.3,70.341422,64.340226,112.55016,151.21612,0.000837,0.369246,FORWARD
3673,117.536,64.47166,71.369796,0.3,0.298812,0.3,0.291346,0.298812,0.3,0.3,62.111774,66.636416,112.58784,151.2538,0.000772,0.362751,FORWARD
3674,117.568,72.991255,62.042733,0.068428,0.068428,0.3,0.224471,0.068428,0.3,0.3,61.334687,67.606589,112.62552,151.29148,0.000772,0.360103,FORWARD
3675,117.6,65.06118,66.611786,0.3,0.3,0.3,0.24713,0.3,0.3,0.3,63.688411,67.25635,112.6632,151.32916,0.000772,0.545455,FORWARD
3676,117.632,68.378158,69.111649,0.3,0.299649,0.067512,0.262991,0.299649,0.067512,0.3,76.370679,69.4327,112.70088,151.36684,0.000772,0.545455,FORWARD
3677,117.664,68.431919,63.002846,0.3,0.299356,0.3,0.274093,0.299356,0.3,0.3,68.603518,63.414728,112.77624,151.36684,0.000772,0.427083,FORWARD
3678,117.696,66.74936,69.761967,0.3,0.29913,0.3,0.281865,0.29913,0.3,0.3,68.687352,65.633198,112.81392,151.40452,0.000772,0.385403,FORWARD
3679,117.728,67.082166,69.251013,0.3,0.298923,0.3,0.287306,0.298923,0.3,0.3,65.803758,71.236166,112.85788,151.4422,0.000837,0.369246,FORWARD
3680,117.76,68.36255,72.995699,0.068427,0.068427,0.3,0.221642,0.068427,0.3,0.3,71.866858,70.921869,112.89556,151.48616,0.000837,0.362751,FORWARD
3681,117.792,65.964065,61.080453,0.3,0.3,0.3,0.245149,0.3,0.3,0.3,67.729446,63.950944,112.93324,151.52384,0.000772,0.545455,FORWARD
3682,117.824,65.154071,70.199379,0.3,0.299649,0.3,0.261605,0.299649,0.3,0.3,59.3967,64.764821,112.97092,151.56152,0.000772,0.545455,FORWARD
3683,117.856,57.94501,65.881678,0.3,0.299356,0.06821,0.273123,0.299356,0.06821,0.3,73.796002,67.566289,113.0086,151.5992,0.000772,0.427083,FORWARD
3684,117.888,61.901146,68.840948,0.3,0.29913,0.3,0.281186,0.29913,0.3,0.3,63.690339,68.876595,113.08396,151.5992,0.000772,0.385403,FORWARD
3685,117.92,68.14257,67.843395,0.3,0.298964,0.3,0.28683,0.298964,0.3,0.3,64.633085,66.693758,113.12164,151.63688,0.000772,0.369246,FORWARD
3686,117.952,71.075328,59.555601,0.3,0.298847,0.3,0.290781,0.298847,0.3,0.3,72.078608,65.528933,113.15932,151.67456,0.000772,0.362751,FORWARD
3687,117.984,67.570334,69.090739,0.3,0.298768,0.3,0.293547,0.298768,0.3,0.3,65.819279,64.33015,113.197,151.71224,0.000772,0.360103,FORWARD
3688,118.016,72.462957,67.907312,0.068571,0.068571,0.3,0.226054,0.068571,0.3,0.3,67.893363,67.897297,113.23468,151.7562,0.000837,0.359017,FORWARD
3689,118.048,67.336633,66.612324,0.3,0.3,0.3,0.248238,0.3,0.3,0.3,67.139319,68.606751,113.27864,151.79388,0.000837,0.545455,FORWARD
3690,118.08,63.973235,68.363519,0.3,0.299649,0.3,0.263767,0.299649,0.3,0.3,61.990852,70.424189,113.31632,151.83156,0.000772,0.545455,FORWARD
3691,118.112,69.45753,64.842837,0.3,0.299356,0.3,0.274637,0.299356,0.3,0.3,65.517261,65.274486,113.354,151.86924,0.000772,0.427083,FORWARD
3692,118.144,66.865753,67.221897,0.3,0.29913,0.3,0.282246,0.29913,0.3,0.3,63.903577,59.806041,113.39168,151.90692,0.000772,0.385403,FORWARD
3693,118.176,66.871338,61.859579,0.3,0.298964,0.3,0.287572,0.298964,0.3,0.3,70.614039,63.768881,113.42936,151.9446,0.000772,0.369246,FORWARD
3694,118.208,68.033874,64.25854,0.3,0.298847,0.3,0.2913,0.298847,0.3,0.3,72.224383,59.983432,113.46704,151.98228,0.000772,0.362751,FORWARD
3695,118.24,57.744823,62.258458,0.3,0.298768,0.3,0.29391,0.298768,0.3,0.3,65.860074,62.895601,113.50472,152.01996,0.000772,0.360103,FORWARD
3696,118.272,66.568878,62.933818,0.3,0.298715,0.3,0.295737,0.298715,0.3,0.3,66.996828,64.915972,113.5424,152.05764,0.000772,0.359017,FORWARD
3697,118.304,65.360284,66.478725,0.3,0.298639,0.3,0.297016,0.298639,0.3,0.3,72.00885,64.789072,113.58008,152.1016,0.000837,0.35857,FORWARD
3698,118.336,65.5032,67.354191,0.3,0.29859,0.3,0.297911,0.29859,0.3,0.3,64.832874,65.910424,113.62404,152.13928,0.000837,0.358386,FORWARD
3699,118.368,70.251424,63.49902,0.3,0.2986,0.3,0.298538,0.2986,0.3,0.3,71.280275,66.888146,113.66172,152.17696,0.000772,0.358311,FORWARD
3700,118.4,69.649295,65.00108,0.3,0.298606,0.3,0.298976,0.298606,0.3,0.3,66.441735,67.802619,113.6994,152.21464,0.000772,0.358279,FORWARD
3701,118.432,69.099209,66.586402,0.3,0.298609,0.3,0.299284,0.298609,0.3,0.3,68.076301,64.344798,113.73708,152.25232,0.000772,0.358267,FORWARD
3702,118.464,71.584731,69.060366,0.3,0.298612,0.068564,0.299498,0.298612,0.3,0.068564,63.887967,72.487848,113.77476,152.29,0.000772,0.358261,FORWARD
3703,118.496,65.955615,66.621084,0.3,0.298614,0.3,0.299649,0.298614,0.3,0.3,66.090781,68.595446,113.77476,152.36536,0.000772,0.358259,FORWARD
3704,118.528,63.213087,59.689946,0.3,0.298615,0.3,0.299754,0.298615,0.3,0.3,66.812046,68.597445,113.81244,152.40304,0.000772,0.358258,FORWARD
3705,118.56,67.87878,65.303634,0.3,0.298574,0.3,0.299828,0.298574,0.3,0.3,66.913841,65.994582,113.8564,152.44072,0.000837,0.358258,FORWARD
3706,118.592,68.702709,67.85412,0.3,0.298589,0.3,0.29988,0.298589,0.3,0.3,68.223134,70.303786,113.89408,152.4784,0.000772,0.358258,FORWARD
3707,118.624,64.388052,62.393816,0.3,0.298558,0.3,0.299916,0.298558,0.3,0.3,66.600345,65.912049,113.93176,152.52236,0.000837,0.358258,FORWARD
3708,118.656,63.583269,67.864397,0.3,0.298579,0.3,0.299941,0.298579,0.3,0.3,63.342248,65.065384,113.96944,152.56004,0.000772,0.358258,FORWARD
3709,118.688,66.741072,64.962284,0.3,0.298592,0.3,0.299959,0.298592,0.3,0.3,65.281281,63.298391,114.00712,152.59772,0.000772,0.358258,FORWARD
3710,118.72,73.954236,69.897467,0.068167,0.068167,0.3,0.230421,0.068167,0.3,0.3,66.521628,67.799562,114.0448,152.6354,0.000772,0.358258,FORWARD
3711,118.752,65.312344,61.226498,0.3,0.3,0.3,0.251295,0.3,0.3,0.3,67.353215,64.283141,114.08248,152.67308,0.000772,0.545455,FORWARD
3712,118.784,68.235074,61.226497,0.3,0.299649,0.3,0.265906,0.299649,0.3,0.3,67.357076,69.781003,114.12016,152.71076,0.000772,0.545455,FORWARD
3713,118.816,70.271936,69.779678,0.3,0.299356,0.3,0.276134,0.299356,0.3,0.3,67.300705,69.548284,114.15784,152.74844,0.000772,0.427083,FORWARD
3714,118.848,72.995272,60.113465,0.068427,0.068427,0.3,0.213822,0.068427,0.3,0.3,62.961625,67.776585,114.2018,152.78612,0.000837,0.385403,FORWARD
3715,118.88,63.041806,63.252772,0.3,0.3,0.3,0.239676,0.3,0.3,0.3,66.431814,63.931199,114.23948,152.8238,0.000772,0.545455,FORWARD
3716,118.912,68.431222,67.064103,0.3,0.29962,0.3,0.257773,0.29962,0.3,0.3,67.269391,66.682961,114.27716,152.86776,0.000837,0.545455,FORWARD
3717,118.944,71.426687,70.239477,0.3,0.29934,0.3,0.270441,0.29934,0.3,0.3,65.50421,67.026148,114.31484,152.90544,0.000772,0.427083,FORWARD
3718,118.976,64.688102,67.187069,0.3,0.299119,0.3,0.279309,0.299119,0.3,0.3,70.040805,62.906767,114.35252,152.94312,0.000772,0.385403,FORWARD
3719,119.008,65.420593,62.504979,0.3,0.298957,0.068438,0.285516,0.298957,0.3,0.068438,67.150594,72.952331,114.3902,152.9808,0.000772,0.369246,FORWARD
3720,119.04,65.707411,65.968848,0.3,0.298843,0.3,0.289861,0.298843,0.3,0.3,69.602884,64.500003,114.3902,153.05616,0.000772,0.362751,FORWARD
3721,119.072,72.272696,67.364962,0.3,0.298766,0.3,0.292903,0.298766,0.3,0.3,63.965342,64.591243,114.42788,153.09384,0.000772,0.360103,FORWARD
3722,119.104,66.546965,64.407577,0.3,0.298672,0.3,0.295032,0.298672,0.3,0.3,58.496771,71.264517,114.47184,153.13152,0.000837,0.359017,FORWARD
3723,119.136,73.339116,64.025743,0.068334,0.068334,0.3,0.227022,0.068334,0.3,0.3,66.889689,64.430892,114.50952,153.1692,0.000772,0.35857,FORWARD
3724,119.168,67.695658,68.244559,0.3,0.3,0.3,0.248916,0.3,0.3,0.3,64.929539,64.16819,114.5472,153.20688,0.000772,0.545455,FORWARD
3725,119.2,68.903277,65.104433,0.3,0.29962,0.3,0.264241,0.29962,0.3,0.3,70.018001,67.573592,114.58488,153.25084,0.000837,0.545455,FORWARD
3726,119.232,67.612104,64.90339,0.3,0.29934,0.3,0.274969,0.29934,0.3,0.3,64.793386,66.787945,114.62256,153.28852,0.000772,0.427083,FORWARD
3727,119.264,68.838245,66.566981,0.3,0.299119,0.3,0.282478,0.299119,0.3,0.3,69.319845,65.584857,114.66024,153.3262,0.000772,0.385403,FORWARD
3728,119.296,64.876835,65.168677,0.3,0.298957,0.3,0.287735,0.298957,0.3,0.3,72.065473,63.358662,114.69792,153.36388,0.000772,0.369246,FORWARD
3729,119.328,68.503541,66.851123,0.3,0.298843,0.3,0.291414,0.298843,0.3,0.3,65.520702,69.123876,114.7356,153.40156,0.000772,0.362751,FORWARD
3730,119.36,60.446187,65.374718,0.3,0.298766,0.3,0.29399,0.298766,0.3,0.3,65.807239,66.862392,114.77328,153.43924,0.000772,0.360103,FORWARD
3731,119.392,71.012291,64.979167,0.3,0.298672,0.3,0.295793,0.298672,0.3,0.3,62.723693,63.183544,114.81724,153.47692,0.000837,0.359017,FORWARD
3732,119.424,63.050195,66.75236,0.3,0.298653,0.06848,0.297055,0.298653,0.3,0.06848,67.904129,72.800637,114.85492,153.5146,0.000772,0.35857,FORWARD
3733,119.456,68.515435,68.006474,0.3,0.29864,0.3,0.297939,0.29864,0.3,0.3,64.182777,67.724521,114.85492,153.58996,0.000772,0.358386,FORWARD
3734,119.488,74.278532,69.62967,0.068079,0.068079,0.3,0.228981,0.068079,0.3,0.3,67.185519,62.60529,114.8926,153.62764,0.000772,0.358311,FORWARD
3735,119.52,63.382877,68.475031,0.3,0.3,0.3,0.250286,0.3,0.3,0.3,68.977898,67.917682,114.93028,153.6716,0.000837,0.545455,FORWARD
3736,119.552,65.758608,68.36439,0.3,0.299649,0.3,0.265201,0.299649,0.3,0.3,64.175505,66.642941,114.96796,153.70928,0.000772,0.545455,FORWARD
3737,119.584,66.919012,65.298508,0.3,0.299356,0.3,0.27564,0.299356,0.3,0.3,69.197643,65.207189,115.00564,153.74696,0.000772,0.427083,FORWARD
3738,119.616,63.929049,67.388854,0.3,0.29913,0.3,0.282948,0.29913,0.3,0.3,67.532195,70.268352,115.04332,153.78464,0.000772,0.385403,FORWARD
3739,119.648,68.09528,68.84268,0.3,0.298923,0.3,0.288064,0.298923,0.3,0.3,69.487367,70.638116,115.08728,153.82232,0.000837,0.369246,FORWARD
3740,119.68,61.242852,67.911505,0.3,0.298822,0.3,0.291645,0.298822,0.3,0.3,66.150125,67.72378,115.12496,153.86,0.000772,0.362751,FORWARD
3741,119.712,65.989972,73.96766,0.068163,0.068163,0.3,0.2246,0.068163,0.3,0.3,65.2537,69.345904,115.16264,153.89768,0.000772,0.360103,FORWARD
3742,119.744,60.20748,65.019961,0.3,0.3,0.3,0.24722,0.3,0.3,0.3,67.210155,65.434543,115.20032,153.93536,0.000772,0.545455,FORWARD
3743,119.776,69.839924,63.203795,0.3,0.299649,0.3,0.263054,0.299649,0.3,0.3,66.555823,68.59873,115.238,153.97304,0.000772,0.545455,FORWARD
3744,119.808,63.387101,69.359322,0.3,0.299319,0.3,0.274138,0.299319,0.3,0.3,70.966795,64.034862,115.27568,154.017,0.000837,0.427083,FORWARD
3745,119.84,65.422345,68.609018,0.3,0.299107,0.3,0.281897,0.299107,0.3,0.3,67.88421,70.565343,115.31336,154.05468,0.000772,0.385403,FORWARD
3746,119.872,72.362293,66.420676,0.068598,0.068598,0.3,0.217907,0.068598,0.3,0.3,68.418295,69.121513,115.35104,154.09236,0.000772,0.369246,FORWARD
3747,119.904,68.265886,64.772586,0.3,0.3,0.3,0.242535,0.3,0.3,0.3,62.493039,61.26583,115.38872,154.13004,0.000772,0.545455,FORWARD
3748,119.936,62.814284,70.867452,0.3,0.29962,0.067962,0.259774,0.29962,0.067962,0.3,74.710289,65.549398,115.43268,154.16772,0.000837,0.545455,FORWARD
3749,119.968,73.554226,66.580049,0.068275,0.068275,0.3,0.202325,0.068275,0.3,0.3,66.500279,67.207989,115.50804,154.16772,0.000772,0.427083,FORWARD
3750,120.0,71.681237,66.384113,0.3,0.3,0.3,0.231627,0.3,0.3,0.3,70.93109,67.770242,115.54572,154.2054,0.000772,0.545455,FORWARD
