step,time,sensor_raw_FL,sensor_raw_FR,raw_frontal,front_dist,side_danger,filtered_frontal,kalman_estimate,raw_left,raw_right,sensor_raw_L,sensor_raw_R,encoder_L,encoder_R,delta_s,kalman_gain,action
1,0.032,68.318359,63.661986,0.3,0.3,0.3,0.3,0.3,0.3,0.3,63.764687,69.729024,0.0,0.0,0.0,0.95283,FORWARD
2,0.064,69.983902,61.333959,0.3,0.299641,0.3,0.3,0.299641,0.3,0.3,71.485571,66.768527,0.03768,0.03768,0.000772,0.535495,FORWARD
3,0.096,70.272842,67.792124,0.3,0.299348,0.3,0.3,0.299348,0.3,0.3,71.729115,68.714712,0.07536,0.07536,0.000772,0.423796,FORWARD
4,0.128,67.06843,65.123234,0.3,0.299123,0.3,0.3,0.299123,0.3,0.3,69.96828,70.236257,0.11304,0.11304,0.000772,0.384159,FORWARD
5,0.16,66.817198,69.651024,0.3,0.298959,0.3,0.3,0.298959,0.3,0.3,62.721456,66.597163,0.15072,0.15072,0.000772,0.36875,FORWARD
6,0.192,65.04792,67.915157,0.3,0.298762,0.3,0.3,0.298762,0.3,0.3,65.80231,69.7463,0.19468,0.19468,0.000901,0.36255,FORWARD
7,0.224,67.428962,62.822918,0.3,0.298713,0.3,0.3,0.298713,0.3,0.3,64.971594,67.041813,0.23236,0.23236,0.000772,0.36002,FORWARD
8,0.256,70.805016,64.47865,0.3,0.29868,0.3,0.3,0.29868,0.3,0.3,68.080248,63.386777,0.27004,0.27004,0.000772,0.358983,FORWARD
9,0.288,66.480599,72.760208,0.06849,0.06849,0.3,0.230547,0.06849,0.3,0.3,63.731154,68.852901,0.30772,0.30772,0.000772,0.358556,FORWARD
10,0.32,64.940512,66.532711,0.3,0.3,0.06793,0.251383,0.3,0.06793,0.3,74.827764,64.206464,0.3454,0.3454,0.000772,0.545455,FORWARD
11,0.352,68.630137,66.837673,0.3,0.299649,0.3,0.265968,0.299649,0.3,0.3,57.399075,60.777962,0.42076,0.3454,0.000772,0.545455,FORWARD
12,0.384,59.886809,58.895127,0.3,0.299356,0.3,0.276178,0.299356,0.3,0.3,71.098193,69.270017,0.45844,0.38308,0.000772,0.427083,FORWARD
13,0.416,65.890486,67.055789,0.3,0.29913,0.068491,0.283324,0.29913,0.3,0.068491,71.894322,72.758449,0.49612,0.42076,0.000772,0.385403,FORWARD
14,0.448,64.992305,61.553297,0.3,0.298964,0.3,0.288327,0.298964,0.3,0.3,67.553042,67.641443,0.49612,0.49612,0.000772,0.369246,FORWARD
15,0.48,66.325993,71.162124,0.3,0.298765,0.3,0.291829,0.298765,0.3,0.3,67.126739,66.82733,0.54008,0.54008,0.000901,0.362751,FORWARD
16,0.512,72.53495,65.573679,0.068552,0.068552,0.3,0.224846,0.068552,0.3,0.3,64.85076,54.667887,0.57776,0.57776,0.000772,0.360103,FORWARD
17,0.544,69.833127,70.142569,0.3,0.3,0.3,0.247392,0.3,0.3,0.3,61.353531,69.067128,0.61544,0.61544,0.000772,0.545455,FORWARD
18,0.576,68.788204,65.333833,0.3,0.299649,0.3,0.263174,0.299649,0.3,0.3,71.60148,64.64162,0.65312,0.65312,0.000772,0.545455,FORWARD
19,0.608,68.456869,63.284388,0.3,0.299356,0.068122,0.274222,0.299356,0.068122,0.3,74.120345,63.42267,0.6908,0.6908,0.000772,0.427083,FORWARD
20,0.64,63.746205,66.614641,0.3,0.29913,0.3,0.281955,0.29913,0.3,0.3,68.146408,70.782245,0.76616,0.6908,0.000772,0.385403,FORWARD
21,0.672,65.876335,68.097866,0.3,0.298964,0.3,0.287369,0.298964,0.3,0.3,69.679553,69.419404,0.80384,0.72848,0.000772,0.369246,FORWARD
22,0.704,66.564172,73.487176,0.068293,0.068293,0.3,0.221646,0.068293,0.3,0.3,66.451673,65.622166,0.84152,0.76616,0.000772,0.362751,FORWARD
23,0.736,64.816288,68.155008,0.3,0.3,0.3,0.245152,0.3,0.3,0.3,60.338753,66.609739,0.8792,0.81012,0.000837,0.545455,FORWARD
24,0.768,73.454218,67.734755,0.068302,0.068302,0.3,0.192097,0.068302,0.3,0.3,67.112976,66.995902,0.92316,0.8478,0.000837,0.545455,FORWARD
25,0.8,61.459625,66.618849,0.3,0.3,0.3,0.224468,0.3,0.3,0.3,62.182255,68.679191,0.96084,0.88548,0.000772,0.545455,FORWARD
26,0.832,68.489162,67.878855,0.3,0.299649,0.068599,0.247128,0.299649,0.3,0.068599,67.577608,72.358059,0.99852,0.92316,0.000772,0.545455,FORWARD
27,0.864,71.236768,69.808916,0.3,0.299356,0.3,0.262989,0.299356,0.3,0.3,66.023564,65.166005,0.99852,0.99852,0.000772,0.427083,FORWARD
28,0.896,69.763292,65.370895,0.3,0.29913,0.3,0.274093,0.29913,0.3,0.3,70.733636,70.966657,1.0362,1.0362,0.000772,0.385403,FORWARD
29,0.928,62.069466,67.510361,0.3,0.298964,0.3,0.281865,0.298964,0.3,0.3,69.295329,67.672979,1.07388,1.07388,0.000772,0.369246,FORWARD
30,0.96,65.361608,66.307088,0.3,0.298847,0.3,0.287305,0.298847,0.3,0.3,71.319652,68.284408,1.11156,1.11156,0.000772,0.362751,FORWARD
31,0.992,63.063389,72.055708,0.3,0.298768,0.068248,0.291114,0.298768,0.3,0.068248,67.124517,73.656697,1.14924,1.14924,0.000772,0.360103,FORWARD
32,1.024,63.583875,63.234791,0.3,0.298674,0.3,0.29378,0.298674,0.3,0.3,67.628645,62.727858,1.15552,1.2246,0.000837,0.359017,FORWARD
33,1.056,67.375872,61.209735,0.3,0.298613,0.3,0.295646,0.298613,0.3,0.3,69.334036,66.108018,1.1932,1.26856,0.000837,0.35857,FORWARD
34,1.088,67.347199,65.987251,0.3,0.298614,0.3,0.296952,0.298614,0.3,0.3,70.837718,69.811617,1.23088,1.30624,0.000772,0.358386,FORWARD
35,1.12,62.777097,62.099805,0.3,0.298615,0.3,0.297866,0.298615,0.3,0.3,63.978574,67.029024,1.26856,1.34392,0.000772,0.358311,FORWARD
36,1.152,67.006083,67.213386,0.3,0.298616,0.3,0.298506,0.298616,0.3,0.3,67.904018,69.308112,1.30624,1.3816,0.000772,0.358279,FORWARD
37,1.184,68.932665,67.685603,0.3,0.298616,0.3,0.298955,0.298616,0.3,0.3,67.935514,68.845689,1.34392,1.41928,0.000772,0.358267,FORWARD
38,1.216,64.656182,60.304237,0.3,0.298616,0.3,0.299268,0.298616,0.3,0.3,66.108706,66.030061,1.3816,1.45696,0.000772,0.358261,FORWARD
39,1.248,69.244336,63.675263,0.3,0.298616,0.3,0.299488,0.298616,0.3,0.3,65.770562,66.652559,1.41928,1.49464,0.000772,0.358259,FORWARD
40,1.28,70.417595,65.756289,0.3,0.298575,0.3,0.299641,0.298575,0.3,0.3,66.859843,69.959466,1.46324,1.53232,0.000837,0.358258,FORWARD
41,1.312,62.224248,67.986439,0.3,0.29859,0.068563,0.299749,0.29859,0.3,0.068563,62.879302,72.492503,1.50092,1.57,0.000772,0.358258,FORWARD
42,1.344,65.157181,69.926974,0.3,0.298599,0.3,0.299824,0.298599,0.3,0.3,64.403444,57.993363,1.50092,1.64536,0.000772,0.358258,FORWARD
43,1.376,67.166664,67.521682,0.3,0.298564,0.3,0.299877,0.298564,0.3,0.3,68.002107,63.621736,1.5386,1.68932,0.000837,0.358258,FORWARD
44,1.408,68.80619,66.719341,0.3,0.298583,0.3,0.299914,0.298583,0.3,0.3,65.89951,66.480741,1.57628,1.727,0.000772,0.358258,FORWARD
45,1.44,67.761507,63.59491,0.3,0.298595,0.3,0.29994,0.298595,0.3,0.3,62.484808,70.764337,1.61396,1.76468,0.000772,0.358258,FORWARD
46,1.472,71.371698,65.90612,0.3,0.298603,0.3,0.299958,0.298603,0.3,0.3,66.85698,70.073033,1.65164,1.80236,0.000772,0.358258,FORWARD
47,1.504,68.835176,70.302933,0.3,0.298607,0.3,0.29997,0.298607,0.3,0.3,72.245334,68.109684,1.68932,1.84004,0.000772,0.358258,FORWARD
48,1.536,59.779855,67.591865,0.3,0.298569,0.3,0.299979,0.298569,0.3,0.3,63.189593,63.788346,1.73328,1.87772,0.000837,0.358258,FORWARD
49,1.568,73.180014,61.139923,0.068377,0.068377,0.3,0.230499,0.068377,0.3,0.3,66.468208,71.626852,1.77096,1.9154,0.000772,0.358258,FORWARD
50,1.6,67.006924,66.328794,0.3,0.3,0.3,0.251349,0.3,0.3,0.3,71.640572,64.542007,1.80864,1.95308,0.000772,0.545455,FORWARD
51,1.632,64.930632,61.604554,0.3,0.299649,0.3,0.265944,0.299649,0.3,0.3,70.115425,66.830392,1.84632,1.99076,0.000772,0.545455,FORWARD
52,1.664,71.000529,64.934738,0.3,0.299319,0.3,0.276161,0.299319,0.3,0.3,67.279776,69.848913,1.884,2.03472,0.000837,0.427083,FORWARD
53,1.696,66.132989,71.00233,0.3,0.299107,0.3,0.283313,0.299107,0.3,0.3,69.049237,66.975326,1.92168,2.0724,0.000772,0.385403,FORWARD
54,1.728,64.194431,65.181475,0.3,0.29895,0.3,0.288319,0.29895,0.3,0.3,64.518135,68.786007,1.95936,2.11008,0.000772,0.369246,FORWARD
55,1.76,67.379419,66.048914,0.3,0.298838,0.3,0.291823,0.298838,0.3,0.3,64.084735,69.520039,1.99704,2.14776,0.000772,0.362751,FORWARD
56,1.792,61.029286,66.587055,0.3,0.298762,0.3,0.294276,0.298762,0.3,0.3,68.434772,64.001724,2.03472,2.18544,0.000772,0.360103,FORWARD
57,1.824,64.825852,68.194469,0.3,0.29867,0.3,0.295993,0.29867,0.3,0.3,64.705791,62.738521,2.07868,2.22312,0.000837,0.359017,FORWARD
58,1.856,77.66088,66.596286,0.067162,0.067162,0.068598,0.227344,0.067162,0.068598,0.3,72.365209,69.330009,2.11636,2.2608,0.000772,0.35857,FORWARD
59,1.888,73.282012,67.38995,0.068349,0.067459,0.3,0.179646,0.067459,0.3,0.3,68.03143,69.145944,2.19172,2.2608,0.000772,0.545455,FORWARD
60,1.92,71.829527,66.296809,0.3,0.3,0.067867,0.215752,0.3,0.3,0.067867,72.142258,75.059634,2.2294,2.30476,0.000837,0.427083,FORWARD
61,1.952,69.474352,70.058871,0.3,0.299649,0.3,0.241026,0.299649,0.3,0.3,68.106233,68.459386,2.2294,2.38012,0.000772,0.545455,FORWARD
62,1.984,67.686948,64.816531,0.3,0.299356,0.3,0.258718,0.299356,0.3,0.3,67.633864,65.849425,2.26708,2.4178,0.000772,0.427083,FORWARD
63,2.016,69.80365,68.265666,0.3,0.29913,0.3,0.271103,0.29913,0.3,0.3,64.979947,63.977091,2.30476,2.45548,0.000772,0.385403,FORWARD
64,2.048,71.619772,68.532924,0.3,0.298964,0.3,0.279772,0.298964,0.3,0.3,65.409605,60.443836,2.34244,2.49316,0.000772,0.369246,FORWARD
65,2.08,67.671375,61.083041,0.3,0.298847,0.3,0.28584,0.298847,0.3,0.3,68.834501,64.815663,2.38012,2.53084,0.000772,0.362751,FORWARD
66,2.112,62.704265,70.514008,0.3,0.298727,0.3,0.290088,0.298727,0.3,0.3,71.233154,70.533057,2.42408,2.56852,0.000837,0.360103,FORWARD
67,2.144,65.634338,67.842756,0.3,0.298689,0.3,0.293062,0.298689,0.3,0.3,66.535231,64.962066,2.46176,2.6062,0.000772,0.359017,FORWARD
68,2.176,70.896381,66.259123,0.3,0.298664,0.3,0.295143,0.298664,0.3,0.3,67.487815,65.146568,2.49944,2.64388,0.000772,0.35857,FORWARD
69,2.208,69.181799,66.705232,0.3,0.298606,0.3,0.2966,0.298606,0.3,0.3,68.45714,69.578608,2.53712,2.68784,0.000837,0.358386,FORWARD
70,2.24,68.106504,72.072283,0.3,0.29861,0.3,0.29762,0.29861,0.3,0.3,70.212409,63.886536,2.5748,2.72552,0.000772,0.358311,FORWARD
71,2.272,70.751429,63.930308,0.3,0.298612,0.3,0.298334,0.298612,0.3,0.3,65.588892,67.546074,2.61248,2.7632,0.000772,0.358279,FORWARD
72,2.304,72.795158,65.115306,0.068481,0.068481,0.3,0.229378,0.068481,0.3,0.3,71.66892,57.556797,2.65016,2.80088,0.000772,0.358267,FORWARD
73,2.336,70.443736,68.883635,0.3,0.3,0.3,0.250565,0.3,0.3,0.3,59.917594,67.968228,2.68784,2.83856,0.000772,0.545455,FORWARD
74,2.368,62.97697,67.74248,0.3,0.29962,0.3,0.265395,0.29962,0.3,0.3,71.867148,61.935876,2.7318,2.87624,0.000837,0.545455,FORWARD
75,2.4,66.577418,64.864895,0.3,0.29934,0.068334,0.275777,0.29934,0.068334,0.3,73.337856,64.378868,2.76948,2.91392,0.000772,0.427083,FORWARD
76,2.432,68.417745,71.628806,0.3,0.299119,0.3,0.283044,0.299119,0.3,0.3,69.730953,62.838438,2.84484,2.91392,0.000772,0.385403,FORWARD
77,2.464,65.251751,69.434213,0.3,0.298917,0.3,0.288131,0.298917,0.3,0.3,62.058566,64.21992,2.88252,2.95788,0.000837,0.369246,FORWARD
78,2.496,67.714044,67.809035,0.3,0.298817,0.067724,0.291691,0.298817,0.3,0.067724,68.682282,75.588827,2.9202,2.99556,0.000772,0.362751,FORWARD
79,2.528,62.68107,67.131369,0.3,0.298749,0.3,0.294184,0.298749,0.3,0.3,64.698055,69.089518,2.9202,3.07092,0.000772,0.360103,FORWARD
80,2.56,67.768055,69.468244,0.3,0.298703,0.067753,0.295929,0.298703,0.067753,0.3,75.482485,62.994765,2.95788,3.1086,0.000772,0.359017,FORWARD
81,2.592,69.194995,60.621618,0.3,0.298673,0.3,0.29715,0.298673,0.3,0.3,59.569402,66.946801,3.03324,3.1086,0.000772,0.35857,FORWARD
82,2.624,61.117945,62.027082,0.3,0.298653,0.067602,0.298005,0.298653,0.3,0.067602,69.948633,76.039386,3.07092,3.14628,0.000772,0.358386,FORWARD
83,2.656,72.694038,64.77211,0.068508,0.068508,0.3,0.229156,0.068508,0.3,0.3,69.660564,65.539979,3.07092,3.22164,0.000772,0.358311,FORWARD
84,2.688,66.511695,66.171119,0.3,0.3,0.3,0.250409,0.3,0.3,0.3,69.991558,64.482906,3.11488,3.25932,0.000837,0.545455,FORWARD
85,2.72,67.348084,70.291196,0.3,0.299649,0.3,0.265286,0.299649,0.3,0.3,69.933162,68.808993,3.15256,3.297,0.000772,0.545455,FORWARD
86,2.752,68.579758,67.286773,0.3,0.299356,0.3,0.275701,0.299356,0.3,0.3,67.057596,69.73584,3.19024,3.33468,0.000772,0.427083,FORWARD
87,2.784,67.944182,65.150524,0.3,0.29909,0.3,0.28299,0.29909,0.3,0.3,66.789433,66.653246,3.22792,3.37864,0.000837,0.385403,FORWARD
88,2.816,70.820667,62.091918,0.3,0.298939,0.3,0.288093,0.298939,0.3,0.3,70.270211,69.940498,3.2656,3.41632,0.000772,0.369246,FORWARD
89,2.848,63.262867,68.345209,0.3,0.298832,0.3,0.291665,0.298832,0.3,0.3,58.753933,68.662879,3.30328,3.454,0.000772,0.362751,FORWARD
90,2.88,67.052048,65.327104,0.3,0.298758,0.3,0.294166,0.298758,0.3,0.3,70.216377,56.089504,3.34096,3.49168,0.000772,0.360103,FORWARD
91,2.912,67.247345,68.63351,0.3,0.298709,0.3,0.295916,0.298709,0.3,0.3,67.799226,66.801576,3.37864,3.52936,0.000772,0.359017,FORWARD
92,2.944,66.734421,67.175638,0.3,0.298635,0.3,0.297141,0.298635,0.3,0.3,71.657183,66.707822,3.4226,3.56704,0.000837,0.35857,FORWARD
93,2.976,62.233255,65.136571,0.3,0.298629,0.3,0.297999,0.298629,0.3,0.3,67.189214,68.089603,3.46028,3.60472,0.000772,0.358386,FORWARD
94,3.008,64.69403,69.189399,0.3,0.298624,0.3,0.298599,0.298624,0.3,0.3,63.703117,66.590634,3.49796,3.6424,0.000772,0.358311,FORWARD
95,3.04,69.815827,62.489915,0.3,0.298622,0.3,0.299019,0.298622,0.3,0.3,69.411743,67.820436,3.53564,3.68008,0.000772,0.358279,FORWARD
96,3.072,66.946751,67.183943,0.3,0.298578,0.3,0.299314,0.298578,0.3,0.3,70.816747,63.899993,3.57332,3.72404,0.000837,0.358267,FORWARD
97,3.104,70.959863,65.994481,0.3,0.298592,0.3,0.29952,0.298592,0.3,0.3,64.689137,60.023757,3.611,3.76172,0.000772,0.358261,FORWARD
98,3.136,70.223485,69.348149,0.3,0.298601,0.068467,0.299664,0.298601,0.068467,0.3,72.847527,68.810138,3.64868,3.7994,0.000772,0.358259,FORWARD
99,3.168,65.343086,67.609713,0.3,0.298606,0.067605,0.299765,0.298606,0.067605,0.3,76.028798,68.886037,3.72404,3.7994,0.000772,0.358258,FORWARD
100,3.2,66.005931,64.834744,0.3,0.29861,0.3,0.299835,0.29861,0.3,0.3,67.938026,64.032717,3.7994,3.7994,0.000772,0.358258,FORWARD
101,3.232,68.310217,71.374353,0.3,0.298612,0.3,0.299885,0.298612,0.3,0.3,64.842239,70.461453,3.83708,3.83708,0.000772,0.358258,FORWARD
102,3.264,65.078577,72.374997,0.068595,0.068595,0.068372,0.230498,0.068595,0.068372,0.3,73.195686,69.040449,3.87476,3.87476,0.000772,0.358258,FORWARD
103,3.296,70.570902,61.153708,0.3,0.3,0.3,0.251348,0.3,0.3,0.3,67.078442,70.029148,3.95012,3.88104,0.000837,0.545455,FORWARD
104,3.328,63.081826,68.867419,0.3,0.29962,0.3,0.265944,0.29962,0.3,0.3,71.138097,71.640964,3.99408,3.91872,0.000837,0.545455,FORWARD
105,3.36,56.296037,70.206267,0.3,0.29934,0.3,0.276161,0.29934,0.3,0.3,61.744751,69.221785,4.03176,3.9564,0.000772,0.427083,FORWARD
106,3.392,67.108873,67.022193,0.3,0.299119,0.067817,0.283312,0.299119,0.067817,0.3,75.246429,70.656474,4.06944,3.99408,0.000772,0.385403,FORWARD
107,3.424,63.568399,69.136638,0.3,0.298957,0.3,0.288319,0.298957,0.3,0.3,67.889222,67.938944,4.1448,3.99408,0.000772,0.369246,FORWARD
108,3.456,71.515329,65.903795,0.3,0.298843,0.3,0.291823,0.298843,0.3,0.3,64.427131,68.118273,4.18248,4.03176,0.000772,0.362751,FORWARD
109,3.488,66.0786,60.904617,0.3,0.298766,0.3,0.294276,0.298766,0.3,0.3,64.310332,62.424796,4.22016,4.06944,0.000772,0.360103,FORWARD
110,3.52,67.036078,69.540901,0.3,0.298672,0.3,0.295993,0.298672,0.3,0.3,67.878479,63.223806,4.25784,4.1134,0.000837,0.359017,FORWARD
111,3.552,70.081857,72.452595,0.068574,0.068574,0.3,0.227767,0.068574,0.3,0.3,69.88474,63.653754,4.29552,4.15108,0.000772,0.35857,FORWARD
112,3.584,62.884865,70.581278,0.3,0.3,0.3,0.249437,0.3,0.3,0.3,71.312994,67.11296,4.3332,4.18876,0.000772,0.545455,FORWARD
113,3.616,80.231263,68.735906,0.066466,0.066466,0.3,0.194546,0.066466,0.3,0.3,63.954831,70.75931,4.37716,4.22644,0.000837,0.545455,FORWARD
114,3.648,65.572906,66.263851,0.3,0.3,0.3,0.226182,0.3,0.3,0.3,67.711283,66.323776,4.41484,4.26412,0.000772,0.545455,FORWARD
115,3.68,69.602008,60.291081,0.3,0.299649,0.3,0.248327,0.299649,0.3,0.3,66.924863,65.242624,4.45252,4.3018,0.000772,0.545455,FORWARD
116,3.712,66.630592,66.797349,0.3,0.299356,0.3,0.263829,0.299356,0.3,0.3,65.732432,66.317802,4.4902,4.33948,0.000772,0.427083,FORWARD
117,3.744,69.029483,75.427972,0.067767,0.067767,0.3,0.205011,0.067767,0.3,0.3,62.293776,70.947995,4.52788,4.37716,0.000772,0.385403,FORWARD
118,3.776,71.961178,71.592885,0.3,0.3,0.068583,0.233507,0.3,0.3,0.068583,70.564307,72.418735,4.56556,4.41484,0.000772,0.545455,FORWARD
119,3.808,65.528635,60.268952,0.3,0.299649,0.3,0.253455,0.299649,0.3,0.3,68.204735,64.940765,4.56556,4.4902,0.000772,0.545455,FORWARD
120,3.84,71.336923,64.644785,0.3,0.299319,0.3,0.267419,0.299319,0.3,0.3,66.015691,65.987684,4.60324,4.53416,0.000837,0.427083,FORWARD
121,3.872,64.999796,61.885832,0.3,0.299067,0.3,0.277193,0.299067,0.3,0.3,66.737778,66.830074,4.6472,4.57184,0.000837,0.385403,FORWARD
122,3.904,74.617327,68.358355,0.067987,0.067987,0.3,0.214431,0.067987,0.3,0.3,66.424424,67.773168,4.68488,4.60952,0.000772,0.369246,FORWARD
123,3.936,72.983748,70.766018,0.06843,0.067878,0.3,0.170631,0.067878,0.3,0.3,66.752802,61.350847,4.72256,4.6472,0.000772,0.545455,FORWARD
124,3.968,72.23577,70.875981,0.3,0.3,0.068368,0.209442,0.3,0.068368,0.3,73.213151,72.270526,4.76024,4.68488,0.000772,0.427083,FORWARD
125,4.0,64.867244,60.780977,0.3,0.299649,0.068364,0.236609,0.299649,0.068364,0.3,73.227501,61.833702,4.8356,4.68488,0.000772,0.545455,FORWARD
126,4.032,69.710006,65.077854,0.3,0.299356,0.3,0.255626,0.299356,0.3,0.3,65.117688,62.366135,4.91096,4.68488,0.000772,0.427083,FORWARD
127,4.064,66.489142,67.379608,0.3,0.29909,0.3,0.268938,0.29909,0.3,0.3,67.359157,65.39611,4.94864,4.72884,0.000837,0.385403,FORWARD
128,4.096,60.854482,66.94879,0.3,0.298939,0.3,0.278257,0.298939,0.3,0.3,60.769127,65.393366,4.98632,4.76652,0.000772,0.369246,FORWARD
129,4.128,72.253771,66.703247,0.3,0.298832,0.3,0.28478,0.298832,0.3,0.3,70.145342,69.027887,5.024,4.8042,0.000772,0.362751,FORWARD
130,4.16,69.964204,68.891099,0.3,0.298758,0.3,0.289346,0.298758,0.3,0.3,69.367314,68.21567,5.06168,4.84188,0.000772,0.360103,FORWARD
131,4.192,61.674487,67.837627,0.3,0.298709,0.3,0.292542,0.298709,0.3,0.3,66.079474,71.771573,5.09936,4.87956,0.000772,0.359017,FORWARD
132,4.224,68.180432,69.811594,0.3,0.298635,0.3,0.294779,0.298635,0.3,0.3,70.932311,69.197585,5.14332,4.91724,0.000837,0.35857,FORWARD
133,4.256,66.696729,70.507659,0.3,0.298629,0.3,0.296346,0.298629,0.3,0.3,71.640982,68.970586,5.181,4.95492,0.000772,0.358386,FORWARD
134,4.288,75.631238,68.180579,0.067712,0.067712,0.3,0.227756,0.067712,0.3,0.3,66.527957,63.601894,5.21868,4.9926,0.000772,0.358311,FORWARD
135,4.32,69.442933,66.086021,0.3,0.3,0.3,0.249429,0.3,0.3,0.3,69.947884,65.962228,5.25636,5.03028,0.000772,0.545455,FORWARD
136,4.352,66.799467,64.82911,0.3,0.29962,0.3,0.2646,0.29962,0.3,0.3,68.073926,64.243936,5.29404,5.07424,0.000837,0.545455,FORWARD
137,4.384,68.496756,66.723916,0.3,0.29934,0.3,0.27522,0.29934,0.3,0.3,71.958555,70.439807,5.33172,5.11192,0.000772,0.427083,FORWARD
138,4.416,70.026942,65.134734,0.3,0.299119,0.3,0.282654,0.299119,0.3,0.3,70.631403,67.955826,5.3694,5.1496,0.000772,0.385403,FORWARD
139,4.448,69.601128,63.345766,0.3,0.298957,0.3,0.287858,0.298957,0.3,0.3,62.423932,67.994234,5.40708,5.18728,0.000772,0.369246,FORWARD
140,4.48,74.717739,61.295695,0.06796,0.06796,0.3,0.221889,0.06796,0.3,0.3,63.583509,65.788814,5.44476,5.22496,0.000772,0.362751,FORWARD
141,4.512,66.089351,60.362915,0.3,0.3,0.3,0.245322,0.3,0.3,0.3,65.433973,68.277756,5.48872,5.26264,0.000837,0.545455,FORWARD
142,4.544,69.104103,68.733133,0.3,0.299649,0.3,0.261725,0.299649,0.3,0.3,66.468989,70.677472,5.5264,5.30032,0.000772,0.545455,FORWARD
143,4.576,67.476093,68.360679,0.3,0.299356,0.068528,0.273208,0.299356,0.068528,0.3,72.621076,66.307676,5.56408,5.338,0.000772,0.427083,FORWARD
144,4.608,71.53001,65.691989,0.3,0.29909,0.3,0.281245,0.29909,0.3,0.3,58.091962,70.656048,5.63944,5.34428,0.000837,0.385403,FORWARD
145,4.64,67.106413,68.72647,0.3,0.298939,0.068331,0.286872,0.298939,0.3,0.068331,71.497104,73.346895,5.67712,5.38196,0.000772,0.369246,FORWARD
146,4.672,62.581231,62.845613,0.3,0.298832,0.3,0.29081,0.298832,0.3,0.3,61.83662,68.474279,5.67712,5.45732,0.000772,0.362751,FORWARD
147,4.704,64.541008,68.561326,0.3,0.298758,0.3,0.293567,0.298758,0.3,0.3,65.859479,58.560043,5.7148,5.495,0.000772,0.360103,FORWARD
148,4.736,71.31186,73.114624,0.068394,0.068394,0.3,0.226015,0.068394,0.3,0.3,64.594864,67.155259,5.75248,5.53268,0.000772,0.359017,FORWARD
149,4.768,67.35062,65.261292,0.3,0.3,0.3,0.248211,0.3,0.3,0.3,63.226679,65.910266,5.79644,5.57036,0.000837,0.545455,FORWARD
150,4.8,68.438757,71.246673,0.3,0.299649,0.068523,0.263748,0.299649,0.068523,0.3,72.638713,68.138273,5.83412,5.60804,0.000772,0.545455,FORWARD
151,4.832,68.199483,64.810134,0.3,0.299356,0.3,0.274623,0.299356,0.3,0.3,64.493241,70.977876,5.90948,5.60804,0.000772,0.427083,FORWARD
152,4.864,64.710681,68.093933,0.3,0.29909,0.3,0.282236,0.29909,0.3,0.3,61.215936,69.905724,5.94716,5.652,0.000837,0.385403,FORWARD
153,4.896,66.693857,69.039153,0.3,0.298939,0.3,0.287565,0.298939,0.3,0.3,63.052291,64.438099,5.98484,5.68968,0.000772,0.369246,FORWARD
154,4.928,65.3088,68.326829,0.3,0.298832,0.3,0.291296,0.298832,0.3,0.3,66.780226,67.515518,6.02252,5.72736,0.000772,0.362751,FORWARD
155,4.96,67.157196,67.771687,0.3,0.298758,0.3,0.293907,0.298758,0.3,0.3,69.20897,64.191353,6.0602,5.76504,0.000772,0.360103,FORWARD
156,4.992,66.16317,65.761968,0.3,0.298709,0.3,0.295735,0.298709,0.3,0.3,67.623147,64.12852,6.09788,5.80272,0.000772,0.359017,FORWARD
157,5.024,64.742473,65.482492,0.3,0.298676,0.3,0.297014,0.298676,0.3,0.3,64.424779,67.128879,6.13556,5.8404,0.000772,0.35857,FORWARD
158,5.056,70.790797,66.086526,0.3,0.298655,0.3,0.29791,0.298655,0.3,0.3,66.416591,70.921131,6.17324,5.87808,0.000772,0.358386,FORWARD
159,5.088,69.149531,70.59869,0.3,0.2986,0.3,0.298537,0.2986,0.3,0.3,66.888773,71.693282,6.2172,5.91576,0.000837,0.358311,FORWARD
160,5.12,65.601372,67.102271,0.3,0.298606,0.3,0.298976,0.298606,0.3,0.3,62.530946,72.152485,6.25488,5.95344,0.000772,0.358279,FORWARD
161,5.152,64.87302,64.230161,0.3,0.298568,0.3,0.299283,0.298568,0.3,0.3,67.529097,60.944838,6.29256,5.9974,0.000837,0.358267,FORWARD
162,5.184,71.11839,64.016749,0.3,0.298586,0.3,0.299498,0.298586,0.3,0.3,68.951452,63.301802,6.33024,6.03508,0.000772,0.358261,FORWARD
163,5.216,65.673486,59.832674,0.3,0.298597,0.3,0.299649,0.298597,0.3,0.3,68.659896,65.215596,6.36792,6.07276,0.000772,0.358259,FORWARD
164,5.248,69.137237,66.472637,0.3,0.298604,0.3,0.299754,0.298604,0.3,0.3,66.073649,67.250676,6.4056,6.11044,0.000772,0.358258,FORWARD
165,5.28,66.503099,65.775504,0.3,0.298608,0.3,0.299828,0.298608,0.3,0.3,71.744548,67.625669,6.44328,6.14812,0.000772,0.358258,FORWARD
166,5.312,71.925904,68.813341,0.3,0.298611,0.3,0.29988,0.298611,0.3,0.3,68.682497,70.095817,6.48096,6.1858,0.000772,0.358258,FORWARD
167,5.344,70.527572,69.290705,0.3,0.298613,0.3,0.299916,0.298613,0.3,0.3,61.106063,67.826402,6.51864,6.22348,0.000772,0.358258,FORWARD
168,5.376,70.303676,61.78794,0.3,0.298573,0.068012,0.299941,0.298573,0.3,0.068012,66.115257,74.525295,6.5626,6.26116,0.000837,0.358258,FORWARD
169,5.408,60.213861,67.935205,0.3,0.298588,0.3,0.299959,0.298588,0.3,0.3,63.895276,63.874942,6.5626,6.33652,0.000772,0.358258,FORWARD
170,5.44,69.748253,67.629094,0.3,0.298598,0.3,0.299971,0.298598,0.3,0.3,66.376282,67.272494,6.60028,6.3742,0.000772,0.358258,FORWARD
171,5.472,68.479885,62.878848,0.3,0.298564,0.3,0.29998,0.298564,0.3,0.3,64.450029,63.762373,6.63796,6.41816,0.000837,0.358258,FORWARD
172,5.504,70.982968,72.432479,0.068579,0.068579,0.3,0.23056,0.068579,0.3,0.3,63.286354,69.209,6.67564,6.45584,0.000772,0.358258,FORWARD
173,5.536,64.807262,63.310357,0.3,0.3,0.3,0.251392,0.3,0.3,0.3,66.382232,62.740252,6.71332,6.49352,0.000772,0.545455,FORWARD
174,5.568,66.829937,66.053018,0.3,0.299649,0.3,0.265974,0.299649,0.3,0.3,66.369277,70.18001,6.751,6.5312,0.000772,0.545455,FORWARD
175,5.6,70.688995,70.492199,0.3,0.299356,0.3,0.276182,0.299356,0.3,0.3,68.672678,66.674966,6.78868,6.56888,0.000772,0.427083,FORWARD
176,5.632,69.848811,68.332912,0.3,0.29909,0.009007,0.283327,0.29909,0.3,0.009007,70.09762,1598.296639,6.83264,6.60656,0.000837,0.385403,TURN_LEFT
177,5.664,66.853727,65.580704,0.3,0.299426,0.008863,0.288329,0.299426,0.3,0.008863,67.229308,1617.489021,6.751,6.6882,0.0,0.369246,TURN_LEFT
178,5.696,68.939503,67.554196,0.3,0.299634,0.008936,0.29183,0.299634,0.3,0.008936,69.959918,1607.845661,6.66936,6.76984,0.0,0.362751,TURN_LEFT
179,5.728,67.938903,61.349954,0.3,0.299807,0.008874,0.294281,0.299807,0.3,0.008874,64.659563,1616.046357,6.58772,6.8452,-6.4e-05,0.360103,TURN_LEFT
180,5.76,70.253569,66.888479,0.3,0.299835,0.009247,0.295997,0.299835,0.3,0.009247,59.602147,1566.277122,6.51236,6.92684,6.4e-05,0.359017,TURN_LEFT
181,5.792,66.484543,68.006488,0.3,0.299894,0.009861,0.297198,0.299894,0.3,0.009861,71.445736,1484.317723,6.43072,7.00848,-0.0,0.35857,TURN_LEFT
182,5.824,75.589123,61.054518,0.067724,0.067724,0.010644,0.228356,0.067724,0.3,0.010644,66.102871,1354.41107,6.34908,7.09012,0.0,0.358386,TURN_LEFT
183,5.856,69.960149,69.595783,0.3,0.3,0.011694,0.249849,0.3,0.3,0.011694,62.038987,1172.957141,6.26744,7.16548,-6.4e-05,0.545455,TURN_LEFT
184,5.888,68.455611,69.91814,0.3,0.299971,0.012943,0.264894,0.299971,0.3,0.012943,67.468946,957.089268,6.19208,7.24712,6.4e-05,0.545455,TURN_LEFT
185,5.92,67.963078,64.791789,0.3,0.299983,0.013978,0.275426,0.299983,0.06703,0.013978,78.149733,778.036745,6.11044,7.32876,0.0,0.427083,TURN_LEFT
186,5.952,68.134871,67.949591,0.3,0.3,0.015559,0.282798,0.3,0.3,0.015559,61.605275,577.132445,6.0288,7.40412,-6.4e-05,0.385403,TURN_LEFT
187,5.984,63.946906,63.608387,0.3,0.299959,0.01823,0.287959,0.299959,0.3,0.01823,69.436139,460.856709,5.95344,7.48576,6.4e-05,0.369246,TURN_LEFT
188,6.016,64.985534,71.893455,0.3,0.299974,0.020431,0.291571,0.299974,0.3,0.020431,58.248559,377.427445,5.8718,7.5674,0.0,0.362751,TURN_LEFT
189,6.048,73.330661,68.327646,0.068336,0.068336,0.024007,0.224601,0.068336,0.3,0.024007,65.224467,324.168342,5.79016,7.64904,0.0,0.360103,TURN_LEFT
190,6.08,66.868741,65.657823,0.3,0.3,0.027482,0.24722,0.3,0.3,0.027482,70.202773,272.418509,5.70852,7.7244,-6.4e-05,0.545455,TURN_LEFT
191,6.112,67.73818,69.041864,0.3,0.299971,0.030875,0.263054,0.299971,0.3,0.030875,70.232424,228.201601,5.63316,7.80604,6.4e-05,0.545455,TURN_LEFT
192,6.144,68.134645,63.111122,0.3,0.299983,0.068041,0.274138,0.299983,0.3,0.068041,63.104599,74.418741,5.55152,7.88768,-0.0,0.427083,TURN_LEFT
193,6.176,66.86327,67.245905,0.3,0.29999,0.3,0.281897,0.29999,0.3,0.3,62.555126,64.547729,5.46988,7.96932,0.0,0.385403,TURN_LEFT
194,6.208,65.313575,70.302929,0.3,0.3,0.068115,0.287328,0.3,0.3,0.068115,71.567138,74.14684,5.38824,8.04468,-6.4e-05,0.369246,TURN_LEFT
195,6.24,63.067938,68.617692,0.3,0.299959,0.3,0.291129,0.299959,0.3,0.3,68.135709,62.294673,5.31288,8.12632,6.4e-05,0.362751,TURN_LEFT
196,6.272,65.435366,64.626056,0.3,0.299974,0.3,0.293791,0.299974,0.3,0.3,64.979675,64.586845,5.23124,8.20796,0.0,0.360103,TURN_LEFT
197,6.304,67.147098,70.936924,0.3,0.3,0.3,0.295653,0.3,0.3,0.3,67.523397,68.478065,5.1496,8.28332,-6.4e-05,0.359017,TURN_LEFT
198,6.336,69.459407,64.194804,0.3,0.299959,0.3,0.296957,0.299959,0.3,0.3,69.548081,70.56243,5.07424,8.36496,6.4e-05,0.35857,TURN_LEFT
199,6.368,67.022786,66.777777,0.3,0.299974,0.3,0.29787,0.299974,0.3,0.3,71.895937,64.428059,4.9926,8.4466,0.0,0.358386,TURN_LEFT
200,6.4,67.788001,67.946504,0.3,0.299983,0.068519,0.298509,0.299983,0.068519,0.3,72.655742,69.370806,4.91096,8.52824,0.0,0.358311,TURN_RIGHT
201,6.432,58.74969,68.282154,0.3,0.299989,0.3,0.298956,0.299989,0.3,0.3,71.59776,63.82324,4.9926,8.4466,0.0,0.358279,TURN_LEFT
202,6.464,65.082805,70.313434,0.3,0.299993,0.3,0.299269,0.299993,0.3,0.3,66.97774,63.780549,4.91096,8.52824,0.0,0.358267,TURN_LEFT
203,6.496,72.093836,73.942333,0.06817,0.06817,0.068504,0.22994,0.06817,0.3,0.068504,71.585863,72.710168,4.82932,8.6036,-6.4e-05,0.358261,FORWARD
204,6.528,64.597246,70.496438,0.3,0.3,0.3,0.250958,0.3,0.3,0.3,66.711825,63.153834,4.8356,8.67896,0.000837,0.545455,FORWARD
205,6.56,69.331765,72.1831,0.3,0.29962,0.3,0.26567,0.29962,0.3,0.3,67.245118,65.427557,4.87328,8.72292,0.000837,0.545455,FORWARD
206,6.592,61.25514,67.656334,0.3,0.29934,0.067908,0.275969,0.29934,0.3,0.067908,62.980244,74.909337,4.91096,8.7606,0.000772,0.427083,FORWARD
207,6.624,65.436518,63.408533,0.3,0.299119,0.3,0.283179,0.299119,0.3,0.3,67.80904,66.348593,4.91096,8.83596,0.000772,0.385403,FORWARD
208,6.656,71.703548,72.376871,0.068594,0.068594,0.3,0.218803,0.068594,0.3,0.3,62.586941,63.910644,4.94864,8.87364,0.000772,0.369246,FORWARD
209,6.688,65.414234,66.276912,0.3,0.3,0.068482,0.243162,0.3,0.3,0.068482,70.021266,72.789724,4.98632,8.91132,0.000772,0.545455,FORWARD
210,6.72,61.189513,64.670792,0.3,0.299649,0.3,0.260214,0.299649,0.3,0.3,59.81347,69.644524,4.98632,8.98668,0.000772,0.545455,FORWARD
211,6.752,69.453279,72.57355,0.068541,0.068541,0.3,0.202712,0.068541,0.3,0.3,69.256753,68.396987,5.03028,9.02436,0.000837,0.427083,FORWARD
212,6.784,68.911054,65.420548,0.3,0.3,0.3,0.231898,0.3,0.3,0.3,60.537119,66.095154,5.06796,9.06204,0.000772,0.545455,FORWARD
213,6.816,64.500755,63.687271,0.3,0.299649,0.3,0.252329,0.299649,0.3,0.3,71.325876,67.143394,5.10564,9.09972,0.000772,0.545455,FORWARD
214,6.848,68.480347,64.68857,0.3,0.299356,0.3,0.26663,0.299356,0.3,0.3,67.449771,64.511668,5.14332,9.1374,0.000772,0.427083,FORWARD
215,6.88,65.474538,71.261875,0.3,0.29913,0.3,0.276641,0.29913,0.3,0.3,67.223369,70.860712,5.181,9.17508,0.000772,0.385403,FORWARD
216,6.912,66.566175,66.771606,0.3,0.298923,0.3,0.283649,0.298923,0.3,0.3,67.193682,65.421053,5.21868,9.21904,0.000837,0.369246,FORWARD
217,6.944,69.805707,65.735841,0.3,0.298822,0.3,0.288554,0.298822,0.3,0.3,67.484549,63.565724,5.25636,9.25672,0.000772,0.362751,FORWARD
218,6.976,63.592224,66.345501,0.3,0.298752,0.3,0.291988,0.298752,0.3,0.3,63.723859,67.653737,5.29404,9.2944,0.000772,0.360103,FORWARD
219,7.008,73.768085,59.1247,0.068217,0.068217,0.3,0.224857,0.068217,0.3,0.3,68.759205,67.323332,5.33172,9.33208,0.000772,0.359017,FORWARD
220,7.04,68.602137,70.599518,0.3,0.3,0.3,0.2474,0.3,0.3,0.3,61.232531,63.275993,5.37568,9.36976,0.000837,0.545455,FORWARD
221,7.072,66.228669,64.18905,0.3,0.299649,0.3,0.26318,0.299649,0.3,0.3,63.665917,70.59181,5.41336,9.40744,0.000772,0.545455,FORWARD
222,7.104,64.438148,68.610916,0.3,0.299356,0.3,0.274226,0.299356,0.3,0.3,64.880595,63.252472,5.45104,9.44512,0.000772,0.427083,FORWARD
223,7.136,67.443652,74.035039,0.068145,0.068145,0.3,0.212402,0.068145,0.3,0.3,66.555749,65.72478,5.48872,9.4828,0.000772,0.385403,FORWARD
224,7.168,63.236302,67.885521,0.3,0.3,0.3,0.238681,0.3,0.3,0.3,65.691635,60.830436,5.5264,9.52048,0.000772,0.545455,FORWARD
225,7.2,69.702023,68.045861,0.3,0.29962,0.3,0.257077,0.29962,0.3,0.3,64.104739,70.279805,5.56408,9.56444,0.000837,0.545455,FORWARD
226,7.232,62.14592,64.624737,0.3,0.29934,0.3,0.269954,0.29934,0.3,0.3,63.887511,67.816871,5.60176,9.60212,0.000772,0.427083,FORWARD
227,7.264,66.776532,67.192071,0.3,0.299119,0.3,0.278968,0.299119,0.3,0.3,66.782241,65.644732,5.63944,9.6398,0.000772,0.385403,FORWARD
228,7.296,66.523644,73.461128,0.068301,0.068301,0.3,0.215767,0.068301,0.3,0.3,61.761471,65.201556,5.67712,9.67748,0.000772,0.369246,FORWARD
229,7.328,66.916465,68.304176,0.3,0.3,0.3,0.241037,0.3,0.3,0.3,67.241513,68.668657,5.72108,9.71516,0.000837,0.545455,FORWARD
230,7.36,64.780148,69.201484,0.3,0.299649,0.3,0.258726,0.299649,0.3,0.3,64.262475,66.259502,5.75876,9.75284,0.000772,0.545455,FORWARD
231,7.392,67.900383,63.338577,0.3,0.299356,0.3,0.271108,0.299356,0.3,0.3,68.755568,64.778314,5.79644,9.79052,0.000772,0.427083,FORWARD
232,7.424,65.17985,65.949463,0.3,0.29913,0.3,0.279776,0.29913,0.3,0.3,65.014306,70.854388,5.83412,9.8282,0.000772,0.385403,FORWARD
233,7.456,69.037769,67.060909,0.3,0.298923,0.3,0.285843,0.298923,0.3,0.3,68.527886,66.25618,5.8718,9.87216,0.000837,0.369246,FORWARD
234,7.488,72.900838,60.969544,0.068452,0.068452,0.3,0.220626,0.068452,0.3,0.3,70.618217,65.106765,5.90948,9.90984,0.000772,0.362751,FORWARD
235,7.52,66.870262,66.956613,0.3,0.3,0.068388,0.244438,0.3,0.3,0.068388,65.217185,73.137646,5.94716,9.94752,0.000772,0.545455,FORWARD
236,7.552,65.870624,69.270876,0.3,0.299649,0.3,0.261107,0.299649,0.3,0.3,64.764648,64.087549,5.94716,10.02288,0.000772,0.545455,FORWARD
237,7.584,65.048066,68.891523,0.3,0.299319,0.3,0.272775,0.299319,0.3,0.3,69.366248,69.035725,5.99112,10.06056,0.000837,0.427083,FORWARD
238,7.616,70.615813,64.652372,0.3,0.299107,0.068407,0.280942,0.299107,0.068407,0.3,73.069613,64.832783,6.0288,10.09824,0.000772,0.385403,FORWARD
239,7.648,67.943715,70.017137,0.3,0.29895,0.3,0.28666,0.29895,0.3,0.3,67.196597,71.706014,6.10416,10.09824,0.000772,0.369246,FORWARD
240,7.68,68.024059,62.455885,0.3,0.298838,0.06848,0.290662,0.298838,0.06848,0.3,72.79971,69.832082,6.14184,10.13592,0.000772,0.362751,FORWARD
241,7.712,70.39318,65.12775,0.3,0.298721,0.3,0.293463,0.298721,0.3,0.3,64.951721,68.7351,6.2172,10.1422,0.000837,0.360103,FORWARD
242,7.744,67.113985,72.13133,0.3,0.298685,0.3,0.295424,0.298685,0.3,0.3,64.275857,63.090231,6.25488,10.17988,0.000772,0.359017,FORWARD
243,7.776,70.003913,62.22117,0.3,0.298661,0.3,0.296797,0.298661,0.3,0.3,67.191044,67.918836,6.29256,10.21756,0.000772,0.35857,FORWARD
244,7.808,67.793698,66.337505,0.3,0.298645,0.3,0.297758,0.298645,0.3,0.3,70.04325,67.482688,6.33024,10.25524,0.000772,0.358386,FORWARD
245,7.84,57.3482,68.571986,0.3,0.298635,0.3,0.298431,0.298635,0.3,0.3,69.723259,65.305614,6.36792,10.29292,0.000772,0.358311,FORWARD
246,7.872,66.518346,61.810545,0.3,0.298628,0.3,0.298901,0.298628,0.3,0.3,67.666497,68.791721,6.4056,10.3306,0.000772,0.358279,FORWARD
247,7.904,64.423263,62.741357,0.3,0.298624,0.3,0.299231,0.298624,0.3,0.3,66.293842,67.95655,6.44328,10.36828,0.000772,0.358267,FORWARD
248,7.936,62.78878,64.397391,0.3,0.29858,0.3,0.299462,0.29858,0.3,0.3,69.236914,66.855051,6.48724,10.40596,0.000837,0.358261,FORWARD
249,7.968,63.783677,68.654107,0.3,0.298593,0.3,0.299623,0.298593,0.3,0.3,69.812788,65.646503,6.52492,10.44364,0.000772,0.358259,FORWARD
250,8.0,70.401648,74.859728,0.067921,0.067921,0.068555,0.230113,0.067921,0.068555,0.3,72.521222,68.146138,6.5626,10.4876,0.000837,0.358258,FORWARD
251,8.032,66.006314,63.612733,0.3,0.3,0.06819,0.251079,0.3,0.3,0.06819,61.4395,73.870646,6.63796,10.4876,0.000772,0.545455,FORWARD
252,8.064,60.416262,67.454849,0.3,0.299649,0.3,0.265755,0.299649,0.3,0.3,58.378764,62.068769,6.63796,10.56296,0.000772,0.545455,FORWARD
253,8.096,62.429547,67.294294,0.3,0.299356,0.3,0.276029,0.299356,0.3,0.3,66.080639,61.847878,6.67564,10.60064,0.000772,0.427083,FORWARD
254,8.128,70.217988,69.613278,0.3,0.29913,0.3,0.28322,0.29913,0.3,0.3,65.136313,68.754195,6.71332,10.63832,0.000772,0.385403,FORWARD
255,8.16,66.105324,69.154571,0.3,0.298964,0.068489,0.288254,0.298964,0.068489,0.3,72.764661,69.408813,6.751,10.676,0.000772,0.369246,FORWARD
256,8.192,63.506689,62.508777,0.3,0.298847,0.3,0.291778,0.298847,0.3,0.3,67.831495,70.155738,6.82636,10.676,0.000772,0.362751,FORWARD
257,8.224,67.813114,70.160922,0.3,0.298727,0.3,0.294244,0.298727,0.3,0.3,67.791331,67.713358,6.87032,10.71368,0.000837,0.360103,FORWARD
258,8.256,63.142943,63.364411,0.3,0.298648,0.3,0.295971,0.298648,0.3,0.3,63.857773,67.784465,6.908,10.75764,0.000837,0.359017,FORWARD
259,8.288,68.455164,64.338535,0.3,0.298637,0.06797,0.29718,0.298637,0.3,0.06797,69.185725,74.678927,6.94568,10.79532,0.000772,0.35857,FORWARD
260,8.32,67.242525,64.296707,0.3,0.29863,0.3,0.298026,0.29863,0.3,0.3,67.426216,64.932384,6.94568,10.87068,0.000772,0.358386,FORWARD
261,8.352,65.8631,69.941501,0.3,0.298625,0.3,0.298618,0.298625,0.3,0.3,64.14638,71.052534,6.98336,10.90836,0.000772,0.358311,FORWARD
262,8.384,64.645455,66.650594,0.3,0.298622,0.068503,0.299033,0.298622,0.3,0.068503,66.161659,72.712235,7.02104,10.94604,0.000772,0.358279,FORWARD
263,8.416,68.047206,64.350462,0.3,0.29862,0.3,0.299323,0.29862,0.3,0.3,66.816068,68.849909,7.02104,11.0214,0.000772,0.358267,FORWARD
264,8.448,67.383668,72.396374,0.068589,0.068589,0.3,0.230103,0.068589,0.3,0.3,71.641954,69.029057,7.05872,11.05908,0.000772,0.358261,FORWARD
265,8.48,66.581342,68.557675,0.3,0.3,0.3,0.251072,0.3,0.3,0.3,69.749334,67.485074,7.10268,11.09676,0.000837,0.545455,FORWARD
266,8.512,65.290823,69.073905,0.3,0.299649,0.3,0.26575,0.299649,0.3,0.3,68.879596,67.737271,7.14036,11.13444,0.000772,0.545455,FORWARD
267,8.544,66.5618,60.984494,0.3,0.299356,0.068472,0.276025,0.299356,0.068472,0.3,72.829434,67.395268,7.17804,11.17212,0.000772,0.427083,FORWARD
268,8.576,63.827126,64.165686,0.3,0.29909,0.3,0.283218,0.29909,0.3,0.3,70.722386,56.238074,7.2534,11.1784,0.000837,0.385403,FORWARD
269,8.608,61.330039,67.238512,0.3,0.298939,0.3,0.288252,0.298939,0.3,0.3,63.762749,68.13823,7.29108,11.21608,0.000772,0.369246,FORWARD
270,8.64,69.657246,65.262951,0.3,0.298832,0.3,0.291777,0.298832,0.3,0.3,60.38503,62.341481,7.32876,11.25376,0.000772,0.362751,FORWARD
271,8.672,71.10945,71.487105,0.3,0.298758,0.3,0.294244,0.298758,0.3,0.3,66.116195,71.20361,7.36644,11.29144,0.000772,0.360103,FORWARD
272,8.704,65.511919,64.069712,0.3,0.298709,0.3,0.295971,0.298709,0.3,0.3,63.757247,62.178899,7.40412,11.32912,0.000772,0.359017,FORWARD
273,8.736,64.032841,66.845065,0.3,0.298676,0.3,0.297179,0.298676,0.3,0.3,69.073439,67.245584,7.4418,11.3668,0.000772,0.35857,FORWARD
274,8.768,64.386719,70.258883,0.3,0.298614,0.3,0.298026,0.298614,0.3,0.3,67.181629,70.906074,7.48576,11.40448,0.000837,0.358386,FORWARD
275,8.8,63.289962,67.856574,0.3,0.298615,0.3,0.298618,0.298615,0.3,0.3,63.284593,66.323256,7.52344,11.44216,0.000772,0.358311,FORWARD
276,8.832,59.245852,63.719767,0.3,0.298574,0.3,0.299033,0.298574,0.3,0.3,66.329927,61.906742,7.56112,11.48612,0.000837,0.358279,FORWARD
277,8.864,66.057975,65.253376,0.3,0.298589,0.3,0.299323,0.298589,0.3,0.3,64.77284,64.692692,7.5988,11.5238,0.000772,0.358267,FORWARD
278,8.896,74.647332,65.382274,0.067979,0.067979,0.3,0.22992,0.067979,0.3,0.3,65.827504,71.986401,7.63648,11.56148,0.000772,0.358261,FORWARD
279,8.928,68.761214,68.588885,0.3,0.3,0.3,0.250944,0.3,0.3,0.3,69.145606,63.190995,7.67416,11.59916,0.000772,0.545455,FORWARD
280,8.96,68.626404,69.643446,0.3,0.299649,0.3,0.265661,0.299649,0.3,0.3,62.65396,66.248694,7.71184,11.63684,0.000772,0.545455,FORWARD
281,8.992,68.363943,69.45825,0.3,0.299356,0.3,0.275962,0.299356,0.3,0.3,65.385092,72.350402,7.74952,11.67452,0.000772,0.427083,FORWARD
282,9.024,69.063262,69.381732,0.3,0.29913,0.3,0.283174,0.29913,0.3,0.3,68.34204,68.170177,7.7872,11.7122,0.000772,0.385403,FORWARD
283,9.056,65.990423,72.871974,0.06846,0.06846,0.3,0.21876,0.06846,0.3,0.3,60.986626,67.582601,7.83116,11.74988,0.000837,0.369246,FORWARD
284,9.088,67.732854,66.820574,0.3,0.3,0.3,0.243132,0.3,0.3,0.3,69.964309,65.466203,7.86884,11.78756,0.000772,0.545455,FORWARD
285,9.12,66.913122,74.484295,0.068023,0.068023,0.3,0.190599,0.068023,0.3,0.3,69.48125,64.105042,7.90652,11.83152,0.000837,0.545455,FORWARD
286,9.152,65.407347,67.404615,0.3,0.3,0.3,0.223419,0.3,0.3,0.3,67.78843,61.329143,7.9442,11.8692,0.000772,0.545455,FORWARD
287,9.184,72.747291,61.998611,0.068494,0.068494,0.3,0.176942,0.068494,0.3,0.3,65.601164,66.044103,7.98188,11.90688,0.000772,0.545455,FORWARD
288,9.216,64.14172,69.510911,0.3,0.3,0.3,0.213859,0.3,0.3,0.3,69.936915,65.948035,8.01956,11.94456,0.000772,0.545455,FORWARD
289,9.248,64.894051,66.524796,0.3,0.299649,0.3,0.239701,0.299649,0.3,0.3,66.799119,67.342764,8.05724,11.98224,0.000772,0.545455,FORWARD
290,9.28,69.656078,64.075375,0.3,0.299356,0.3,0.257791,0.299356,0.3,0.3,68.101889,70.987109,8.09492,12.01992,0.000772,0.427083,FORWARD
291,9.312,66.354297,65.908123,0.3,0.29913,0.3,0.270454,0.29913,0.3,0.3,68.869932,67.339654,8.1326,12.0576,0.000772,0.385403,FORWARD
292,9.344,65.703511,68.48079,0.3,0.298923,0.3,0.279318,0.298923,0.3,0.3,65.06926,70.248115,8.17656,12.09528,0.000837,0.369246,FORWARD
293,9.376,68.886641,70.648269,0.3,0.298822,0.3,0.285522,0.298822,0.3,0.3,68.862475,63.590858,8.21424,12.13296,0.000772,0.362751,FORWARD
294,9.408,64.476389,72.007198,0.3,0.29871,0.067518,0.289866,0.29871,0.067518,0.3,76.346947,68.330663,8.25192,12.17692,0.000837,0.360103,FORWARD
295,9.44,62.162571,72.82419,0.068473,0.068473,0.3,0.223448,0.068473,0.3,0.3,70.6509,72.268592,8.32728,12.17692,0.000772,0.359017,FORWARD
296,9.472,64.794841,73.2272,0.068364,0.068062,0.068267,0.176923,0.068062,0.068267,0.3,73.586584,66.369883,8.36496,12.2146,0.000772,0.545455,FORWARD
297,9.504,68.371093,63.249611,0.3,0.3,0.068204,0.213846,0.3,0.068204,0.3,73.816483,61.110244,8.44032,12.2146,0.000772,0.427083,FORWARD
298,9.536,70.344144,67.138636,0.3,0.299649,0.3,0.239692,0.299649,0.3,0.3,66.904779,64.871311,8.51568,12.2146,0.000772,0.545455,FORWARD
299,9.568,67.085543,65.861016,0.3,0.299356,0.3,0.257784,0.299356,0.3,0.3,71.068488,70.588221,8.55336,12.25228,0.000772,0.427083,FORWARD
300,9.6,66.894835,63.739875,0.3,0.29909,0.3,0.270449,0.29909,0.3,0.3,60.599115,68.326356,8.59104,12.29624,0.000837,0.385403,FORWARD
301,9.632,64.692118,65.99565,0.3,0.298939,0.3,0.279314,0.298939,0.3,0.3,70.681211,65.754701,8.62872,12.33392,0.000772,0.369246,FORWARD
302,9.664,67.38135,60.499504,0.3,0.298832,0.3,0.28552,0.298832,0.3,0.3,66.080386,67.471685,8.6664,12.3716,0.000772,0.362751,FORWARD
303,9.696,62.214246,73.903474,0.068181,0.068181,0.3,0.220318,0.068181,0.3,0.3,63.741344,69.894585,8.71036,12.40928,0.000837,0.360103,FORWARD
304,9.728,63.974668,65.656457,0.3,0.3,0.3,0.244223,0.3,0.3,0.3,65.444918,65.588163,8.74804,12.44696,0.000772,0.545455,FORWARD
305,9.76,64.813032,68.994573,0.3,0.299649,0.068373,0.260956,0.299649,0.3,0.068373,67.089618,73.195159,8.78572,12.48464,0.000772,0.545455,FORWARD
306,9.792,61.820149,71.173725,0.3,0.299356,0.3,0.272669,0.299356,0.3,0.3,69.981648,66.110842,8.78572,12.56,0.000772,0.427083,FORWARD
307,9.824,68.989881,70.000343,0.3,0.29913,0.3,0.280868,0.29913,0.3,0.3,60.987529,62.059614,8.8234,12.59768,0.000772,0.385403,FORWARD
308,9.856,63.885732,69.576018,0.3,0.298964,0.3,0.286608,0.298964,0.3,0.3,63.120547,66.422696,8.86108,12.63536,0.000772,0.369246,FORWARD
309,9.888,60.235603,60.677329,0.3,0.298847,0.3,0.290626,0.298847,0.3,0.3,68.455494,68.099697,8.89876,12.67304,0.000772,0.362751,FORWARD
310,9.92,72.584731,69.697101,0.068538,0.068538,0.3,0.223999,0.068538,0.3,0.3,68.846922,67.189024,8.93644,12.717,0.000837,0.360103,FORWARD
311,9.952,64.544312,66.804242,0.3,0.3,0.3,0.246799,0.3,0.3,0.3,64.827636,68.808152,8.9804,12.75468,0.000837,0.545455,FORWARD
312,9.984,61.424656,65.695941,0.3,0.299649,0.3,0.26276,0.299649,0.3,0.3,68.101264,61.162034,9.01808,12.79236,0.000772,0.545455,FORWARD
313,10.016,67.519473,66.276019,0.3,0.299356,0.3,0.273932,0.299356,0.3,0.3,62.271632,69.733306,9.05576,12.83004,0.000772,0.427083,FORWARD
314,10.048,66.069052,67.52723,0.3,0.29913,0.3,0.281752,0.29913,0.3,0.3,70.145096,66.782122,9.09344,12.86772,0.000772,0.385403,FORWARD
315,10.08,72.520472,74.290857,0.068076,0.068076,0.3,0.217649,0.068076,0.3,0.3,67.503689,71.766355,9.13112,12.9054,0.000772,0.369246,FORWARD
316,10.112,64.138965,69.37963,0.3,0.3,0.3,0.242354,0.3,0.3,0.3,66.284305,68.264634,9.1688,12.94308,0.000772,0.545455,FORWARD
317,10.144,59.749023,66.060173,0.3,0.299649,0.3,0.259648,0.299649,0.3,0.3,67.192173,65.688364,9.20648,12.98076,0.000772,0.545455,FORWARD
318,10.176,61.955907,66.518269,0.3,0.299356,0.3,0.271754,0.299356,0.3,0.3,64.122026,68.780438,9.24416,13.01844,0.000772,0.427083,FORWARD
319,10.208,64.835937,67.147571,0.3,0.29909,0.3,0.280228,0.29909,0.3,0.3,66.325678,66.941255,9.28184,13.0624,0.000837,0.385403,FORWARD
320,10.24,68.417211,74.909594,0.067908,0.067908,0.3,0.216532,0.067908,0.3,0.3,63.460195,58.660729,9.3258,13.10008,0.000837,0.369246,FORWARD
321,10.272,71.494042,65.028908,0.3,0.3,0.3,0.241572,0.3,0.3,0.3,69.293522,71.969454,9.36348,13.13776,0.000772,0.545455,FORWARD
322,10.304,63.47948,64.98319,0.3,0.299649,0.068075,0.259101,0.299649,0.068075,0.3,74.294063,61.726978,9.40116,13.17544,0.000772,0.545455,FORWARD
323,10.336,60.046272,72.950824,0.068439,0.068439,0.3,0.201902,0.068439,0.3,0.3,65.849885,71.261815,9.47652,13.17544,0.000772,0.427083,FORWARD
324,10.368,71.230243,67.515525,0.3,0.3,0.3,0.231331,0.3,0.3,0.3,66.833104,69.805481,9.5142,13.21312,0.000772,0.545455,FORWARD
325,10.4,72.081516,59.606768,0.3,0.299649,0.068395,0.251932,0.299649,0.068395,0.3,73.111706,67.825149,9.55188,13.2508,0.000772,0.545455,FORWARD
326,10.432,76.480172,69.510774,0.067482,0.067482,0.3,0.196597,0.067482,0.3,0.3,68.008848,67.903351,9.62724,13.25708,0.000837,0.427083,FORWARD
327,10.464,67.294895,61.267589,0.3,0.3,0.3,0.227618,0.3,0.3,0.3,66.302512,63.544885,9.66492,13.29476,0.000772,0.545455,FORWARD
328,10.496,68.651634,69.683353,0.3,0.299649,0.3,0.249333,0.299649,0.3,0.3,70.799879,67.877551,9.7026,13.33244,0.000772,0.545455,FORWARD
329,10.528,66.215328,66.621804,0.3,0.299356,0.068019,0.264533,0.299356,0.068019,0.3,74.499802,68.000072,9.74028,13.37012,0.000772,0.427083,FORWARD
330,10.56,69.008092,66.845233,0.3,0.29913,0.068387,0.275173,0.29913,0.3,0.068387,62.137026,73.143559,9.81564,13.37012,0.000772,0.385403,FORWARD
331,10.592,70.094089,67.343164,0.3,0.298923,0.3,0.282621,0.298923,0.3,0.3,71.38784,62.635314,9.82192,13.44548,0.000837,0.369246,FORWARD
332,10.624,68.225031,67.060492,0.3,0.298822,0.3,0.287835,0.298822,0.3,0.3,64.177412,71.622527,9.8596,13.48316,0.000772,0.362751,FORWARD
333,10.656,74.909593,66.789401,0.067908,0.067908,0.3,0.221857,0.067908,0.3,0.3,66.209707,64.284083,9.89728,13.52084,0.000772,0.360103,FORWARD
334,10.688,75.086268,78.570297,0.066916,0.066916,0.3,0.175374,0.067016,0.3,0.3,63.951645,64.78886,9.93496,13.55852,0.000772,0.545455,FORWARD
335,10.72,67.715441,65.106071,0.3,0.3,0.3,0.212762,0.3,0.3,0.3,60.467407,67.302685,9.97264,13.60248,0.000837,0.427083,FORWARD
336,10.752,69.304361,69.354563,0.3,0.299649,0.3,0.238933,0.299649,0.3,0.3,67.833102,64.417035,10.01032,13.64016,0.000772,0.545455,FORWARD
337,10.784,72.602771,65.249165,0.068533,0.068533,0.3,0.187813,0.068533,0.3,0.3,68.201655,69.535719,10.048,13.67784,0.000772,0.427083,FORWARD
338,10.816,66.372588,64.385535,0.3,0.3,0.3,0.221469,0.3,0.3,0.3,68.695874,65.346203,10.08568,13.71552,0.000772,0.545455,FORWARD
339,10.848,65.668909,67.11524,0.3,0.29962,0.068246,0.245029,0.29962,0.3,0.068246,66.447688,73.662178,10.12964,13.7532,0.000837,0.545455,FORWARD
340,10.88,67.280203,63.91654,0.3,0.29934,0.3,0.26152,0.29934,0.3,0.3,69.598775,71.230551,10.12964,13.82856,0.000772,0.427083,FORWARD
341,10.912,64.476946,70.619913,0.3,0.299119,0.3,0.273064,0.299119,0.3,0.3,60.942252,62.21063,10.16732,13.86624,0.000772,0.385403,FORWARD
342,10.944,65.795918,67.593707,0.3,0.298957,0.3,0.281145,0.298957,0.3,0.3,66.307792,72.003768,10.205,13.90392,0.000772,0.369246,FORWARD
343,10.976,63.188919,67.885703,0.3,0.298843,0.3,0.286801,0.298843,0.3,0.3,64.034525,62.061651,10.24268,13.9416,0.000772,0.362751,FORWARD
344,11.008,61.623086,61.500568,0.3,0.298766,0.3,0.290761,0.298766,0.3,0.3,65.440072,72.060747,10.28036,13.97928,0.000772,0.360103,FORWARD
345,11.04,64.454179,63.565086,0.3,0.298672,0.3,0.293533,0.298672,0.3,0.3,69.948396,71.760849,10.31804,14.02324,0.000837,0.359017,FORWARD
346,11.072,72.284253,66.628501,0.3,0.298653,0.3,0.295473,0.298653,0.3,0.3,62.307522,61.687232,10.35572,14.06092,0.000772,0.35857,FORWARD
347,11.104,62.984545,66.696326,0.3,0.298599,0.3,0.296831,0.298599,0.3,0.3,69.402096,66.029375,10.39968,14.0986,0.000837,0.358386,FORWARD
348,11.136,69.096409,61.39606,0.3,0.298605,0.068095,0.297782,0.298605,0.068095,0.3,74.219513,67.107585,10.43736,14.13628,0.000772,0.358311,FORWARD
349,11.168,66.783896,65.411393,0.3,0.298609,0.3,0.298447,0.298609,0.3,0.3,69.282916,63.776232,10.51272,14.13628,0.000772,0.358279,FORWARD
350,11.2,70.100449,68.153177,0.3,0.298612,0.3,0.298913,0.298612,0.3,0.3,64.873669,64.971567,10.5504,14.17396,0.000772,0.358267,FORWARD
351,11.232,69.136714,66.529755,0.3,0.298613,0.3,0.299239,0.298613,0.3,0.3,66.951704,63.931542,10.58808,14.21164,0.000772,0.358261,FORWARD
352,11.264,67.145791,67.584067,0.3,0.298614,0.068334,0.299467,0.298614,0.068334,0.3,73.3366,62.980706,10.62576,14.24932,0.000772,0.358259,FORWARD
353,11.296,69.119587,70.41281,0.3,0.298574,0.0605,0.299627,0.298574,0.0605,0.3,102.244728,62.891735,10.70112,14.2556,0.000837,0.358258,FORWARD
354,11.328,63.671752,67.15175,0.3,0.298589,0.040473,0.299739,0.298589,0.040473,0.3,156.231721,68.823908,10.77648,14.2556,0.000772,0.358258,FORWARD
355,11.36,66.489638,72.710366,0.068504,0.068504,0.020714,0.230369,0.068504,0.020714,0.3,373.206669,64.700856,10.87696,14.23676,0.000837,0.358258,FORWARD
356,11.392,67.626524,67.51134,0.3,0.3,0.022147,0.251258,0.3,0.022147,0.3,351.861584,68.930911,10.97116,14.21792,0.000772,0.545455,FORWARD
357,11.424,66.21796,66.842739,0.3,0.299649,0.024721,0.265881,0.299649,0.024721,0.3,313.533889,67.551497,11.06536,14.19908,0.000772,0.545455,FORWARD
358,11.456,71.115718,63.987537,0.3,0.299393,0.029419,0.276116,0.299393,0.029419,0.3,243.58479,71.644535,11.15956,14.17396,0.000708,0.427083,FORWARD
359,11.488,61.028591,69.886101,0.3,0.299113,0.033966,0.283281,0.299113,0.033966,0.3,204.431659,63.642634,11.26004,14.15512,0.000837,0.385403,FORWARD
360,11.52,66.861272,69.812596,0.3,0.298953,0.040778,0.288297,0.298953,0.040778,0.3,155.072925,70.417977,11.35424,14.13628,0.000772,0.369246,FORWARD
361,11.552,70.256658,64.709926,0.3,0.298841,0.045244,0.291808,0.298841,0.045244,0.3,138.085191,68.425101,11.44844,14.11744,0.000772,0.362751,FORWARD
362,11.584,60.745545,66.570408,0.3,0.298723,0.054625,0.294266,0.298723,0.054625,0.3,112.64168,65.280626,11.54264,14.10488,0.000837,0.360103,FORWARD
363,11.616,67.087371,73.270158,0.068352,0.068352,0.058758,0.226492,0.068352,0.058758,0.3,106.065586,62.16786,11.618,14.10488,0.000772,0.359017,FORWARD
364,11.648,70.783916,65.517596,0.3,0.3,0.064059,0.248544,0.3,0.064059,0.06854,89.113178,72.57845,11.69336,14.10488,0.000772,0.545455,FORWARD
365,11.68,63.226085,66.935764,0.3,0.299649,0.063798,0.263981,0.299649,0.063798,0.3,90.076588,65.006901,11.73104,14.14256,0.000772,0.545455,FORWARD
366,11.712,70.459731,66.410699,0.3,0.299319,0.3,0.274787,0.299319,0.3,0.3,63.992604,65.751595,11.81268,14.14256,0.000837,0.427083,FORWARD
367,11.744,63.101586,64.594748,0.3,0.299107,0.3,0.282351,0.299107,0.3,0.3,69.181038,65.602686,11.85036,14.18024,0.000772,0.385403,FORWARD
368,11.776,64.297183,64.888596,0.3,0.29895,0.068103,0.287645,0.29895,0.068103,0.3,74.190969,67.358652,11.88804,14.21792,0.000772,0.369246,FORWARD
369,11.808,65.684861,63.938543,0.3,0.298838,0.3,0.291352,0.298838,0.3,0.3,67.244397,66.610938,11.9634,14.21792,0.000772,0.362751,FORWARD
370,11.84,66.732181,67.051856,0.3,0.298721,0.3,0.293946,0.298721,0.3,0.3,71.801766,66.241609,12.00108,14.26188,0.000837,0.360103,FORWARD
371,11.872,71.385403,70.174365,0.3,0.298685,0.3,0.295762,0.298685,0.3,0.3,70.592935,68.930793,12.03876,14.29956,0.000772,0.359017,FORWARD
372,11.904,70.484896,65.656766,0.3,0.298661,0.068097,0.297034,0.298661,0.068097,0.3,74.212364,70.834192,12.07644,14.33724,0.000772,0.35857,FORWARD
373,11.936,63.127373,67.351505,0.3,0.298645,0.3,0.297924,0.298645,0.3,0.3,66.289584,69.508773,12.1518,14.33724,0.000772,0.358386,FORWARD
374,11.968,62.609969,68.143282,0.3,0.298635,0.3,0.298546,0.298635,0.3,0.3,65.809685,69.982308,12.18948,14.37492,0.000772,0.358311,FORWARD
375,12.0,71.764529,68.715566,0.3,0.298628,0.068027,0.298983,0.298628,0.3,0.068027,62.811085,74.470034,12.22716,14.4126,0.000772,0.358279,FORWARD
376,12.032,69.138042,64.779556,0.3,0.298583,0.068348,0.299288,0.298583,0.068348,0.3,73.284649,64.828642,12.23344,14.48796,0.000837,0.358267,FORWARD
377,12.064,65.46204,63.499434,0.3,0.298595,0.3,0.299501,0.298595,0.3,0.3,71.430494,58.908806,12.3088,14.48796,0.000772,0.358261,FORWARD
378,12.096,63.274601,67.417994,0.3,0.298561,0.068421,0.299651,0.298561,0.3,0.068421,68.242269,73.017882,12.34648,14.53192,0.000837,0.358259,FORWARD
379,12.128,64.384065,69.386839,0.3,0.298581,0.068478,0.299756,0.298581,0.068478,0.3,72.804983,65.73139,12.34648,14.60728,0.000772,0.358258,FORWARD
380,12.16,66.273197,66.212955,0.3,0.298594,0.3,0.299829,0.298594,0.3,0.3,68.465619,66.970759,12.42184,14.60728,0.000772,0.358258,FORWARD
381,12.192,67.250494,61.519603,0.3,0.298602,0.3,0.29988,0.298602,0.3,0.3,70.152572,66.102724,12.45952,14.64496,0.000772,0.358258,FORWARD
382,12.224,64.757829,66.404221,0.3,0.298607,0.3,0.299916,0.298607,0.3,0.3,61.055643,64.837186,12.4972,14.68264,0.000772,0.358258,FORWARD
383,12.256,66.424576,65.922496,0.3,0.29861,0.3,0.299941,0.29861,0.3,0.3,65.275664,67.312083,12.53488,14.72032,0.000772,0.358258,FORWARD
384,12.288,66.925425,62.700125,0.3,0.298612,0.3,0.299959,0.298612,0.3,0.3,64.712209,64.527904,12.57256,14.758,0.000772,0.358258,FORWARD
385,12.32,70.060987,66.178174,0.3,0.298573,0.3,0.299971,0.298573,0.3,0.3,67.720257,64.11943,12.61652,14.79568,0.000837,0.358258,FORWARD
386,12.352,68.065567,66.826648,0.3,0.298588,0.3,0.29998,0.298588,0.3,0.3,67.175559,59.816435,12.6542,14.83336,0.000772,0.358258,FORWARD
387,12.384,66.041639,62.264949,0.3,0.298557,0.3,0.299986,0.298557,0.3,0.3,67.198795,68.670167,12.69188,14.87732,0.000837,0.358258,FORWARD
388,12.416,67.222907,67.140672,0.3,0.298578,0.3,0.29999,0.298578,0.3,0.3,65.583827,69.480034,12.72956,14.915,0.000772,0.358258,FORWARD
389,12.448,65.945817,63.773464,0.3,0.298592,0.3,0.299993,0.298592,0.3,0.3,64.799487,66.923921,12.76724,14.95268,0.000772,0.358258,FORWARD
390,12.48,64.131448,65.61356,0.3,0.298601,0.3,0.299995,0.298601,0.3,0.3,66.358815,65.424293,12.80492,14.99036,0.000772,0.358258,FORWARD
391,12.512,63.763312,65.197094,0.3,0.298606,0.3,0.299997,0.298606,0.3,0.3,69.395059,67.581326,12.8426,15.02804,0.000772,0.358258,FORWARD
392,12.544,64.418244,68.335922,0.3,0.29861,0.3,0.299998,0.29861,0.3,0.3,64.169848,67.222062,12.88028,15.06572,0.000772,0.358258,FORWARD
393,12.576,71.980044,70.195766,0.3,0.298612,0.3,0.299998,0.298612,0.3,0.3,69.975523,66.709604,12.91796,15.1034,0.000772,0.358258,FORWARD
394,12.608,69.952815,66.662696,0.3,0.298572,0.3,0.299999,0.298572,0.3,0.3,71.758113,69.690473,12.96192,15.14108,0.000837,0.358258,FORWARD
395,12.64,69.219671,67.657707,0.3,0.298547,0.3,0.299999,0.298547,0.3,0.3,67.718894,67.598929,12.9996,15.18504,0.000837,0.358258,FORWARD
396,12.672,63.468324,65.095803,0.3,0.298572,0.3,0.299999,0.298572,0.3,0.3,63.838376,65.304238,13.03728,15.22272,0.000772,0.358258,FORWARD
397,12.704,67.55462,65.299983,0.3,0.298588,0.3,0.3,0.298588,0.3,0.3,70.236092,68.330112,13.07496,15.2604,0.000772,0.358258,FORWARD
398,12.736,60.997507,63.837732,0.3,0.298598,0.067795,0.3,0.298598,0.3,0.067795,65.158437,75.325116,13.11264,15.29808,0.000772,0.358258,FORWARD
399,12.768,63.112785,64.86728,0.3,0.298605,0.3,0.3,0.298605,0.3,0.3,66.193366,68.586895,13.11264,15.37344,0.000772,0.358258,FORWARD
400,12.8,66.402261,66.377955,0.3,0.298609,0.3,0.3,0.298609,0.3,0.3,66.072841,61.24253,13.15032,15.41112,0.000772,0.358258,FORWARD
401,12.832,65.758598,69.356714,0.3,0.298611,0.3,0.3,0.298611,0.3,0.3,67.874218,71.787678,13.188,15.4488,0.000772,0.358258,FORWARD
402,12.864,68.409949,64.53804,0.3,0.298572,0.3,0.3,0.298572,0.3,0.3,66.400663,64.801141,13.23196,15.48648,0.000837,0.358258,FORWARD
403,12.896,67.150575,65.736126,0.3,0.298588,0.3,0.3,0.298588,0.3,0.3,70.127741,65.18069,13.26964,15.52416,0.000772,0.358258,FORWARD
404,12.928,65.246766,64.026593,0.3,0.298598,0.3,0.3,0.298598,0.3,0.3,66.465968,70.535758,13.30732,15.56184,0.000772,0.358258,FORWARD
405,12.96,64.481413,71.101182,0.3,0.298563,0.3,0.3,0.298563,0.3,0.3,66.887247,66.20786,13.345,15.6058,0.000837,0.358258,FORWARD
406,12.992,68.588564,69.900221,0.3,0.298582,0.3,0.3,0.298582,0.3,0.3,64.007905,69.18537,13.38268,15.64348,0.000772,0.358258,FORWARD
407,13.024,66.229109,63.352271,0.3,0.298594,0.3,0.3,0.298594,0.3,0.3,65.300387,68.296456,13.42036,15.68116,0.000772,0.358258,FORWARD
408,13.056,68.785111,65.097776,0.3,0.298602,0.067931,0.3,0.298602,0.3,0.067931,66.111903,74.825879,13.45804,15.71884,0.000772,0.358258,FORWARD
409,13.088,64.665837,69.600326,0.3,0.298607,0.3,0.3,0.298607,0.3,0.3,65.871054,65.496508,13.45804,15.7942,0.000772,0.358258,FORWARD
410,13.12,70.448248,63.375635,0.3,0.298569,0.3,0.3,0.298569,0.3,0.3,61.971102,66.351082,13.502,15.83188,0.000837,0.358258,FORWARD
411,13.152,69.357958,70.072108,0.3,0.298586,0.3,0.3,0.298586,0.3,0.3,71.922853,65.657172,13.53968,15.86956,0.000772,0.358258,FORWARD
412,13.184,65.588137,66.777897,0.3,0.298597,0.3,0.3,0.298597,0.3,0.3,68.866645,67.668241,13.57736,15.90724,0.000772,0.358258,FORWARD
413,13.216,60.067969,68.167225,0.3,0.298604,0.3,0.3,0.298604,0.3,0.3,64.841878,61.746556,13.61504,15.94492,0.000772,0.358258,FORWARD
414,13.248,72.706867,68.213247,0.068505,0.068505,0.3,0.230551,0.068505,0.3,0.3,64.471412,68.053413,13.65272,15.9826,0.000772,0.358258,FORWARD
415,13.28,61.89877,68.300448,0.3,0.3,0.3,0.251386,0.3,0.3,0.3,70.448735,69.757088,13.6904,16.02656,0.000837,0.545455,FORWARD
416,13.312,73.639046,68.531089,0.068252,0.068252,0.3,0.196446,0.068252,0.3,0.3,64.632585,64.113031,13.72808,16.06424,0.000772,0.545455,FORWARD
417,13.344,65.85989,71.227678,0.3,0.3,0.3,0.227512,0.3,0.3,0.3,68.759195,65.346579,13.76576,16.10192,0.000772,0.545455,FORWARD
418,13.376,70.128875,59.977478,0.3,0.299649,0.3,0.249258,0.299649,0.3,0.3,65.405808,69.07474,13.80344,16.1396,0.000772,0.545455,FORWARD
419,13.408,69.026055,69.418762,0.3,0.299319,0.3,0.264481,0.299319,0.3,0.3,66.476886,65.480217,13.8474,16.17728,0.000837,0.427083,FORWARD
420,13.44,64.346905,64.213808,0.3,0.299107,0.068351,0.275137,0.299107,0.3,0.068351,67.000047,73.276082,13.88508,16.21496,0.000772,0.385403,FORWARD
421,13.472,65.938731,72.690257,0.068509,0.068509,0.3,0.213148,0.068509,0.3,0.3,68.99748,70.769843,13.88508,16.29032,0.000772,0.369246,FORWARD
422,13.504,62.549443,71.091527,0.3,0.3,0.3,0.239204,0.3,0.3,0.3,67.850931,64.206844,13.92276,16.328,0.000772,0.545455,FORWARD
423,13.536,67.740461,68.046375,0.3,0.299649,0.3,0.257443,0.299649,0.3,0.3,67.048993,68.359029,13.96044,16.36568,0.000772,0.545455,FORWARD
424,13.568,65.954995,66.395845,0.3,0.299319,0.3,0.27021,0.299319,0.3,0.3,67.922699,71.706325,13.99812,16.40964,0.000837,0.427083,FORWARD
425,13.6,66.65951,66.639146,0.3,0.299107,0.3,0.279147,0.299107,0.3,0.3,66.721337,67.749818,14.0358,16.44732,0.000772,0.385403,FORWARD
426,13.632,68.610915,73.715084,0.068232,0.068232,0.3,0.215872,0.068232,0.3,0.3,65.452202,71.830893,14.07348,16.485,0.000772,0.369246,FORWARD
427,13.664,69.794697,71.483079,0.3,0.3,0.3,0.241111,0.3,0.3,0.3,72.250925,61.273771,14.11744,16.52268,0.000837,0.545455,FORWARD
428,13.696,69.266607,69.485748,0.3,0.299649,0.3,0.258777,0.299649,0.3,0.3,68.927445,67.398921,14.15512,16.56036,0.000772,0.545455,FORWARD
429,13.728,68.37742,66.791863,0.3,0.299356,0.3,0.271144,0.299356,0.3,0.3,71.496085,71.726791,14.1928,16.59804,0.000772,0.427083,FORWARD
430,13.76,68.276774,65.974913,0.3,0.29913,0.3,0.279801,0.29913,0.3,0.3,65.359856,70.857558,14.23048,16.63572,0.000772,0.385403,FORWARD
431,13.792,58.371713,63.489053,0.3,0.298964,0.3,0.285861,0.298964,0.3,0.3,59.917836,62.944665,14.26816,16.6734,0.000772,0.369246,FORWARD
432,13.824,73.791662,63.260695,0.068211,0.068211,0.3,0.220566,0.068211,0.3,0.3,71.395482,69.015012,14.30584,16.71108,0.000772,0.362751,FORWARD
433,13.856,72.756593,64.554918,0.068491,0.067984,0.3,0.174943,0.067984,0.3,0.3,67.200142,68.866764,14.34352,16.75504,0.000837,0.545455,FORWARD
434,13.888,64.502821,64.318497,0.3,0.3,0.3,0.21246,0.3,0.3,0.3,69.532009,59.213027,14.3812,16.79272,0.000772,0.427083,FORWARD
435,13.92,69.700827,68.307482,0.3,0.299649,0.3,0.238722,0.299649,0.3,0.3,67.577385,64.162896,14.41888,16.8304,0.000772,0.545455,FORWARD
436,13.952,69.636474,64.949649,0.3,0.299319,0.3,0.257106,0.299319,0.3,0.3,67.344283,66.894625,14.46284,16.86808,0.000837,0.427083,FORWARD
437,13.984,73.98843,71.914679,0.068158,0.068158,0.3,0.200421,0.068158,0.3,0.3,66.885582,66.786134,14.50052,16.90576,0.000772,0.385403,FORWARD
438,14.016,72.480187,63.484059,0.068566,0.068029,0.068023,0.160865,0.068029,0.068023,0.3,74.484562,66.68045,14.5382,16.94344,0.000772,0.545455,FORWARD
439,14.048,67.688033,66.265642,0.3,0.3,0.3,0.202605,0.3,0.3,0.3,65.426916,63.615884,14.61356,16.94344,0.000772,0.427083,FORWARD
440,14.08,70.75548,62.404146,0.3,0.299649,0.3,0.231824,0.299649,0.3,0.3,64.265206,63.743429,14.65124,16.98112,0.000772,0.545455,FORWARD
441,14.112,67.236361,69.087986,0.3,0.299319,0.3,0.252277,0.299319,0.3,0.3,62.538247,64.449281,14.68892,17.02508,0.000837,0.427083,FORWARD
442,14.144,69.590507,72.022994,0.3,0.299107,0.3,0.266594,0.299107,0.3,0.3,69.496233,67.5888,14.7266,17.06276,0.000772,0.385403,FORWARD
443,14.176,68.735058,64.904101,0.3,0.29895,0.3,0.276616,0.29895,0.3,0.3,59.890246,68.600626,14.76428,17.10044,0.000772,0.369246,FORWARD
444,14.208,64.133309,64.594889,0.3,0.298838,0.068235,0.283631,0.298838,0.068235,0.3,73.703508,64.070674,14.80196,17.13812,0.000772,0.362751,FORWARD
445,14.24,62.560815,72.109659,0.3,0.298762,0.068011,0.288542,0.298762,0.3,0.068011,68.613841,74.528997,14.87732,17.13812,0.000772,0.360103,FORWARD
446,14.272,67.546874,70.499537,0.3,0.29867,0.3,0.291979,0.29867,0.3,0.3,69.867246,68.112857,14.8836,17.21348,0.000837,0.359017,FORWARD
447,14.304,66.244551,58.666258,0.3,0.298652,0.3,0.294385,0.298652,0.3,0.3,64.652231,69.731859,14.92128,17.25116,0.000772,0.35857,FORWARD
448,14.336,67.865804,69.476062,0.3,0.298639,0.3,0.29607,0.298639,0.3,0.3,69.127458,68.405495,14.95896,17.28884,0.000772,0.358386,FORWARD
449,14.368,66.851585,69.124682,0.3,0.298631,0.068133,0.297249,0.298631,0.068133,0.3,74.078114,68.449924,14.99664,17.32652,0.000772,0.358311,FORWARD
450,14.4,69.958474,65.214968,0.3,0.298585,0.3,0.298074,0.298585,0.3,0.3,68.840867,67.127168,15.072,17.3328,0.000837,0.358279,FORWARD
451,14.432,64.277194,68.104315,0.3,0.298596,0.3,0.298652,0.298596,0.3,0.3,62.574132,70.074599,15.10968,17.37048,0.000772,0.358267,FORWARD
452,14.464,63.442136,67.215091,0.3,0.298603,0.068563,0.299056,0.298603,0.068563,0.3,72.494209,69.098535,15.14736,17.40816,0.000772,0.358261,FORWARD
453,14.496,62.952515,59.541455,0.3,0.298608,0.3,0.299339,0.298608,0.3,0.3,65.485641,65.94484,15.22272,17.40816,0.000772,0.358259,FORWARD
454,14.528,69.985274,65.182862,0.3,0.298611,0.3,0.299538,0.298611,0.3,0.3,70.07346,67.13994,15.2604,17.44584,0.000772,0.358258,FORWARD
455,14.56,67.642093,66.177492,0.3,0.298613,0.3,0.299676,0.298613,0.3,0.3,57.411554,69.46859,15.29808,17.48352,0.000772,0.358258,FORWARD
456,14.592,67.237383,69.130304,0.3,0.298573,0.3,0.299773,0.298573,0.3,0.3,69.008289,67.445466,15.34204,17.5212,0.000837,0.358258,FORWARD
457,14.624,67.767445,67.724928,0.3,0.298547,0.3,0.299841,0.298547,0.3,0.3,63.089209,68.19288,15.37972,17.56516,0.000837,0.358258,FORWARD
458,14.656,70.287695,65.700068,0.3,0.298572,0.3,0.299889,0.298572,0.3,0.3,67.568421,69.507339,15.4174,17.60284,0.000772,0.358258,FORWARD
459,14.688,63.502903,66.456378,0.3,0.298588,0.3,0.299922,0.298588,0.3,0.3,71.75048,69.091432,15.45508,17.64052,0.000772,0.358258,FORWARD
460,14.72,66.60851,70.841205,0.3,0.298598,0.3,0.299946,0.298598,0.3,0.3,68.500307,64.535753,15.49276,17.6782,0.000772,0.358258,FORWARD
461,14.752,68.747063,70.111849,0.3,0.298605,0.3,0.299962,0.298605,0.3,0.3,68.355912,67.440953,15.53044,17.71588,0.000772,0.358258,FORWARD
462,14.784,66.382574,65.537388,0.3,0.298609,0.3,0.299973,0.298609,0.3,0.3,70.248734,69.791549,15.56812,17.75356,0.000772,0.358258,FORWARD
463,14.816,74.410057,56.669757,0.068043,0.068043,0.3,0.230394,0.068043,0.3,0.3,62.761694,66.806853,15.6058,17.79124,0.000772,0.358258,FORWARD
464,14.848,64.076928,64.680485,0.3,0.3,0.3,0.251276,0.3,0.3,0.3,63.230467,63.694254,15.64348,17.82892,0.000772,0.545455,FORWARD
465,14.88,69.527222,62.22381,0.3,0.29962,0.3,0.265893,0.29962,0.3,0.3,70.209861,68.699685,15.68744,17.8666,0.000837,0.545455,FORWARD
466,14.912,67.050748,70.41702,0.3,0.299303,0.3,0.276125,0.299303,0.3,0.3,62.08885,67.204632,15.72512,17.91056,0.000837,0.427083,FORWARD
467,14.944,68.771186,66.975561,0.3,0.299097,0.3,0.283288,0.299097,0.3,0.3,67.020208,67.41633,15.7628,17.94824,0.000772,0.385403,FORWARD
468,14.976,68.835104,63.131663,0.3,0.298943,0.3,0.288301,0.298943,0.3,0.3,68.500673,63.438689,15.80048,17.98592,0.000772,0.369246,FORWARD
469,15.008,68.34987,63.356588,0.3,0.298834,0.3,0.291811,0.298834,0.3,0.3,71.928958,68.982211,15.83816,18.0236,0.000772,0.362751,FORWARD
470,15.04,67.180759,66.818906,0.3,0.29876,0.3,0.294268,0.29876,0.3,0.3,64.414101,69.439827,15.87584,18.06128,0.000772,0.360103,FORWARD
471,15.072,62.238432,65.110461,0.3,0.29871,0.3,0.295987,0.29871,0.3,0.3,69.628441,67.06856,15.91352,18.09896,0.000772,0.359017,FORWARD
472,15.104,62.157044,68.862018,0.3,0.298677,0.3,0.297191,0.298677,0.3,0.3,68.511247,69.178922,15.9512,18.13664,0.000772,0.35857,FORWARD
473,15.136,65.095391,63.163076,0.3,0.298656,0.3,0.298034,0.298656,0.3,0.3,69.589803,69.236755,15.98888,18.17432,0.000772,0.358386,FORWARD
474,15.168,71.901858,65.274355,0.3,0.298559,0.068306,0.298624,0.298559,0.068306,0.3,73.440483,62.97419,16.03284,18.21828,0.000901,0.358311,FORWARD
475,15.2,66.667379,68.589622,0.3,0.29858,0.3,0.299037,0.29858,0.3,0.3,69.275448,67.718996,16.1082,18.21828,0.000772,0.358279,FORWARD
476,15.232,72.149533,65.161324,0.3,0.298593,0.3,0.299326,0.298593,0.3,0.3,68.090145,67.252889,16.14588,18.25596,0.000772,0.358267,FORWARD
477,15.264,62.357433,68.073713,0.3,0.298601,0.3,0.299528,0.298601,0.3,0.3,71.135022,69.401404,16.18356,18.29364,0.000772,0.358261,FORWARD
478,15.296,70.261861,71.965827,0.3,0.298607,0.3,0.29967,0.298607,0.3,0.3,64.568629,68.174587,16.22124,18.33132,0.000772,0.358259,FORWARD
479,15.328,64.510922,63.714713,0.3,0.29861,0.068422,0.299769,0.29861,0.3,0.068422,70.359503,73.012777,16.25892,18.369,0.000772,0.358258,FORWARD
480,15.36,71.563281,65.497652,0.3,0.298612,0.3,0.299838,0.298612,0.3,0.3,62.742251,64.374568,16.25892,18.44436,0.000772,0.358258,FORWARD
481,15.392,67.125391,68.587755,0.3,0.298614,0.3,0.299887,0.298614,0.3,0.3,67.844121,64.843728,16.2966,18.48204,0.000772,0.358258,FORWARD
482,15.424,62.200464,65.560319,0.3,0.298573,0.3,0.299921,0.298573,0.3,0.3,65.786349,64.394152,16.34056,18.51972,0.000837,0.358258,FORWARD
483,15.456,71.887352,67.59508,0.3,0.298547,0.3,0.299944,0.298547,0.3,0.3,70.240323,66.205693,16.37824,18.56368,0.000837,0.358258,FORWARD
484,15.488,65.911367,62.888656,0.3,0.298572,0.3,0.299961,0.298572,0.3,0.3,64.695943,65.700545,16.41592,18.60136,0.000772,0.358258,FORWARD
485,15.52,72.148177,66.485637,0.3,0.298588,0.3,0.299973,0.298588,0.3,0.3,65.162092,60.166903,16.4536,18.63904,0.000772,0.358258,FORWARD
486,15.552,70.504973,69.944063,0.3,0.298598,0.3,0.299981,0.298598,0.3,0.3,68.224726,64.020644,16.49128,18.67672,0.000772,0.358258,FORWARD
487,15.584,65.64719,69.22145,0.3,0.298605,0.3,0.299987,0.298605,0.3,0.3,67.754593,69.775596,16.52896,18.7144,0.000772,0.358258,FORWARD
488,15.616,68.752756,71.599363,0.3,0.298609,0.3,0.299991,0.298609,0.3,0.3,69.481181,65.171723,16.56664,18.75208,0.000772,0.358258,FORWARD
489,15.648,71.226871,71.949394,0.3,0.298612,0.3,0.299993,0.298612,0.3,0.3,64.735215,65.242983,16.60432,18.78976,0.000772,0.358258,FORWARD
490,15.68,69.507561,69.519365,0.3,0.298613,0.3,0.299995,0.298613,0.3,0.3,63.30813,59.869122,16.642,18.82744,0.000772,0.358258,FORWARD
491,15.712,69.134886,66.282342,0.3,0.298573,0.3,0.299997,0.298573,0.3,0.3,67.581216,69.770622,16.68596,18.86512,0.000837,0.358258,FORWARD
492,15.744,66.183479,66.418054,0.3,0.298547,0.3,0.299998,0.298547,0.3,0.3,65.413474,67.159791,16.72364,18.90908,0.000837,0.358258,FORWARD
493,15.776,69.332061,70.040058,0.3,0.298572,0.3,0.299998,0.298572,0.3,0.3,66.284433,58.773099,16.76132,18.94676,0.000772,0.358258,FORWARD
494,15.808,66.835083,72.967697,0.068434,0.068434,0.3,0.230529,0.068434,0.3,0.3,68.12125,71.19343,16.799,18.98444,0.000772,0.358258,FORWARD
495,15.84,68.563854,64.571963,0.3,0.3,0.3,0.25137,0.3,0.3,0.3,66.432295,68.045372,16.83668,19.02212,0.000772,0.545455,FORWARD
496,15.872,66.645329,71.63129,0.3,0.299649,0.3,0.265959,0.299649,0.3,0.3,65.280344,69.083674,16.87436,19.0598,0.000772,0.545455,FORWARD
497,15.904,65.29515,66.14356,0.3,0.299356,0.3,0.276172,0.299356,0.3,0.3,62.423884,67.039381,16.91204,19.09748,0.000772,0.427083,FORWARD
498,15.936,69.822203,64.192885,0.3,0.29913,0.3,0.28332,0.29913,0.3,0.3,71.194949,65.187745,16.94972,19.13516,0.000772,0.385403,FORWARD
499,15.968,66.990918,64.715464,0.3,0.298964,0.3,0.288324,0.298964,0.3,0.3,64.481969,69.804437,16.9874,19.17284,0.000772,0.369246,FORWARD
500,16.0,62.016906,66.947591,0.3,0.298806,0.3,0.291827,0.298806,0.3,0.3,65.349479,64.455995,17.03136,19.21052,0.000837,0.362751,FORWARD
501,16.032,68.106828,69.22296,0.3,0.298701,0.3,0.294279,0.298701,0.3,0.3,64.808843,67.626016,17.06904,19.25448,0.000837,0.360103,FORWARD
502,16.064,71.515152,74.967622,0.067892,0.067892,0.3,0.226363,0.067892,0.3,0.3,68.503689,62.538216,17.10672,19.29216,0.000772,0.359017,FORWARD
503,16.096,75.031558,66.558017,0.067875,0.067532,0.3,0.178816,0.067532,0.3,0.3,61.713485,68.177815,17.1444,19.32984,0.000772,0.545455,FORWARD
504,16.128,68.289721,71.396374,0.3,0.3,0.3,0.215172,0.3,0.3,0.3,64.770978,69.675561,17.18208,19.36752,0.000772,0.427083,FORWARD
505,16.16,64.209883,63.937649,0.3,0.299649,0.3,0.24062,0.299649,0.3,0.3,65.647387,64.554772,17.21976,19.4052,0.000772,0.545455,FORWARD
506,16.192,69.332526,65.788363,0.3,0.299356,0.3,0.258434,0.299356,0.3,0.3,58.612568,70.702148,17.25744,19.44288,0.000772,0.427083,FORWARD
507,16.224,66.780542,70.860431,0.3,0.29913,0.3,0.270904,0.29913,0.3,0.3,66.202249,69.385848,17.29512,19.48056,0.000772,0.385403,FORWARD
508,16.256,66.627566,58.43883,0.3,0.298964,0.3,0.279633,0.298964,0.3,0.3,67.880906,66.495489,17.3328,19.51824,0.000772,0.369246,FORWARD
509,16.288,68.041597,64.81505,0.3,0.298806,0.068272,0.285743,0.298806,0.3,0.068272,67.904081,73.567486,17.37676,19.55592,0.000837,0.362751,FORWARD
510,16.32,69.117843,68.542232,0.3,0.298742,0.3,0.29002,0.298742,0.3,0.3,68.732726,67.136909,17.37676,19.63128,0.000772,0.360103,FORWARD
511,16.352,61.297289,70.231074,0.3,0.298657,0.3,0.293014,0.298657,0.3,0.3,69.021018,70.435272,17.41444,19.67524,0.000837,0.359017,FORWARD
512,16.384,60.559681,65.957146,0.3,0.298643,0.068138,0.29511,0.298643,0.068138,0.068403,74.060434,73.081311,17.45212,19.71292,0.000772,0.35857,FORWARD
513,16.416,64.73278,63.35419,0.3,0.298634,0.3,0.296577,0.298634,0.3,0.3,66.203313,69.798983,17.4898,19.7506,0.000772,0.358386,FORWARD
514,16.448,65.68534,65.556892,0.3,0.298628,0.3,0.297604,0.298628,0.3,0.3,67.829061,68.667123,17.52748,19.78828,0.000772,0.358311,FORWARD
515,16.48,70.963788,68.873203,0.3,0.298624,0.3,0.298323,0.298624,0.3,0.3,63.723864,61.682058,17.56516,19.82596,0.000772,0.358279,FORWARD
516,16.512,68.270164,65.161562,0.3,0.298621,0.3,0.298826,0.298621,0.3,0.3,70.197363,63.27939,17.60284,19.86364,0.000772,0.358267,FORWARD
517,16.544,69.50941,66.136276,0.3,0.298578,0.3,0.299178,0.298578,0.3,0.3,66.528666,70.210822,17.6468,19.90132,0.000837,0.358261,FORWARD
518,16.576,68.640136,69.257739,0.3,0.298592,0.3,0.299425,0.298592,0.3,0.3,64.702217,67.882112,17.68448,19.939,0.000772,0.358259,FORWARD
519,16.608,63.044231,66.088391,0.3,0.298559,0.3,0.299597,0.298559,0.3,0.3,65.317593,63.521779,17.72216,19.98296,0.000837,0.358258,FORWARD
520,16.64,66.87189,63.876061,0.3,0.29858,0.3,0.299718,0.29858,0.3,0.3,67.315467,65.843285,17.75984,20.02064,0.000772,0.358258,FORWARD
521,16.672,73.81147,74.453283,0.068032,0.068032,0.3,0.230212,0.068032,0.3,0.3,65.308604,61.998572,17.79752,20.05832,0.000772,0.358258,FORWARD
522,16.704,70.639467,65.017585,0.3,0.3,0.3,0.251149,0.3,0.3,0.3,69.646249,65.06878,17.8352,20.096,0.000772,0.545455,FORWARD
523,16.736,66.549509,66.997387,0.3,0.299649,0.3,0.265804,0.299649,0.3,0.3,68.352105,68.260349,17.87288,20.13368,0.000772,0.545455,FORWARD
524,16.768,64.406118,66.391533,0.3,0.299356,0.3,0.276063,0.299356,0.3,0.3,66.339555,64.749739,17.91056,20.17136,0.000772,0.427083,FORWARD
525,16.8,67.78927,70.75367,0.3,0.29909,0.3,0.283244,0.29909,0.3,0.3,64.919852,68.023908,17.95452,20.20904,0.000837,0.385403,FORWARD
526,16.832,71.902908,67.709084,0.3,0.298939,0.3,0.288271,0.298939,0.3,0.3,63.475758,68.808459,17.9922,20.24672,0.000772,0.369246,FORWARD
527,16.864,70.901486,69.589557,0.3,0.298832,0.3,0.29179,0.298832,0.3,0.3,68.014545,66.420687,18.02988,20.2844,0.000772,0.362751,FORWARD
528,16.896,67.182665,73.698017,0.068236,0.068236,0.3,0.224724,0.068236,0.3,0.3,70.83696,65.1679,18.06756,20.32836,0.000837,0.360103,FORWARD
529,16.928,68.503588,73.88773,0.068185,0.067857,0.068449,0.177762,0.067857,0.3,0.068449,69.361745,72.911834,18.10524,20.36604,0.000772,0.545455,FORWARD
530,16.96,65.71838,71.399378,0.3,0.3,0.3,0.214433,0.3,0.3,0.3,65.532058,70.02941,18.10524,20.4414,0.000772,0.427083,FORWARD
531,16.992,67.880024,73.413135,0.068314,0.068314,0.06853,0.170597,0.068314,0.06853,0.3,72.615377,68.699801,18.14292,20.47908,0.000772,0.545455,FORWARD
532,17.024,67.677231,82.200885,0.065932,0.065932,0.3,0.139198,0.066663,0.3,0.3,69.737853,67.663003,18.21828,20.47908,0.000772,0.545455,FORWARD
533,17.056,69.15886,82.286987,0.065909,0.065899,0.06853,0.117211,0.065899,0.06853,0.3,72.613282,63.426999,18.25596,20.51676,0.000772,0.427083,FORWARD
534,17.088,64.150907,92.484231,0.063145,0.063145,0.068456,0.100991,0.064363,0.068456,0.3,72.888127,63.800512,18.33132,20.51676,0.000772,0.385403,FORWARD
535,17.12,72.448165,100.805605,0.06089,0.06089,0.3,0.088961,0.062553,0.3,0.3,70.012437,66.184307,18.40668,20.52304,0.000837,0.369246,FORWARD
536,17.152,68.164717,103.911031,0.060049,0.060049,0.068346,0.080287,0.061111,0.068346,0.3,73.294642,69.984261,18.45064,20.56072,0.000837,0.362751,FORWARD
537,17.184,70.179948,111.489268,0.055349,0.055349,0.3,0.072806,0.058542,0.3,0.3,70.668845,65.229222,18.526,20.56072,0.000772,0.360103,FORWARD
538,17.216,61.502859,106.587992,0.05843,0.058007,0.3,0.068493,0.058007,0.3,0.3,70.218041,68.474002,18.56368,20.5984,0.000772,0.359017,FORWARD
539,17.248,62.270244,113.877682,0.053848,0.053848,0.3,0.0641,0.05602,0.3,0.3,65.694191,62.232535,18.60136,20.63608,0.000772,0.35857,FORWARD
540,17.28,67.40349,109.347425,0.056696,0.055766,0.3,0.061878,0.055766,0.3,0.3,67.445986,63.609462,18.63904,20.67376,0.000772,0.358386,FORWARD
541,17.312,68.475617,115.675366,0.052718,0.052718,0.3,0.05913,0.054179,0.3,0.3,65.054809,68.616261,18.67672,20.71144,0.000772,0.358311,FORWARD
542,17.344,68.944245,112.6535,0.054618,0.05384,0.3,0.057776,0.05384,0.3,0.3,67.407867,71.17596,18.7144,20.74912,0.000772,0.358279,FORWARD
543,17.376,67.508804,121.753417,0.049539,0.049539,0.3,0.055305,0.051762,0.3,0.3,72.207486,68.315205,18.75208,20.79308,0.000837,0.358267,FORWARD
544,17.408,65.964221,123.71762,0.049022,0.049022,0.3,0.05342,0.050285,0.3,0.3,67.931825,64.848164,18.78976,20.83076,0.000772,0.358261,FORWARD
545,17.44,67.856524,111.974838,0.055044,0.051494,0.3,0.053907,0.051494,0.3,0.3,63.72235,69.852837,18.82744,20.86844,0.000772,0.358259,FORWARD
546,17.472,71.538209,123.199038,0.049159,0.049159,0.3,0.052483,0.050162,0.3,0.3,67.110051,63.90812,18.86512,20.90612,0.000772,0.358258,FORWARD
547,17.504,61.353015,125.800856,0.048475,0.048475,0.3,0.05128,0.049062,0.3,0.3,67.98295,62.821897,18.9028,20.9438,0.000772,0.358258,FORWARD
548,17.536,69.662089,131.243059,0.047044,0.047044,0.3,0.050009,0.047843,0.3,0.3,68.42637,63.479323,18.94048,20.98148,0.000772,0.358258,FORWARD
549,17.568,70.148425,121.981802,0.049479,0.047975,0.3,0.04985,0.047975,0.3,0.3,69.917941,63.208194,18.97816,21.01288,0.000708,0.358258,FORWARD
550,17.6,66.102628,137.070339,0.045511,0.045511,0.3,0.048549,0.046596,0.3,0.3,69.50812,62.43698,19.01584,21.05056,0.000772,0.358258,FORWARD
551,17.632,63.046985,134.130378,0.046284,0.045989,0.3,0.047869,0.045989,0.3,0.3,67.310209,69.999175,19.05352,21.08824,0.000772,0.358258,FORWARD
552,17.664,66.898752,138.950045,0.045017,0.045017,0.3,0.047014,0.045228,0.3,0.3,60.425376,60.099396,19.08492,21.11964,0.000644,0.358258,FORWARD
553,17.696,67.210241,142.173117,0.04417,0.04417,0.3,0.04616,0.044353,0.3,0.3,66.092987,69.3008,19.1226,21.15732,0.000772,0.358258,FORWARD
554,17.728,70.95509,144.269744,0.043618,0.043618,0.3,0.045398,0.043677,0.3,0.3,70.45095,70.845405,19.154,21.18872,0.000644,0.358258,FORWARD
555,17.76,72.507586,145.189918,0.043376,0.043115,0.3,0.044791,0.043115,0.3,0.3,64.219338,70.433504,19.1854,21.2264,0.000708,0.358258,FORWARD
556,17.792,63.67468,147.254052,0.042834,0.04256,0.3,0.044204,0.04256,0.3,0.3,70.388166,67.896101,19.22308,21.2578,0.000708,0.358258,FORWARD
557,17.824,67.866068,151.123902,0.041816,0.041816,0.3,0.043488,0.04188,0.3,0.3,69.478053,66.630521,19.25448,21.2892,0.000644,0.358258,FORWARD
558,17.856,65.431258,151.331214,0.041761,0.041424,0.3,0.04297,0.041424,0.3,0.3,64.106456,67.452231,19.28588,21.3206,0.000644,0.358258,FORWARD
559,17.888,69.21091,149.843152,0.042153,0.041272,0.067613,0.042725,0.041272,0.3,0.067613,62.980971,75.999022,19.31728,21.352,0.000644,0.358258,FORWARD
560,17.92,63.040335,156.450181,0.040415,0.040415,0.3,0.042032,0.040552,0.3,0.3,67.091869,65.953172,19.311,21.42108,0.000644,0.358258,FORWARD
561,17.952,60.513143,165.705586,0.039002,0.039002,0.3,0.041123,0.039584,0.3,0.3,71.458237,71.770067,19.3424,21.45248,0.000644,0.358258,TURN_LEFT
562,17.984,70.33483,156.226488,0.040474,0.039903,0.063566,0.040928,0.039903,0.068085,0.063566,74.255971,90.933036,19.26076,21.53412,0.0,0.358258,TURN_LEFT
563,18.016,70.654809,138.807925,0.045054,0.041707,0.058857,0.042166,0.041707,0.3,0.058857,68.938207,105.908104,19.1854,21.61576,6.4e-05,0.358258,TURN_LEFT
564,18.048,69.697677,140.297163,0.044663,0.042807,0.050084,0.042915,0.042807,0.3,0.050084,66.57926,119.866553,19.10376,21.69112,-6.4e-05,0.358258,TURN_LEFT
565,18.08,68.110251,116.728092,0.052057,0.046121,0.047759,0.045658,0.046121,0.3,0.047759,64.278797,128.520659,19.02212,21.77276,0.0,0.358258,TURN_LEFT
566,18.112,70.5988,110.805138,0.055779,0.04954,0.047781,0.048694,0.04954,0.068083,0.047781,74.262355,128.43939,18.94676,21.8544,6.4e-05,0.358258,TURN_LEFT
567,18.144,71.390914,101.538197,0.060692,0.053535,0.043207,0.052293,0.053535,0.3,0.043207,63.830169,145.834041,18.86512,21.93604,0.0,0.358258,TURN_LEFT
568,18.176,62.553753,75.551158,0.067734,0.058663,0.040297,0.056926,0.058663,0.3,0.040297,67.302599,156.899111,18.78348,22.0114,-6.4e-05,0.358258,TURN_LEFT
569,18.208,66.815242,66.350633,0.3,0.3,0.039409,0.129848,0.3,0.3,0.039409,65.99995,162.577401,18.70184,22.09304,0.0,0.358258,TURN_LEFT
570,18.24,70.612991,72.30161,0.3,0.299971,0.038065,0.180894,0.299971,0.3,0.038065,61.814839,172.907072,18.62648,22.17468,6.4e-05,0.545455,TURN_LEFT
571,18.272,64.881515,70.284689,0.3,0.299983,0.035132,0.216625,0.299983,0.3,0.035132,68.471641,195.464106,18.54484,22.25632,0.0,0.427083,FORWARD
572,18.304,65.544602,62.556839,0.3,0.299515,0.034855,0.241638,0.299515,0.068404,0.034855,73.080753,197.59225,18.526,22.35052,0.000772,0.385403,FORWARD
573,18.336,66.307227,64.75092,0.3,0.299207,0.034437,0.259146,0.299207,0.3,0.034437,64.572688,200.807176,18.55112,22.40076,0.000772,0.369246,FORWARD
574,18.368,63.983667,64.189137,0.3,0.299002,0.033637,0.271403,0.299002,0.3,0.033637,66.567163,206.96405,18.53228,22.49496,0.000772,0.362751,FORWARD
575,18.4,68.845425,56.04014,0.3,0.298867,0.03421,0.279982,0.298867,0.3,0.03421,68.486458,202.55856,18.51344,22.58916,0.000772,0.360103,FORWARD
576,18.432,68.98343,72.58507,0.068538,0.068538,0.032612,0.216549,0.068538,0.3,0.032612,67.202326,214.842584,18.4946,22.68336,0.000772,0.359017,FORWARD
577,18.464,65.208042,65.922795,0.3,0.3,0.031754,0.241584,0.3,0.3,0.031754,64.566412,221.438022,18.47576,22.78384,0.000837,0.545455,FORWARD
578,18.496,69.864736,60.269132,0.3,0.299649,0.031854,0.259109,0.299649,0.3,0.031854,66.298769,220.66896,18.45692,22.87804,0.000772,0.545455,FORWARD
579,18.528,70.606044,66.814414,0.3,0.299356,0.031902,0.271376,0.299356,0.3,0.031902,66.47256,220.303014,18.43808,22.97224,0.000772,0.427083,FORWARD
580,18.56,65.971957,67.266609,0.3,0.29913,0.031245,0.279963,0.29913,0.3,0.031245,71.536189,225.359776,18.41924,23.06644,0.000772,0.385403,FORWARD
581,18.592,66.975963,62.888644,0.3,0.298923,0.032047,0.285974,0.298923,0.3,0.032047,62.43664,219.184872,18.4004,23.16692,0.000837,0.369246,FORWARD
582,18.624,66.709494,73.533059,0.068281,0.068281,0.033075,0.220666,0.068281,0.3,0.033075,65.246893,211.286209,18.38156,23.26112,0.000772,0.362751,FORWARD
583,18.656,70.00565,65.652422,0.3,0.3,0.03298,0.244466,0.3,0.3,0.03298,69.223369,212.01663,18.36272,23.35532,0.000772,0.545455,FORWARD
584,18.688,68.861975,63.043243,0.3,0.29962,0.034476,0.261127,0.29962,0.3,0.034476,60.594304,200.510474,18.34388,23.4558,0.000837,0.545455,FORWARD
585,18.72,68.615868,71.888733,0.3,0.29934,0.034816,0.272789,0.29934,0.3,0.034816,66.585342,197.895567,18.32504,23.55,0.000772,0.427083,FORWARD
586,18.752,68.31409,72.027084,0.3,0.299159,0.03556,0.280952,0.299159,0.3,0.03556,63.265808,192.174731,18.29992,23.6442,0.000708,0.385403,FORWARD
587,18.784,66.056292,75.71461,0.06769,0.06769,0.037202,0.216973,0.06769,0.3,0.037202,64.487187,179.544637,18.28108,23.7384,0.000772,0.369246,FORWARD
588,18.816,66.615954,84.040882,0.065433,0.065433,0.038348,0.171511,0.066079,0.068389,0.038348,73.135615,170.736541,18.26224,23.83888,0.000837,0.545455,FORWARD
589,18.848,66.657361,84.496903,0.06531,0.065308,0.041963,0.139651,0.065308,0.068475,0.041963,72.818393,150.564925,18.29364,23.88284,0.000772,0.427083,FORWARD
590,18.88,67.619614,80.310793,0.066444,0.065271,0.040483,0.117689,0.065271,0.3,0.040483,64.039893,156.194863,18.32504,23.9268,0.000772,0.385403,FORWARD
591,18.912,65.963931,88.018682,0.064355,0.064355,0.042321,0.101689,0.064446,0.3,0.042321,68.157768,149.201968,18.3062,24.021,0.000772,0.369246,FORWARD
592,18.944,67.666804,89.440776,0.06397,0.06374,0.046818,0.090373,0.06374,0.3,0.046818,67.625495,132.102338,18.28736,24.12148,0.000837,0.362751,FORWARD
593,18.976,63.07754,85.189343,0.065122,0.063702,0.048865,0.082798,0.063702,0.3,0.048865,63.588309,124.314535,18.28108,24.2094,0.000837,0.360103,FORWARD
594,19.008,62.987028,85.006575,0.065172,0.063776,0.04794,0.07751,0.063776,0.3,0.04794,69.012499,127.835395,18.2748,24.28476,0.000708,0.359017,FORWARD
595,19.04,64.229471,90.823426,0.063595,0.063174,0.054474,0.073336,0.063174,0.3,0.054474,62.211992,112.881473,18.26852,24.37268,0.000837,0.35857,FORWARD
596,19.072,66.13873,94.601645,0.062571,0.062463,0.05865,0.070106,0.062463,0.3,0.05865,65.337822,106.237932,18.26852,24.44804,0.000772,0.358386,FORWARD
597,19.104,61.742609,90.855447,0.063587,0.06237,0.05717,0.06815,0.06237,0.3,0.05717,66.910153,108.591981,18.26852,24.5234,0.000772,0.358311,FORWARD
598,19.136,66.30096,84.604079,0.065281,0.062876,0.060489,0.06729,0.062876,0.3,0.060489,67.530254,102.285781,18.26852,24.60504,0.000837,0.358279,FORWARD
599,19.168,72.884528,89.856467,0.063857,0.062732,0.061484,0.06626,0.062732,0.3,0.061484,71.018379,98.612904,18.26852,24.6804,0.000772,0.358267,FORWARD
600,19.2,67.387731,90.508453,0.063681,0.062576,0.067693,0.065486,0.062576,0.3,0.067693,69.697955,75.703099,18.26852,24.75576,0.000772,0.358261,FORWARD
601,19.232,68.653423,82.377335,0.065884,0.063265,0.3,0.065606,0.063265,0.3,0.3,61.700918,66.748831,18.26852,24.83112,0.000772,0.358259,FORWARD
602,19.264,67.524667,85.930954,0.064921,0.063363,0.3,0.0654,0.063363,0.3,0.3,68.767106,70.14716,18.3062,24.8688,0.000772,0.358258,FORWARD
603,19.296,67.722913,91.719132,0.063353,0.062863,0.3,0.064786,0.062863,0.3,0.3,70.11259,67.687386,18.34388,24.90648,0.000772,0.358258,FORWARD
604,19.328,62.42624,98.868313,0.061415,0.061415,0.3,0.063775,0.061849,0.3,0.3,62.960285,62.615457,18.38156,24.94416,0.000772,0.358258,FORWARD
605,19.36,69.585839,96.332009,0.062102,0.061403,0.3,0.063273,0.061403,0.3,0.3,69.541587,67.958886,18.41924,24.98812,0.000837,0.358258,FORWARD
606,19.392,63.231205,100.918993,0.060859,0.060712,0.068496,0.062549,0.060712,0.068496,0.3,72.738858,71.835937,18.45692,25.0258,0.000772,0.358258,FORWARD
607,19.424,67.309902,102.168519,0.060521,0.060148,0.3,0.06194,0.060148,0.3,0.3,63.484076,65.616096,18.53228,25.0258,0.000772,0.358258,FORWARD
608,19.456,69.358662,106.266971,0.058632,0.058632,0.3,0.060948,0.059109,0.3,0.3,64.423751,70.855534,18.56996,25.06348,0.000772,0.358258,FORWARD
609,19.488,67.528349,104.562509,0.059703,0.058785,0.3,0.060574,0.058785,0.3,0.3,69.987813,65.737054,18.61392,25.10116,0.000837,0.358258,FORWARD
610,19.52,65.015783,105.511972,0.059106,0.058404,0.3,0.060134,0.058404,0.3,0.3,64.007573,71.453575,18.6516,25.13884,0.000772,0.358258,FORWARD
611,19.552,67.797042,111.864538,0.055113,0.055113,0.3,0.058628,0.05673,0.3,0.3,67.251647,69.574477,18.68928,25.17652,0.000772,0.358258,FORWARD
612,19.584,69.83771,113.915439,0.053824,0.053824,0.3,0.057187,0.055193,0.3,0.3,65.94402,65.790157,18.72696,25.2142,0.000772,0.358258,FORWARD
613,19.616,68.961344,113.366616,0.054169,0.054169,0.067877,0.056282,0.054289,0.3,0.067877,66.121507,75.023169,18.76464,25.25816,0.000837,0.358258,FORWARD
614,19.648,64.135941,108.457483,0.057255,0.054856,0.068463,0.056574,0.054856,0.068463,0.3,72.862572,68.220149,18.76464,25.33352,0.000772,0.358258,FORWARD
615,19.68,64.337114,130.665043,0.047196,0.047196,0.3,0.05376,0.051616,0.3,0.3,66.400535,65.565919,18.84,25.33352,0.000772,0.358258,FORWARD
616,19.712,66.758273,118.206032,0.051128,0.050945,0.3,0.05297,0.050945,0.3,0.3,68.148647,65.106697,18.87768,25.3712,0.000772,0.358258,FORWARD
617,19.744,63.654087,116.64312,0.05211,0.050867,0.3,0.052712,0.050867,0.3,0.3,68.780441,70.639368,18.91536,25.40888,0.000772,0.358258,FORWARD
618,19.776,73.509011,121.412659,0.049629,0.049629,0.3,0.051787,0.049927,0.3,0.3,71.545334,71.603096,18.95304,25.44656,0.000772,0.358258,FORWARD
619,19.808,67.891295,123.128478,0.049177,0.049163,0.3,0.051004,0.049163,0.3,0.3,66.828049,66.252245,18.99072,25.48424,0.000772,0.358258,FORWARD
620,19.84,65.360637,116.147365,0.052422,0.049835,0.3,0.051429,0.049835,0.3,0.3,65.977042,69.280675,19.0284,25.52192,0.000772,0.358258,FORWARD
621,19.872,65.714413,126.861376,0.048196,0.048196,0.3,0.050459,0.048752,0.3,0.3,64.139525,66.294203,19.06608,25.5596,0.000772,0.358258,FORWARD
622,19.904,61.4628,137.108681,0.045501,0.045501,0.3,0.048972,0.047092,0.3,0.3,65.541143,69.93692,19.10376,25.59728,0.000772,0.358258,FORWARD
623,19.936,71.959265,137.43792,0.045415,0.045415,0.3,0.047905,0.046036,0.3,0.3,65.545228,65.616668,19.14144,25.62868,0.000708,0.358258,FORWARD
624,19.968,64.571493,137.173604,0.045484,0.045384,0.3,0.047179,0.045384,0.3,0.3,68.368015,62.045758,19.17284,25.66636,0.000708,0.358258,FORWARD
625,20.0,61.783454,145.082414,0.043405,0.043405,0.3,0.046046,0.044179,0.3,0.3,69.918101,66.473795,19.21052,25.70404,0.000772,0.358258,FORWARD
626,20.032,63.061051,144.038732,0.043679,0.043587,0.3,0.045336,0.043587,0.3,0.3,68.449766,70.389794,19.24192,25.73544,0.000644,0.358258,FORWARD
627,20.064,68.333525,150.498535,0.04198,0.04198,0.3,0.044329,0.042557,0.3,0.3,62.611611,63.958903,19.2796,25.76684,0.000708,0.358258,FORWARD
628,20.096,62.036761,150.627327,0.041947,0.041925,0.3,0.043615,0.041925,0.3,0.3,69.060471,66.700132,19.311,25.79824,0.000644,0.358258,FORWARD
629,20.128,70.784489,156.043004,0.040522,0.040522,0.068574,0.042687,0.04101,0.068574,0.3,72.451868,61.651779,19.3424,25.82964,0.000644,0.358258,FORWARD
630,20.16,63.091966,164.312488,0.039183,0.039183,0.3,0.041636,0.039901,0.3,0.3,68.214539,65.68018,19.41148,25.82964,0.000708,0.358258,TURN_LEFT
631,20.192,71.428034,142.665526,0.04404,0.041425,0.3,0.042357,0.041425,0.3,0.3,63.4068,70.150449,19.32984,25.905,-6.4e-05,0.358258,TURN_LEFT
632,20.224,65.541912,139.47167,0.04488,0.042663,0.06478,0.043114,0.042663,0.3,0.06478,67.919418,86.450451,19.2482,25.98664,0.0,0.358258,TURN_LEFT
633,20.256,65.781519,138.841878,0.045046,0.043475,0.059945,0.043693,0.043475,0.3,0.059945,72.144326,104.177937,19.17284,26.06828,6.4e-05,0.358258,TURN_LEFT
634,20.288,70.274638,120.601432,0.049842,0.045797,0.055152,0.045538,0.045797,0.3,0.055152,70.424206,111.803077,19.0912,26.14364,-6.4e-05,0.358258,TURN_LEFT
635,20.32,69.400434,115.653465,0.052732,0.048282,0.047162,0.047696,0.048282,0.3,0.047162,66.997258,130.793145,19.00956,26.22528,0.0,0.358258,TURN_LEFT
636,20.352,64.782519,102.648053,0.060391,0.05262,0.046763,0.051505,0.05262,0.3,0.046763,66.785905,132.309488,18.92792,26.30692,0.0,0.358258,TURN_LEFT
637,20.384,61.634058,90.050018,0.063805,0.056544,0.044006,0.055195,0.056544,0.3,0.044006,67.950495,142.793723,18.85884,26.38856,0.000129,0.358258,TURN_LEFT
638,20.416,68.559598,64.589993,0.3,0.3,0.044878,0.128636,0.3,0.3,0.044878,60.93395,139.480703,18.77092,26.46392,-0.000129,0.358258,TURN_LEFT
639,20.448,68.999691,66.462724,0.3,0.3,0.041194,0.180045,0.3,0.3,0.041194,66.376064,153.488467,18.68928,26.54556,-0.0,0.545455,FORWARD
640,20.48,68.248984,68.365222,0.3,0.299557,0.039383,0.216032,0.299557,0.3,0.039383,67.261918,162.774544,18.67044,26.63976,0.000772,0.427083,FORWARD
641,20.512,69.022464,69.417262,0.3,0.299214,0.038093,0.241222,0.299214,0.3,0.038093,68.339764,172.694601,18.6516,26.74024,0.000837,0.385403,FORWARD
642,20.544,64.864789,67.260594,0.3,0.299017,0.035946,0.258856,0.299017,0.3,0.035946,66.06065,189.205149,18.63276,26.83444,0.000772,0.369246,FORWARD
643,20.576,69.285397,67.547247,0.3,0.298881,0.035994,0.271199,0.298881,0.3,0.035994,71.679891,188.833553,18.61392,26.92864,0.000772,0.362751,FORWARD
644,20.608,69.327158,63.032297,0.3,0.29879,0.034338,0.279839,0.29879,0.3,0.034338,67.867578,201.572547,18.59508,27.02284,0.000772,0.360103,FORWARD
645,20.64,63.60761,65.353043,0.3,0.298688,0.033412,0.285887,0.298688,0.3,0.033412,62.204988,208.695293,18.57624,27.12332,0.000837,0.359017,FORWARD
646,20.672,60.261182,65.129441,0.3,0.298663,0.032903,0.290121,0.298663,0.3,0.032903,67.133879,212.609411,18.5574,27.21752,0.000772,0.35857,FORWARD
647,20.704,66.29973,67.81607,0.3,0.298647,0.032436,0.293085,0.298647,0.3,0.032436,68.673737,216.200973,18.53856,27.31172,0.000772,0.358386,FORWARD
648,20.736,65.550529,65.176559,0.3,0.298595,0.032211,0.295159,0.298595,0.3,0.032211,66.602335,217.924927,18.51972,27.4122,0.000837,0.358311,FORWARD
649,20.768,67.988379,69.847297,0.3,0.298602,0.033052,0.296612,0.298602,0.3,0.033052,61.686861,211.461689,18.50088,27.5064,0.000772,0.358279,FORWARD
650,20.8,68.59361,70.03918,0.3,0.298607,0.034218,0.297628,0.298607,0.3,0.034218,67.402831,202.496118,18.48204,27.6006,0.000772,0.358267,FORWARD
651,20.832,68.939031,68.433318,0.3,0.298652,0.033787,0.29834,0.298652,0.3,0.033787,71.382649,205.807003,18.45692,27.6948,0.000708,0.358261,FORWARD
652,20.864,67.307272,62.888906,0.3,0.298598,0.03287,0.298838,0.298598,0.3,0.03287,69.271255,212.86326,18.43808,27.79528,0.000837,0.358259,FORWARD
653,20.896,63.326036,69.955765,0.3,0.298604,0.035997,0.299186,0.298604,0.3,0.035997,63.826802,188.811369,18.41924,27.88948,0.000772,0.358258,FORWARD
654,20.928,63.416363,68.630435,0.3,0.298609,0.036098,0.299431,0.298609,0.3,0.036098,66.471489,188.03665,18.4004,27.98368,0.000772,0.358258,FORWARD
655,20.96,67.099811,63.278977,0.3,0.298611,0.036937,0.299601,0.298611,0.3,0.036937,71.922814,181.583173,18.38156,28.07788,0.000772,0.358258,FORWARD
656,20.992,64.882726,70.904786,0.3,0.298572,0.038779,0.299721,0.298572,0.3,0.038779,71.244881,167.418905,18.36272,28.17836,0.000837,0.358258,FORWARD
657,21.024,68.344003,66.200094,0.3,0.298588,0.039981,0.299805,0.298588,0.3,0.039981,65.991266,158.173302,18.34388,28.27256,0.000772,0.358258,FORWARD
658,21.056,63.562265,71.104634,0.3,0.298598,0.041257,0.299863,0.298598,0.3,0.041257,64.950175,153.24858,18.32504,28.36676,0.000772,0.358258,FORWARD
659,21.088,65.861912,62.852891,0.3,0.298563,0.043667,0.299904,0.298563,0.3,0.043667,65.288568,144.084663,18.3062,28.46724,0.000837,0.358258,FORWARD
660,21.12,69.329032,64.325852,0.3,0.298582,0.046889,0.299933,0.298582,0.3,0.046889,70.541854,131.831448,18.28736,28.56144,0.000772,0.358258,FORWARD
661,21.152,64.594882,63.318042,0.3,0.298594,0.047196,0.299953,0.298594,0.3,0.047196,67.07384,130.663661,18.28108,28.64308,0.000772,0.358258,FORWARD
662,21.184,62.122387,67.411356,0.3,0.298602,0.05035,0.299967,0.298602,0.3,0.05035,64.360865,119.44279,18.26852,28.731,0.000772,0.358258,FORWARD
663,21.216,65.240066,72.529351,0.068553,0.068553,0.051488,0.230543,0.068553,0.3,0.051488,69.381009,117.632087,18.26852,28.81264,0.000837,0.358258,FORWARD
664,21.248,67.188077,65.580408,0.3,0.3,0.055487,0.25138,0.3,0.3,0.055487,64.238827,111.269973,18.26852,28.888,0.000772,0.545455,FORWARD
665,21.28,75.479446,66.980332,0.067754,0.067754,0.060262,0.196292,0.067754,0.3,0.060262,68.118541,103.122202,18.26852,28.96336,0.000772,0.545455,FORWARD
666,21.312,63.614629,65.254746,0.3,0.3,0.058934,0.227404,0.3,0.3,0.058934,67.07457,105.786051,18.26852,29.045,0.000837,0.545455,FORWARD
667,21.344,64.354044,66.777134,0.3,0.299649,0.06573,0.249183,0.299649,0.3,0.06573,71.700846,82.94468,18.26852,29.12036,0.000772,0.545455,FORWARD
668,21.376,66.473927,66.21314,0.3,0.299356,0.065044,0.264428,0.299356,0.3,0.065044,66.438098,85.477717,18.26852,29.19572,0.000772,0.427083,FORWARD
669,21.408,63.816411,69.778124,0.3,0.29913,0.3,0.2751,0.29913,0.3,0.3,69.067282,69.40078,18.26852,29.27108,0.000772,0.385403,FORWARD
670,21.44,66.40763,66.954555,0.3,0.298964,0.3,0.28257,0.298964,0.3,0.3,69.942835,65.772442,18.3062,29.30876,0.000772,0.369246,FORWARD
671,21.472,69.448716,67.49027,0.3,0.298847,0.06845,0.287799,0.298847,0.3,0.06845,67.913189,72.910032,18.34388,29.34644,0.000772,0.362751,FORWARD
672,21.504,70.796532,62.739855,0.3,0.298768,0.3,0.291459,0.298768,0.3,0.3,63.370973,63.805932,18.34388,29.4218,0.000772,0.360103,FORWARD
673,21.536,60.985316,65.018576,0.3,0.298715,0.3,0.294021,0.298715,0.3,0.3,68.260118,66.67578,18.38156,29.45948,0.000772,0.359017,FORWARD
674,21.568,70.252641,63.037941,0.3,0.298639,0.3,0.295815,0.298639,0.3,0.3,69.231359,66.935374,18.42552,29.49716,0.000837,0.35857,FORWARD
675,21.6,68.815681,66.645375,0.3,0.29859,0.3,0.297071,0.29859,0.3,0.3,60.506711,69.028843,18.4632,29.54112,0.000837,0.358386,FORWARD
676,21.632,67.885169,66.996138,0.3,0.2986,0.3,0.297949,0.2986,0.3,0.3,68.663838,64.626307,18.50088,29.5788,0.000772,0.358311,FORWARD
677,21.664,63.059643,66.201398,0.3,0.298606,0.3,0.298565,0.298606,0.3,0.3,66.406901,65.782961,18.53856,29.61648,0.000772,0.358279,FORWARD
678,21.696,71.662145,67.323292,0.3,0.298609,0.3,0.298995,0.298609,0.3,0.3,68.404685,67.917305,18.57624,29.65416,0.000772,0.358267,FORWARD
679,21.728,66.720167,65.657686,0.3,0.298612,0.3,0.299297,0.298612,0.3,0.3,69.384408,66.486143,18.61392,29.69184,0.000772,0.358261,FORWARD
680,21.76,63.597525,63.460433,0.3,0.298614,0.3,0.299508,0.298614,0.3,0.3,67.009164,67.629735,18.6516,29.72952,0.000772,0.358259,FORWARD
681,21.792,67.769719,63.040665,0.3,0.298615,0.3,0.299655,0.298615,0.3,0.3,63.851294,67.195059,18.68928,29.7672,0.000772,0.358258,FORWARD
682,21.824,70.681594,68.763618,0.3,0.298615,0.3,0.299759,0.298615,0.3,0.3,66.120163,69.097098,18.72696,29.80488,0.000772,0.358258,FORWARD
683,21.856,62.863838,69.953559,0.3,0.298574,0.3,0.299831,0.298574,0.3,0.3,68.098024,66.998551,18.77092,29.84256,0.000837,0.358258,FORWARD
684,21.888,67.985111,65.309093,0.3,0.298548,0.3,0.299882,0.298548,0.3,0.3,64.826267,61.653665,18.8086,29.88652,0.000837,0.358258,FORWARD
685,21.92,68.938265,68.642386,0.3,0.298573,0.06857,0.299917,0.298573,0.06857,0.3,72.465755,70.939624,18.84628,29.9242,0.000772,0.358258,FORWARD
686,21.952,67.713102,69.859736,0.3,0.298588,0.068448,0.299942,0.298588,0.3,0.068448,64.181626,72.915418,18.92164,29.9242,0.000772,0.358258,FORWARD
687,21.984,70.677493,62.457339,0.3,0.298598,0.3,0.299959,0.298598,0.3,0.3,68.284921,61.880239,18.92164,29.99956,0.000772,0.358258,FORWARD
688,22.016,68.138461,64.202752,0.3,0.298605,0.3,0.299972,0.298605,0.3,0.3,68.721177,68.212277,18.95932,30.03724,0.000772,0.358258,FORWARD
689,22.048,64.716386,67.591053,0.3,0.298609,0.3,0.29998,0.298609,0.3,0.3,71.419327,61.718235,18.997,30.07492,0.000772,0.358258,FORWARD
690,22.08,69.982901,65.512802,0.3,0.298612,0.3,0.299986,0.298612,0.3,0.3,67.154736,65.18105,19.03468,30.1126,0.000772,0.358258,FORWARD
691,22.112,66.554287,59.906385,0.3,0.298613,0.3,0.29999,0.298613,0.3,0.3,67.686257,68.623917,19.07236,30.15028,0.000772,0.358258,FORWARD
692,22.144,68.937172,64.937728,0.3,0.298573,0.068591,0.299993,0.298573,0.3,0.068591,66.998015,72.387596,19.11632,30.18796,0.000837,0.358258,FORWARD
693,22.176,68.435453,67.894534,0.3,0.298589,0.3,0.299995,0.298589,0.3,0.3,68.172386,62.356789,19.11632,30.26332,0.000772,0.358258,FORWARD
694,22.208,64.472403,66.896352,0.3,0.298557,0.3,0.299997,0.298557,0.3,0.3,67.986826,62.644232,19.154,30.30728,0.000837,0.358258,FORWARD
695,22.24,61.265936,66.393986,0.3,0.298578,0.3,0.299998,0.298578,0.3,0.3,70.232158,63.461541,19.19168,30.34496,0.000772,0.358258,FORWARD
696,22.272,68.265446,72.110104,0.3,0.298592,0.3,0.299998,0.298592,0.3,0.3,69.151172,68.397799,19.22936,30.38264,0.000772,0.358258,FORWARD
697,22.304,73.996649,65.388755,0.068155,0.068155,0.3,0.230445,0.068155,0.3,0.3,67.764004,67.307041,19.26704,30.42032,0.000772,0.358258,FORWARD
698,22.336,62.73331,67.375643,0.3,0.3,0.3,0.251312,0.3,0.3,0.3,66.945289,66.135615,19.30472,30.458,0.000772,0.545455,FORWARD
699,22.368,65.111242,62.642374,0.3,0.299649,0.3,0.265918,0.299649,0.3,0.3,68.594199,66.368936,19.3424,30.49568,0.000772,0.545455,FORWARD
700,22.4,73.437872,73.540891,0.068279,0.068279,0.3,0.206626,0.068279,0.3,0.3,65.879413,62.49989,19.38636,30.53336,0.000837,0.427083,FORWARD
701,22.432,64.291905,70.288684,0.3,0.3,0.3,0.234639,0.3,0.3,0.3,62.453976,65.201723,19.42404,30.57104,0.000772,0.545455,FORWARD
702,22.464,68.119431,69.569758,0.3,0.299649,0.3,0.254247,0.299649,0.3,0.3,65.842844,63.703972,19.46172,30.60872,0.000772,0.545455,FORWARD
703,22.496,68.579198,69.826698,0.3,0.299319,0.068255,0.267973,0.299319,0.3,0.068255,71.884664,73.629128,19.4994,30.65268,0.000837,0.427083,FORWARD
704,22.528,63.200929,69.697943,0.3,0.299107,0.3,0.277581,0.299107,0.3,0.3,67.879004,64.279807,19.4994,30.72804,0.000772,0.385403,FORWARD
705,22.56,66.456556,65.395753,0.3,0.29895,0.3,0.284307,0.29895,0.3,0.3,67.165244,66.962547,19.53708,30.76572,0.000772,0.369246,FORWARD
706,22.592,69.493839,67.904002,0.3,0.298838,0.3,0.289015,0.298838,0.3,0.3,62.823831,68.714874,19.57476,30.8034,0.000772,0.362751,FORWARD
707,22.624,67.886783,66.92838,0.3,0.298762,0.3,0.29231,0.298762,0.3,0.3,69.258313,67.457086,19.61244,30.84108,0.000772,0.360103,FORWARD
708,22.656,69.003706,73.366074,0.068326,0.068326,0.068593,0.225115,0.068326,0.3,0.068593,66.571658,72.3811,19.6564,30.87876,0.000837,0.359017,FORWARD
709,22.688,65.361941,69.625834,0.3,0.3,0.3,0.247581,0.3,0.3,0.3,71.583578,68.220121,19.6564,30.95412,0.000772,0.545455,FORWARD
710,22.72,68.22472,72.005647,0.3,0.299649,0.3,0.263306,0.299649,0.3,0.3,68.241979,70.31944,19.69408,30.9918,0.000772,0.545455,FORWARD
711,22.752,70.035451,64.765404,0.3,0.299356,0.3,0.274314,0.299356,0.3,0.3,67.179793,62.868494,19.73176,31.02948,0.000772,0.427083,FORWARD
712,22.784,70.032973,70.092653,0.3,0.29913,0.3,0.28202,0.29913,0.3,0.3,68.080218,64.994737,19.76944,31.06716,0.000772,0.385403,FORWARD
713,22.816,67.149522,71.643136,0.3,0.298923,0.3,0.287414,0.298923,0.3,0.3,68.881488,68.401151,19.80712,31.11112,0.000837,0.369246,FORWARD
714,22.848,67.741765,63.837406,0.3,0.298822,0.3,0.29119,0.298822,0.3,0.3,69.083272,71.097258,19.8448,31.1488,0.000772,0.362751,FORWARD
715,22.88,70.361889,63.897357,0.3,0.298752,0.3,0.293833,0.298752,0.3,0.3,61.974514,72.069891,19.88248,31.18648,0.000772,0.360103,FORWARD
716,22.912,65.785211,69.611496,0.3,0.298663,0.3,0.295683,0.298663,0.3,0.3,63.94109,70.260303,19.92644,31.22416,0.000837,0.359017,FORWARD
717,22.944,65.39475,68.819955,0.3,0.298647,0.068255,0.296978,0.298647,0.3,0.068255,70.194786,73.63007,19.96412,31.26184,0.000772,0.35857,FORWARD
718,22.976,63.440734,64.966557,0.3,0.298636,0.3,0.297885,0.298636,0.3,0.3,63.4347,67.008034,19.96412,31.3372,0.000772,0.358386,FORWARD
719,23.008,62.884849,69.270896,0.3,0.298629,0.3,0.298519,0.298629,0.3,0.3,68.966714,68.14496,20.0018,31.37488,0.000772,0.358311,FORWARD
720,23.04,68.100621,71.807479,0.3,0.298625,0.3,0.298963,0.298625,0.3,0.3,64.359804,69.282851,20.03948,31.41256,0.000772,0.358279,FORWARD
721,23.072,68.87972,72.580899,0.068539,0.068539,0.3,0.229836,0.068539,0.3,0.3,68.236575,66.364884,20.07716,31.45024,0.000772,0.358267,FORWARD
722,23.104,70.645909,66.855026,0.3,0.3,0.3,0.250885,0.3,0.3,0.3,65.320314,68.531665,20.11484,31.48792,0.000772,0.545455,FORWARD
723,23.136,66.166879,71.739227,0.3,0.29962,0.3,0.26562,0.29962,0.3,0.3,61.968241,67.787458,20.15252,31.53188,0.000837,0.545455,FORWARD
724,23.168,73.256961,64.530342,0.068356,0.068356,0.3,0.206441,0.068356,0.3,0.3,70.563348,65.927501,20.19648,31.56956,0.000837,0.427083,FORWARD
725,23.2,67.490515,69.562438,0.3,0.3,0.3,0.234508,0.3,0.3,0.3,65.018266,68.079632,20.23416,31.60724,0.000772,0.545455,FORWARD
726,23.232,71.535389,70.515823,0.3,0.299649,0.3,0.254156,0.299649,0.3,0.3,65.416875,70.223675,20.27184,31.64492,0.000772,0.545455,FORWARD
727,23.264,70.505738,75.034569,0.067874,0.067874,0.3,0.198271,0.067874,0.3,0.3,66.732786,64.220889,20.30952,31.6826,0.000772,0.427083,FORWARD
728,23.296,69.558776,63.955966,0.3,0.3,0.3,0.22879,0.3,0.3,0.3,67.56746,63.845541,20.3472,31.72028,0.000772,0.545455,FORWARD
729,23.328,70.72136,65.236587,0.3,0.299649,0.068193,0.250153,0.299649,0.068193,0.3,73.857608,65.629609,20.38488,31.75796,0.000772,0.545455,FORWARD
730,23.36,64.886004,69.007599,0.3,0.299356,0.3,0.265107,0.299356,0.3,0.3,69.702592,69.164068,20.46024,31.75796,0.000772,0.427083,FORWARD
731,23.392,68.851752,67.61546,0.3,0.29909,0.3,0.275575,0.29909,0.3,0.3,65.030355,59.238283,20.49792,31.80192,0.000837,0.385403,FORWARD
732,23.424,72.718075,67.905739,0.068502,0.068502,0.3,0.213453,0.068502,0.3,0.3,71.513583,68.827366,20.5356,31.8396,0.000772,0.369246,FORWARD
733,23.456,62.547586,63.938169,0.3,0.3,0.3,0.239417,0.3,0.3,0.3,66.870432,60.540668,20.57956,31.87728,0.000837,0.545455,FORWARD
734,23.488,64.564391,65.16427,0.3,0.299649,0.068232,0.257592,0.299649,0.068232,0.3,73.715615,68.241417,20.61724,31.91496,0.000772,0.545455,FORWARD
735,23.52,64.022322,64.512245,0.3,0.299356,0.3,0.270314,0.299356,0.3,0.3,69.678319,68.901283,20.6926,31.91496,0.000772,0.427083,FORWARD
736,23.552,67.10387,67.688857,0.3,0.29913,0.3,0.27922,0.29913,0.3,0.3,61.153936,63.993118,20.73028,31.95264,0.000772,0.385403,FORWARD
737,23.584,66.197322,70.946839,0.3,0.298964,0.3,0.285454,0.298964,0.3,0.3,64.164325,67.356502,20.76796,31.99032,0.000772,0.369246,FORWARD
738,23.616,67.079852,69.543309,0.3,0.298847,0.3,0.289818,0.298847,0.3,0.3,66.089513,66.915918,20.80564,32.028,0.000772,0.362751,FORWARD
739,23.648,64.625433,71.054127,0.3,0.298727,0.3,0.292872,0.298727,0.3,0.3,69.690996,65.816887,20.84332,32.07196,0.000837,0.360103,FORWARD
740,23.68,66.786766,65.281593,0.3,0.298689,0.3,0.295011,0.298689,0.3,0.3,68.086521,68.858485,20.881,32.10964,0.000772,0.359017,FORWARD
741,23.712,65.775575,63.836687,0.3,0.298664,0.3,0.296508,0.298664,0.3,0.3,67.8849,63.844593,20.91868,32.14732,0.000772,0.35857,FORWARD
742,23.744,68.072158,67.273338,0.3,0.298647,0.3,0.297555,0.298647,0.3,0.3,64.544717,66.522094,20.95636,32.185,0.000772,0.358386,FORWARD
743,23.776,71.839248,65.228828,0.3,0.298595,0.3,0.298289,0.298595,0.3,0.3,67.05649,64.224142,21.00032,32.22268,0.000837,0.358311,FORWARD
744,23.808,63.558249,69.699698,0.3,0.298603,0.3,0.298802,0.298603,0.3,0.3,64.364598,67.729045,21.038,32.26036,0.000772,0.358279,FORWARD
745,23.84,70.227688,66.131934,0.3,0.298608,0.06778,0.299161,0.298608,0.06778,0.3,75.381887,67.486666,21.07568,32.29804,0.000772,0.358267,FORWARD
746,23.872,65.495972,64.549452,0.3,0.298611,0.3,0.299413,0.298611,0.3,0.3,69.342487,64.161987,21.15104,32.29804,0.000772,0.358261,FORWARD
747,23.904,70.109052,67.764973,0.3,0.298571,0.3,0.299589,0.298571,0.3,0.3,67.266028,71.459742,21.18872,32.342,0.000837,0.358259,FORWARD
748,23.936,69.917302,70.692576,0.3,0.298588,0.3,0.299712,0.298588,0.3,0.3,65.537748,66.28713,21.2264,32.37968,0.000772,0.358258,FORWARD
749,23.968,70.228439,66.154841,0.3,0.298598,0.3,0.299799,0.298598,0.3,0.3,71.190109,65.267157,21.26408,32.41736,0.000772,0.358258,FORWARD
750,24.0,60.778952,58.641329,0.3,0.298604,0.3,0.299859,0.298604,0.3,0.3,67.175685,57.449453,21.30176,32.45504,0.000772,0.358258,FORWARD
751,24.032,71.113659,64.000426,0.3,0.298609,0.3,0.299901,0.298609,0.3,0.3,71.264294,70.279855,21.33944,32.49272,0.000772,0.358258,FORWARD
752,24.064,61.758056,67.954826,0.3,0.29857,0.3,0.299931,0.29857,0.3,0.3,64.423697,62.75665,21.3834,32.5304,0.000837,0.358258,FORWARD
753,24.096,67.125542,64.58963,0.3,0.298587,0.3,0.299952,0.298587,0.3,0.3,66.387705,70.12107,21.42108,32.56808,0.000772,0.358258,FORWARD
754,24.128,67.240907,64.975808,0.3,0.298597,0.3,0.299966,0.298597,0.3,0.3,62.289812,69.016821,21.45876,32.60576,0.000772,0.358258,FORWARD
755,24.16,68.579135,71.647304,0.3,0.298604,0.3,0.299976,0.298604,0.3,0.3,71.360545,66.892468,21.49644,32.64344,0.000772,0.358258,FORWARD
756,24.192,63.177576,68.0872,0.3,0.298567,0.3,0.299983,0.298567,0.3,0.3,71.364388,66.038566,21.53412,32.6874,0.000837,0.358258,FORWARD
757,24.224,69.097056,65.442136,0.3,0.298585,0.3,0.299988,0.298585,0.3,0.3,68.207168,67.549394,21.5718,32.72508,0.000772,0.358258,FORWARD
758,24.256,64.410455,68.213491,0.3,0.298596,0.068251,0.299992,0.298596,0.068251,0.3,73.643254,59.319593,21.60948,32.76276,0.000772,0.358258,FORWARD
759,24.288,63.180058,63.478969,0.3,0.298603,0.3,0.299994,0.298603,0.3,0.3,63.531026,71.707655,21.68484,32.76276,0.000772,0.358258,FORWARD
760,24.32,63.521868,68.774752,0.3,0.298608,0.06787,0.299996,0.298608,0.3,0.06787,62.910173,75.051495,21.72252,32.80044,0.000772,0.358258,FORWARD
761,24.352,61.853219,66.695075,0.3,0.29857,0.3,0.299997,0.29857,0.3,0.3,71.410075,62.427667,21.7288,32.8758,0.000837,0.358258,FORWARD
762,24.384,67.429637,66.318587,0.3,0.298586,0.3,0.299998,0.298586,0.3,0.3,62.9141,65.565832,21.76648,32.91348,0.000772,0.358258,FORWARD
763,24.416,72.266228,67.502853,0.3,0.298597,0.3,0.299999,0.298597,0.3,0.3,62.890779,64.512495,21.80416,32.95116,0.000772,0.358258,FORWARD
764,24.448,68.260896,67.857647,0.3,0.298563,0.3,0.299999,0.298563,0.3,0.3,63.112754,68.5822,21.84184,32.99512,0.000837,0.358258,FORWARD
765,24.48,65.565591,65.041268,0.3,0.298582,0.3,0.299999,0.298582,0.3,0.3,66.556947,66.37817,21.87952,33.0328,0.000772,0.358258,FORWARD
766,24.512,59.044133,75.036467,0.067874,0.067874,0.3,0.230362,0.067874,0.3,0.3,64.257386,66.307794,21.9172,33.07048,0.000772,0.358258,FORWARD
767,24.544,60.410983,71.114105,0.3,0.3,0.3,0.251253,0.3,0.3,0.3,71.301348,67.710001,21.95488,33.10816,0.000772,0.545455,FORWARD
768,24.576,66.555397,66.586493,0.3,0.299649,0.3,0.265877,0.299649,0.3,0.3,66.263931,71.601314,21.99256,33.14584,0.000772,0.545455,FORWARD
769,24.608,62.306145,67.611501,0.3,0.299356,0.3,0.276114,0.299356,0.3,0.3,64.654025,67.49814,22.03024,33.18352,0.000772,0.427083,FORWARD
770,24.64,71.292626,70.138641,0.3,0.29909,0.3,0.28328,0.29909,0.3,0.3,69.497653,63.096101,22.0742,33.2212,0.000837,0.385403,FORWARD
771,24.672,64.268335,67.734897,0.3,0.298939,0.3,0.288296,0.298939,0.3,0.3,57.256504,61.55425,22.11188,33.25888,0.000772,0.369246,FORWARD
772,24.704,77.201096,66.188237,0.067287,0.067287,0.3,0.221993,0.067287,0.3,0.3,69.267306,67.698064,22.14956,33.29656,0.000772,0.362751,FORWARD
773,24.736,69.463666,70.097329,0.3,0.3,0.068441,0.245395,0.3,0.3,0.068441,66.66121,72.943211,22.18724,33.34052,0.000837,0.545455,FORWARD
774,24.768,62.863842,65.550756,0.3,0.299649,0.3,0.261777,0.299649,0.3,0.3,69.060622,69.914535,22.18724,33.41588,0.000772,0.545455,FORWARD
775,24.8,68.420276,76.009253,0.06761,0.06761,0.3,0.203527,0.06761,0.3,0.3,66.242744,65.042103,22.22492,33.45356,0.000772,0.427083,FORWARD
776,24.832,63.674021,69.292959,0.3,0.3,0.068527,0.232469,0.3,0.3,0.068527,71.073488,72.625208,22.2626,33.49124,0.000772,0.545455,FORWARD
777,24.864,71.222754,65.023766,0.3,0.29962,0.3,0.252728,0.29962,0.3,0.3,64.021127,68.437665,22.26888,33.5666,0.000837,0.545455,FORWARD
778,24.896,68.552667,65.219101,0.3,0.29934,0.3,0.26691,0.29934,0.3,0.3,70.078222,66.84651,22.30656,33.60428,0.000772,0.427083,FORWARD
779,24.928,72.224794,61.987152,0.3,0.299119,0.3,0.276837,0.299119,0.3,0.3,71.214623,62.513808,22.34424,33.64196,0.000772,0.385403,FORWARD
780,24.96,68.166956,59.059176,0.3,0.298957,0.3,0.283786,0.298957,0.3,0.3,70.517833,65.130244,22.38192,33.67964,0.000772,0.369246,FORWARD
781,24.992,69.196547,72.126538,0.3,0.298843,0.3,0.28865,0.298843,0.3,0.3,66.157715,65.442887,22.4196,33.71732,0.000772,0.362751,FORWARD
782,25.024,65.861787,63.955843,0.3,0.298766,0.068377,0.292055,0.298766,0.068377,0.3,73.178289,67.473197,22.45728,33.755,0.000772,0.360103,FORWARD
783,25.056,63.082212,69.020847,0.3,0.298672,0.3,0.294439,0.298672,0.3,0.3,71.745746,68.194905,22.53264,33.76128,0.000837,0.359017,FORWARD
784,25.088,68.697887,68.784497,0.3,0.298653,0.3,0.296107,0.298653,0.3,0.3,66.284377,67.446525,22.57032,33.79896,0.000772,0.35857,FORWARD
785,25.12,66.495113,65.067895,0.3,0.29864,0.3,0.297275,0.29864,0.3,0.3,68.639335,66.764269,22.608,33.83664,0.000772,0.358386,FORWARD
786,25.152,60.666149,62.03333,0.3,0.298632,0.3,0.298092,0.298632,0.3,0.3,70.435886,68.519286,22.64568,33.87432,0.000772,0.358311,FORWARD
787,25.184,65.642222,65.205123,0.3,0.298585,0.3,0.298665,0.298585,0.3,0.3,62.658421,67.216317,22.68964,33.912,0.000837,0.358279,FORWARD
788,25.216,62.912202,67.634814,0.3,0.298596,0.3,0.299065,0.298596,0.3,0.3,69.606686,65.454305,22.72732,33.94968,0.000772,0.358267,FORWARD
789,25.248,67.326364,70.322197,0.3,0.298603,0.3,0.299346,0.298603,0.3,0.3,63.730712,65.27932,22.765,33.98736,0.000772,0.358261,FORWARD
790,25.28,69.630979,77.104869,0.067313,0.067313,0.068213,0.229736,0.067313,0.3,0.068213,68.244283,73.78444,22.80268,34.02504,0.000772,0.358259,FORWARD
791,25.312,63.57904,65.31436,0.3,0.3,0.3,0.250815,0.3,0.3,0.3,71.173033,63.682977,22.80268,34.1004,0.000772,0.545455,FORWARD
792,25.344,65.7718,62.324373,0.3,0.299649,0.3,0.265571,0.299649,0.3,0.3,67.451188,66.911481,22.84036,34.13808,0.000772,0.545455,FORWARD
793,25.376,67.917116,70.182841,0.3,0.299319,0.3,0.275899,0.299319,0.3,0.3,64.419744,59.591407,22.87804,34.18204,0.000837,0.427083,FORWARD
794,25.408,66.346559,65.616385,0.3,0.299107,0.06791,0.28313,0.299107,0.06791,0.3,74.900712,62.536247,22.91572,34.21972,0.000772,0.385403,FORWARD
795,25.44,70.578975,66.523977,0.3,0.29895,0.3,0.288191,0.29895,0.3,0.3,68.653295,69.588694,22.99108,34.21972,0.000772,0.369246,FORWARD
796,25.472,69.555918,64.464451,0.3,0.298797,0.3,0.291733,0.298797,0.3,0.3,69.606764,63.810572,23.03504,34.2574,0.000837,0.362751,FORWARD
797,25.504,68.045971,71.31615,0.3,0.298736,0.3,0.294213,0.298736,0.3,0.3,57.134448,71.784453,23.07272,34.29508,0.000772,0.360103,FORWARD
798,25.536,67.907334,65.044026,0.3,0.298695,0.3,0.295949,0.298695,0.3,0.3,66.478174,70.255471,23.1104,34.33276,0.000772,0.359017,FORWARD
799,25.568,64.391064,66.572266,0.3,0.298667,0.068292,0.297165,0.298667,0.3,0.068292,63.518147,73.491029,23.14808,34.37044,0.000772,0.35857,FORWARD
800,25.6,64.459147,68.474318,0.3,0.298649,0.3,0.298015,0.298649,0.3,0.3,69.168021,71.390203,23.14808,34.4458,0.000772,0.358386,FORWARD
801,25.632,66.610195,81.718654,0.066063,0.066063,0.3,0.228429,0.066063,0.3,0.3,64.625476,68.620772,23.18576,34.48348,0.000772,0.358311,FORWARD
802,25.664,66.839044,94.180809,0.062685,0.062685,0.3,0.178706,0.06384,0.3,0.3,64.739633,70.86301,23.22344,34.52744,0.000837,0.545455,FORWARD
803,25.696,71.549887,107.149225,0.058077,0.058077,0.3,0.142518,0.060936,0.3,0.3,66.307102,66.463641,23.26112,34.56512,0.000772,0.427083,FORWARD
804,25.728,68.194156,114.32923,0.053564,0.053564,0.3,0.115832,0.057581,0.3,0.3,64.19673,63.580213,23.30508,34.6028,0.000837,0.385403,FORWARD
805,25.76,71.345789,112.352849,0.054807,0.054807,0.3,0.097524,0.056069,0.3,0.3,72.267621,66.931419,23.34276,34.64048,0.000772,0.369246,FORWARD
806,25.792,59.816542,135.374844,0.045957,0.045957,0.3,0.082054,0.051909,0.3,0.3,64.675532,68.777463,23.38044,34.67816,0.000772,0.362751,FORWARD
807,25.824,64.397369,146.713151,0.042976,0.042976,0.068579,0.070331,0.048239,0.068579,0.3,72.432918,69.49486,23.41184,34.71584,0.000708,0.360103,FORWARD
808,25.856,66.448624,133.850363,0.046358,0.046358,0.3,0.063139,0.04711,0.3,0.3,70.445288,65.429463,23.4872,34.70956,0.000708,0.359017,FORWARD
809,25.888,62.384049,146.166455,0.04312,0.04312,0.3,0.057133,0.045225,0.3,0.3,69.036503,67.825693,23.5186,34.74724,0.000708,0.35857,FORWARD
810,25.92,67.052109,134.767228,0.046117,0.04509,0.3,0.053828,0.04509,0.3,0.3,66.281406,63.417274,23.55628,34.77864,0.000708,0.358386,FORWARD
811,25.952,68.965968,112.614521,0.054642,0.048058,0.3,0.054072,0.048058,0.3,0.3,62.313183,66.427518,23.58768,34.81632,0.000708,0.358311,FORWARD
812,25.984,67.396566,149.446554,0.042257,0.042257,0.3,0.050528,0.045525,0.3,0.3,66.822487,71.34001,23.62536,34.84772,0.000708,0.358279,FORWARD
813,26.016,65.46082,165.259394,0.03906,0.03906,0.3,0.047087,0.042755,0.3,0.3,70.101348,62.467705,23.65676,34.8854,0.000708,0.358267,TURN_LEFT
814,26.048,68.863059,307.48666,0.025127,0.025127,0.3,0.040499,0.036481,0.3,0.3,67.315758,64.229938,23.57512,34.96076,-6.4e-05,0.358261,TURN_LEFT
815,26.08,68.922133,397.608996,0.019684,0.019684,0.3,0.034255,0.030422,0.3,0.3,65.407871,64.594021,23.49976,35.0424,6.4e-05,0.358259,TURN_LEFT
816,26.112,67.62147,317.887525,0.024429,0.024429,0.3,0.031307,0.028275,0.3,0.3,71.343095,67.5891,23.41812,35.12404,0.0,0.358258,TURN_LEFT
817,26.144,67.941647,219.901736,0.031954,0.029634,0.3,0.031501,0.029634,0.3,0.3,67.644694,66.502649,23.33648,35.1994,-6.4e-05,0.358258,TURN_LEFT
818,26.176,65.278769,174.244261,0.037892,0.032593,0.3,0.033418,0.032593,0.3,0.3,68.238563,71.61568,23.25484,35.28104,0.0,0.358258,TURN_LEFT
819,26.208,67.702532,129.340358,0.047544,0.037908,0.3,0.037656,0.037908,0.3,0.3,68.40271,61.126387,23.17948,35.36268,6.4e-05,0.358258,TURN_LEFT
820,26.24,73.902694,114.420021,0.053507,0.043496,0.3,0.042411,0.043496,0.3,0.3,67.976409,62.605126,23.09784,35.44432,0.0,0.358258,TURN_LEFT
821,26.272,69.310879,62.912108,0.3,0.3,0.3,0.119688,0.3,0.3,0.3,68.771052,67.500822,23.0162,35.51968,-6.4e-05,0.358258,TURN_LEFT
822,26.304,73.330347,64.748772,0.068336,0.068336,0.3,0.104282,0.068336,0.3,0.3,66.880192,61.387091,22.94084,35.60132,6.4e-05,0.545455,TURN_LEFT
823,26.336,70.695779,70.710502,0.3,0.3,0.3,0.162998,0.3,0.3,0.3,64.25477,65.220744,22.8592,35.68296,0.0,0.545455,TURN_LEFT
824,26.368,69.093621,71.920908,0.3,0.3,0.3,0.204098,0.3,0.3,0.3,69.073828,67.780433,22.77756,35.7646,0.0,0.545455,TURN_LEFT
825,26.4,67.996475,65.988478,0.3,0.3,0.3,0.232869,0.3,0.3,0.3,65.549834,71.01774,22.69592,35.83996,-6.4e-05,0.427083,TURN_LEFT
826,26.432,69.221325,69.657568,0.3,0.29996,0.3,0.253008,0.29996,0.3,0.3,63.924228,64.297479,22.62056,35.9216,6.4e-05,0.385403,TURN_LEFT
827,26.464,61.199752,62.518324,0.3,0.299975,0.3,0.267106,0.299975,0.3,0.3,69.753182,69.446366,22.53892,36.00324,0.0,0.369246,TURN_LEFT
828,26.496,59.369736,62.786655,0.3,0.3,0.068431,0.276974,0.3,0.3,0.068431,69.38127,72.981251,22.45728,36.0786,-6.4e-05,0.362751,TURN_LEFT
829,26.528,65.397635,69.823778,0.3,0.3,0.068335,0.283882,0.3,0.068335,0.3,73.335538,65.516926,22.37564,36.16024,0.0,0.360103,TURN_RIGHT
830,26.56,69.596268,66.791266,0.3,0.3,0.3,0.288717,0.3,0.3,0.3,66.718942,70.684416,22.45728,36.0786,0.0,0.359017,TURN_LEFT
831,26.592,65.760639,66.50331,0.3,0.3,0.3,0.292102,0.3,0.3,0.3,71.651232,66.186716,22.37564,36.16024,0.0,0.35857,TURN_LEFT
832,26.624,70.748533,71.316495,0.3,0.299959,0.3,0.294471,0.299959,0.3,0.3,64.791252,66.677953,22.30028,36.24188,6.4e-05,0.358386,TURN_LEFT
833,26.656,66.871194,71.775657,0.3,0.299973,0.068527,0.29613,0.299973,0.3,0.068527,68.628494,72.625057,22.21864,36.32352,0.0,0.358311,FORWARD
834,26.688,66.016935,68.080304,0.3,0.299487,0.3,0.297291,0.299487,0.3,0.3,67.242639,67.34324,22.21864,36.39888,0.000772,0.358279,FORWARD
835,26.72,70.802845,72.450931,0.068574,0.068574,0.3,0.228676,0.068574,0.3,0.3,62.386604,66.234452,22.25632,36.43656,0.000772,0.358267,FORWARD
836,26.752,61.04605,64.611019,0.3,0.3,0.3,0.250073,0.3,0.3,0.3,64.04733,69.772676,22.294,36.47424,0.000772,0.545455,FORWARD
837,26.784,70.47972,67.125273,0.3,0.29962,0.3,0.265051,0.29962,0.3,0.3,64.722389,64.894374,22.33796,36.51192,0.000837,0.545455,FORWARD
838,26.816,66.478889,61.515306,0.3,0.29934,0.068109,0.275536,0.29934,0.3,0.068109,65.228071,74.166443,22.37564,36.5496,0.000772,0.427083,FORWARD
839,26.848,65.352349,68.146682,0.3,0.299119,0.065335,0.282875,0.299119,0.3,0.065335,67.294937,84.403696,22.37564,36.62496,0.000772,0.385403,FORWARD
840,26.88,66.354607,62.86451,0.3,0.298957,0.043724,0.288013,0.298957,0.3,0.043724,69.313758,143.869496,22.37564,36.70032,0.000772,0.369246,FORWARD
841,26.912,66.044908,66.490543,0.3,0.298843,0.02444,0.291609,0.298843,0.3,0.02444,68.05048,317.720886,22.3568,36.79452,0.000772,0.362751,FORWARD
842,26.944,67.227255,64.455188,0.3,0.298724,0.021692,0.294126,0.298724,0.3,0.021692,67.521282,358.642816,22.33796,36.895,0.000837,0.360103,FORWARD
843,26.976,65.843685,65.908749,0.3,0.298687,0.024526,0.295888,0.298687,0.3,0.024526,68.552785,316.437641,22.31912,36.9892,0.000772,0.359017,FORWARD
844,27.008,62.103663,63.773099,0.3,0.298662,0.028511,0.297122,0.298662,0.3,0.028511,67.981093,257.107004,22.30028,37.0834,0.000772,0.35857,FORWARD
845,27.04,67.610539,60.09537,0.3,0.298646,0.032293,0.297985,0.298646,0.3,0.032293,64.768785,217.293975,22.28144,37.1776,0.000772,0.358386,FORWARD
846,27.072,65.44278,62.370785,0.3,0.298594,0.038867,0.29859,0.298594,0.3,0.038867,64.031441,166.742309,22.2626,37.27808,0.000837,0.358311,FORWARD
847,27.104,73.140446,66.115775,0.068387,0.068387,0.044284,0.229529,0.068387,0.3,0.044284,69.036034,141.737092,22.24376,37.37228,0.000772,0.358279,FORWARD
848,27.136,68.460304,60.957596,0.3,0.3,0.050316,0.25067,0.3,0.3,0.050316,67.158559,119.496488,22.22492,37.46648,0.000772,0.545455,FORWARD
849,27.168,72.026335,71.269267,0.3,0.299649,0.052963,0.265469,0.299649,0.068589,0.052963,72.397026,115.286068,22.22492,37.54184,0.000772,0.545455,FORWARD
850,27.2,63.495674,64.958576,0.3,0.299319,0.056366,0.275828,0.299319,0.3,0.056366,65.134718,109.871163,22.2626,37.5858,0.000837,0.427083,FORWARD
851,27.232,65.711685,72.089468,0.3,0.299147,0.066572,0.28308,0.299147,0.3,0.066572,70.691502,79.839539,22.25632,37.66116,0.000708,0.385403,FORWARD
852,27.264,70.832223,63.84184,0.3,0.298934,0.3,0.288156,0.298934,0.3,0.3,67.212598,69.713878,22.2626,37.73652,0.000837,0.369246,FORWARD
853,27.296,68.932075,65.212354,0.3,0.298828,0.3,0.291709,0.298828,0.3,0.3,66.167151,64.8928,22.30028,37.7742,0.000772,0.362751,FORWARD
854,27.328,65.008578,67.077856,0.3,0.298756,0.3,0.294196,0.298756,0.3,0.3,64.592722,67.139984,22.33796,37.81188,0.000772,0.360103,FORWARD
855,27.36,67.720867,66.807941,0.3,0.298666,0.3,0.295937,0.298666,0.3,0.3,68.437023,69.899079,22.37564,37.85584,0.000837,0.359017,FORWARD
856,27.392,64.217503,63.890167,0.3,0.298649,0.3,0.297156,0.298649,0.3,0.3,67.553098,69.048195,22.41332,37.89352,0.000772,0.35857,FORWARD
857,27.424,68.016386,67.010466,0.3,0.298638,0.3,0.298009,0.298638,0.3,0.3,67.706468,69.532641,22.451,37.9312,0.000772,0.358386,FORWARD
858,27.456,69.727022,68.86624,0.3,0.29863,0.3,0.298607,0.29863,0.3,0.3,67.559993,66.678085,22.48868,37.96888,0.000772,0.358311,FORWARD
859,27.488,67.694883,64.346832,0.3,0.298625,0.3,0.299025,0.298625,0.3,0.3,62.621008,64.884904,22.52636,38.00656,0.000772,0.358279,FORWARD
860,27.52,70.096177,68.546869,0.3,0.298581,0.3,0.299317,0.298581,0.3,0.3,65.917418,68.318685,22.57032,38.04424,0.000837,0.358267,FORWARD
861,27.552,62.987121,73.366192,0.068326,0.068326,0.3,0.23002,0.068326,0.3,0.3,66.141151,66.682265,22.608,38.08192,0.000772,0.358261,FORWARD
862,27.584,68.731948,70.192637,0.3,0.3,0.3,0.251014,0.3,0.3,0.3,68.203564,66.074738,22.64568,38.1196,0.000772,0.545455,FORWARD
863,27.616,63.461509,68.094604,0.3,0.299649,0.3,0.26571,0.299649,0.3,0.3,63.75303,62.076686,22.68336,38.15728,0.000772,0.545455,FORWARD
864,27.648,69.932568,67.301692,0.3,0.299319,0.3,0.275997,0.299319,0.3,0.3,66.685791,67.260315,22.72104,38.20124,0.000837,0.427083,FORWARD
865,27.68,68.486805,66.909064,0.3,0.299107,0.3,0.283198,0.299107,0.3,0.3,72.331345,66.512633,22.75872,38.23892,0.000772,0.385403,FORWARD
866,27.712,68.536213,66.457032,0.3,0.29895,0.3,0.288238,0.29895,0.3,0.3,70.322252,66.070085,22.7964,38.2766,0.000772,0.369246,FORWARD
867,27.744,62.905612,60.497599,0.3,0.298838,0.3,0.291767,0.298838,0.3,0.3,65.715643,63.700132,22.83408,38.31428,0.000772,0.362751,FORWARD
868,27.776,62.776268,64.574092,0.3,0.298762,0.3,0.294237,0.298762,0.3,0.3,67.058152,67.540328,22.87176,38.35196,0.000772,0.360103,FORWARD
869,27.808,66.957924,56.390359,0.3,0.29867,0.3,0.295966,0.29867,0.3,0.3,69.734304,70.813454,22.91572,38.38964,0.000837,0.359017,FORWARD
870,27.84,63.370912,69.295655,0.3,0.298652,0.3,0.297176,0.298652,0.3,0.3,64.532155,63.026014,22.9534,38.42732,0.000772,0.35857,FORWARD
871,27.872,64.020322,68.810426,0.3,0.298639,0.3,0.298023,0.298639,0.3,0.3,63.699759,65.948002,22.99108,38.465,0.000772,0.358386,FORWARD
872,27.904,70.399289,66.616911,0.3,0.298631,0.3,0.298616,0.298631,0.3,0.3,64.501205,68.775334,23.02876,38.50268,0.000772,0.358311,FORWARD
873,27.936,66.942498,69.531442,0.3,0.298585,0.3,0.299031,0.298585,0.3,0.3,64.211236,59.632071,23.06644,38.54664,0.000837,0.358279,FORWARD
874,27.968,62.822275,67.87429,0.3,0.298596,0.3,0.299322,0.298596,0.3,0.3,63.169087,61.43973,23.10412,38.58432,0.000772,0.358267,FORWARD
875,28.0,69.653197,72.37545,0.068595,0.068595,0.3,0.230104,0.068595,0.3,0.3,71.213925,66.753568,23.1418,38.622,0.000772,0.358261,FORWARD
876,28.032,62.755832,67.427703,0.3,0.3,0.3,0.251073,0.3,0.3,0.3,63.940866,64.741094,23.17948,38.65968,0.000772,0.545455,FORWARD
877,28.064,68.230011,71.319355,0.3,0.29962,0.06857,0.265751,0.29962,0.06857,0.3,72.466875,67.215595,23.22344,38.69736,0.000837,0.545455,FORWARD
878,28.096,67.662334,67.441564,0.3,0.29934,0.3,0.276026,0.29934,0.3,0.3,63.476823,67.292691,23.2988,38.69736,0.000772,0.427083,FORWARD
879,28.128,67.222434,69.751678,0.3,0.299119,0.3,0.283218,0.299119,0.3,0.3,64.433819,66.541278,23.33648,38.73504,0.000772,0.385403,FORWARD
880,28.16,73.9167,66.03854,0.068177,0.068177,0.3,0.218706,0.068177,0.3,0.3,63.702088,69.844254,23.37416,38.77272,0.000772,0.369246,FORWARD
881,28.192,70.247171,68.462807,0.3,0.3,0.3,0.243094,0.3,0.3,0.3,66.43971,65.74693,23.41184,38.81668,0.000837,0.545455,FORWARD
882,28.224,72.062679,77.529197,0.067198,0.067198,0.3,0.190325,0.067198,0.3,0.3,66.540759,66.845551,23.44952,38.85436,0.000772,0.545455,FORWARD
883,28.256,73.353953,67.017787,0.06833,0.067464,0.3,0.153726,0.067464,0.3,0.3,68.650363,66.245215,23.4872,38.89204,0.000772,0.545455,FORWARD
884,28.288,63.744524,70.101964,0.3,0.3,0.3,0.197609,0.3,0.3,0.3,63.61899,61.769419,23.52488,38.92972,0.000772,0.427083,FORWARD
885,28.32,65.808067,65.064602,0.3,0.299649,0.3,0.228326,0.299649,0.3,0.3,68.078233,66.757167,23.56256,38.9674,0.000772,0.545455,FORWARD
886,28.352,65.003544,67.357882,0.3,0.299356,0.3,0.249828,0.299356,0.3,0.3,69.313094,66.807974,23.60024,39.00508,0.000772,0.427083,FORWARD
887,28.384,60.514621,66.120736,0.3,0.29909,0.067891,0.26488,0.29909,0.067891,0.3,74.973628,64.240961,23.6442,39.04276,0.000837,0.385403,FORWARD
888,28.416,71.624031,65.287143,0.3,0.298939,0.3,0.275416,0.298939,0.3,0.3,66.717321,67.218743,23.71956,39.04276,0.000772,0.369246,FORWARD
889,28.448,69.352532,63.723381,0.3,0.298791,0.3,0.282791,0.298791,0.3,0.3,63.470703,63.349732,23.75724,39.08672,0.000837,0.362751,FORWARD
890,28.48,66.38641,65.523905,0.3,0.298732,0.3,0.287954,0.298732,0.3,0.3,63.689653,67.136085,23.79492,39.1244,0.000772,0.360103,FORWARD
891,28.512,66.370489,69.91142,0.3,0.298692,0.3,0.291568,0.298692,0.3,0.3,69.475153,71.780851,23.8326,39.16208,0.000772,0.359017,FORWARD
892,28.544,63.633485,66.531485,0.3,0.298666,0.3,0.294097,0.298666,0.3,0.3,64.993954,62.532124,23.87028,39.19976,0.000772,0.35857,FORWARD
893,28.576,66.113948,71.447475,0.3,0.298648,0.3,0.295868,0.298648,0.3,0.3,69.661136,68.94608,23.90796,39.23744,0.000772,0.358386,FORWARD
894,28.608,67.058972,66.498016,0.3,0.298637,0.3,0.297108,0.298637,0.3,0.3,65.552716,66.507024,23.94564,39.27512,0.000772,0.358311,FORWARD
895,28.64,66.069353,75.891842,0.067642,0.067642,0.3,0.228268,0.067642,0.3,0.3,59.757927,65.01632,23.98332,39.3128,0.000772,0.358279,FORWARD
896,28.672,61.146239,62.598869,0.3,0.3,0.3,0.249788,0.3,0.3,0.3,69.518306,66.575442,24.021,39.35048,0.000772,0.545455,FORWARD
897,28.704,69.900994,69.660469,0.3,0.29962,0.3,0.264851,0.29962,0.3,0.3,67.151846,66.644247,24.06496,39.38816,0.000837,0.545455,FORWARD
898,28.736,67.143775,65.32845,0.3,0.299303,0.3,0.275396,0.299303,0.3,0.3,69.359785,62.551885,24.10264,39.43212,0.000837,0.427083,FORWARD
899,28.768,65.263035,63.047224,0.3,0.299097,0.3,0.282777,0.299097,0.3,0.3,66.594738,69.323527,24.14032,39.4698,0.000772,0.385403,FORWARD
900,28.8,69.878789,63.259985,0.3,0.298943,0.3,0.287944,0.298943,0.3,0.3,65.997113,64.157543,24.178,39.50748,0.000772,0.369246,FORWARD
901,28.832,69.587655,68.656033,0.3,0.298834,0.3,0.291561,0.298834,0.3,0.3,64.520609,68.566543,24.21568,39.54516,0.000772,0.362751,FORWARD
902,28.864,67.68963,69.693942,0.3,0.29876,0.3,0.294093,0.29876,0.3,0.3,66.962088,60.173778,24.25336,39.58284,0.000772,0.360103,FORWARD
903,28.896,70.845725,69.351065,0.3,0.29871,0.3,0.295865,0.29871,0.3,0.3,69.349535,65.928835,24.29104,39.62052,0.000772,0.359017,FORWARD
904,28.928,66.789236,71.565923,0.3,0.298677,0.3,0.297105,0.298677,0.3,0.3,65.376209,66.863928,24.32872,39.6582,0.000772,0.35857,FORWARD
905,28.96,63.067845,70.228217,0.3,0.298656,0.3,0.297974,0.298656,0.3,0.3,60.644095,68.237939,24.3664,39.69588,0.000772,0.358386,FORWARD
906,28.992,65.55726,65.544904,0.3,0.298559,0.3,0.298582,0.298559,0.3,0.3,71.809065,67.110421,24.41036,39.73984,0.000901,0.358311,FORWARD
907,29.024,66.877215,67.448611,0.3,0.29858,0.3,0.299007,0.29858,0.3,0.3,68.814811,65.597622,24.44804,39.77752,0.000772,0.358279,FORWARD
908,29.056,70.01745,68.258109,0.3,0.298593,0.3,0.299305,0.298593,0.3,0.3,71.080359,70.352521,24.48572,39.8152,0.000772,0.358267,FORWARD
909,29.088,66.644289,68.717841,0.3,0.298601,0.3,0.299513,0.298601,0.3,0.3,66.797108,67.117428,24.5234,39.85288,0.000772,0.358261,FORWARD
910,29.12,64.581155,71.323655,0.3,0.298607,0.3,0.299659,0.298607,0.3,0.3,66.673625,62.223084,24.56108,39.89056,0.000772,0.358259,FORWARD
911,29.152,64.381815,61.171935,0.3,0.29861,0.3,0.299762,0.29861,0.3,0.3,62.033488,61.954664,24.59876,39.92824,0.000772,0.358258,FORWARD
912,29.184,70.24007,71.144409,0.3,0.298612,0.3,0.299833,0.298612,0.3,0.3,66.107111,65.396122,24.63644,39.96592,0.000772,0.358258,FORWARD
913,29.216,69.384409,68.932166,0.3,0.298614,0.068491,0.299883,0.298614,0.3,0.068491,62.762507,72.759133,24.67412,40.0036,0.000772,0.358258,FORWARD
914,29.248,64.582235,64.875703,0.3,0.298573,0.3,0.299918,0.298573,0.3,0.3,68.063343,68.777118,24.6804,40.07896,0.000837,0.358258,FORWARD
915,29.28,69.012069,64.070967,0.3,0.298589,0.067839,0.299943,0.298589,0.3,0.067839,67.546257,75.165017,24.71808,40.11664,0.000772,0.358258,FORWARD
916,29.312,61.858199,69.810341,0.3,0.298599,0.3,0.29996,0.298599,0.3,0.3,64.713561,65.875883,24.71808,40.192,0.000772,0.358258,FORWARD
917,29.344,66.725623,66.461446,0.3,0.298564,0.3,0.299972,0.298564,0.3,0.3,65.711787,68.764634,24.75576,40.23596,0.000837,0.358258,FORWARD
918,29.376,60.508219,69.519617,0.3,0.298583,0.3,0.29998,0.298583,0.3,0.3,66.009021,66.753466,24.79344,40.27364,0.000772,0.358258,FORWARD
919,29.408,63.129591,68.900968,0.3,0.298595,0.3,0.299986,0.298595,0.3,0.3,64.937052,68.200432,24.83112,40.31132,0.000772,0.358258,FORWARD
920,29.44,66.286166,64.531914,0.3,0.298602,0.3,0.29999,0.298602,0.3,0.3,67.555036,67.403699,24.8688,40.349,0.000772,0.358258,FORWARD
921,29.472,67.632624,63.758848,0.3,0.298566,0.3,0.299993,0.298566,0.3,0.3,60.846239,65.547954,24.91276,40.38668,0.000837,0.358258,FORWARD
922,29.504,64.497703,66.927135,0.3,0.298584,0.3,0.299995,0.298584,0.3,0.3,67.400393,71.82046,24.95044,40.42436,0.000772,0.358258,FORWARD
923,29.536,62.685609,75.734404,0.067684,0.067684,0.3,0.230302,0.067684,0.3,0.3,66.747036,68.837523,24.98812,40.46204,0.000772,0.358258,FORWARD
924,29.568,67.860392,65.838833,0.3,0.3,0.3,0.251211,0.3,0.3,0.3,71.734995,64.093552,25.0258,40.49972,0.000772,0.545455,FORWARD
925,29.6,61.403753,62.642227,0.3,0.299649,0.3,0.265848,0.299649,0.3,0.3,67.914485,60.956423,25.06348,40.5374,0.000772,0.545455,FORWARD
926,29.632,67.665548,65.433627,0.3,0.299319,0.3,0.276094,0.299319,0.3,0.3,64.223603,69.985578,25.10116,40.58136,0.000837,0.427083,FORWARD
927,29.664,64.480596,70.447018,0.3,0.299107,0.3,0.283266,0.299107,0.3,0.3,67.82583,64.051148,25.13884,40.61904,0.000772,0.385403,FORWARD
928,29.696,61.881733,72.359127,0.068599,0.068599,0.3,0.218866,0.068599,0.3,0.3,63.898742,68.966559,25.17652,40.65672,0.000772,0.369246,FORWARD
929,29.728,69.543502,66.579536,0.3,0.3,0.068353,0.243206,0.3,0.068353,0.3,73.268284,69.406573,25.2142,40.6944,0.000772,0.545455,FORWARD
930,29.76,73.269289,72.316508,0.068352,0.068352,0.068473,0.19075,0.068352,0.3,0.068473,65.669957,72.826167,25.28956,40.6944,0.000772,0.545455,FORWARD
931,29.792,65.58089,67.466075,0.3,0.3,0.3,0.223525,0.3,0.3,0.3,64.329074,70.718554,25.29584,40.76976,0.000837,0.545455,FORWARD
932,29.824,63.547624,64.226611,0.3,0.299649,0.3,0.246467,0.299649,0.3,0.3,67.417911,71.832404,25.33352,40.80744,0.000772,0.545455,FORWARD
933,29.856,62.543537,67.29863,0.3,0.299356,0.3,0.262527,0.299356,0.3,0.3,71.208711,71.99801,25.3712,40.84512,0.000772,0.427083,FORWARD
934,29.888,70.476238,71.44068,0.3,0.29913,0.3,0.273769,0.29913,0.3,0.3,70.972272,69.778565,25.40888,40.8828,0.000772,0.385403,FORWARD
935,29.92,63.773959,64.39191,0.3,0.298923,0.3,0.281638,0.298923,0.3,0.3,69.913657,63.138462,25.44656,40.92676,0.000837,0.369246,FORWARD
936,29.952,66.162314,72.059548,0.3,0.298822,0.3,0.287147,0.298822,0.3,0.3,67.612947,70.53557,25.48424,40.96444,0.000772,0.362751,FORWARD
937,29.984,66.151112,67.112864,0.3,0.298752,0.3,0.291003,0.298752,0.3,0.3,63.116818,60.458483,25.52192,41.00212,0.000772,0.360103,FORWARD
938,30.016,64.259232,67.261288,0.3,0.298705,0.3,0.293702,0.298705,0.3,0.3,64.987515,61.9712,25.5596,41.0398,0.000772,0.359017,FORWARD
939,30.048,72.22491,63.478018,0.3,0.298632,0.3,0.295591,0.298632,0.3,0.3,66.429858,67.681198,25.60356,41.07748,0.000837,0.35857,FORWARD
940,30.08,66.140514,71.172145,0.3,0.298627,0.3,0.296914,0.298627,0.3,0.3,63.691247,71.046423,25.64124,41.11516,0.000772,0.358386,FORWARD
941,30.112,67.298282,72.166307,0.3,0.298623,0.3,0.29784,0.298623,0.3,0.3,67.061661,69.391742,25.67892,41.15284,0.000772,0.358311,FORWARD
942,30.144,64.317705,64.970746,0.3,0.298621,0.3,0.298488,0.298621,0.3,0.3,64.668878,63.972599,25.7166,41.19052,0.000772,0.358279,FORWARD
943,30.176,63.590433,64.790111,0.3,0.298578,0.3,0.298941,0.298578,0.3,0.3,68.797878,63.68078,25.75428,41.23448,0.000837,0.358267,FORWARD
944,30.208,64.457439,68.46523,0.3,0.298592,0.3,0.299259,0.298592,0.3,0.3,67.604836,70.131212,25.79196,41.27216,0.000772,0.358261,FORWARD
945,30.24,67.425103,68.348458,0.3,0.298601,0.3,0.299481,0.298601,0.3,0.3,66.209073,70.333096,25.82964,41.30984,0.000772,0.358259,FORWARD
946,30.272,62.677665,67.774788,0.3,0.298606,0.3,0.299637,0.298606,0.3,0.3,69.779802,66.894793,25.86732,41.34752,0.000772,0.358258,FORWARD
947,30.304,65.369056,66.896656,0.3,0.29861,0.068467,0.299746,0.29861,0.068467,0.3,72.84846,65.011199,25.905,41.3852,0.000772,0.358258,FORWARD
948,30.336,70.371417,72.499908,0.068561,0.068561,0.3,0.23039,0.068561,0.3,0.3,64.083776,69.050762,25.98036,41.3852,0.000772,0.358258,FORWARD
949,30.368,66.177738,68.561124,0.3,0.3,0.3,0.251273,0.3,0.3,0.3,71.966383,66.326212,26.02432,41.42288,0.000837,0.545455,FORWARD
950,30.4,74.967039,66.54427,0.067892,0.067892,0.3,0.196259,0.067892,0.3,0.3,66.433069,65.932089,26.062,41.46056,0.000772,0.545455,FORWARD
951,30.432,69.530184,71.015587,0.3,0.3,0.3,0.227381,0.3,0.3,0.3,69.816921,63.446315,26.09968,41.50452,0.000837,0.545455,FORWARD
952,30.464,64.027733,68.028405,0.3,0.299649,0.068535,0.249167,0.299649,0.3,0.068535,65.429899,72.594127,26.13736,41.5422,0.000772,0.545455,FORWARD
953,30.496,62.873271,63.337057,0.3,0.299356,0.3,0.264417,0.299356,0.3,0.3,65.813286,65.478356,26.13736,41.61756,0.000772,0.427083,FORWARD
954,30.528,73.903757,67.739728,0.068181,0.068181,0.068578,0.205546,0.068181,0.068578,0.3,72.438951,69.754482,26.17504,41.65524,0.000772,0.385403,FORWARD
955,30.56,75.019947,69.586975,0.067878,0.067664,0.3,0.164246,0.067664,0.3,0.3,64.05641,68.709969,26.2504,41.65524,0.000772,0.545455,FORWARD
956,30.592,65.162432,71.244995,0.3,0.3,0.3,0.204972,0.3,0.3,0.3,63.715753,66.793172,26.28808,41.69292,0.000772,0.427083,FORWARD
957,30.624,68.166845,63.876496,0.3,0.299649,0.3,0.23348,0.299649,0.3,0.3,69.396106,64.620868,26.32576,41.7306,0.000772,0.545455,FORWARD
958,30.656,71.296163,59.624947,0.3,0.299319,0.3,0.253436,0.299319,0.3,0.3,63.59539,65.527975,26.36972,41.76828,0.000837,0.427083,FORWARD
959,30.688,65.209851,70.074059,0.3,0.299107,0.3,0.267405,0.299107,0.3,0.3,67.256032,68.22224,26.4074,41.80596,0.000772,0.385403,FORWARD
960,30.72,68.485336,67.572416,0.3,0.298909,0.068087,0.277184,0.298909,0.068087,0.3,74.249477,70.017828,26.44508,41.84992,0.000837,0.369246,FORWARD
961,30.752,66.201499,68.830474,0.3,0.298812,0.3,0.284029,0.298812,0.3,0.3,65.719624,64.962573,26.52044,41.84992,0.000772,0.362751,FORWARD
962,30.784,62.864641,68.259832,0.3,0.298746,0.3,0.28882,0.298746,0.3,0.3,67.319831,65.331903,26.55812,41.8876,0.000772,0.360103,FORWARD
963,30.816,70.854641,73.809033,0.068206,0.068206,0.3,0.222636,0.068206,0.3,0.3,62.54944,69.716321,26.5958,41.92528,0.000772,0.359017,FORWARD
964,30.848,66.896895,66.07091,0.3,0.3,0.3,0.245845,0.3,0.3,0.3,66.124437,70.045541,26.63348,41.96296,0.000772,0.545455,FORWARD
965,30.88,71.458198,67.7457,0.3,0.299649,0.3,0.262092,0.299649,0.3,0.3,67.782038,60.600452,26.67116,42.00064,0.000772,0.545455,FORWARD
966,30.912,69.249298,72.066501,0.3,0.299356,0.068564,0.273464,0.299356,0.068564,0.3,72.490048,66.932207,26.70884,42.03832,0.000772,0.427083,FORWARD
967,30.944,67.330237,64.965856,0.3,0.29909,0.3,0.281425,0.29909,0.3,0.3,65.884481,63.3171,26.7842,42.0446,0.000837,0.385403,FORWARD
968,30.976,67.990136,66.561089,0.3,0.298898,0.3,0.286997,0.298898,0.3,0.3,66.059624,63.280311,26.82816,42.08228,0.000837,0.369246,FORWARD
969,31.008,71.353504,72.52851,0.068553,0.068553,0.3,0.221464,0.068553,0.3,0.3,68.321127,68.438576,26.86584,42.11996,0.000772,0.362751,FORWARD
970,31.04,64.819779,63.951463,0.3,0.3,0.3,0.245025,0.3,0.3,0.3,63.585489,67.212643,26.90352,42.15764,0.000772,0.545455,FORWARD
971,31.072,65.807911,67.843926,0.3,0.299649,0.068378,0.261517,0.299649,0.068378,0.3,73.174244,63.878507,26.9412,42.19532,0.000772,0.545455,FORWARD
972,31.104,63.390914,64.313937,0.3,0.299356,0.3,0.273062,0.299356,0.3,0.3,66.711687,65.631373,27.01656,42.19532,0.000772,0.427083,FORWARD
973,31.136,69.540478,63.762541,0.3,0.29913,0.3,0.281144,0.29913,0.3,0.3,68.447153,64.639181,27.05424,42.233,0.000772,0.385403,FORWARD
974,31.168,66.768891,65.179015,0.3,0.298964,0.3,0.2868,0.298964,0.3,0.3,72.224083,62.740323,27.09192,42.27068,0.000772,0.369246,FORWARD
975,31.2,64.87184,68.52061,0.3,0.298806,0.3,0.29076,0.298806,0.3,0.3,71.955707,65.894621,27.1296,42.31464,0.000837,0.362751,FORWARD
976,31.232,63.723255,70.575413,0.3,0.298742,0.3,0.293532,0.298742,0.3,0.3,67.898205,67.531253,27.16728,42.35232,0.000772,0.360103,FORWARD
977,31.264,63.990116,67.80824,0.3,0.298698,0.3,0.295473,0.298698,0.3,0.3,67.063273,70.343172,27.20496,42.39,0.000772,0.359017,FORWARD
978,31.296,68.08519,66.79442,0.3,0.298628,0.06829,0.296831,0.298628,0.06829,0.3,73.499854,68.004038,27.24892,42.42768,0.000837,0.35857,FORWARD
979,31.328,65.596684,66.294905,0.3,0.298624,0.3,0.297782,0.298624,0.3,0.3,67.035559,68.43984,27.32428,42.42768,0.000772,0.358386,FORWARD
980,31.36,62.913165,65.594111,0.3,0.298622,0.068183,0.298447,0.298622,0.068576,0.068183,72.445419,73.89505,27.36196,42.46536,0.000772,0.358311,FORWARD
981,31.392,68.767916,66.319807,0.3,0.29862,0.3,0.298913,0.29862,0.3,0.3,65.200519,64.138573,27.39964,42.50304,0.000772,0.358279,FORWARD
982,31.424,63.610864,68.287086,0.3,0.298619,0.3,0.299239,0.298619,0.3,0.3,68.675572,70.3835,27.43732,42.54072,0.000772,0.358267,FORWARD
983,31.456,69.052482,62.040327,0.3,0.298576,0.3,0.299467,0.298576,0.3,0.3,64.185706,66.884996,27.475,42.58468,0.000837,0.358261,FORWARD
984,31.488,63.170049,66.38281,0.3,0.298591,0.3,0.299627,0.298591,0.3,0.3,67.77257,67.405708,27.51268,42.62236,0.000772,0.358259,FORWARD
985,31.52,65.773518,66.94536,0.3,0.2986,0.067819,0.299739,0.2986,0.067819,0.3,75.239575,70.343925,27.55036,42.66004,0.000772,0.358258,FORWARD
986,31.552,64.390453,62.828059,0.3,0.298606,0.3,0.299817,0.298606,0.3,0.3,69.411289,63.481238,27.62572,42.66004,0.000772,0.358258,FORWARD
987,31.584,61.221161,69.887262,0.3,0.29861,0.3,0.299872,0.29861,0.3,0.3,68.425262,68.294035,27.6634,42.69772,0.000772,0.358258,FORWARD
988,31.616,66.16649,63.724879,0.3,0.298612,0.3,0.29991,0.298612,0.3,0.3,63.656942,66.122006,27.70108,42.7354,0.000772,0.358258,FORWARD
989,31.648,77.599089,65.104927,0.067179,0.067179,0.3,0.230091,0.067179,0.3,0.3,67.925523,66.32512,27.74504,42.77308,0.000837,0.358258,FORWARD
990,31.68,63.694798,69.6302,0.3,0.3,0.3,0.251064,0.3,0.3,0.3,65.078711,66.145916,27.78272,42.81076,0.000772,0.545455,FORWARD
991,31.712,66.266875,66.105869,0.3,0.29962,0.3,0.265745,0.29962,0.3,0.3,67.340228,66.276653,27.8204,42.85472,0.000837,0.545455,FORWARD
992,31.744,67.334365,66.55922,0.3,0.29934,0.3,0.276021,0.29934,0.3,0.3,64.7365,63.308912,27.85808,42.8924,0.000772,0.427083,FORWARD
993,31.776,73.261881,65.924099,0.068355,0.068355,0.3,0.213721,0.068355,0.3,0.3,67.324535,70.504541,27.89576,42.93008,0.000772,0.385403,FORWARD
994,31.808,69.456206,69.023752,0.3,0.3,0.3,0.239605,0.3,0.3,0.3,67.626718,62.57591,27.93344,42.96776,0.000772,0.545455,FORWARD
995,31.84,67.798393,69.827308,0.3,0.299649,0.3,0.257723,0.299649,0.3,0.3,66.061152,65.797403,27.97112,43.00544,0.000772,0.545455,FORWARD
996,31.872,69.305669,66.26999,0.3,0.299356,0.068364,0.270406,0.299356,0.068364,0.3,73.227474,69.194924,28.0088,43.04312,0.000772,0.427083,FORWARD
997,31.904,67.6148,69.994136,0.3,0.29913,0.3,0.279284,0.29913,0.3,0.3,68.734402,66.408788,28.08416,43.04312,0.000772,0.385403,FORWARD
998,31.936,67.186871,71.516158,0.3,0.298923,0.3,0.285499,0.298923,0.3,0.3,62.56774,64.676161,28.12812,43.0808,0.000837,0.369246,FORWARD
999,31.968,71.58967,69.252673,0.3,0.298781,0.068286,0.289849,0.298781,0.068286,0.3,73.51326,65.143476,28.1658,43.12476,0.000837,0.362751,FORWARD
1000,32.0,67.440199,65.05695,0.3,0.298725,0.068074,0.292895,0.298725,0.3,0.068074,65.580841,74.297937,28.24116,43.12476,0.000772,0.360103,FORWARD
1001,32.032,71.991114,67.077968,0.3,0.298688,0.3,0.295026,0.298688,0.3,0.3,70.600602,68.603638,28.24116,43.20012,0.000772,0.359017,FORWARD
1002,32.064,68.385575,66.097875,0.3,0.298663,0.068234,0.296518,0.298663,0.068234,0.3,73.705621,67.567281,28.27884,43.2378,0.000772,0.35857,FORWARD
1003,32.096,69.269662,64.52296,0.3,0.298646,0.3,0.297563,0.298646,0.3,0.3,72.013484,64.969347,28.3542,43.2378,0.000772,0.358386,FORWARD
1004,32.128,64.384758,72.876758,0.068459,0.068459,0.3,0.228832,0.068459,0.3,0.3,67.439607,66.696141,28.39188,43.27548,0.000772,0.358311,FORWARD
1005,32.16,67.025586,62.073224,0.3,0.3,0.3,0.250182,0.3,0.3,0.3,72.197414,68.528137,28.42956,43.31316,0.000772,0.545455,FORWARD
1006,32.192,69.361039,66.877575,0.3,0.299649,0.3,0.265128,0.299649,0.3,0.3,67.965162,65.707523,28.46724,43.35084,0.000772,0.545455,FORWARD
1007,32.224,71.250361,67.858626,0.3,0.299319,0.3,0.275589,0.299319,0.3,0.3,70.340689,59.628842,28.50492,43.3948,0.000837,0.427083,FORWARD
1008,32.256,69.902606,67.995256,0.3,0.299067,0.3,0.282912,0.299067,0.3,0.3,65.503587,65.933469,28.54888,43.43248,0.000837,0.385403,FORWARD
1009,32.288,65.626919,67.313796,0.3,0.298925,0.3,0.288039,0.298925,0.3,0.3,66.583033,70.208949,28.58656,43.47016,0.000772,0.369246,FORWARD
1010,32.32,69.614225,66.31327,0.3,0.298822,0.3,0.291627,0.298822,0.3,0.3,62.943148,62.060501,28.62424,43.50784,0.000772,0.362751,FORWARD
1011,32.352,65.478891,62.79524,0.3,0.298752,0.3,0.294139,0.298752,0.3,0.3,63.147874,61.371718,28.66192,43.54552,0.000772,0.360103,FORWARD
1012,32.384,67.316394,63.027106,0.3,0.298705,0.3,0.295897,0.298705,0.3,0.3,68.359001,68.776617,28.6996,43.5832,0.000772,0.359017,FORWARD
1013,32.416,66.444505,66.691752,0.3,0.298674,0.3,0.297128,0.298674,0.3,0.3,60.244777,67.471586,28.73728,43.62088,0.000772,0.35857,FORWARD
1014,32.448,61.49568,69.462297,0.3,0.298654,0.3,0.29799,0.298654,0.3,0.3,67.148003,65.808735,28.77496,43.65856,0.000772,0.358386,FORWARD
1015,32.48,62.954205,64.234425,0.3,0.29864,0.3,0.298593,0.29864,0.3,0.3,68.275779,63.916872,28.81264,43.69624,0.000772,0.358311,FORWARD
1016,32.512,70.078643,68.880122,0.3,0.29859,0.068407,0.299015,0.29859,0.068407,0.3,73.066518,66.10724,28.85032,43.7402,0.000837,0.358279,FORWARD
1017,32.544,74.887714,71.15481,0.067914,0.067914,0.068072,0.229685,0.067914,0.3,0.068072,67.534687,74.305092,28.92568,43.7402,0.000772,0.358267,FORWARD
1018,32.576,69.837599,67.116528,0.3,0.3,0.3,0.250779,0.3,0.3,0.3,71.45328,72.355126,28.93196,43.81556,0.000837,0.545455,FORWARD
1019,32.608,67.767025,69.750526,0.3,0.299649,0.3,0.265545,0.299649,0.3,0.3,66.746998,66.392232,28.96964,43.85324,0.000772,0.545455,FORWARD
1020,32.64,60.42584,66.79742,0.3,0.299356,0.3,0.275882,0.299356,0.3,0.3,64.805204,69.060889,29.00732,43.89092,0.000772,0.427083,FORWARD
1021,32.672,65.192218,62.77686,0.3,0.29913,0.3,0.283117,0.29913,0.3,0.3,71.747024,64.506057,29.045,43.9286,0.000772,0.385403,FORWARD
1022,32.704,64.058049,68.177443,0.3,0.298964,0.3,0.288182,0.298964,0.3,0.3,68.53471,68.427681,29.08268,43.96628,0.000772,0.369246,FORWARD
1023,32.736,65.1385,64.292199,0.3,0.298847,0.3,0.291727,0.298847,0.3,0.3,66.60771,65.710087,29.12036,44.00396,0.000772,0.362751,FORWARD
1024,32.768,63.027279,71.477912,0.3,0.298727,0.3,0.294209,0.298727,0.3,0.3,66.089669,70.414991,29.15804,44.04792,0.000837,0.360103,FORWARD
1025,32.8,73.51743,66.956466,0.068285,0.068285,0.0683,0.226432,0.068285,0.3,0.0683,66.94724,73.461328,29.19572,44.0856,0.000772,0.359017,FORWARD
1026,32.832,62.430037,67.668389,0.3,0.3,0.3,0.248502,0.3,0.3,0.3,68.743724,69.893543,29.202,44.16096,0.000837,0.545455,FORWARD
1027,32.864,63.00789,72.232516,0.3,0.299649,0.3,0.263952,0.299649,0.3,0.3,68.188811,67.423355,29.23968,44.19864,0.000772,0.545455,FORWARD
1028,32.896,67.036612,62.596584,0.3,0.299356,0.3,0.274766,0.299356,0.3,0.3,66.926567,68.990303,29.27736,44.23632,0.000772,0.427083,FORWARD
1029,32.928,70.636485,66.683287,0.3,0.29913,0.068413,0.282336,0.29913,0.068479,0.068413,72.802244,73.045348,29.31504,44.274,0.000772,0.385403,FORWARD
1030,32.96,66.297928,69.850669,0.3,0.298964,0.3,0.287635,0.298964,0.3,0.3,67.915334,65.582395,29.35272,44.31168,0.000772,0.369246,FORWARD
1031,32.992,66.613088,66.48747,0.3,0.298847,0.3,0.291345,0.298847,0.3,0.3,67.799973,65.619276,29.3904,44.34936,0.000772,0.362751,FORWARD
1032,33.024,62.378014,64.373318,0.3,0.298768,0.3,0.293941,0.298768,0.3,0.3,66.345879,67.715175,29.42808,44.38704,0.000772,0.360103,FORWARD
1033,33.056,68.315223,66.42667,0.3,0.298715,0.3,0.295759,0.298715,0.3,0.3,67.423071,63.873732,29.46576,44.42472,0.000772,0.359017,FORWARD
1034,33.088,67.945698,64.823707,0.3,0.298598,0.3,0.297031,0.298598,0.3,0.3,68.901407,63.836158,29.50972,44.46868,0.000901,0.35857,FORWARD
1035,33.12,66.970707,63.8637,0.3,0.298605,0.3,0.297922,0.298605,0.3,0.3,67.493038,68.384001,29.5474,44.50636,0.000772,0.358386,FORWARD
1036,33.152,69.089449,69.991173,0.3,0.298609,0.3,0.298545,0.298609,0.3,0.3,69.826287,70.482021,29.58508,44.54404,0.000772,0.358311,FORWARD
1037,33.184,61.202061,66.609698,0.3,0.298612,0.3,0.298982,0.298612,0.3,0.3,66.582539,69.670605,29.62276,44.58172,0.000772,0.358279,FORWARD
1038,33.216,64.54708,67.909831,0.3,0.298613,0.3,0.299287,0.298613,0.3,0.3,66.088592,68.38834,29.66044,44.6194,0.000772,0.358267,FORWARD
1039,33.248,65.69183,62.136507,0.3,0.298614,0.068086,0.299501,0.298614,0.3,0.068086,65.962229,74.253666,29.69812,44.65708,0.000772,0.358261,FORWARD
1040,33.28,61.628336,66.19748,0.3,0.298615,0.3,0.299651,0.298615,0.3,0.3,69.576545,70.311673,29.69812,44.73244,0.000772,0.358259,FORWARD
1041,33.312,70.179185,64.44421,0.3,0.298616,0.3,0.299756,0.298616,0.3,0.3,66.697151,68.244532,29.7358,44.77012,0.000772,0.358258,FORWARD
1042,33.344,67.98486,63.377799,0.3,0.298575,0.3,0.299829,0.298575,0.3,0.3,65.172868,70.904755,29.77976,44.8078,0.000837,0.358258,FORWARD
1043,33.376,67.675768,67.13752,0.3,0.29859,0.3,0.29988,0.29859,0.3,0.3,71.755315,65.992037,29.81744,44.84548,0.000772,0.358258,FORWARD
1044,33.408,63.015256,67.093611,0.3,0.298558,0.068564,0.299916,0.298558,0.3,0.068564,63.786386,72.488159,29.85512,44.88944,0.000837,0.358258,FORWARD
1045,33.44,62.210405,66.296675,0.3,0.298579,0.3,0.299941,0.298579,0.3,0.3,68.074602,66.775518,29.85512,44.9648,0.000772,0.358258,FORWARD
1046,33.472,61.820515,67.204287,0.3,0.298592,0.3,0.299959,0.298592,0.3,0.3,71.471605,63.630876,29.8928,45.00248,0.000772,0.358258,FORWARD
1047,33.504,72.946215,71.823528,0.06844,0.06844,0.3,0.230503,0.06844,0.3,0.3,65.301388,63.520676,29.93048,45.04016,0.000772,0.358258,FORWARD
1048,33.536,64.808158,70.327573,0.3,0.3,0.3,0.251352,0.3,0.3,0.3,68.417811,66.259374,29.96816,45.07784,0.000772,0.545455,FORWARD
1049,33.568,68.227424,60.071301,0.3,0.29962,0.3,0.265947,0.29962,0.3,0.3,65.762787,64.984286,30.01212,45.11552,0.000837,0.545455,FORWARD
1050,33.6,74.491587,66.093689,0.068021,0.068021,0.3,0.206569,0.068021,0.3,0.3,67.873731,69.386268,30.0498,45.1532,0.000772,0.427083,FORWARD
1051,33.632,72.800864,75.091625,0.067859,0.067581,0.3,0.164956,0.067581,0.3,0.3,67.756252,69.885083,30.08748,45.19088,0.000772,0.545455,FORWARD
1052,33.664,79.254909,62.539075,0.06673,0.06673,0.068232,0.135488,0.066775,0.068232,0.3,73.71399,68.502301,30.12516,45.22856,0.000772,0.427083,FORWARD
1053,33.696,70.718941,71.428768,0.3,0.3,0.065601,0.184842,0.3,0.065601,0.3,83.423415,65.133334,30.20052,45.23484,0.000837,0.385403,FORWARD
1054,33.728,68.187701,60.582232,0.3,0.299649,0.06117,0.219389,0.299649,0.06117,0.3,99.773243,62.756421,30.27588,45.23484,0.000772,0.545455,FORWARD
1055,33.76,76.709967,70.994072,0.06742,0.06742,0.061766,0.173798,0.06742,0.061766,0.3,97.572128,67.421783,30.35124,45.23484,0.000772,0.427083,FORWARD
1056,33.792,67.808067,67.694664,0.3,0.3,0.057324,0.211659,0.3,0.057324,0.3,108.347657,68.67727,30.4266,45.23484,0.000772,0.545455,FORWARD
1057,33.824,64.414378,68.136301,0.3,0.29962,0.054708,0.238161,0.29962,0.054708,0.3,112.509911,71.225667,30.50824,45.23484,0.000837,0.545455,FORWARD
1058,33.856,64.914538,68.364804,0.3,0.29934,0.051302,0.256713,0.29934,0.051302,0.3,117.927816,65.246581,30.5836,45.23484,0.000772,0.427083,FORWARD
1059,33.888,68.093931,76.524797,0.06747,0.06747,0.053062,0.19994,0.06747,0.053062,0.3,115.127634,69.631921,30.65896,45.22856,0.000708,0.385403,FORWARD
1060,33.92,66.854801,60.003274,0.3,0.3,0.049505,0.229958,0.3,0.049505,0.3,121.881359,67.739427,30.7406,45.22856,0.000837,0.545455,FORWARD
1061,33.952,61.725569,69.784939,0.3,0.299649,0.048515,0.250971,0.299649,0.048515,0.3,125.645778,64.085204,30.81596,45.22856,0.000772,0.545455,FORWARD
1062,33.984,69.707768,62.843438,0.3,0.299319,0.048069,0.265679,0.299319,0.048069,0.3,127.343881,60.514128,30.90388,45.22228,0.000837,0.427083,FORWARD
1063,34.016,68.527633,65.585204,0.3,0.299107,0.046223,0.275976,0.299107,0.046223,0.3,134.362677,71.001327,30.98552,45.216,0.000772,0.385403,FORWARD
1064,34.048,68.762066,64.487236,0.3,0.29895,0.04481,0.283183,0.29895,0.04481,0.3,139.736468,70.882613,31.07344,45.20344,0.000772,0.369246,FORWARD
1065,34.08,69.269688,70.084316,0.3,0.298838,0.041973,0.288228,0.298838,0.041973,0.3,150.526412,65.030354,31.16136,45.19088,0.000772,0.362751,FORWARD
1066,34.112,67.786001,73.265304,0.068354,0.068354,0.041186,0.222266,0.068354,0.041186,0.3,153.518017,61.630529,31.26184,45.17204,0.000837,0.360103,FORWARD
1067,34.144,66.692195,70.681239,0.3,0.3,0.04036,0.245586,0.3,0.04036,0.3,156.661527,61.065405,31.35604,45.1532,0.000772,0.545455,FORWARD
1068,34.176,68.144225,70.573943,0.3,0.299678,0.040121,0.26191,0.299678,0.040121,0.3,157.568015,68.807279,31.45024,45.12808,0.000708,0.545455,FORWARD
1069,34.208,66.910456,68.613054,0.3,0.299336,0.03977,0.273337,0.299336,0.03977,0.3,159.798339,59.096028,31.55072,45.10924,0.000837,0.427083,FORWARD
1070,34.24,68.795923,64.648862,0.3,0.299117,0.039241,0.281336,0.299117,0.039241,0.3,163.868548,66.331143,31.64492,45.0904,0.000772,0.385403,FORWARD
1071,34.272,66.121986,71.811314,0.3,0.298956,0.039632,0.286935,0.298956,0.039632,0.3,160.863593,63.79552,31.73912,45.07156,0.000772,0.369246,FORWARD
1072,34.304,66.707819,65.015558,0.3,0.298842,0.039506,0.290855,0.298842,0.039506,0.3,161.827484,64.846135,31.83332,45.05272,0.000772,0.362751,FORWARD
1073,34.336,64.095723,65.180575,0.3,0.298724,0.04,0.293598,0.298724,0.04,0.3,158.031349,70.79051,31.9338,45.03388,0.000837,0.360103,FORWARD
1074,34.368,71.960542,63.520451,0.3,0.298687,0.039151,0.295519,0.298687,0.039151,0.3,164.555622,67.916713,32.028,45.01504,0.000772,0.359017,FORWARD
1075,34.4,67.868918,62.469527,0.3,0.298662,0.041771,0.296863,0.298662,0.041771,0.3,151.293221,67.346019,32.1222,44.9962,0.000772,0.35857,FORWARD
1076,34.432,64.296597,69.944182,0.3,0.298605,0.04294,0.297804,0.298605,0.04294,0.3,146.850638,67.814487,32.22268,44.97736,0.000837,0.358386,FORWARD
1077,34.464,68.532697,65.241251,0.3,0.298609,0.041063,0.298463,0.298609,0.041063,0.3,153.989061,64.632566,32.31688,44.95852,0.000772,0.358311,FORWARD
1078,34.496,64.87939,64.240669,0.3,0.298612,0.046213,0.298924,0.298612,0.046213,0.068112,134.400201,74.156659,32.41108,44.93968,0.000772,0.358279,FORWARD
1079,34.528,66.793183,69.279402,0.3,0.298613,0.044186,0.299247,0.298613,0.044186,0.3,142.111698,62.968333,32.45504,44.97108,0.000772,0.358267,FORWARD
1080,34.56,58.648545,65.361916,0.3,0.298573,0.04465,0.299473,0.298573,0.04465,0.3,140.345794,69.020807,32.54924,44.95852,0.000837,0.358261,FORWARD
1081,34.592,72.247046,68.702626,0.3,0.29863,0.047485,0.299631,0.29863,0.047485,0.3,129.562824,69.627564,32.63716,44.93968,0.000708,0.358259,FORWARD
1082,34.624,65.674331,58.271668,0.3,0.298584,0.049567,0.299742,0.298584,0.049567,0.3,121.648064,68.780723,32.72508,44.9334,0.000837,0.358258,FORWARD
1083,34.656,65.891314,72.204879,0.3,0.298595,0.053583,0.299819,0.298595,0.053583,0.3,114.299743,66.824663,32.80672,44.92712,0.000772,0.358258,FORWARD
1084,34.688,65.461552,61.089919,0.3,0.298603,0.058384,0.299873,0.298603,0.058384,0.3,106.661285,68.49818,32.88208,44.92712,0.000772,0.358258,FORWARD
1085,34.72,70.310232,70.814811,0.3,0.298608,0.056754,0.299911,0.298608,0.056754,0.3,109.255005,64.917158,32.95744,44.92712,0.000772,0.358258,FORWARD
1086,34.752,66.856973,68.597308,0.3,0.29857,0.057265,0.299938,0.29857,0.057265,0.3,108.441774,65.492627,33.03908,44.92712,0.000837,0.358258,FORWARD
1087,34.784,65.270561,62.162869,0.3,0.298586,0.057137,0.299957,0.298586,0.057137,0.3,108.644314,72.024738,33.11444,44.92712,0.000772,0.358258,FORWARD
1088,34.816,68.227581,64.949248,0.3,0.298597,0.06018,0.29997,0.298597,0.06018,0.3,103.426623,66.050841,33.1898,44.92712,0.000772,0.358258,FORWARD
1089,34.848,72.698615,62.570283,0.068507,0.068507,0.061929,0.230531,0.068507,0.061929,0.3,96.971021,63.288118,33.26516,44.92712,0.000772,0.358258,FORWARD
1090,34.88,66.531239,70.993506,0.3,0.3,0.06519,0.251372,0.3,0.06519,0.3,84.940226,72.271644,33.3468,44.92712,0.000837,0.545455,FORWARD
1091,34.912,66.700967,72.959206,0.068437,0.068437,0.3,0.196491,0.068437,0.3,0.3,71.903167,65.295901,33.42216,44.92712,0.000772,0.545455,FORWARD
1092,34.944,70.859763,67.885387,0.3,0.3,0.3,0.227544,0.3,0.3,0.3,68.781254,69.605464,33.45984,44.9648,0.000772,0.545455,FORWARD
1093,34.976,69.747987,66.139488,0.3,0.299649,0.3,0.249281,0.299649,0.3,0.3,68.05516,64.976616,33.49752,45.00248,0.000772,0.545455,FORWARD
1094,35.008,67.596691,70.578601,0.3,0.299319,0.3,0.264496,0.299319,0.3,0.3,64.016612,64.276638,33.5352,45.04644,0.000837,0.427083,FORWARD
1095,35.04,70.184492,68.247979,0.3,0.299107,0.068299,0.275148,0.299107,0.3,0.068299,71.631479,73.466514,33.57288,45.08412,0.000772,0.385403,FORWARD
1096,35.072,64.55541,65.33528,0.3,0.29895,0.068543,0.282603,0.29895,0.068543,0.3,72.565675,68.229381,33.57288,45.15948,0.000772,0.369246,FORWARD
1097,35.104,65.880248,72.728102,0.068499,0.068499,0.06857,0.218372,0.068499,0.3,0.06857,66.235574,72.46792,33.64824,45.15948,0.000772,0.362751,FORWARD
1098,35.136,70.349203,72.720599,0.068501,0.06812,0.3,0.173411,0.06812,0.3,0.3,67.890616,67.364673,33.65452,45.23484,0.000837,0.545455,FORWARD
1099,35.168,69.672657,60.185264,0.3,0.3,0.3,0.211388,0.3,0.3,0.3,63.644656,70.219276,33.6922,45.27252,0.000772,0.427083,FORWARD
1100,35.2,70.857892,73.783877,0.068213,0.068213,0.3,0.168435,0.068213,0.3,0.3,69.424607,64.477822,33.72988,45.3102,0.000772,0.545455,FORWARD
1101,35.232,66.155071,68.995721,0.3,0.3,0.3,0.207905,0.3,0.3,0.3,71.457251,62.250229,33.76756,45.34788,0.000772,0.545455,FORWARD
1102,35.264,69.999972,66.262611,0.3,0.299649,0.3,0.235533,0.299649,0.3,0.3,61.415439,67.995958,33.80524,45.38556,0.000772,0.545455,FORWARD
1103,35.296,71.236394,67.250765,0.3,0.299356,0.3,0.254873,0.299356,0.3,0.3,69.894763,69.14415,33.84292,45.42324,0.000772,0.427083,FORWARD
1104,35.328,66.667289,66.063545,0.3,0.29909,0.3,0.268411,0.29909,0.3,0.3,67.644271,70.43504,33.8806,45.4672,0.000837,0.385403,FORWARD
1105,35.36,65.685547,65.013269,0.3,0.298939,0.3,0.277888,0.298939,0.3,0.3,61.289298,65.615906,33.91828,45.50488,0.000772,0.369246,FORWARD
1106,35.392,70.793851,62.540532,0.3,0.298832,0.3,0.284522,0.298832,0.3,0.3,64.228524,69.277499,33.95596,45.54256,0.000772,0.362751,FORWARD
1107,35.424,68.676526,65.3804,0.3,0.298717,0.3,0.289165,0.298717,0.3,0.3,67.892323,71.601136,33.99992,45.58024,0.000837,0.360103,FORWARD
1108,35.456,63.022881,66.478367,0.3,0.298682,0.3,0.292416,0.298682,0.3,0.3,67.335912,66.438916,34.0376,45.61792,0.000772,0.359017,FORWARD
1109,35.488,68.85882,66.17706,0.3,0.298659,0.3,0.294691,0.298659,0.3,0.3,67.206116,70.115463,34.07528,45.6556,0.000772,0.35857,FORWARD
1110,35.52,66.501992,69.173346,0.3,0.298644,0.3,0.296284,0.298644,0.3,0.3,65.968968,64.537289,34.11296,45.69328,0.000772,0.358386,FORWARD
1111,35.552,69.259068,60.014195,0.3,0.298634,0.068314,0.297399,0.298634,0.068314,0.3,73.410683,69.474946,34.15064,45.73096,0.000772,0.358311,FORWARD
1112,35.584,66.738849,72.386339,0.068592,0.068592,0.3,0.228757,0.068592,0.3,0.3,66.368508,64.701502,34.226,45.73724,0.000837,0.358279,FORWARD
1113,35.616,69.141608,67.372341,0.3,0.3,0.3,0.25013,0.3,0.3,0.3,65.213176,67.133173,34.26368,45.77492,0.000772,0.545455,FORWARD
1114,35.648,66.043888,71.299217,0.3,0.299649,0.3,0.265091,0.299649,0.3,0.3,66.598761,57.478745,34.30136,45.8126,0.000772,0.545455,FORWARD
1115,35.68,66.568399,66.186938,0.3,0.299356,0.3,0.275563,0.299356,0.3,0.3,64.182651,69.709537,34.33904,45.85028,0.000772,0.427083,FORWARD
1116,35.712,71.398396,67.294287,0.3,0.29913,0.3,0.282894,0.29913,0.3,0.3,64.702638,66.068207,34.37672,45.88796,0.000772,0.385403,FORWARD
1117,35.744,69.699664,65.189091,0.3,0.298923,0.3,0.288026,0.298923,0.3,0.3,71.159835,66.916571,34.42068,45.92564,0.000837,0.369246,FORWARD
1118,35.776,67.462122,68.433091,0.3,0.298822,0.3,0.291618,0.298822,0.3,0.3,69.052832,62.941652,34.45836,45.96332,0.000772,0.362751,FORWARD
1119,35.808,69.497026,70.989993,0.3,0.298752,0.3,0.294133,0.298752,0.3,0.3,63.823466,66.230774,34.49604,46.001,0.000772,0.360103,FORWARD
1120,35.84,62.711536,72.174486,0.3,0.298705,0.3,0.295893,0.298705,0.3,0.3,66.192082,64.975176,34.53372,46.03868,0.000772,0.359017,FORWARD
1121,35.872,70.004618,61.935746,0.3,0.298632,0.067959,0.297125,0.298632,0.3,0.067959,65.468775,74.720377,34.5714,46.08264,0.000837,0.35857,FORWARD
1122,35.904,64.756962,67.48132,0.3,0.298627,0.3,0.297988,0.298627,0.3,0.3,66.33639,63.594894,34.5714,46.158,0.000772,0.358386,FORWARD
1123,35.936,69.791051,61.628172,0.3,0.298623,0.3,0.298591,0.298623,0.3,0.3,62.45556,69.263055,34.60908,46.19568,0.000772,0.358311,FORWARD
1124,35.968,65.757194,75.385049,0.067779,0.067779,0.3,0.229348,0.067779,0.3,0.3,67.865779,70.986062,34.64676,46.23336,0.000772,0.358279,FORWARD
1125,36.0,64.973287,67.428962,0.3,0.3,0.3,0.250543,0.3,0.3,0.3,67.596609,66.113351,34.69072,46.27104,0.000837,0.545455,FORWARD
1126,36.032,67.814158,69.602855,0.3,0.299649,0.3,0.26538,0.299649,0.3,0.3,65.692917,67.209285,34.7284,46.30872,0.000772,0.545455,FORWARD
1127,36.064,57.879799,67.205986,0.3,0.299356,0.3,0.275766,0.299356,0.3,0.3,68.418211,68.96363,34.76608,46.3464,0.000772,0.427083,FORWARD
1128,36.096,70.710659,71.926473,0.3,0.29913,0.3,0.283036,0.29913,0.3,0.3,63.708111,68.178584,34.80376,46.38408,0.000772,0.385403,FORWARD
1129,36.128,63.594351,67.228217,0.3,0.298964,0.3,0.288125,0.298964,0.3,0.3,70.923577,65.399592,34.84144,46.42176,0.000772,0.369246,FORWARD
1130,36.16,70.100226,65.820527,0.3,0.298806,0.3,0.291688,0.298806,0.3,0.3,70.812104,71.449512,34.87912,46.46572,0.000837,0.362751,FORWARD
1131,36.192,65.691539,65.720783,0.3,0.298742,0.3,0.294181,0.298742,0.3,0.3,64.901348,67.27242,34.9168,46.5034,0.000772,0.360103,FORWARD
1132,36.224,66.358598,68.394943,0.3,0.298698,0.068368,0.295927,0.298698,0.068368,0.3,73.213528,70.571758,34.95448,46.54108,0.000772,0.359017,FORWARD
1133,36.256,70.219508,60.895499,0.3,0.29867,0.3,0.297149,0.29867,0.3,0.3,65.750251,62.397625,35.02984,46.54108,0.000772,0.35857,FORWARD
1134,36.288,69.690098,66.854177,0.3,0.29861,0.3,0.298004,0.29861,0.3,0.3,63.931311,67.84459,35.0738,46.57876,0.000837,0.358386,FORWARD
1135,36.32,63.759427,68.655961,0.3,0.298612,0.3,0.298603,0.298612,0.3,0.3,62.335954,68.335014,35.11148,46.61644,0.000772,0.358311,FORWARD
1136,36.352,67.771105,63.495249,0.3,0.298614,0.3,0.299022,0.298614,0.3,0.3,68.912605,68.333652,35.14916,46.65412,0.000772,0.358279,FORWARD
1137,36.384,65.55536,66.191893,0.3,0.298615,0.3,0.299315,0.298615,0.3,0.3,64.587712,64.506679,35.18684,46.6918,0.000772,0.358267,FORWARD
1138,36.416,63.831985,67.92872,0.3,0.298574,0.3,0.299521,0.298574,0.3,0.3,69.394447,67.650058,35.22452,46.73576,0.000837,0.358261,FORWARD
1139,36.448,69.572256,64.955879,0.3,0.298589,0.3,0.299665,0.298589,0.3,0.3,64.852557,67.538565,35.2622,46.77344,0.000772,0.358259,FORWARD
1140,36.48,65.962375,65.47646,0.3,0.298599,0.3,0.299765,0.298599,0.3,0.3,69.592672,66.82037,35.29988,46.81112,0.000772,0.358258,FORWARD
1141,36.512,66.151614,66.817601,0.3,0.298605,0.3,0.299836,0.298605,0.3,0.3,65.171993,71.92693,35.33756,46.8488,0.000772,0.358258,FORWARD
1142,36.544,72.9785,68.888645,0.068431,0.068431,0.3,0.230414,0.068431,0.3,0.3,64.558429,66.894123,35.37524,46.88648,0.000772,0.358258,FORWARD
1143,36.576,67.151858,70.237904,0.3,0.3,0.3,0.25129,0.3,0.3,0.3,71.438525,64.941909,35.4192,46.92416,0.000837,0.545455,FORWARD
1144,36.608,71.933536,64.092586,0.3,0.299649,0.3,0.265903,0.299649,0.3,0.3,71.018373,63.5146,35.45688,46.96184,0.000772,0.545455,FORWARD
1145,36.64,67.90039,69.799443,0.3,0.299356,0.3,0.276132,0.299356,0.3,0.3,66.139883,67.599095,35.49456,46.99952,0.000772,0.427083,FORWARD
1146,36.672,67.199927,74.573984,0.067999,0.067999,0.3,0.213692,0.067999,0.3,0.3,65.598295,72.088728,35.53224,47.0372,0.000772,0.385403,FORWARD
1147,36.704,69.568345,66.194345,0.3,0.3,0.3,0.239585,0.3,0.3,0.3,70.524174,67.701438,35.56992,47.08116,0.000837,0.545455,FORWARD
1148,36.736,69.297483,67.533706,0.3,0.299649,0.3,0.257709,0.299649,0.3,0.3,70.046374,70.275036,35.6076,47.11884,0.000772,0.545455,FORWARD
1149,36.768,65.8209,70.424257,0.3,0.299356,0.3,0.270396,0.299356,0.3,0.3,65.824321,64.321468,35.64528,47.15652,0.000772,0.427083,FORWARD
1150,36.8,67.270301,73.049256,0.068412,0.068412,0.3,0.209801,0.068412,0.3,0.3,61.719443,68.242033,35.68296,47.1942,0.000772,0.385403,FORWARD
1151,36.832,66.122914,78.260361,0.067,0.067,0.3,0.166961,0.067291,0.3,0.3,64.712378,68.078344,35.72064,47.23188,0.000772,0.545455,FORWARD
1152,36.864,68.05978,73.970051,0.068163,0.067184,0.3,0.137321,0.067184,0.3,0.3,64.374902,69.190317,35.7646,47.26956,0.000837,0.427083,FORWARD
1153,36.896,71.953899,80.078892,0.066507,0.066448,0.3,0.116077,0.066448,0.3,0.3,64.737262,65.718306,35.80228,47.30724,0.000772,0.385403,FORWARD
1154,36.928,62.856742,79.455464,0.066676,0.066045,0.3,0.101257,0.066045,0.3,0.3,68.30795,70.458198,35.83996,47.34492,0.000772,0.369246,FORWARD
1155,36.96,64.384515,85.664457,0.064993,0.064993,0.3,0.090378,0.065171,0.3,0.3,67.140005,67.819781,35.87764,47.3826,0.000772,0.362751,FORWARD
1156,36.992,59.559454,90.075499,0.063798,0.063798,0.3,0.082404,0.064141,0.3,0.3,63.706094,63.413927,35.91532,47.42656,0.000837,0.360103,FORWARD
1157,37.024,62.890738,90.64082,0.063645,0.063468,0.3,0.076776,0.063468,0.3,0.3,62.354718,68.943265,35.953,47.46424,0.000772,0.359017,FORWARD
1158,37.056,65.458394,98.226682,0.061589,0.061589,0.3,0.07222,0.062299,0.3,0.3,66.829721,66.145888,35.99068,47.50192,0.000772,0.35857,FORWARD
1159,37.088,67.713248,102.290656,0.060488,0.060488,0.3,0.0687,0.061154,0.3,0.3,66.232572,70.421793,36.02836,47.5396,0.000772,0.358386,FORWARD
1160,37.12,70.154492,98.708137,0.061458,0.060767,0.3,0.066528,0.060767,0.3,0.3,71.852341,70.618903,36.06604,47.57728,0.000772,0.358311,FORWARD
1161,37.152,68.973616,102.38537,0.060462,0.060121,0.067816,0.064708,0.060121,0.3,0.067816,69.516967,75.247607,36.11,47.61496,0.000837,0.358279,FORWARD
1162,37.184,68.063341,99.00643,0.061378,0.060076,0.3,0.063709,0.060076,0.3,0.3,66.277135,65.152714,36.11,47.69032,0.000772,0.358267,FORWARD
1163,37.216,66.700272,101.333085,0.060747,0.05982,0.3,0.06282,0.05982,0.3,0.3,68.004793,63.466934,36.14768,47.728,0.000772,0.358261,FORWARD
1164,37.248,69.127569,102.37097,0.060466,0.059556,0.3,0.062114,0.059556,0.3,0.3,70.188577,67.236451,36.18536,47.76568,0.000772,0.358259,FORWARD
1165,37.28,64.786289,103.131581,0.06026,0.059271,0.3,0.061558,0.059271,0.3,0.3,69.458616,64.869736,36.22304,47.80964,0.000837,0.358258,FORWARD
1166,37.312,66.103213,109.147953,0.056821,0.056821,0.3,0.060137,0.057898,0.3,0.3,67.150279,66.216281,36.26072,47.84732,0.000772,0.358258,FORWARD
1167,37.344,67.60943,107.735071,0.057709,0.057334,0.3,0.059408,0.057334,0.3,0.3,68.886415,67.526909,36.2984,47.885,0.000772,0.358258,FORWARD
1168,37.376,71.292915,110.405749,0.05603,0.05603,0.3,0.058395,0.056371,0.3,0.3,71.114055,71.262192,36.33608,47.92268,0.000772,0.358258,FORWARD
1169,37.408,61.641469,117.103056,0.051821,0.051821,0.3,0.056423,0.054204,0.3,0.3,66.955321,68.401728,36.38004,47.96036,0.000837,0.358258,FORWARD
1170,37.44,71.089246,115.562077,0.052789,0.052789,0.3,0.055333,0.053202,0.3,0.3,66.930514,64.299547,36.41772,47.99804,0.000772,0.358258,FORWARD
1171,37.472,70.258407,113.090648,0.054343,0.053115,0.3,0.055036,0.053115,0.3,0.3,61.283282,69.426515,36.4554,48.03572,0.000772,0.358258,FORWARD
1172,37.504,69.414154,105.408644,0.059171,0.054789,0.3,0.056276,0.054789,0.3,0.3,64.313519,65.794374,36.49308,48.0734,0.000772,0.358258,FORWARD
1173,37.536,65.621177,117.331408,0.051677,0.051677,0.3,0.054897,0.053178,0.3,0.3,65.064372,67.424211,36.53076,48.11108,0.000772,0.358258,FORWARD
1174,37.568,70.495221,113.455802,0.054113,0.052976,0.3,0.054662,0.052976,0.3,0.3,65.472635,67.748631,36.56844,48.15504,0.000837,0.358258,FORWARD
1175,37.6,63.321062,130.01626,0.047366,0.047366,0.068056,0.052473,0.050471,0.3,0.068056,72.0793,74.36492,36.60612,48.19272,0.000772,0.358258,FORWARD
1176,37.632,71.405078,112.451326,0.054745,0.051547,0.3,0.053154,0.051547,0.3,0.3,71.277766,67.807489,36.60612,48.2618,0.000708,0.358258,FORWARD
1177,37.664,70.170648,122.349433,0.049382,0.049382,0.3,0.052023,0.050276,0.3,0.3,66.624771,62.719249,36.6438,48.29948,0.000772,0.358258,FORWARD
1178,37.696,62.889134,120.176037,0.049954,0.049624,0.3,0.051402,0.049624,0.3,0.3,67.631531,68.445473,36.68148,48.34344,0.000837,0.358258,FORWARD
1179,37.728,66.448321,114.779756,0.053281,0.050438,0.068106,0.051966,0.050438,0.068106,0.3,74.177417,61.227667,36.71916,48.38112,0.000772,0.358258,FORWARD
1180,37.76,68.832425,131.347767,0.047016,0.047016,0.3,0.050481,0.048716,0.3,0.3,66.252063,62.551604,36.79452,48.38112,0.000772,0.358258,FORWARD
1181,37.792,66.839116,143.506506,0.043819,0.043819,0.3,0.048482,0.046466,0.3,0.3,65.836965,66.151472,36.8322,48.4188,0.000772,0.358258,FORWARD
1182,37.824,63.177513,136.893346,0.045558,0.045558,0.3,0.047605,0.045728,0.3,0.3,65.270376,65.909735,36.8636,48.4502,0.000644,0.358258,FORWARD
1183,37.856,66.105005,142.71381,0.044027,0.044027,0.3,0.046532,0.044664,0.3,0.3,64.018796,64.022323,36.90128,48.4816,0.000708,0.358258,FORWARD
1184,37.888,64.440416,138.912823,0.045027,0.04434,0.3,0.04608,0.04434,0.3,0.3,71.352389,65.178973,36.93268,48.51928,0.000708,0.358258,FORWARD
1185,37.92,63.947092,154.847916,0.040837,0.040837,0.3,0.044507,0.04263,0.3,0.3,70.203621,69.739344,36.97036,48.55068,0.000708,0.358258,FORWARD
1186,37.952,66.456586,149.881988,0.042143,0.042042,0.3,0.043798,0.042042,0.3,0.3,69.304868,68.781827,37.00176,48.58208,0.000644,0.358258,FORWARD
1187,37.984,64.084344,149.408867,0.042267,0.04171,0.3,0.043339,0.04171,0.3,0.3,63.646496,64.234435,37.03316,48.61348,0.000644,0.358258,FORWARD
1188,38.016,62.797257,157.451974,0.040152,0.040152,0.3,0.042383,0.040739,0.3,0.3,64.430479,65.529928,37.06456,48.64488,0.000644,0.358258,FORWARD
1189,38.048,67.008661,150.641295,0.041943,0.040757,0.3,0.042251,0.040757,0.3,0.3,69.804698,68.029607,37.09596,48.67628,0.000644,0.358258,FORWARD
1190,38.08,65.657945,165.752371,0.038996,0.038996,0.068339,0.041274,0.039713,0.068339,0.3,73.32065,65.211281,37.12736,48.70768,0.000644,0.358258,TURN_RIGHT
1191,38.112,75.630425,187.679767,0.036144,0.036144,0.3,0.039735,0.038393,0.3,0.3,69.012581,62.63067,37.209,48.63232,6.4e-05,0.358258,TURN_LEFT
1192,38.144,69.04751,166.705587,0.038872,0.038606,0.3,0.039476,0.038606,0.3,0.3,71.578806,68.615343,37.12736,48.70768,-6.4e-05,0.358258,TURN_LEFT
1193,38.176,66.37647,63.451729,0.3,0.3,0.3,0.117633,0.3,0.3,0.3,62.248432,65.823185,37.04572,48.78932,-0.0,0.358258,TURN_LEFT
1194,38.208,68.885531,64.265649,0.3,0.299971,0.3,0.172343,0.299971,0.3,0.3,67.754306,67.066865,36.97036,48.87096,6.4e-05,0.545455,TURN_LEFT
1195,38.24,65.783997,68.168831,0.3,0.299983,0.3,0.21064,0.299983,0.3,0.3,69.693013,65.06276,36.88872,48.9526,0.0,0.427083,TURN_LEFT
1196,38.272,67.002285,68.755577,0.3,0.3,0.3,0.237448,0.3,0.3,0.3,71.435019,69.426814,36.80708,49.02796,-6.4e-05,0.385403,TURN_LEFT
1197,38.304,68.085136,66.958883,0.3,0.3,0.068146,0.256214,0.3,0.3,0.068146,67.258822,74.030601,36.72544,49.1096,0.0,0.369246,TURN_LEFT
1198,38.336,66.846168,66.288117,0.3,0.299959,0.3,0.26935,0.299959,0.3,0.3,69.167263,67.553375,36.65008,49.19124,6.4e-05,0.362751,TURN_LEFT
1199,38.368,66.764977,66.334587,0.3,0.3,0.3,0.278545,0.3,0.3,0.3,69.415194,68.885231,36.56844,49.2666,-6.4e-05,0.360103,TURN_LEFT
1200,38.4,68.462119,66.448854,0.3,0.3,0.3,0.284981,0.3,0.3,0.3,68.951447,70.032342,36.4868,49.34824,0.0,0.359017,TURN_LEFT
1201,38.432,64.602835,64.252036,0.3,0.3,0.022437,0.289487,0.3,0.3,0.022437,64.44608,347.557536,36.40516,49.42988,0.0,0.35857,FORWARD
1202,38.464,68.962703,62.384891,0.3,0.299504,0.022828,0.292641,0.299504,0.3,0.022828,66.69678,341.727477,36.38632,49.52408,0.000772,0.358386,FORWARD
1203,38.496,67.737997,70.970669,0.3,0.299186,0.022156,0.294849,0.299186,0.068134,0.022156,74.07436,351.72785,36.36748,49.61828,0.000772,0.358311,FORWARD
1204,38.528,71.299077,68.324654,0.3,0.298941,0.022656,0.296394,0.298941,0.3,0.022656,68.469698,344.285411,36.38632,49.68108,0.000837,0.358279,FORWARD
1205,38.56,68.621199,65.83081,0.3,0.298825,0.022639,0.297476,0.298825,0.3,0.022639,68.879685,344.544754,36.36748,49.77528,0.000772,0.358267,FORWARD
1206,38.592,72.182691,60.860494,0.3,0.29875,0.022743,0.298233,0.29875,0.3,0.022743,68.379602,342.998822,36.34864,49.86948,0.000772,0.358261,FORWARD
1207,38.624,68.698835,62.24296,0.3,0.298661,0.022607,0.298763,0.298661,0.3,0.022607,66.872659,345.021913,36.3298,49.96996,0.000837,0.358259,FORWARD
1208,38.656,62.584521,71.348689,0.3,0.298645,0.02395,0.299134,0.298645,0.3,0.02395,61.835635,325.01825,36.31096,50.06416,0.000772,0.358258,FORWARD
1209,38.688,61.500961,65.515863,0.3,0.298635,0.023678,0.299394,0.298635,0.3,0.023678,60.423885,329.068288,36.29212,50.15836,0.000772,0.358258,FORWARD
1210,38.72,71.347858,64.950768,0.3,0.298628,0.025409,0.299576,0.298628,0.3,0.025409,65.395032,303.289355,36.27328,50.25256,0.000772,0.358258,FORWARD
1211,38.752,68.486137,68.839502,0.3,0.298583,0.026127,0.299703,0.298583,0.3,0.026127,69.871855,292.599955,36.25444,50.35304,0.000837,0.358258,FORWARD
1212,38.784,65.231788,67.598355,0.3,0.298595,0.027526,0.299792,0.298595,0.3,0.027526,65.427568,271.763495,36.2356,50.44724,0.000772,0.358258,FORWARD
1213,38.816,61.111128,62.497962,0.3,0.298602,0.029441,0.299854,0.298602,0.3,0.029441,68.611181,243.251883,36.21676,50.54144,0.000772,0.358258,FORWARD
1214,38.848,65.551255,63.7207,0.3,0.298566,0.030798,0.299898,0.298566,0.3,0.030798,67.300185,228.796105,36.19792,50.64192,0.000837,0.358258,FORWARD
1215,38.88,70.238538,68.222771,0.3,0.298584,0.031703,0.299929,0.298584,0.3,0.031703,65.334324,221.837674,36.17908,50.73612,0.000772,0.358258,FORWARD
1216,38.912,64.951542,65.138582,0.3,0.298596,0.3,0.29995,0.298596,0.3,0.3,67.053006,67.935325,36.16024,50.83032,0.000772,0.358258,FORWARD
1217,38.944,58.720564,63.613535,0.3,0.298603,0.3,0.299965,0.298603,0.3,0.3,66.955161,67.404445,36.19792,50.868,0.000772,0.358258,FORWARD
1218,38.976,69.549131,66.026488,0.3,0.298608,0.3,0.299976,0.298608,0.3,0.3,63.429433,64.281472,36.2356,50.90568,0.000772,0.358258,FORWARD
1219,39.008,70.965743,63.541608,0.3,0.298611,0.3,0.299983,0.298611,0.3,0.3,62.465521,69.401671,36.27328,50.94336,0.000772,0.358258,FORWARD
1220,39.04,68.787155,65.488791,0.3,0.298613,0.3,0.299988,0.298613,0.3,0.3,69.700003,65.588537,36.31096,50.98104,0.000772,0.358258,FORWARD
1221,39.072,69.983281,68.980209,0.3,0.298573,0.3,0.299992,0.298573,0.3,0.3,68.395586,61.367986,36.34864,51.025,0.000837,0.358258,FORWARD
1222,39.104,73.610254,68.170594,0.06826,0.06826,0.3,0.230472,0.06826,0.3,0.3,66.594339,63.058298,36.38632,51.06268,0.000772,0.358258,FORWARD
1223,39.136,63.017207,67.721409,0.3,0.3,0.3,0.251331,0.3,0.3,0.3,67.33071,67.233833,36.424,51.10036,0.000772,0.545455,FORWARD
1224,39.168,60.227404,66.851809,0.3,0.29962,0.3,0.265931,0.29962,0.3,0.3,66.472249,59.158039,36.46796,51.13804,0.000837,0.545455,FORWARD
1225,39.2,63.487924,65.579408,0.3,0.29934,0.3,0.276152,0.29934,0.3,0.3,67.031541,63.897791,36.50564,51.17572,0.000772,0.427083,FORWARD
1226,39.232,67.25377,68.845446,0.3,0.299119,0.3,0.283306,0.299119,0.3,0.3,66.461644,71.475353,36.54332,51.2134,0.000772,0.385403,FORWARD
1227,39.264,70.746935,68.332733,0.3,0.298957,0.3,0.288314,0.298957,0.3,0.3,63.378783,71.06189,36.581,51.25108,0.000772,0.369246,FORWARD
1228,39.296,71.632285,60.540802,0.3,0.298843,0.3,0.29182,0.298843,0.3,0.3,66.846816,66.276049,36.61868,51.28876,0.000772,0.362751,FORWARD
1229,39.328,67.845863,65.92956,0.3,0.298724,0.3,0.294274,0.298724,0.3,0.3,63.807851,69.811762,36.65636,51.33272,0.000837,0.360103,FORWARD
1230,39.36,66.404146,68.06044,0.3,0.298687,0.3,0.295992,0.298687,0.3,0.3,68.946094,65.831771,36.69404,51.3704,0.000772,0.359017,FORWARD
1231,39.392,67.60053,64.145237,0.3,0.298662,0.3,0.297194,0.298662,0.3,0.3,70.738039,68.282858,36.73172,51.40808,0.000772,0.35857,FORWARD
1232,39.424,70.022792,66.288824,0.3,0.298646,0.068538,0.298036,0.298646,0.3,0.068538,61.58423,72.584958,36.7694,51.44576,0.000772,0.358386,FORWARD
1233,39.456,68.924389,63.912626,0.3,0.298594,0.3,0.298625,0.298594,0.3,0.3,64.679021,68.370691,36.77568,51.52112,0.000837,0.358311,FORWARD
1234,39.488,65.238647,68.661553,0.3,0.298602,0.3,0.299038,0.298602,0.3,0.3,68.785972,64.380528,36.81336,51.5588,0.000772,0.358279,FORWARD
1235,39.52,68.449859,63.670822,0.3,0.298607,0.3,0.299326,0.298607,0.3,0.3,68.290578,62.56995,36.85104,51.59648,0.000772,0.358267,FORWARD
1236,39.552,61.225962,69.619274,0.3,0.298611,0.3,0.299528,0.298611,0.3,0.3,63.762342,66.467694,36.88872,51.63416,0.000772,0.358261,FORWARD
1237,39.584,64.701827,67.488492,0.3,0.298613,0.3,0.29967,0.298613,0.3,0.3,65.4236,66.782055,36.9264,51.67184,0.000772,0.358259,FORWARD
1238,39.616,67.510372,61.340262,0.3,0.298614,0.3,0.299769,0.298614,0.3,0.3,63.005357,57.728103,36.96408,51.70952,0.000772,0.358258,FORWARD
1239,39.648,70.533795,65.483278,0.3,0.298574,0.3,0.299838,0.298574,0.3,0.3,71.059665,70.371706,37.00176,51.75348,0.000837,0.358258,FORWARD
1240,39.68,71.199533,66.003514,0.3,0.298589,0.3,0.299887,0.298589,0.3,0.3,67.754165,66.607843,37.03944,51.79116,0.000772,0.358258,FORWARD
1241,39.712,66.117502,67.094787,0.3,0.298557,0.3,0.299921,0.298557,0.3,0.3,63.649592,68.621863,37.0834,51.82884,0.000837,0.358258,FORWARD
1242,39.744,65.99079,67.601047,0.3,0.298579,0.3,0.299945,0.298579,0.3,0.3,67.038675,61.720205,37.12108,51.86652,0.000772,0.358258,FORWARD
1243,39.776,73.285062,62.172442,0.068348,0.068348,0.3,0.230466,0.068348,0.3,0.3,66.355795,66.204091,37.15876,51.9042,0.000772,0.358258,FORWARD
1244,39.808,71.568905,64.43612,0.3,0.3,0.3,0.251326,0.3,0.3,0.3,72.013665,71.922792,37.19644,51.94188,0.000772,0.545455,FORWARD
1245,39.84,68.933688,60.492358,0.3,0.299649,0.068182,0.265928,0.299649,0.3,0.068182,61.992905,73.899404,37.23412,51.97956,0.000772,0.545455,FORWARD
1246,39.872,74.421141,68.214138,0.06804,0.06804,0.3,0.206562,0.06804,0.3,0.3,65.280739,71.535062,37.23412,52.05492,0.000772,0.427083,FORWARD
1247,39.904,70.370421,68.107621,0.3,0.3,0.068543,0.234593,0.3,0.068543,0.3,72.56586,66.360346,37.2718,52.0926,0.000772,0.545455,FORWARD
1248,39.936,72.029215,72.704906,0.068505,0.068505,0.3,0.184767,0.068505,0.3,0.3,69.692372,68.146862,37.34716,52.09888,0.000837,0.545455,FORWARD
1249,39.968,72.823944,60.182584,0.068473,0.068137,0.3,0.149879,0.068137,0.3,0.3,65.637477,68.202585,37.38484,52.13656,0.000772,0.545455,FORWARD
1250,40.0,67.683309,67.270837,0.3,0.3,0.3,0.194915,0.3,0.3,0.3,67.151322,70.115819,37.4288,52.17424,0.000837,0.427083,FORWARD
1251,40.032,70.739885,67.336106,0.3,0.299649,0.3,0.226441,0.299649,0.3,0.3,60.110741,64.639404,37.46648,52.21192,0.000772,0.545455,FORWARD
1252,40.064,68.311595,71.945983,0.3,0.299356,0.3,0.248508,0.299356,0.3,0.3,69.334278,70.685084,37.50416,52.2496,0.000772,0.427083,FORWARD
1253,40.096,66.34204,67.96274,0.3,0.29913,0.068182,0.263956,0.29913,0.068182,0.068241,73.898016,73.68096,37.54184,52.28728,0.000772,0.385403,FORWARD
1254,40.128,70.470528,72.240189,0.3,0.298964,0.3,0.274769,0.298964,0.3,0.3,63.389895,67.883741,37.57952,52.32496,0.000772,0.369246,FORWARD
1255,40.16,60.782473,68.155048,0.3,0.298847,0.3,0.282338,0.298847,0.3,0.3,62.761899,67.69944,37.6172,52.36264,0.000772,0.362751,FORWARD
1256,40.192,68.365168,65.024329,0.3,0.298768,0.3,0.287637,0.298768,0.3,0.3,65.727291,68.270147,37.65488,52.40032,0.000772,0.360103,FORWARD
1257,40.224,70.19453,65.80891,0.3,0.298674,0.3,0.291346,0.298674,0.3,0.3,64.595035,71.865511,37.69256,52.44428,0.000837,0.359017,FORWARD
1258,40.256,59.288715,66.989387,0.3,0.298654,0.3,0.293942,0.298654,0.3,0.3,65.842228,64.480233,37.73024,52.48196,0.000772,0.35857,FORWARD
1259,40.288,70.234671,67.782922,0.3,0.2986,0.3,0.295759,0.2986,0.3,0.3,71.879542,69.240159,37.7742,52.51964,0.000837,0.358386,FORWARD
1260,40.32,71.463824,63.449671,0.3,0.298606,0.3,0.297032,0.298606,0.3,0.3,71.158799,70.617519,37.81188,52.55732,0.000772,0.358311,FORWARD
1261,40.352,66.311987,63.121976,0.3,0.29861,0.3,0.297922,0.29861,0.3,0.3,64.777001,67.354925,37.84956,52.595,0.000772,0.358279,FORWARD
1262,40.384,73.57416,64.006588,0.06827,0.06827,0.3,0.229026,0.06827,0.3,0.3,71.281799,67.133425,37.88724,52.63268,0.000772,0.358267,FORWARD
1263,40.416,61.2793,68.150749,0.3,0.3,0.3,0.250319,0.3,0.3,0.3,66.865394,65.545154,37.92492,52.67036,0.000772,0.545455,FORWARD
1264,40.448,67.258413,64.874704,0.3,0.299649,0.3,0.265223,0.299649,0.3,0.3,65.689003,70.852899,37.9626,52.70804,0.000772,0.545455,FORWARD
1265,40.48,68.902287,76.38912,0.067507,0.067507,0.3,0.205908,0.067507,0.3,0.3,69.483319,67.974203,38.00028,52.752,0.000837,0.427083,FORWARD
1266,40.512,62.339843,66.916888,0.3,0.3,0.3,0.234136,0.3,0.3,0.3,68.700891,69.626686,38.03796,52.78968,0.000772,0.545455,FORWARD
1267,40.544,67.641574,70.540531,0.3,0.299649,0.3,0.253895,0.299649,0.3,0.3,63.682557,69.164921,38.07564,52.82736,0.000772,0.545455,FORWARD
1268,40.576,67.815296,69.039593,0.3,0.299319,0.3,0.267727,0.299319,0.3,0.3,66.483329,64.738679,38.1196,52.86504,0.000837,0.427083,FORWARD
1269,40.608,69.397352,69.502001,0.3,0.299107,0.3,0.277409,0.299107,0.3,0.3,64.767209,65.064554,38.15728,52.90272,0.000772,0.385403,FORWARD
1270,40.64,69.320017,64.15562,0.3,0.29895,0.068217,0.284186,0.29895,0.3,0.068217,69.420903,73.769128,38.19496,52.9404,0.000772,0.369246,FORWARD
1271,40.672,69.184112,66.31652,0.3,0.298838,0.3,0.28893,0.298838,0.3,0.3,67.621038,69.793848,38.19496,53.01576,0.000772,0.362751,FORWARD
1272,40.704,67.035018,67.373573,0.3,0.298762,0.3,0.292251,0.298762,0.3,0.3,71.254961,68.941513,38.23264,53.05344,0.000772,0.360103,FORWARD
1273,40.736,70.819675,63.550298,0.3,0.298712,0.3,0.294576,0.298712,0.3,0.3,71.821609,71.621983,38.27032,53.09112,0.000772,0.359017,FORWARD
1274,40.768,63.542764,68.569143,0.3,0.298678,0.3,0.296203,0.298678,0.3,0.3,65.201614,67.712087,38.308,53.1288,0.000772,0.35857,FORWARD
1275,40.8,67.742627,70.301424,0.3,0.298615,0.3,0.297342,0.298615,0.3,0.3,65.752787,68.183702,38.34568,53.17276,0.000837,0.358386,FORWARD
1276,40.832,71.050963,62.61592,0.3,0.298574,0.3,0.298139,0.298574,0.3,0.3,63.256291,65.83539,38.38964,53.21044,0.000837,0.358311,FORWARD
1277,40.864,64.728209,64.233213,0.3,0.298589,0.3,0.298698,0.298589,0.3,0.3,66.533764,60.758377,38.42732,53.24812,0.000772,0.358279,FORWARD
1278,40.896,69.891487,77.027643,0.067334,0.067334,0.3,0.229289,0.067334,0.3,0.3,65.116715,68.057697,38.465,53.2858,0.000772,0.358267,FORWARD
1279,40.928,61.579459,63.274882,0.3,0.3,0.3,0.250502,0.3,0.3,0.3,68.267681,65.351653,38.50268,53.32348,0.000772,0.545455,FORWARD
1280,40.96,68.490269,68.383512,0.3,0.299649,0.3,0.265351,0.299649,0.3,0.3,66.177258,63.940309,38.54036,53.36116,0.000772,0.545455,FORWARD
1281,40.992,65.252417,65.096935,0.3,0.299356,0.3,0.275746,0.299356,0.3,0.3,67.306349,69.147802,38.57804,53.39884,0.000772,0.427083,FORWARD
1282,41.024,73.455635,67.182667,0.068302,0.068302,0.068451,0.213513,0.068302,0.3,0.068451,71.002933,72.904328,38.61572,53.43652,0.000772,0.385403,FORWARD
1283,41.056,70.756915,61.226894,0.3,0.3,0.3,0.239459,0.3,0.3,0.3,64.088495,68.172608,38.622,53.51188,0.000837,0.545455,FORWARD
1284,41.088,68.754086,69.527982,0.3,0.299649,0.3,0.257621,0.299649,0.3,0.3,71.34721,69.165899,38.65968,53.54956,0.000772,0.545455,FORWARD
1285,41.12,62.658527,63.519618,0.3,0.299319,0.3,0.270335,0.299319,0.3,0.3,69.689298,66.46119,38.69736,53.59352,0.000837,0.427083,FORWARD
1286,41.152,69.364101,66.55297,0.3,0.299107,0.3,0.279234,0.299107,0.3,0.3,70.573324,68.508321,38.73504,53.6312,0.000772,0.385403,FORWARD
1287,41.184,67.318567,71.657375,0.3,0.29895,0.3,0.285464,0.29895,0.3,0.3,69.012421,71.486708,38.77272,53.66888,0.000772,0.369246,FORWARD
1288,41.216,69.838877,61.510446,0.3,0.298838,0.3,0.289825,0.298838,0.3,0.3,67.286646,59.536627,38.8104,53.70656,0.000772,0.362751,FORWARD
1289,41.248,66.260406,69.009135,0.3,0.298762,0.3,0.292877,0.298762,0.3,0.3,61.516845,64.940598,38.84808,53.74424,0.000772,0.360103,FORWARD
1290,41.28,69.323231,70.218453,0.3,0.298712,0.3,0.295014,0.298712,0.3,0.3,59.816051,63.828964,38.88576,53.78192,0.000772,0.359017,FORWARD
1291,41.312,69.865491,68.736914,0.3,0.298678,0.3,0.29651,0.298678,0.3,0.3,71.468647,71.904031,38.92344,53.8196,0.000772,0.35857,FORWARD
1292,41.344,65.081457,61.676374,0.3,0.298615,0.3,0.297557,0.298615,0.3,0.3,68.623796,69.159467,38.9674,53.85728,0.000837,0.358386,FORWARD
1293,41.376,67.16404,67.043816,0.3,0.298616,0.3,0.29829,0.298616,0.3,0.3,65.14284,66.364731,39.00508,53.89496,0.000772,0.358311,FORWARD
1294,41.408,68.14291,70.765335,0.3,0.298575,0.068155,0.298803,0.298575,0.068155,0.3,73.996522,64.459885,39.04276,53.93892,0.000837,0.358279,FORWARD
1295,41.44,64.906333,69.475744,0.3,0.29859,0.3,0.299162,0.29859,0.3,0.3,67.833816,70.174978,39.11812,53.93892,0.000772,0.358267,FORWARD
1296,41.472,65.373669,73.87262,0.068189,0.068189,0.3,0.22987,0.068189,0.3,0.3,67.484591,72.237938,39.1558,53.9766,0.000772,0.358261,FORWARD
1297,41.504,69.877298,61.470429,0.3,0.3,0.3,0.250909,0.3,0.3,0.3,66.677533,70.360898,39.19348,54.01428,0.000772,0.545455,FORWARD
1298,41.536,63.149035,69.251256,0.3,0.299649,0.3,0.265636,0.299649,0.3,0.3,63.525091,65.620206,39.23116,54.05196,0.000772,0.545455,FORWARD
1299,41.568,67.365309,67.16722,0.3,0.299356,0.3,0.275945,0.299356,0.3,0.3,69.856884,63.732133,39.26884,54.08964,0.000772,0.427083,FORWARD
1300,41.6,69.079175,65.908118,0.3,0.29913,0.3,0.283162,0.29913,0.3,0.3,63.020797,65.092625,39.30652,54.12732,0.000772,0.385403,FORWARD
1301,41.632,72.258931,67.83929,0.3,0.298964,0.3,0.288213,0.298964,0.3,0.3,68.273017,71.648326,39.3442,54.165,0.000772,0.369246,FORWARD
1302,41.664,70.725246,72.729295,0.068499,0.068499,0.3,0.222299,0.068499,0.3,0.3,70.444763,59.74706,39.38816,54.20896,0.000901,0.362751,FORWARD
1303,41.696,69.399345,71.805962,0.3,0.3,0.3,0.245609,0.3,0.3,0.3,65.502755,67.798307,39.42584,54.24664,0.000772,0.545455,FORWARD
1304,41.728,59.612814,68.560401,0.3,0.299649,0.3,0.261926,0.299649,0.3,0.3,63.748283,65.904317,39.46352,54.28432,0.000772,0.545455,FORWARD
1305,41.76,64.120395,63.589731,0.3,0.299356,0.3,0.273349,0.299356,0.3,0.3,66.842829,67.189873,39.5012,54.322,0.000772,0.427083,FORWARD
1306,41.792,61.08574,68.24389,0.3,0.29913,0.3,0.281344,0.29913,0.3,0.3,67.449759,63.881774,39.53888,54.35968,0.000772,0.385403,FORWARD
1307,41.824,64.81156,65.239612,0.3,0.298964,0.068268,0.286941,0.298964,0.068268,0.3,73.579817,71.661759,39.57656,54.39736,0.000772,0.369246,FORWARD
1308,41.856,68.936925,71.454177,0.3,0.298847,0.3,0.290859,0.298847,0.3,0.3,68.162819,69.140667,39.65192,54.39736,0.000772,0.362751,FORWARD
1309,41.888,69.259899,71.279683,0.3,0.298727,0.067145,0.293601,0.298727,0.3,0.067145,69.481716,77.723739,39.6896,54.44132,0.000837,0.360103,FORWARD
1310,41.92,62.622837,64.142951,0.3,0.298689,0.3,0.295521,0.298689,0.3,0.3,67.624251,70.657242,39.6896,54.51668,0.000772,0.359017,FORWARD
1311,41.952,69.310198,64.018273,0.3,0.298622,0.3,0.296864,0.298622,0.3,0.3,67.922668,69.417046,39.73356,54.55436,0.000837,0.35857,FORWARD
1312,41.984,66.344637,66.248247,0.3,0.29862,0.3,0.297805,0.29862,0.3,0.3,68.527513,70.143874,39.77124,54.59204,0.000772,0.358386,FORWARD
1313,42.016,67.868657,76.452079,0.06749,0.06749,0.067882,0.228711,0.06749,0.067882,0.3,75.00588,67.172733,39.80892,54.62972,0.000772,0.358311,FORWARD
1314,42.048,67.23157,59.864963,0.3,0.3,0.065786,0.250097,0.3,0.065786,0.3,82.739652,60.389577,39.88428,54.62972,0.000772,0.545455,FORWARD
1315,42.08,70.496729,61.396119,0.3,0.299649,0.065281,0.265068,0.299649,0.065281,0.3,84.602569,67.813258,39.95964,54.62972,0.000772,0.545455,FORWARD
1316,42.112,68.804324,69.41041,0.3,0.299356,0.061796,0.275548,0.299356,0.061796,0.3,97.462382,63.716753,40.035,54.62972,0.000772,0.427083,FORWARD
1317,42.144,65.21871,65.644248,0.3,0.29913,0.061053,0.282883,0.29913,0.061053,0.3,100.205991,68.786811,40.11036,54.62972,0.000772,0.385403,FORWARD
1318,42.176,61.225404,66.890238,0.3,0.298964,0.060986,0.288018,0.298964,0.060986,0.068328,100.45088,73.358133,40.18572,54.62972,0.000772,0.369246,FORWARD
1319,42.208,70.172184,68.690099,0.3,0.298806,0.059459,0.291613,0.298806,0.059459,0.3,104.951503,64.741961,40.22968,54.6674,0.000837,0.362751,FORWARD
1320,42.24,69.016489,61.804202,0.3,0.298742,0.05547,0.294129,0.298742,0.05547,0.3,111.297517,71.564488,40.30504,54.6674,0.000772,0.360103,FORWARD
1321,42.272,66.476774,64.149072,0.3,0.298698,0.053587,0.29589,0.298698,0.053587,0.3,114.293147,65.601946,40.3804,54.6674,0.000772,0.359017,FORWARD
1322,42.304,57.991302,63.600887,0.3,0.298628,0.059114,0.297123,0.298628,0.059114,0.3,105.500264,68.586172,40.46204,54.6674,0.000837,0.35857,FORWARD
1323,42.336,68.408917,71.076146,0.3,0.298624,0.051208,0.297986,0.298624,0.051208,0.3,118.077626,65.370072,40.5374,54.6674,0.000772,0.358386,FORWARD
1324,42.368,66.392194,68.440647,0.3,0.298622,0.055361,0.29859,0.298622,0.055361,0.3,111.470348,67.904978,40.61276,54.6674,0.000772,0.358311,FORWARD
1325,42.4,68.872851,68.761758,0.3,0.298578,0.055019,0.299013,0.298578,0.055019,0.3,112.013989,68.205922,40.6944,54.6674,0.000837,0.358279,FORWARD
1326,42.432,71.683153,68.130277,0.3,0.298592,0.049893,0.299309,0.298592,0.049893,0.3,120.4076,64.256729,40.76976,54.6674,0.000772,0.358267,FORWARD
1327,42.464,67.538416,64.044352,0.3,0.298601,0.051396,0.299516,0.298601,0.051396,0.3,117.778742,71.863457,40.8514,54.66112,0.000772,0.358261,FORWARD
1328,42.496,65.194792,71.689763,0.3,0.298606,0.04858,0.299662,0.298606,0.04858,0.3,125.400367,69.053959,40.92676,54.66112,0.000772,0.358259,FORWARD
1329,42.528,64.685308,71.375266,0.3,0.29861,0.051212,0.299763,0.29861,0.051212,0.3,118.070926,61.982141,41.0084,54.65484,0.000772,0.358258,FORWARD
1330,42.56,70.96797,63.905244,0.3,0.298612,0.045892,0.299834,0.298612,0.045892,0.3,135.622357,65.169254,41.08376,54.65484,0.000772,0.358258,FORWARD
1331,42.592,64.740704,69.823566,0.3,0.298572,0.049843,0.299884,0.298572,0.049843,0.3,120.59787,69.316336,41.17796,54.64228,0.000837,0.358258,FORWARD
1332,42.624,67.276062,68.17875,0.3,0.298588,0.047088,0.299919,0.298588,0.047088,0.3,131.073077,65.968771,41.25332,54.64228,0.000772,0.358258,FORWARD
1333,42.656,67.583677,70.186256,0.3,0.298598,0.046667,0.299943,0.298598,0.046667,0.3,132.675624,68.441639,41.34124,54.62972,0.000772,0.358258,FORWARD
1334,42.688,70.293746,71.310315,0.3,0.298563,0.046151,0.29996,0.298563,0.046151,0.068448,134.63647,72.916402,41.42916,54.62344,0.000837,0.358258,FORWARD
1335,42.72,65.6216,67.197856,0.3,0.298582,0.046809,0.299972,0.298582,0.046809,0.3,132.133491,61.030507,41.47312,54.65484,0.000772,0.358258,FORWARD
1336,42.752,68.536207,72.853722,0.068465,0.068465,0.049283,0.23052,0.068465,0.049283,0.3,122.727677,64.118235,41.55476,54.64228,0.000708,0.358258,FORWARD
1337,42.784,67.516252,68.819632,0.3,0.3,0.050861,0.251364,0.3,0.050861,0.3,118.630735,65.783277,41.6364,54.64228,0.000837,0.545455,FORWARD
1338,42.816,65.314807,65.994416,0.3,0.29962,0.047715,0.265955,0.29962,0.047715,0.3,128.690455,63.2349,41.71804,54.64228,0.000837,0.545455,FORWARD
1339,42.848,70.792561,65.66695,0.3,0.29934,0.04885,0.276168,0.29934,0.04885,0.068571,124.372973,72.462551,41.79968,54.636,0.000772,0.427083,FORWARD
1340,42.88,67.167863,68.25879,0.3,0.299119,0.046465,0.283318,0.299119,0.046465,0.3,133.441865,69.187086,41.84364,54.6674,0.000772,0.385403,FORWARD
1341,42.912,68.860627,69.047947,0.3,0.298957,0.046826,0.288323,0.298957,0.046826,0.3,132.071547,65.756596,41.93156,54.65484,0.000772,0.369246,FORWARD
1342,42.944,61.52974,68.461079,0.3,0.298843,0.050457,0.291826,0.298843,0.050457,0.3,119.273413,68.473543,42.0132,54.64856,0.000772,0.362751,FORWARD
1343,42.976,67.613835,70.944633,0.3,0.298724,0.05416,0.294278,0.298724,0.05416,0.3,113.38187,65.812238,42.09484,54.64856,0.000837,0.360103,FORWARD
1344,43.008,72.061535,69.806854,0.3,0.298728,0.054469,0.295995,0.298728,0.054469,0.3,112.890605,69.33116,42.1702,54.64228,0.000708,0.359017,FORWARD
1345,43.04,70.947883,70.357108,0.3,0.298648,0.055336,0.297196,0.298648,0.055336,0.3,111.509633,68.419016,42.25184,54.64228,0.000837,0.35857,FORWARD
1346,43.072,65.446872,65.465105,0.3,0.298637,0.053478,0.298037,0.298637,0.053478,0.3,114.467269,63.435381,42.3272,54.64228,0.000772,0.358386,FORWARD
1347,43.104,65.839341,69.056866,0.3,0.29863,0.056785,0.298626,0.29863,0.056785,0.068283,109.204507,73.526135,42.40256,54.64228,0.000772,0.358311,FORWARD
1348,43.136,66.08957,71.015292,0.3,0.298584,0.050748,0.299038,0.298584,0.050748,0.3,118.809785,66.086175,42.44652,54.67996,0.000837,0.358279,FORWARD
1349,43.168,69.671889,66.415293,0.3,0.298595,0.059584,0.299327,0.298595,0.059584,0.3,104.752639,65.259577,42.52188,54.67996,0.000772,0.358267,FORWARD
1350,43.2,66.330656,67.217112,0.3,0.298603,0.059793,0.299529,0.298603,0.059793,0.3,104.419761,67.996774,42.59724,54.67996,0.000772,0.358261,FORWARD
1351,43.232,66.336066,64.372539,0.3,0.298566,0.062547,0.29967,0.298566,0.062547,0.3,94.691202,68.001408,42.67888,54.67996,0.000837,0.358259,FORWARD
1352,43.264,60.070399,69.726182,0.3,0.298584,0.065869,0.299769,0.298584,0.065869,0.3,82.433623,66.760628,42.75424,54.67996,0.000772,0.358258,FORWARD
1353,43.296,62.896091,68.825534,0.3,0.298596,0.066136,0.299838,0.298596,0.066136,0.3,81.447034,66.889029,42.8296,54.67996,0.000772,0.358258,FORWARD
1354,43.328,66.442624,70.781737,0.3,0.298603,0.067779,0.299887,0.298603,0.067779,0.3,75.385137,67.850922,42.90496,54.67996,0.000772,0.358258,FORWARD
1355,43.36,66.982668,64.703471,0.3,0.298608,0.3,0.299921,0.298608,0.3,0.3,67.390981,63.014202,42.98032,54.67996,0.000772,0.358258,FORWARD
1356,43.392,64.561936,57.778022,0.3,0.298611,0.3,0.299945,0.298611,0.3,0.3,67.425755,65.608433,43.018,54.71764,0.000772,0.358258,FORWARD
1357,43.424,70.475672,64.393511,0.3,0.298613,0.3,0.299961,0.298613,0.3,0.3,70.766527,61.886434,43.05568,54.75532,0.000772,0.358258,FORWARD
1358,43.456,66.793925,59.684608,0.3,0.298614,0.3,0.299973,0.298614,0.3,0.3,68.260988,68.656877,43.09336,54.793,0.000772,0.358258,FORWARD
1359,43.488,63.556848,66.571049,0.3,0.298574,0.3,0.299981,0.298574,0.3,0.3,65.667325,65.314996,43.13104,54.83696,0.000837,0.358258,FORWARD
1360,43.52,66.195725,69.719844,0.3,0.298589,0.3,0.299987,0.298589,0.3,0.3,62.173525,71.85657,43.16872,54.87464,0.000772,0.358258,FORWARD
1361,43.552,59.560183,73.329843,0.068336,0.068336,0.3,0.230492,0.068336,0.3,0.3,69.603038,65.781464,43.21268,54.91232,0.000837,0.358258,FORWARD
1362,43.584,64.880677,68.092454,0.3,0.3,0.068455,0.251344,0.3,0.3,0.068455,62.507681,72.892209,43.25036,54.95,0.000772,0.545455,FORWARD
1363,43.616,69.033947,68.788094,0.3,0.299649,0.3,0.265941,0.299649,0.3,0.3,64.569601,62.157433,43.25036,55.02536,0.000772,0.545455,FORWARD
1364,43.648,67.53522,67.044687,0.3,0.299356,0.3,0.276159,0.299356,0.3,0.3,71.085921,62.106722,43.28804,55.06304,0.000772,0.427083,FORWARD
1365,43.68,66.853661,65.218682,0.3,0.29913,0.3,0.283311,0.29913,0.3,0.3,65.627721,65.808997,43.32572,55.10072,0.000772,0.385403,FORWARD
1366,43.712,67.819583,68.997357,0.3,0.298964,0.3,0.288318,0.298964,0.3,0.3,64.213109,71.021724,43.3634,55.1384,0.000772,0.369246,FORWARD
1367,43.744,61.241785,65.095479,0.3,0.298847,0.3,0.291822,0.298847,0.3,0.3,62.92814,64.042541,43.40108,55.17608,0.000772,0.362751,FORWARD
1368,43.776,65.553451,67.766953,0.3,0.298727,0.3,0.294276,0.298727,0.3,0.3,63.804854,68.31447,43.43876,55.22004,0.000837,0.360103,FORWARD
1369,43.808,70.197512,65.076943,0.3,0.298648,0.3,0.295993,0.298648,0.3,0.3,70.518627,69.878638,43.48272,55.25772,0.000837,0.359017,FORWARD
1370,43.84,66.547322,70.768167,0.3,0.298637,0.3,0.297195,0.298637,0.3,0.3,67.656015,70.90153,43.5204,55.2954,0.000772,0.35857,FORWARD
1371,43.872,67.083801,66.293465,0.3,0.29863,0.3,0.298037,0.29863,0.3,0.3,62.522019,65.898401,43.55808,55.33308,0.000772,0.358386,FORWARD
1372,43.904,66.644175,62.026639,0.3,0.298625,0.3,0.298626,0.298625,0.3,0.3,67.243821,67.270356,43.59576,55.37076,0.000772,0.358311,FORWARD
1373,43.936,64.569622,71.28181,0.3,0.298622,0.3,0.299038,0.298622,0.3,0.3,66.499361,68.02962,43.63344,55.40844,0.000772,0.358279,FORWARD
1374,43.968,67.254697,63.648982,0.3,0.29862,0.3,0.299327,0.29862,0.3,0.3,64.70464,67.167048,43.67112,55.44612,0.000772,0.358267,FORWARD
1375,44.0,66.503973,69.335955,0.3,0.298619,0.3,0.299529,0.298619,0.3,0.3,64.385685,67.103904,43.7088,55.4838,0.000772,0.358261,FORWARD
1376,44.032,72.197064,70.228243,0.3,0.298618,0.3,0.29967,0.298618,0.3,0.3,66.745956,66.099705,43.74648,55.52148,0.000772,0.358259,FORWARD
1377,44.064,68.960053,66.451472,0.3,0.298576,0.3,0.299769,0.298576,0.3,0.3,64.893084,66.846694,43.78416,55.56544,0.000837,0.358258,FORWARD
1378,44.096,65.859918,69.907696,0.3,0.298549,0.3,0.299838,0.298549,0.3,0.3,60.597353,68.906243,43.82812,55.60312,0.000837,0.358258,FORWARD
1379,44.128,70.545521,62.953888,0.3,0.298573,0.3,0.299887,0.298573,0.3,0.3,67.141437,70.85748,43.8658,55.6408,0.000772,0.358258,FORWARD
1380,44.16,69.207277,66.507795,0.3,0.298589,0.3,0.299921,0.298589,0.3,0.3,66.733026,71.038664,43.90348,55.67848,0.000772,0.358258,FORWARD
1381,44.192,67.447692,66.837789,0.3,0.298599,0.3,0.299945,0.298599,0.3,0.3,63.565638,72.065574,43.94116,55.71616,0.000772,0.358258,FORWARD
1382,44.224,71.673452,70.43577,0.3,0.298605,0.3,0.299961,0.298605,0.3,0.3,61.841013,64.362958,43.97884,55.75384,0.000772,0.358258,FORWARD
1383,44.256,70.706451,67.159689,0.3,0.298609,0.3,0.299973,0.298609,0.3,0.3,65.587872,66.437034,44.01652,55.79152,0.000772,0.358258,FORWARD
1384,44.288,67.043435,67.514002,0.3,0.298612,0.3,0.299981,0.298612,0.3,0.3,71.643727,69.50216,44.0542,55.8292,0.000772,0.358258,FORWARD
1385,44.32,60.313288,69.393664,0.3,0.298613,0.3,0.299987,0.298613,0.3,0.3,68.589319,69.26536,44.09188,55.86688,0.000772,0.358258,FORWARD
1386,44.352,65.471881,68.077938,0.3,0.298532,0.3,0.299991,0.298532,0.3,0.3,68.274587,67.810218,44.13584,55.91084,0.000901,0.358258,FORWARD
1387,44.384,69.555015,62.853392,0.3,0.298562,0.3,0.299993,0.298562,0.3,0.3,63.483222,63.504848,44.17352,55.94852,0.000772,0.358258,FORWARD
1388,44.416,67.033829,65.908313,0.3,0.298582,0.068124,0.299995,0.298582,0.3,0.068124,68.804619,74.112659,44.2112,55.9862,0.000772,0.358258,FORWARD
1389,44.448,67.284453,67.090472,0.3,0.298594,0.3,0.299997,0.298594,0.3,0.3,59.254712,62.73935,44.2112,56.06156,0.000772,0.358258,FORWARD
1390,44.48,65.451254,65.356767,0.3,0.298602,0.3,0.299998,0.298602,0.3,0.3,63.147871,64.617248,44.24888,56.09924,0.000772,0.358258,FORWARD
1391,44.512,73.148098,66.747893,0.068385,0.068385,0.3,0.230514,0.068385,0.3,0.3,62.796319,68.870117,44.28656,56.13692,0.000772,0.358258,FORWARD
1392,44.544,67.505182,70.338834,0.3,0.3,0.3,0.25136,0.3,0.3,0.3,67.998777,67.4116,44.32424,56.1746,0.000772,0.545455,FORWARD
1393,44.576,69.921967,71.07899,0.3,0.299649,0.3,0.265952,0.299649,0.3,0.3,67.456537,67.877391,44.36192,56.21228,0.000772,0.545455,FORWARD
1394,44.608,70.921504,67.604609,0.3,0.299319,0.068385,0.276166,0.299319,0.068385,0.3,73.149257,61.873443,44.40588,56.24996,0.000837,0.427083,FORWARD
1395,44.64,65.108992,69.754142,0.3,0.299067,0.3,0.283316,0.299067,0.3,0.3,67.281634,63.789136,44.48124,56.25624,0.000837,0.385403,FORWARD
1396,44.672,63.906447,69.806172,0.3,0.298925,0.3,0.288321,0.298925,0.3,0.3,67.273879,64.859731,44.51892,56.29392,0.000772,0.369246,FORWARD
1397,44.704,62.068408,72.306307,0.3,0.298822,0.3,0.291825,0.298822,0.3,0.3,68.876837,67.843207,44.5566,56.3316,0.000772,0.362751,FORWARD
1398,44.736,71.323327,66.020832,0.3,0.298752,0.3,0.294278,0.298752,0.3,0.3,67.475639,69.845062,44.59428,56.36928,0.000772,0.360103,FORWARD
1399,44.768,67.491808,64.191796,0.3,0.298705,0.3,0.295994,0.298705,0.3,0.3,70.213319,65.333401,44.63196,56.40696,0.000772,0.359017,FORWARD
1400,44.8,65.063395,69.718129,0.3,0.298674,0.3,0.297196,0.298674,0.3,0.3,66.368904,64.098322,44.66964,56.44464,0.000772,0.35857,FORWARD
1401,44.832,68.164534,70.665302,0.3,0.298654,0.3,0.298037,0.298654,0.3,0.3,67.339252,68.467425,44.70732,56.48232,0.000772,0.358386,FORWARD
1402,44.864,67.522483,67.0892,0.3,0.29864,0.3,0.298626,0.29864,0.3,0.3,65.314996,71.804546,44.745,56.52,0.000772,0.358311,FORWARD
1403,44.896,72.351585,71.078728,0.3,0.298632,0.3,0.299038,0.298632,0.3,0.3,68.516144,64.75531,44.78268,56.55768,0.000772,0.358279,FORWARD
1404,44.928,68.364637,70.124253,0.3,0.298544,0.3,0.299327,0.298544,0.3,0.3,69.95169,69.980567,44.82664,56.60164,0.000901,0.358267,FORWARD
1405,44.96,62.661095,67.228798,0.3,0.29857,0.3,0.299529,0.29857,0.3,0.3,66.95938,68.76677,44.86432,56.63932,0.000772,0.358261,FORWARD
1406,44.992,68.086296,66.830935,0.3,0.298586,0.3,0.29967,0.298586,0.3,0.3,66.811013,67.121911,44.902,56.677,0.000772,0.358259,FORWARD
1407,45.024,68.268987,64.725999,0.3,0.298597,0.3,0.299769,0.298597,0.3,0.3,63.354802,67.30919,44.93968,56.71468,0.000772,0.358258,FORWARD
1408,45.056,72.983908,67.509953,0.06843,0.06843,0.3,0.230367,0.06843,0.3,0.3,65.501016,67.733519,44.97736,56.75236,0.000772,0.358258,FORWARD
1409,45.088,67.568489,69.210782,0.3,0.3,0.3,0.251257,0.3,0.3,0.3,70.846244,60.534393,45.01504,56.79004,0.000772,0.545455,FORWARD
1410,45.12,68.065138,70.5814,0.3,0.299649,0.3,0.26588,0.299649,0.3,0.3,69.308271,67.165236,45.05272,56.82772,0.000772,0.545455,FORWARD
1411,45.152,71.915522,68.875643,0.3,0.299356,0.3,0.276116,0.299356,0.3,0.3,69.53794,72.309373,45.0904,56.8654,0.000772,0.427083,FORWARD
1412,45.184,69.453604,66.733639,0.3,0.29909,0.3,0.283281,0.29909,0.3,0.3,64.460096,71.537972,45.12808,56.90936,0.000837,0.385403,FORWARD
1413,45.216,70.976548,67.043979,0.3,0.298898,0.3,0.288297,0.298898,0.3,0.3,70.086263,68.853686,45.17204,56.94704,0.000837,0.369246,FORWARD
1414,45.248,64.709388,68.039447,0.3,0.298806,0.3,0.291808,0.298806,0.3,0.3,69.732554,69.866498,45.20972,56.98472,0.000772,0.362751,FORWARD
1415,45.28,65.266796,74.335247,0.068064,0.068064,0.3,0.224685,0.068064,0.3,0.3,69.02288,67.312748,45.2474,57.0224,0.000772,0.360103,FORWARD
1416,45.312,62.063477,68.347176,0.3,0.3,0.3,0.247279,0.3,0.3,0.3,69.801335,67.242118,45.28508,57.06008,0.000772,0.545455,FORWARD
1417,45.344,59.866523,66.551924,0.3,0.299649,0.068595,0.263095,0.299649,0.068595,0.3,72.375464,64.749173,45.32276,57.09776,0.000772,0.545455,FORWARD
1418,45.376,65.09583,69.489208,0.3,0.299356,0.068296,0.274167,0.299356,0.068296,0.068586,73.476829,72.407692,45.39812,57.09776,0.000772,0.427083,FORWARD
1419,45.408,63.375872,68.4657,0.3,0.29913,0.3,0.281917,0.29913,0.3,0.3,69.081882,63.36965,45.4358,57.13544,0.000772,0.385403,FORWARD
1420,45.44,66.05415,75.039129,0.067873,0.067873,0.3,0.217704,0.067873,0.3,0.3,66.988623,64.22886,45.47348,57.1794,0.000837,0.369246,FORWARD
1421,45.472,74.177775,68.545919,0.068106,0.067649,0.3,0.172824,0.067649,0.3,0.3,64.223884,67.729237,45.51116,57.21708,0.000772,0.545455,FORWARD
1422,45.504,66.039126,65.085727,0.3,0.3,0.3,0.210977,0.3,0.3,0.3,69.292956,64.844175,45.55512,57.25476,0.000837,0.427083,FORWARD
1423,45.536,68.415089,65.912482,0.3,0.299649,0.3,0.237684,0.299649,0.3,0.3,64.022919,62.092051,45.5928,57.29244,0.000772,0.545455,FORWARD
1424,45.568,61.592123,69.344519,0.3,0.299356,0.3,0.256379,0.299356,0.3,0.3,63.927301,59.080968,45.63048,57.33012,0.000772,0.427083,FORWARD
1425,45.6,66.00071,67.442585,0.3,0.29913,0.3,0.269465,0.29913,0.3,0.3,62.828806,71.589179,45.66816,57.3678,0.000772,0.385403,FORWARD
1426,45.632,70.538432,67.994358,0.3,0.298964,0.3,0.278626,0.298964,0.3,0.3,69.272759,65.14222,45.70584,57.40548,0.000772,0.369246,FORWARD
1427,45.664,69.898124,61.484979,0.3,0.298847,0.068002,0.285038,0.298847,0.068002,0.3,74.560975,59.357151,45.74352,57.44316,0.000772,0.362751,FORWARD
1428,45.696,62.800461,67.069368,0.3,0.298727,0.3,0.289527,0.298727,0.3,0.3,63.693128,68.411676,45.81888,57.44944,0.000837,0.360103,FORWARD
1429,45.728,66.451489,68.452501,0.3,0.298689,0.068578,0.292669,0.298689,0.3,0.068578,64.26549,72.43899,45.85656,57.48712,0.000772,0.359017,FORWARD
1430,45.76,77.2312,66.671879,0.067279,0.067279,0.3,0.225052,0.067279,0.3,0.3,64.006689,66.250423,45.85656,57.56248,0.000772,0.35857,FORWARD
1431,45.792,68.171342,67.202919,0.3,0.3,0.3,0.247536,0.3,0.3,0.3,63.516266,64.556024,45.90052,57.60016,0.000837,0.545455,FORWARD
1432,45.824,65.737726,70.864223,0.3,0.299649,0.3,0.263275,0.299649,0.3,0.3,62.38975,61.870223,45.9382,57.63784,0.000772,0.545455,FORWARD
1433,45.856,63.620002,69.510105,0.3,0.299356,0.068433,0.274293,0.299356,0.068433,0.3,72.970812,69.226319,45.97588,57.67552,0.000772,0.427083,FORWARD
1434,45.888,69.616735,66.541354,0.3,0.29913,0.3,0.282005,0.29913,0.3,0.3,67.180714,70.920676,46.05124,57.67552,0.000772,0.385403,FORWARD
1435,45.92,66.470697,66.765961,0.3,0.298964,0.06858,0.287403,0.298964,0.06858,0.3,72.430084,64.637552,46.08892,57.7132,0.000772,0.369246,FORWARD
1436,45.952,71.760003,64.742952,0.3,0.298806,0.06839,0.291182,0.298806,0.06839,0.3,73.12916,68.645642,46.16428,57.71948,0.000837,0.362751,FORWARD
1437,45.984,63.558327,72.406105,0.068586,0.068586,0.3,0.224404,0.068586,0.3,0.3,63.824222,71.563971,46.23964,57.71948,0.000772,0.360103,FORWARD
1438,46.016,64.876061,68.03798,0.3,0.3,0.3,0.247083,0.3,0.3,0.3,66.549074,70.042738,46.27732,57.75716,0.000772,0.545455,FORWARD
1439,46.048,66.972082,70.377798,0.3,0.299649,0.3,0.262958,0.299649,0.3,0.3,68.293815,66.677933,46.315,57.79484,0.000772,0.545455,FORWARD
1440,46.08,60.069605,63.52267,0.3,0.299356,0.3,0.27407,0.299356,0.3,0.3,61.07772,64.570873,46.35268,57.83252,0.000772,0.427083,FORWARD
1441,46.112,63.324821,61.886449,0.3,0.29913,0.068013,0.281849,0.29913,0.068013,0.3,74.52346,62.50802,46.39036,57.8702,0.000772,0.385403,FORWARD
1442,46.144,66.650444,67.416015,0.3,0.298964,0.3,0.287295,0.298964,0.3,0.3,66.98917,66.314572,46.46572,57.8702,0.000772,0.369246,FORWARD
1443,46.176,67.267272,69.118805,0.3,0.298806,0.068547,0.291106,0.298806,0.068547,0.3,72.552051,66.804447,46.5034,57.91416,0.000837,0.362751,FORWARD
1444,46.208,70.063857,69.665352,0.3,0.298742,0.3,0.293774,0.298742,0.3,0.3,70.550656,72.153733,46.57876,57.91416,0.000772,0.360103,FORWARD
1445,46.24,68.732202,69.009878,0.3,0.298657,0.3,0.295642,0.298657,0.3,0.3,67.607894,67.337961,46.62272,57.95184,0.000837,0.359017,FORWARD
1446,46.272,65.53002,67.784453,0.3,0.298643,0.3,0.296949,0.298643,0.3,0.3,71.071383,67.071266,46.6604,57.98952,0.000772,0.35857,FORWARD
1447,46.304,72.612978,62.955519,0.06853,0.06853,0.3,0.228424,0.06853,0.3,0.3,71.379991,58.481293,46.69808,58.0272,0.000772,0.358386,FORWARD
1448,46.336,59.730465,66.504865,0.3,0.3,0.3,0.249897,0.3,0.3,0.3,66.428098,68.124321,46.73576,58.06488,0.000772,0.545455,FORWARD
1449,46.368,65.694103,66.052571,0.3,0.299649,0.3,0.264928,0.299649,0.3,0.3,64.56106,68.508493,46.77344,58.10256,0.000772,0.545455,FORWARD
1450,46.4,63.905919,69.38145,0.3,0.299356,0.3,0.275449,0.299356,0.3,0.3,72.337378,69.760036,46.81112,58.14024,0.000772,0.427083,FORWARD
1451,46.432,67.325654,70.434181,0.3,0.29909,0.3,0.282815,0.29909,0.3,0.3,63.062405,65.553804,46.8488,58.1842,0.000837,0.385403,FORWARD
1452,46.464,67.824379,68.546501,0.3,0.298939,0.3,0.28797,0.298939,0.3,0.3,69.516515,71.489764,46.88648,58.22188,0.000772,0.369246,FORWARD
1453,46.496,65.737407,68.711963,0.3,0.298791,0.3,0.291579,0.298791,0.3,0.3,66.712555,72.183322,46.93044,58.25956,0.000837,0.362751,FORWARD
1454,46.528,66.647694,66.867089,0.3,0.298732,0.068199,0.294105,0.298732,0.3,0.068199,72.008376,73.836323,46.96812,58.29724,0.000772,0.360103,FORWARD
1455,46.56,64.66904,68.578124,0.3,0.298692,0.067651,0.295874,0.298692,0.067651,0.3,75.85745,62.097446,46.96812,58.3726,0.000772,0.359017,FORWARD
1456,46.592,70.136763,59.895007,0.3,0.298666,0.3,0.297112,0.298666,0.3,0.3,70.226437,70.631913,47.04348,58.3726,0.000772,0.35857,FORWARD
1457,46.624,67.485365,67.460923,0.3,0.298648,0.3,0.297978,0.298648,0.3,0.3,68.375139,69.660365,47.08116,58.41028,0.000772,0.358386,FORWARD
1458,46.656,67.456461,64.934705,0.3,0.298637,0.3,0.298585,0.298637,0.3,0.3,66.583629,70.571539,47.11884,58.44796,0.000772,0.358311,FORWARD
1459,46.688,68.479222,67.614615,0.3,0.29863,0.3,0.299009,0.29863,0.3,0.3,66.705794,66.245536,47.15652,58.48564,0.000772,0.358279,FORWARD
1460,46.72,70.467158,68.874246,0.3,0.298584,0.3,0.299307,0.298584,0.3,0.3,63.62097,67.556811,47.1942,58.5296,0.000837,0.358267,FORWARD
1461,46.752,71.672058,62.590423,0.3,0.298595,0.3,0.299515,0.298595,0.3,0.3,68.332345,68.313725,47.23188,58.56728,0.000772,0.358261,FORWARD
1462,46.784,64.561337,66.311933,0.3,0.298562,0.068421,0.29966,0.298562,0.3,0.068421,65.357248,73.018011,47.27584,58.60496,0.000837,0.358259,FORWARD
1463,46.816,68.508315,74.971571,0.067891,0.067891,0.3,0.230129,0.067891,0.3,0.3,64.86804,64.08875,47.27584,58.68032,0.000772,0.358258,FORWARD
1464,46.848,62.245015,66.806381,0.3,0.3,0.068356,0.251091,0.3,0.3,0.068356,68.681983,73.255087,47.31352,58.718,0.000772,0.545455,FORWARD
1465,46.88,73.023617,67.93992,0.068419,0.068419,0.3,0.196289,0.068419,0.3,0.3,64.419209,70.78647,47.31352,58.79336,0.000772,0.545455,FORWARD
1466,46.912,66.114062,66.421314,0.3,0.3,0.3,0.227402,0.3,0.3,0.3,68.846039,63.101403,47.3512,58.83104,0.000772,0.545455,FORWARD
1467,46.944,67.259112,61.062171,0.3,0.299649,0.3,0.249182,0.299649,0.3,0.3,68.917447,71.011826,47.38888,58.86872,0.000772,0.545455,FORWARD
1468,46.976,67.306117,62.680537,0.3,0.299356,0.3,0.264427,0.299356,0.3,0.3,67.358924,60.963632,47.42656,58.9064,0.000772,0.427083,FORWARD
1469,47.008,67.08121,65.761181,0.3,0.29909,0.3,0.275099,0.29909,0.3,0.3,65.669061,63.077267,47.47052,58.94408,0.000837,0.385403,FORWARD
1470,47.04,66.21038,67.76358,0.3,0.298939,0.3,0.282569,0.298939,0.3,0.3,61.587735,64.474311,47.5082,58.98176,0.000772,0.369246,FORWARD
1471,47.072,71.07918,69.234902,0.3,0.298791,0.3,0.287799,0.298791,0.3,0.3,68.917355,66.389464,47.54588,59.02572,0.000837,0.362751,FORWARD
1472,47.104,66.081577,69.584592,0.3,0.298732,0.3,0.291459,0.298732,0.3,0.3,63.577251,71.063064,47.58356,59.0634,0.000772,0.360103,FORWARD
1473,47.136,67.811878,69.094138,0.3,0.298692,0.3,0.294021,0.298692,0.3,0.3,64.871939,66.972883,47.62124,59.10108,0.000772,0.359017,FORWARD
1474,47.168,66.646217,62.101385,0.3,0.298666,0.3,0.295815,0.298666,0.3,0.3,67.911536,65.640947,47.65892,59.13876,0.000772,0.35857,FORWARD
1475,47.2,63.655539,69.404696,0.3,0.298648,0.3,0.29707,0.298648,0.3,0.3,65.076156,65.532794,47.6966,59.17644,0.000772,0.358386,FORWARD
1476,47.232,71.381641,66.64495,0.3,0.298637,0.3,0.297949,0.298637,0.3,0.3,70.78912,64.84022,47.73428,59.21412,0.000772,0.358311,FORWARD
1477,47.264,64.619943,65.522223,0.3,0.29863,0.3,0.298565,0.29863,0.3,0.3,61.946836,68.168643,47.77196,59.2518,0.000772,0.358279,FORWARD
1478,47.296,67.66314,65.268954,0.3,0.298584,0.3,0.298995,0.298584,0.3,0.3,59.923005,65.643149,47.81592,59.28948,0.000837,0.358267,FORWARD
1479,47.328,66.486963,63.445862,0.3,0.298595,0.3,0.299297,0.298595,0.3,0.3,69.480629,61.458154,47.8536,59.32716,0.000772,0.358261,FORWARD
1480,47.36,66.706541,66.544612,0.3,0.298562,0.3,0.299508,0.298562,0.3,0.3,67.144644,66.033969,47.89128,59.37112,0.000837,0.358259,FORWARD
1481,47.392,70.889051,67.889798,0.3,0.298581,0.3,0.299655,0.298581,0.3,0.3,68.714539,61.787564,47.92896,59.4088,0.000772,0.358258,FORWARD
1482,47.424,63.891971,68.149769,0.3,0.298594,0.3,0.299759,0.298594,0.3,0.3,70.000883,66.522747,47.96664,59.44648,0.000772,0.358258,FORWARD
1483,47.456,68.986175,66.074363,0.3,0.298602,0.3,0.299831,0.298602,0.3,0.3,65.887335,66.533141,48.00432,59.48416,0.000772,0.358258,FORWARD
1484,47.488,71.951347,70.771156,0.3,0.298607,0.3,0.299882,0.298607,0.3,0.3,70.192013,64.738783,48.042,59.52184,0.000772,0.358258,FORWARD
1485,47.52,67.199383,65.154654,0.3,0.29861,0.3,0.299917,0.29861,0.3,0.3,60.979161,70.752379,48.07968,59.55952,0.000772,0.358258,FORWARD
1486,47.552,69.023428,67.374638,0.3,0.298613,0.3,0.299942,0.298613,0.3,0.3,62.872334,64.253326,48.11736,59.5972,0.000772,0.358258,FORWARD
1487,47.584,66.284769,60.912154,0.3,0.298573,0.3,0.299959,0.298573,0.3,0.3,62.491496,64.924259,48.16132,59.63488,0.000837,0.358258,FORWARD
1488,47.616,69.950981,72.251548,0.3,0.298547,0.3,0.299972,0.298547,0.3,0.3,66.281748,72.020119,48.199,59.67884,0.000837,0.358258,FORWARD
1489,47.648,69.923818,64.978158,0.3,0.298572,0.3,0.29998,0.298572,0.3,0.3,66.611298,70.448246,48.23668,59.71652,0.000772,0.358258,FORWARD
1490,47.68,67.587352,67.40335,0.3,0.298588,0.3,0.299986,0.298588,0.3,0.3,71.913982,68.424509,48.27436,59.7542,0.000772,0.358258,FORWARD
1491,47.712,66.311751,71.461816,0.3,0.298598,0.3,0.29999,0.298598,0.3,0.3,66.268844,68.664039,48.31204,59.79188,0.000772,0.358258,FORWARD
1492,47.744,62.461745,66.167511,0.3,0.298605,0.3,0.299993,0.298605,0.3,0.3,65.22097,69.36064,48.34972,59.82956,0.000772,0.358258,FORWARD
1493,47.776,68.460087,69.377431,0.3,0.298609,0.3,0.299995,0.298609,0.3,0.3,61.303623,65.313595,48.3874,59.86724,0.000772,0.358258,FORWARD
1494,47.808,66.717738,66.774406,0.3,0.298611,0.3,0.299997,0.298611,0.3,0.3,64.620195,68.049214,48.42508,59.90492,0.000772,0.358258,FORWARD
1495,47.84,71.476565,71.387014,0.3,0.298572,0.3,0.299998,0.298572,0.3,0.3,67.678894,66.63558,48.46904,59.9426,0.000837,0.358258,FORWARD
1496,47.872,66.700898,65.134157,0.3,0.298588,0.3,0.299998,0.298588,0.3,0.3,64.196987,63.490717,48.50672,59.98028,0.000772,0.358258,FORWARD
1497,47.904,67.528645,66.298278,0.3,0.298557,0.3,0.299999,0.298557,0.3,0.3,71.132548,67.548042,48.5444,60.02424,0.000837,0.358258,FORWARD
1498,47.936,69.165153,66.500386,0.3,0.298578,0.3,0.299999,0.298578,0.3,0.3,70.255264,67.604617,48.58208,60.06192,0.000772,0.358258,FORWARD
1499,47.968,65.872493,64.71968,0.3,0.298592,0.3,0.299999,0.298592,0.3,0.3,60.73893,66.094535,48.61976,60.0996,0.000772,0.358258,FORWARD
1500,48.0,68.452411,73.192867,0.068373,0.068373,0.3,0.230512,0.068373,0.3,0.3,69.345816,66.667039,48.65744,60.13728,0.000772,0.358258,FORWARD
1501,48.032,64.758248,64.743515,0.3,0.3,0.067978,0.251358,0.3,0.3,0.067978,65.640329,74.652224,48.69512,60.17496,0.000772,0.545455,FORWARD
1502,48.064,58.256223,66.707164,0.3,0.299649,0.3,0.265951,0.299649,0.3,0.3,66.36674,66.200559,48.69512,60.25032,0.000772,0.545455,FORWARD
1503,48.096,67.658232,62.801964,0.3,0.299319,0.3,0.276165,0.299319,0.3,0.3,67.875724,64.941827,48.73908,60.288,0.000837,0.427083,FORWARD
1504,48.128,63.06133,63.410535,0.3,0.299107,0.3,0.283316,0.299107,0.3,0.3,67.809342,68.274571,48.77676,60.32568,0.000772,0.385403,FORWARD
1505,48.16,66.195,68.709321,0.3,0.29895,0.3,0.288321,0.29895,0.3,0.3,68.139692,65.071327,48.81444,60.36336,0.000772,0.369246,FORWARD
1506,48.192,68.112257,66.082636,0.3,0.298838,0.3,0.291825,0.298838,0.3,0.3,67.190206,65.305777,48.85212,60.40104,0.000772,0.362751,FORWARD
1507,48.224,64.967302,68.348994,0.3,0.298721,0.3,0.294277,0.298721,0.3,0.3,65.501698,67.24963,48.8898,60.445,0.000837,0.360103,FORWARD
1508,48.256,68.743717,69.206437,0.3,0.298685,0.3,0.295994,0.298685,0.3,0.3,67.697505,63.263436,48.92748,60.48268,0.000772,0.359017,FORWARD
1509,48.288,72.584701,63.960546,0.068538,0.068538,0.3,0.227757,0.068538,0.3,0.3,70.358176,68.482658,48.96516,60.52036,0.000772,0.35857,FORWARD
1510,48.32,70.294117,65.796022,0.3,0.3,0.3,0.24943,0.3,0.3,0.3,68.640818,66.81891,49.00284,60.55804,0.000772,0.545455,FORWARD
1511,48.352,66.185413,73.201786,0.068371,0.068371,0.3,0.195112,0.068371,0.3,0.3,63.088743,65.977188,49.04052,60.59572,0.000772,0.545455,FORWARD
1512,48.384,67.345834,67.486868,0.3,0.3,0.3,0.226579,0.3,0.3,0.3,71.463606,67.600948,49.08448,60.6334,0.000837,0.545455,FORWARD
1513,48.416,68.206468,66.795106,0.3,0.299649,0.3,0.248605,0.299649,0.3,0.3,62.330159,68.426958,49.12216,60.67108,0.000772,0.545455,FORWARD
1514,48.448,68.525238,65.383148,0.3,0.299356,0.068304,0.264024,0.299356,0.3,0.068304,63.580985,73.449611,49.15984,60.70876,0.000772,0.427083,FORWARD
1515,48.48,63.643031,67.551039,0.3,0.29913,0.3,0.274816,0.29913,0.3,0.3,68.953744,66.678695,49.15984,60.78412,0.000772,0.385403,FORWARD
1516,48.512,68.485924,66.749765,0.3,0.298923,0.3,0.282372,0.298923,0.3,0.3,69.627557,67.208061,49.19752,60.82808,0.000837,0.369246,FORWARD
1517,48.544,67.96492,63.101375,0.3,0.298822,0.3,0.28766,0.298822,0.3,0.3,67.231064,64.949782,49.2352,60.86576,0.000772,0.362751,FORWARD
1518,48.576,72.432854,70.961712,0.068579,0.068579,0.3,0.221936,0.068579,0.3,0.3,72.228871,69.401356,49.27288,60.90344,0.000772,0.360103,FORWARD
1519,48.608,67.207398,70.998874,0.3,0.3,0.3,0.245355,0.3,0.3,0.3,61.244088,64.238642,49.31056,60.94112,0.000772,0.545455,FORWARD
1520,48.64,76.609515,63.824264,0.067447,0.067447,0.067769,0.191983,0.067447,0.3,0.067769,68.851428,75.423331,49.35452,60.9788,0.000837,0.545455,FORWARD
1521,48.672,76.252945,62.764963,0.067544,0.067149,0.3,0.154651,0.067149,0.3,0.3,67.281063,63.654693,49.35452,61.05416,0.000772,0.545455,FORWARD
1522,48.704,81.263471,66.508922,0.066186,0.066186,0.3,0.128112,0.066295,0.3,0.3,68.089765,66.50447,49.3922,61.09184,0.000772,0.427083,FORWARD
1523,48.736,83.787896,67.754147,0.065502,0.065502,0.3,0.109329,0.065515,0.3,0.3,66.56714,69.2732,49.42988,61.12952,0.000772,0.385403,FORWARD
1524,48.768,85.402725,69.903742,0.065064,0.064861,0.3,0.096049,0.064861,0.3,0.3,65.671385,62.199898,49.46756,61.1672,0.000772,0.369246,FORWARD
1525,48.8,90.504729,64.885835,0.063682,0.063682,0.3,0.086339,0.063941,0.3,0.3,68.318694,65.915839,49.50524,61.20488,0.000772,0.362751,FORWARD
1526,48.832,91.783313,66.97336,0.063335,0.063187,0.3,0.079438,0.063187,0.3,0.3,67.172989,69.157462,49.54292,61.24884,0.000837,0.360103,FORWARD
1527,48.864,93.89877,70.099543,0.062762,0.062539,0.3,0.074435,0.062539,0.3,0.3,68.77149,68.705057,49.5806,61.28652,0.000772,0.359017,FORWARD
1528,48.896,101.061049,66.794022,0.060821,0.060821,0.3,0.070351,0.061386,0.3,0.3,65.455154,68.495659,49.62456,61.3242,0.000837,0.35857,FORWARD
1529,48.928,110.494977,62.223034,0.055974,0.055974,0.3,0.066038,0.058951,0.3,0.3,68.093208,65.562101,49.66224,61.36188,0.000772,0.358386,FORWARD
1530,48.96,108.350604,64.857572,0.057322,0.057322,0.3,0.063423,0.057872,0.3,0.3,69.45313,65.794556,49.69992,61.39956,0.000772,0.358311,FORWARD
1531,48.992,99.464032,66.062191,0.061254,0.058588,0.3,0.062772,0.058588,0.3,0.3,70.681356,65.44006,49.7376,61.43724,0.000772,0.358279,FORWARD
1532,49.024,106.861693,68.767099,0.058258,0.057974,0.3,0.061418,0.057974,0.3,0.3,71.451216,67.669352,49.77528,61.47492,0.000772,0.358267,FORWARD
1533,49.056,109.379637,71.213396,0.056675,0.056675,0.3,0.059995,0.057013,0.3,0.3,67.578348,70.826934,49.81296,61.5126,0.000772,0.358261,FORWARD
1534,49.088,117.277579,69.722154,0.051711,0.051711,0.3,0.05751,0.054618,0.3,0.3,70.776602,66.905513,49.85064,61.55028,0.000772,0.358259,FORWARD
1535,49.12,119.661063,65.253315,0.050213,0.050213,0.3,0.055321,0.052503,0.3,0.3,66.822048,67.801841,49.88832,61.59424,0.000837,0.358258,FORWARD
1536,49.152,116.683589,68.896224,0.052084,0.051857,0.3,0.05435,0.051857,0.3,0.3,68.723184,67.520252,49.926,61.63192,0.000772,0.358258,FORWARD
1537,49.184,115.443192,70.414633,0.052864,0.051681,0.3,0.053904,0.051681,0.3,0.3,68.651861,68.550756,49.96996,61.6696,0.000837,0.358258,FORWARD
1538,49.216,116.044309,62.311373,0.052486,0.051474,0.3,0.053479,0.051474,0.3,0.3,60.61345,67.304634,50.00764,61.70728,0.000772,0.358258,FORWARD
1539,49.248,120.613694,70.026209,0.049839,0.049839,0.3,0.052387,0.050392,0.3,0.3,62.144385,65.198015,50.04532,61.74496,0.000772,0.358258,FORWARD
1540,49.28,123.115736,63.379922,0.049181,0.049181,0.3,0.051425,0.049462,0.3,0.3,66.167764,63.799155,50.083,61.78264,0.000772,0.358258,FORWARD
1541,49.312,132.254112,65.646007,0.046778,0.046778,0.3,0.050031,0.048005,0.3,0.3,70.505172,67.722871,50.12068,61.82032,0.000772,0.358258,FORWARD
1542,49.344,121.775127,64.255627,0.049533,0.048057,0.068538,0.049882,0.048057,0.3,0.068538,63.049817,72.585853,50.15836,61.858,0.000772,0.358258,FORWARD
1543,49.376,126.958309,74.440824,0.04817,0.047602,0.3,0.049368,0.047602,0.3,0.3,63.485963,64.820973,50.15836,61.93336,0.000772,0.358258,FORWARD
1544,49.408,136.396604,71.093222,0.045689,0.045689,0.3,0.048264,0.046503,0.3,0.3,66.135414,61.911606,50.18976,61.96476,0.000644,0.358258,FORWARD
1545,49.44,136.315438,68.988313,0.04571,0.04571,0.3,0.047498,0.045723,0.3,0.3,66.33177,71.529598,50.22744,62.00244,0.000772,0.358258,FORWARD
1546,49.472,144.848731,66.94914,0.043466,0.043466,0.3,0.046288,0.044419,0.3,0.3,72.171431,66.683957,50.26512,62.04012,0.000772,0.358258,FORWARD
1547,49.504,144.779272,69.209685,0.043484,0.043484,0.3,0.045447,0.043671,0.3,0.3,68.045863,63.006717,50.29652,62.07152,0.000644,0.358258,FORWARD
1548,49.536,142.944823,69.549047,0.043967,0.043364,0.3,0.045003,0.043364,0.3,0.3,68.974138,65.504154,50.32792,62.10292,0.000644,0.358258,FORWARD
1549,49.568,146.251765,59.946566,0.043097,0.042773,0.3,0.044431,0.042773,0.3,0.3,66.147706,64.402543,50.3656,62.1406,0.000772,0.358258,FORWARD
1550,49.6,156.251275,62.887708,0.040468,0.040468,0.3,0.043242,0.041534,0.3,0.3,62.776135,69.780556,50.397,62.172,0.000644,0.358258,FORWARD
1551,49.632,162.814306,63.097425,0.039378,0.039378,0.3,0.042083,0.040348,0.3,0.3,67.5614,65.931212,50.4284,62.2034,0.000644,0.358258,TURN_LEFT
1552,49.664,167.463882,61.915604,0.038773,0.038773,0.3,0.04109,0.039825,0.3,0.3,67.782321,71.262122,50.34676,62.27876,-6.4e-05,0.358258,TURN_LEFT
1553,49.696,170.373026,75.600647,0.038395,0.038395,0.3,0.040281,0.039272,0.3,0.3,62.221664,71.957801,50.2714,62.3604,6.4e-05,0.358258,TURN_LEFT
1554,49.728,169.359477,103.344981,0.038527,0.038527,0.068033,0.039755,0.039005,0.3,0.068033,65.155502,74.449573,50.18976,62.44204,0.0,0.358258,TURN_LEFT
1555,49.76,176.009756,108.602465,0.037662,0.037662,0.3,0.039127,0.038524,0.3,0.3,65.335334,63.893896,50.10812,62.52368,0.0,0.358258,TURN_LEFT
1556,49.792,178.656573,111.316903,0.037318,0.037318,0.3,0.038584,0.038133,0.3,0.3,72.261731,69.307027,50.02648,62.59904,-6.4e-05,0.358258,TURN_LEFT
1557,49.824,166.732026,126.595522,0.038868,0.038396,0.3,0.03867,0.038396,0.3,0.3,68.271207,70.430869,49.94484,62.68068,0.0,0.358258,TURN_LEFT
1558,49.856,173.039477,133.261944,0.038048,0.038048,0.3,0.038483,0.03823,0.3,0.3,69.4308,64.237445,49.86948,62.76232,6.4e-05,0.358258,TURN_LEFT
1559,49.888,169.283905,138.530203,0.038537,0.03834,0.3,0.038499,0.03834,0.3,0.3,66.898913,70.485136,49.78784,62.84396,0.0,0.358258,TURN_LEFT
1560,49.92,153.916818,142.411179,0.041082,0.039364,0.3,0.039274,0.039364,0.3,0.3,62.233888,61.589979,49.7062,62.91932,-6.4e-05,0.358258,TURN_LEFT
1561,49.952,138.355533,149.880933,0.042143,0.040359,0.3,0.040135,0.040359,0.3,0.3,67.86874,70.400241,49.62456,63.00096,0.0,0.358258,TURN_LEFT
1562,49.984,137.558648,154.041096,0.041049,0.040565,0.068528,0.040409,0.040565,0.068528,0.3,72.621483,71.765935,49.5492,63.0826,6.4e-05,0.358258,TURN_RIGHT
1563,50.016,143.968266,150.210493,0.042056,0.041141,0.3,0.040903,0.041141,0.3,0.3,66.44153,65.955067,49.62456,63.00096,-6.4e-05,0.358258,TURN_LEFT
1564,50.048,144.215554,158.289288,0.039966,0.039966,0.3,0.040622,0.040679,0.3,0.3,65.056744,69.097136,49.5492,63.0826,6.4e-05,0.358258,TURN_LEFT
1565,50.08,135.367889,162.3422,0.039439,0.039439,0.3,0.040267,0.040235,0.3,0.3,70.052407,68.598782,49.46756,63.16424,0.0,0.358258,TURN_LEFT
1566,50.112,117.804885,176.238128,0.037632,0.037632,0.3,0.039477,0.039344,0.3,0.3,65.788363,66.16172,49.38592,63.2396,-6.4e-05,0.358258,TURN_LEFT
1567,50.144,111.999064,175.173252,0.037771,0.037771,0.3,0.038965,0.03878,0.3,0.3,69.232206,71.251683,49.30428,63.32124,0.0,0.358258,TURN_LEFT
1568,50.176,102.335886,181.173556,0.03699,0.03699,0.3,0.038373,0.038098,0.3,0.3,69.204595,66.226379,49.22892,63.40288,6.4e-05,0.358258,TURN_LEFT
1569,50.208,96.168588,174.416874,0.037869,0.037869,0.3,0.038222,0.038057,0.3,0.3,66.938166,65.952725,49.14728,63.47824,-6.4e-05,0.358258,TURN_LEFT
1570,50.24,81.216671,162.697555,0.039393,0.038536,0.3,0.038573,0.038536,0.3,0.3,65.35451,68.395388,49.06564,63.55988,0.0,0.358258,TURN_LEFT
1571,50.272,64.856405,166.704725,0.038872,0.038615,0.3,0.038663,0.038615,0.3,0.3,67.169918,67.920455,48.99028,63.64152,6.4e-05,0.358258,TURN_LEFT
1572,50.304,68.660316,165.33898,0.03905,0.038771,0.3,0.038779,0.038771,0.3,0.3,64.428566,63.659123,48.90864,63.72316,0.0,0.358258,TURN_LEFT
1573,50.336,71.021219,156.332496,0.040446,0.039412,0.3,0.039279,0.039412,0.3,0.3,68.170857,62.566593,48.827,63.79852,-6.4e-05,0.358258,TURN_LEFT
1574,50.368,67.2432,145.780728,0.043221,0.040777,0.3,0.040462,0.040777,0.3,0.3,69.55263,66.580322,48.74536,63.88016,-0.0,0.358258,TURN_LEFT
1575,50.4,62.646598,140.763358,0.04454,0.042084,0.3,0.041685,0.042084,0.3,0.3,65.510047,66.436922,48.67,63.9618,6.4e-05,0.358258,TURN_LEFT
1576,50.432,60.423602,131.072809,0.047088,0.043877,0.3,0.043306,0.043877,0.3,0.3,68.793918,70.573467,48.58836,64.04344,0.0,0.358258,TURN_LEFT
1577,50.464,71.593881,124.913872,0.048708,0.045649,0.068236,0.044927,0.045649,0.3,0.068236,63.798907,73.700684,48.50672,64.1188,-6.4e-05,0.358258,TURN_LEFT
1578,50.496,64.795553,111.219614,0.055519,0.049185,0.062974,0.048104,0.049185,0.3,0.062974,65.317285,93.117096,48.42508,64.20044,0.0,0.358258,TURN_LEFT
1579,50.528,60.750437,111.559187,0.055305,0.051336,0.057874,0.050265,0.051336,0.3,0.057874,65.663667,107.472467,48.34972,64.28208,6.4e-05,0.358258,TURN_LEFT
1580,50.56,69.777591,96.629537,0.062022,0.055206,0.057787,0.053792,0.055206,0.3,0.057787,72.231473,107.611183,48.26808,64.35744,-6.4e-05,0.358258,TURN_LEFT
1581,50.592,66.579277,71.84936,0.3,0.3,0.053127,0.127654,0.3,0.3,0.053127,63.655233,115.024785,48.18644,64.43908,0.0,0.358258,TURN_LEFT
1582,50.624,65.202268,69.011658,0.3,0.299971,0.047991,0.179358,0.299971,0.3,0.047991,71.242476,127.639723,48.11108,64.52072,6.4e-05,0.545455,FORWARD
1583,50.656,71.239533,68.60743,0.3,0.299578,0.04587,0.215551,0.299578,0.3,0.04587,68.026626,135.707758,48.09852,64.60236,0.000708,0.427083,FORWARD
1584,50.688,68.799906,70.388499,0.3,0.299266,0.044359,0.240885,0.299266,0.3,0.044359,67.346914,141.451064,48.08596,64.69028,0.000772,0.385403,FORWARD
1585,50.72,63.172692,61.083909,0.3,0.299009,0.041724,0.25862,0.299009,0.3,0.041724,67.606826,151.472128,48.0734,64.78448,0.000837,0.369246,FORWARD
1586,50.752,65.351254,67.217656,0.3,0.298835,0.042358,0.271034,0.298835,0.3,0.042358,63.395497,149.064141,48.05456,64.88496,0.000837,0.362751,FORWARD
1587,50.784,70.09721,71.602347,0.3,0.29876,0.039716,0.279724,0.29876,0.3,0.039716,69.087761,160.212596,48.03572,64.97916,0.000772,0.360103,FORWARD
1588,50.816,66.375738,69.461385,0.3,0.29871,0.038194,0.285807,0.29871,0.3,0.038194,61.439437,171.92009,48.01688,65.07336,0.000772,0.359017,FORWARD
1589,50.848,72.418487,67.815458,0.068583,0.068583,0.037836,0.22064,0.068583,0.3,0.037836,71.526978,174.670288,47.99804,65.16756,0.000772,0.35857,FORWARD
1590,50.88,67.519232,66.289702,0.3,0.3,0.037786,0.244448,0.3,0.3,0.037786,70.436667,175.055805,47.9792,65.26804,0.000837,0.545455,FORWARD
1591,50.912,72.155326,67.499948,0.3,0.299649,0.037734,0.261113,0.299649,0.3,0.037734,63.301737,175.458303,47.96036,65.36224,0.000772,0.545455,FORWARD
1592,50.944,61.208147,76.887907,0.067372,0.067372,0.036245,0.202991,0.067372,0.3,0.036245,61.98656,186.906169,47.93524,65.45644,0.000708,0.427083,FORWARD
1593,50.976,66.481792,67.951142,0.3,0.3,0.036468,0.232094,0.3,0.3,0.036468,65.360812,185.192044,47.9164,65.55064,0.000772,0.545455,FORWARD
1594,51.008,67.283396,68.61912,0.3,0.29962,0.035423,0.252466,0.29962,0.3,0.035423,66.021364,193.223849,47.89756,65.65112,0.000837,0.545455,FORWARD
1595,51.04,68.830442,67.010014,0.3,0.29934,0.035092,0.266726,0.29934,0.3,0.035092,63.58317,195.771935,47.87872,65.74532,0.000772,0.427083,FORWARD
1596,51.072,69.082494,64.97595,0.3,0.299119,0.035946,0.276708,0.299119,0.06848,0.035946,72.797444,189.201462,47.85988,65.83952,0.000772,0.385403,FORWARD
1597,51.104,66.896054,56.822854,0.3,0.298917,0.036441,0.283696,0.298917,0.3,0.036441,68.091187,185.399626,47.89128,65.88976,0.000837,0.369246,FORWARD
1598,51.136,70.069418,66.327671,0.3,0.298817,0.037787,0.288587,0.298817,0.3,0.037787,64.213422,175.050198,47.87244,65.98396,0.000772,0.362751,FORWARD
1599,51.168,64.815118,65.140837,0.3,0.298749,0.038271,0.292011,0.298749,0.3,0.038271,67.767496,171.323898,47.8536,66.07816,0.000772,0.360103,FORWARD
1600,51.2,65.67576,71.167814,0.3,0.298662,0.038288,0.294408,0.298662,0.3,0.038288,70.199453,171.192374,47.83476,66.17864,0.000837,0.359017,FORWARD
1601,51.232,69.137001,70.957731,0.3,0.298646,0.039937,0.296085,0.298646,0.3,0.039937,64.340096,158.516487,47.81592,66.27284,0.000772,0.35857,FORWARD
1602,51.264,63.458879,66.966545,0.3,0.298636,0.040265,0.29726,0.298636,0.3,0.040265,67.765573,157.023239,47.79708,66.36704,0.000772,0.358386,FORWARD
1603,51.296,62.289838,72.09021,0.3,0.298629,0.041547,0.298082,0.298629,0.3,0.041547,65.702099,152.147689,47.77196,66.46752,0.000772,0.358311,FORWARD
1604,51.328,68.873489,68.192963,0.3,0.298624,0.044665,0.298657,0.298624,0.3,0.044665,70.722811,140.287416,47.75312,66.56172,0.000772,0.358279,FORWARD
1605,51.36,62.632347,68.376455,0.3,0.298622,0.045692,0.29906,0.298622,0.3,0.045692,66.045602,136.384077,47.74056,66.64964,0.000772,0.358267,FORWARD
1606,51.392,76.973531,65.639092,0.067349,0.067349,0.047791,0.229547,0.067349,0.3,0.047791,65.510225,128.401497,47.728,66.74384,0.000837,0.358261,FORWARD
1607,51.424,64.131408,68.817797,0.3,0.3,0.046828,0.250683,0.3,0.3,0.046828,69.287441,132.062582,47.72172,66.82548,0.000772,0.545455,FORWARD
1608,51.456,67.338692,66.212326,0.3,0.299649,0.05681,0.265478,0.299649,0.3,0.05681,69.373494,109.164752,47.70916,66.9134,0.000772,0.545455,FORWARD
1609,51.488,69.730232,72.289133,0.3,0.299356,0.052156,0.275835,0.299356,0.3,0.052156,66.961228,116.569942,47.70916,66.98876,0.000772,0.427083,FORWARD
1610,51.52,74.646648,66.675695,0.067979,0.067979,0.056853,0.213478,0.067979,0.3,0.056853,66.685447,109.096112,47.70916,67.0704,0.000837,0.385403,FORWARD
1611,51.552,65.270463,72.686891,0.06851,0.067918,0.057254,0.169988,0.067918,0.3,0.057254,66.56192,108.459313,47.70916,67.14576,0.000772,0.545455,FORWARD
1612,51.584,62.38658,62.329784,0.3,0.3,0.062705,0.208991,0.3,0.3,0.062705,71.491994,94.109569,47.70916,67.22112,0.000772,0.427083,FORWARD
1613,51.616,60.142615,62.155369,0.3,0.299649,0.066378,0.236294,0.299649,0.3,0.066378,69.149251,80.55483,47.70916,67.29648,0.000772,0.545455,FORWARD
1614,51.648,71.87673,67.326909,0.3,0.299356,0.3,0.255406,0.299356,0.3,0.3,67.002028,70.170451,47.70916,67.37184,0.000772,0.427083,FORWARD
1615,51.68,67.841517,61.95927,0.3,0.29909,0.3,0.268784,0.29909,0.3,0.3,65.44978,67.841592,47.74684,67.4158,0.000837,0.385403,FORWARD
1616,51.712,67.057624,71.764982,0.3,0.298939,0.3,0.278149,0.298939,0.3,0.3,64.222236,65.419896,47.78452,67.45348,0.000772,0.369246,FORWARD
1617,51.744,64.286916,72.352839,0.3,0.298832,0.3,0.284704,0.298832,0.3,0.3,67.069019,61.850468,47.8222,67.49116,0.000772,0.362751,FORWARD
1618,51.776,71.028081,67.668933,0.3,0.298758,0.067878,0.289293,0.298758,0.3,0.067878,68.306827,75.020128,47.85988,67.52884,0.000772,0.360103,FORWARD
1619,51.808,72.369023,68.981232,0.068596,0.068596,0.3,0.223084,0.068596,0.3,0.3,70.433528,68.448211,47.86616,67.6042,0.000837,0.359017,FORWARD
1620,51.84,70.596848,74.494326,0.068021,0.067931,0.3,0.176565,0.067931,0.3,0.3,69.24893,69.292217,47.90384,67.64188,0.000772,0.545455,FORWARD
1621,51.872,62.151313,68.001047,0.3,0.3,0.3,0.213595,0.3,0.3,0.3,66.713563,67.041648,47.94152,67.67956,0.000772,0.427083,FORWARD
1622,51.904,71.426011,65.662366,0.3,0.299649,0.068231,0.239517,0.299649,0.068231,0.3,73.717204,68.923715,47.9792,67.71724,0.000772,0.545455,FORWARD
1623,51.936,72.063011,70.053353,0.3,0.299356,0.3,0.257662,0.299356,0.3,0.3,68.425595,66.636612,48.05456,67.71724,0.000772,0.427083,FORWARD
1624,51.968,66.827645,66.551274,0.3,0.29909,0.3,0.270363,0.29909,0.3,0.3,66.865368,67.601419,48.09224,67.7612,0.000837,0.385403,FORWARD
1625,52.0,66.697316,66.367633,0.3,0.298939,0.3,0.279254,0.298939,0.3,0.3,71.228714,63.894973,48.12992,67.79888,0.000772,0.369246,FORWARD
1626,52.032,61.911232,64.628404,0.3,0.298832,0.3,0.285478,0.298832,0.3,0.3,64.485318,65.291121,48.1676,67.83656,0.000772,0.362751,FORWARD
1627,52.064,65.842918,63.943958,0.3,0.298758,0.3,0.289835,0.298758,0.3,0.3,64.320456,70.279078,48.20528,67.87424,0.000772,0.360103,FORWARD
1628,52.096,59.056114,69.433811,0.3,0.298668,0.3,0.292884,0.298668,0.3,0.3,70.026898,71.624462,48.24924,67.91192,0.000837,0.359017,FORWARD
1629,52.128,65.990188,62.967781,0.3,0.29865,0.3,0.295019,0.29865,0.3,0.3,69.88543,70.924744,48.28692,67.9496,0.000772,0.35857,FORWARD
1630,52.16,66.04185,73.58267,0.068268,0.068268,0.068274,0.226994,0.068268,0.068274,0.3,73.559683,66.898402,48.3246,67.98728,0.000772,0.358386,FORWARD
1631,52.192,62.623954,65.17956,0.3,0.3,0.3,0.248895,0.3,0.3,0.3,67.014718,66.043097,48.39996,67.98728,0.000772,0.545455,FORWARD
1632,52.224,66.953274,61.481503,0.3,0.29962,0.3,0.264227,0.29962,0.3,0.3,68.835467,68.155057,48.43764,68.03124,0.000837,0.545455,FORWARD
1633,52.256,62.951924,69.992117,0.3,0.29934,0.068414,0.274959,0.29934,0.3,0.068414,65.680931,73.041917,48.47532,68.06892,0.000772,0.427083,FORWARD
1634,52.288,68.933787,67.973957,0.3,0.299119,0.3,0.282471,0.299119,0.3,0.3,64.388176,67.93232,48.47532,68.14428,0.000772,0.385403,FORWARD
1635,52.32,60.120749,65.382038,0.3,0.298957,0.3,0.28773,0.298957,0.3,0.3,64.216014,70.101557,48.513,68.18196,0.000772,0.369246,FORWARD
1636,52.352,66.579353,66.909877,0.3,0.298843,0.3,0.291411,0.298843,0.3,0.3,68.19616,69.879628,48.55068,68.21964,0.000772,0.362751,FORWARD
1637,52.384,68.946932,61.915511,0.3,0.298724,0.06844,0.293988,0.298724,0.3,0.06844,71.589827,72.946166,48.59464,68.25732,0.000837,0.360103,FORWARD
1638,52.416,70.125831,63.776688,0.3,0.298687,0.3,0.295791,0.298687,0.3,0.3,65.358247,68.565087,48.59464,68.33268,0.000772,0.359017,FORWARD
1639,52.448,70.670613,68.720439,0.3,0.298662,0.3,0.297054,0.298662,0.3,0.3,69.257288,67.960426,48.63232,68.37036,0.000772,0.35857,FORWARD
1640,52.48,63.128,67.560046,0.3,0.298646,0.3,0.297938,0.298646,0.3,0.3,59.786971,68.04711,48.67,68.40804,0.000772,0.358386,FORWARD
1641,52.512,64.664971,67.546191,0.3,0.298636,0.3,0.298556,0.298636,0.3,0.3,68.119898,59.860201,48.70768,68.44572,0.000772,0.358311,FORWARD
1642,52.544,65.486006,65.60852,0.3,0.298587,0.3,0.298989,0.298587,0.3,0.3,69.083405,64.714769,48.74536,68.48968,0.000837,0.358279,FORWARD
1643,52.576,64.285207,66.404926,0.3,0.298598,0.3,0.299293,0.298598,0.3,0.3,66.432902,66.13142,48.78304,68.52736,0.000772,0.358267,FORWARD
1644,52.608,62.770392,66.698843,0.3,0.298604,0.3,0.299505,0.298604,0.3,0.3,69.645579,72.057517,48.82072,68.56504,0.000772,0.358261,FORWARD
1645,52.64,67.47689,63.853789,0.3,0.298567,0.3,0.299653,0.298567,0.3,0.3,67.887339,65.692909,48.86468,68.60272,0.000837,0.358259,FORWARD
1646,52.672,66.447836,70.200977,0.3,0.298585,0.068452,0.299757,0.298585,0.068452,0.3,72.90258,68.125191,48.90236,68.6404,0.000772,0.358258,FORWARD
1647,52.704,67.229766,72.134877,0.3,0.298596,0.068492,0.29983,0.298596,0.068492,0.3,72.753622,68.070424,48.97772,68.6404,0.000772,0.358258,FORWARD
1648,52.736,65.008969,67.628591,0.3,0.298603,0.3,0.299881,0.298603,0.3,0.3,68.071478,70.869148,49.05308,68.6404,0.000772,0.358258,FORWARD
1649,52.768,64.751417,61.260108,0.3,0.298567,0.3,0.299917,0.298567,0.3,0.3,70.607558,69.243073,49.09076,68.68436,0.000837,0.358258,FORWARD
1650,52.8,63.969508,71.318773,0.3,0.298585,0.3,0.299942,0.298585,0.3,0.3,66.550719,69.581177,49.12844,68.72204,0.000772,0.358258,FORWARD
1651,52.832,72.322711,74.962729,0.067894,0.067894,0.3,0.230327,0.067894,0.3,0.3,64.326942,64.507562,49.16612,68.75972,0.000772,0.358258,FORWARD
1652,52.864,66.211929,70.146988,0.3,0.3,0.3,0.251229,0.3,0.3,0.3,66.954599,70.236541,49.2038,68.7974,0.000772,0.545455,FORWARD
1653,52.896,69.428643,70.118569,0.3,0.299649,0.3,0.26586,0.299649,0.3,0.3,64.718114,69.067833,49.24148,68.83508,0.000772,0.545455,FORWARD
1654,52.928,63.00501,62.53232,0.3,0.299356,0.3,0.276102,0.299356,0.3,0.3,66.526668,64.652444,49.27916,68.87276,0.000772,0.427083,FORWARD
1655,52.96,68.036573,70.46895,0.3,0.29909,0.3,0.283272,0.29909,0.3,0.3,67.484521,67.261948,49.32312,68.91044,0.000837,0.385403,FORWARD
1656,52.992,66.759205,69.093834,0.3,0.298939,0.3,0.28829,0.298939,0.3,0.3,64.528208,65.500566,49.3608,68.94812,0.000772,0.369246,FORWARD
1657,53.024,67.784669,72.444958,0.068576,0.068576,0.3,0.222376,0.068576,0.3,0.3,67.799253,65.964383,49.39848,68.9858,0.000772,0.362751,FORWARD
1658,53.056,71.588936,65.755409,0.3,0.3,0.3,0.245663,0.3,0.3,0.3,62.110554,66.275512,49.43616,69.02976,0.000837,0.545455,FORWARD
1659,53.088,68.805863,69.00212,0.3,0.299649,0.3,0.261964,0.299649,0.3,0.3,65.18865,67.796425,49.47384,69.06744,0.000772,0.545455,FORWARD
1660,53.12,69.709729,70.319432,0.3,0.299356,0.3,0.273375,0.299356,0.3,0.3,64.745455,68.10034,49.51152,69.10512,0.000772,0.427083,FORWARD
1661,53.152,69.084182,64.014237,0.3,0.29913,0.3,0.281362,0.29913,0.3,0.3,65.76514,67.052225,49.5492,69.1428,0.000772,0.385403,FORWARD
1662,53.184,68.514079,62.549107,0.3,0.298964,0.3,0.286954,0.298964,0.3,0.3,70.260068,69.401583,49.58688,69.18048,0.000772,0.369246,FORWARD
1663,53.216,72.81513,63.745251,0.068476,0.068476,0.3,0.22141,0.068476,0.3,0.3,66.171089,72.061439,49.62456,69.21816,0.000772,0.362751,FORWARD
1664,53.248,68.633466,71.042951,0.3,0.3,0.3,0.244987,0.3,0.3,0.3,67.54621,70.616436,49.66852,69.25584,0.000837,0.545455,FORWARD
1665,53.28,62.864999,72.186243,0.3,0.299649,0.3,0.261491,0.299649,0.3,0.3,62.370229,64.930163,49.7062,69.29352,0.000772,0.545455,FORWARD
1666,53.312,65.229414,60.544358,0.3,0.299356,0.3,0.273044,0.299356,0.3,0.3,68.263859,63.324917,49.74388,69.3312,0.000772,0.427083,FORWARD
1667,53.344,65.949585,71.295541,0.3,0.29909,0.3,0.281131,0.29909,0.3,0.3,66.774454,69.153109,49.78156,69.37516,0.000837,0.385403,FORWARD
1668,53.376,62.405259,61.221395,0.3,0.298939,0.3,0.286791,0.298939,0.3,0.3,67.648445,69.206529,49.81924,69.41284,0.000772,0.369246,FORWARD
1669,53.408,67.672393,66.734463,0.3,0.298832,0.3,0.290754,0.298832,0.3,0.3,68.472967,70.973771,49.85692,69.45052,0.000772,0.362751,FORWARD
1670,53.44,67.192684,64.001,0.3,0.298758,0.3,0.293528,0.298758,0.3,0.3,68.385362,69.331861,49.8946,69.4882,0.000772,0.360103,FORWARD
1671,53.472,68.636971,67.05013,0.3,0.298709,0.3,0.295469,0.298709,0.3,0.3,66.877008,71.291707,49.93228,69.52588,0.000772,0.359017,FORWARD
1672,53.504,69.684202,60.463653,0.3,0.298676,0.3,0.296829,0.298676,0.3,0.3,67.762902,70.577646,49.96996,69.56356,0.000772,0.35857,FORWARD
1673,53.536,66.496134,68.051438,0.3,0.298614,0.068547,0.29778,0.298614,0.068547,0.3,72.550337,69.589416,50.01392,69.60124,0.000837,0.358386,FORWARD
1674,53.568,67.955589,62.827961,0.3,0.298615,0.3,0.298446,0.298615,0.3,0.3,62.379673,66.450977,50.08928,69.60124,0.000772,0.358311,FORWARD
1675,53.6,69.263115,62.221324,0.3,0.298574,0.3,0.298912,0.298574,0.3,0.3,63.341179,71.112837,50.12696,69.6452,0.000837,0.358279,FORWARD
1676,53.632,73.556202,66.436805,0.068275,0.068275,0.3,0.229721,0.068275,0.3,0.3,69.109425,65.41477,50.16464,69.68288,0.000772,0.358267,FORWARD
1677,53.664,64.17441,65.111045,0.3,0.3,0.3,0.250805,0.3,0.3,0.3,65.447757,71.571457,50.20232,69.72056,0.000772,0.545455,FORWARD
1678,53.696,73.069137,68.732516,0.068407,0.068407,0.3,0.196085,0.068407,0.3,0.3,66.495181,71.116624,50.24,69.75824,0.000772,0.545455,FORWARD
1679,53.728,65.186243,64.903458,0.3,0.3,0.3,0.22726,0.3,0.3,0.3,68.419891,67.539717,50.27768,69.79592,0.000772,0.545455,FORWARD
1680,53.76,67.577488,67.544605,0.3,0.299649,0.3,0.249082,0.299649,0.3,0.3,70.640082,71.189514,50.31536,69.8336,0.000772,0.545455,FORWARD
1681,53.792,66.394076,71.519502,0.3,0.299356,0.3,0.264357,0.299356,0.3,0.3,69.525769,67.897344,50.35304,69.87128,0.000772,0.427083,FORWARD
1682,53.824,67.911165,65.554814,0.3,0.29913,0.3,0.27505,0.29913,0.3,0.3,65.82284,66.878722,50.39072,69.90896,0.000772,0.385403,FORWARD
1683,53.856,72.054462,66.123618,0.3,0.298883,0.3,0.282535,0.298883,0.3,0.3,68.368272,65.981914,50.43468,69.95292,0.000901,0.369246,FORWARD
1684,53.888,71.19001,62.850481,0.3,0.298796,0.3,0.287775,0.298796,0.3,0.3,65.379542,69.653713,50.47236,69.9906,0.000772,0.362751,FORWARD
1685,53.92,66.54648,69.117962,0.3,0.298735,0.3,0.291442,0.298735,0.3,0.3,72.244934,66.854821,50.51004,70.02828,0.000772,0.360103,FORWARD
1686,53.952,67.279999,69.977741,0.3,0.298694,0.3,0.29401,0.298694,0.3,0.3,65.871477,69.971355,50.54772,70.06596,0.000772,0.359017,FORWARD
1687,53.984,71.508695,63.8446,0.3,0.298667,0.3,0.295807,0.298667,0.3,0.3,69.652329,69.716506,50.5854,70.10364,0.000772,0.35857,FORWARD
1688,54.016,64.576488,70.77061,0.3,0.298649,0.3,0.297065,0.298649,0.3,0.3,69.092779,70.085562,50.62308,70.14132,0.000772,0.358386,FORWARD
1689,54.048,70.218058,67.32014,0.3,0.298637,0.3,0.297945,0.298637,0.3,0.3,71.610866,66.070756,50.66076,70.179,0.000772,0.358311,FORWARD
1690,54.08,60.569614,63.549961,0.3,0.29863,0.3,0.298562,0.29863,0.3,0.3,68.902434,68.526287,50.69844,70.21668,0.000772,0.358279,FORWARD
1691,54.112,64.933471,62.341185,0.3,0.298584,0.3,0.298993,0.298584,0.3,0.3,67.260964,70.185808,50.7424,70.25436,0.000837,0.358267,FORWARD
1692,54.144,62.527901,70.49614,0.3,0.298554,0.3,0.299295,0.298554,0.3,0.3,67.457764,60.417835,50.78008,70.29832,0.000837,0.358261,FORWARD
1693,54.176,64.533048,67.896493,0.3,0.298576,0.3,0.299507,0.298576,0.3,0.3,68.185805,70.390572,50.81776,70.336,0.000772,0.358259,FORWARD
1694,54.208,69.350441,71.752243,0.3,0.298591,0.3,0.299655,0.298591,0.3,0.3,64.920845,68.903814,50.85544,70.37368,0.000772,0.358258,FORWARD
1695,54.24,63.917591,65.642052,0.3,0.2986,0.3,0.299758,0.2986,0.3,0.3,69.838195,65.227448,50.89312,70.41136,0.000772,0.358258,FORWARD
1696,54.272,68.105273,65.010988,0.3,0.298606,0.068595,0.299831,0.298606,0.068595,0.3,72.375098,68.198255,50.9308,70.44904,0.000772,0.358258,FORWARD
1697,54.304,71.532762,67.27453,0.3,0.29861,0.3,0.299882,0.29861,0.3,0.3,71.223882,68.861775,51.00616,70.44904,0.000772,0.358258,FORWARD
1698,54.336,64.015995,68.990099,0.3,0.298612,0.068546,0.299917,0.298612,0.068546,0.3,72.554973,66.952039,51.04384,70.48672,0.000772,0.358258,FORWARD
1699,54.368,68.323504,75.615196,0.067717,0.067717,0.3,0.230257,0.067717,0.3,0.3,71.069429,66.936929,51.1192,70.493,0.000837,0.358258,FORWARD
1700,54.4,61.275786,81.063633,0.06624,0.06624,0.3,0.181052,0.06656,0.3,0.3,66.813537,71.288753,51.15688,70.53068,0.000772,0.545455,FORWARD
1701,54.432,69.538804,76.896819,0.067369,0.066463,0.3,0.146947,0.066463,0.3,0.3,65.323002,71.821998,51.19456,70.56836,0.000772,0.427083,FORWARD
1702,54.464,69.618634,83.140499,0.065677,0.065646,0.3,0.122566,0.065646,0.3,0.3,68.981868,62.569028,51.23852,70.60604,0.000837,0.385403,FORWARD
1703,54.496,65.208801,94.906493,0.062489,0.062489,0.068375,0.104543,0.063993,0.068375,0.3,73.186233,66.975646,51.2762,70.64372,0.000772,0.369246,FORWARD
1704,54.528,65.369982,90.250415,0.063751,0.063413,0.3,0.092305,0.063413,0.3,0.3,66.376537,67.395233,51.35156,70.64372,0.000772,0.362751,FORWARD
1705,54.56,63.488921,100.395554,0.061001,0.061001,0.3,0.082914,0.06205,0.3,0.3,71.268863,63.052086,51.38924,70.6814,0.000772,0.360103,FORWARD
1706,54.592,71.768347,101.011588,0.060834,0.060834,0.3,0.07629,0.061118,0.3,0.3,72.144867,63.335457,51.42692,70.71908,0.000772,0.359017,FORWARD
1707,54.624,66.076547,103.939302,0.060041,0.060041,0.3,0.071415,0.060195,0.3,0.3,58.928708,61.255972,51.4646,70.76304,0.000837,0.35857,FORWARD
1708,54.656,63.579698,109.641661,0.056511,0.056511,0.3,0.066944,0.058379,0.3,0.3,67.89217,67.347232,51.50228,70.80072,0.000772,0.358386,FORWARD
1709,54.688,70.89923,111.359139,0.055431,0.055431,0.3,0.06349,0.056827,0.3,0.3,64.990234,68.216871,51.53996,70.8384,0.000772,0.358311,FORWARD
1710,54.72,70.070301,111.103961,0.055591,0.055591,0.068515,0.06112,0.055889,0.3,0.068515,66.817197,72.67088,51.57764,70.87608,0.000772,0.358279,FORWARD
1711,54.752,68.806619,113.527582,0.054068,0.054068,0.3,0.059005,0.054699,0.3,0.3,67.406748,70.761986,51.58392,70.95144,0.000837,0.358267,FORWARD
1712,54.784,69.753244,114.372656,0.053537,0.053537,0.3,0.057364,0.053787,0.3,0.3,63.461596,68.697484,51.6216,70.98912,0.000772,0.358261,FORWARD
1713,54.816,67.940299,109.006563,0.05691,0.05441,0.068152,0.057228,0.05441,0.3,0.068152,70.624078,74.009313,51.65928,71.0268,0.000772,0.358259,FORWARD
1714,54.848,71.755342,109.530217,0.056581,0.054692,0.3,0.057034,0.054692,0.3,0.3,70.545318,62.204202,51.65928,71.10216,0.000772,0.358258,FORWARD
1715,54.88,69.84579,117.083514,0.051833,0.051833,0.067687,0.055474,0.053172,0.3,0.067687,68.011577,75.725185,51.69696,71.13984,0.000772,0.358258,FORWARD
1716,54.912,60.520841,111.275388,0.055484,0.053505,0.3,0.055477,0.053505,0.3,0.3,65.599275,61.410928,51.69696,71.2152,0.000772,0.358258,FORWARD
1717,54.944,74.056637,111.941234,0.055065,0.053568,0.068282,0.055353,0.053568,0.3,0.068282,68.555137,73.529242,51.73464,71.25288,0.000772,0.358258,FORWARD
1718,54.976,68.280502,105.654454,0.059017,0.054983,0.3,0.056452,0.054983,0.3,0.3,61.744435,63.721376,51.74092,71.32824,0.000837,0.358258,FORWARD
1719,55.008,67.37383,120.089175,0.049977,0.049977,0.3,0.05451,0.052652,0.3,0.3,64.266058,65.788218,51.7786,71.3722,0.000837,0.358258,FORWARD
1720,55.04,62.682657,111.041878,0.05563,0.053224,0.3,0.054846,0.053224,0.3,0.3,65.710995,65.594147,51.81628,71.40988,0.000772,0.358258,FORWARD
1721,55.072,58.492113,119.992596,0.050005,0.050005,0.3,0.053393,0.051575,0.3,0.3,68.3259,62.125919,51.85396,71.44756,0.000772,0.358258,FORWARD
1722,55.104,62.201264,126.593127,0.048266,0.048266,0.3,0.051855,0.049894,0.3,0.3,66.575446,64.288181,51.89164,71.48524,0.000772,0.358258,FORWARD
1723,55.136,69.524774,118.810626,0.050748,0.049704,0.3,0.051523,0.049704,0.3,0.3,63.360498,70.883206,51.92932,71.52292,0.000772,0.358258,FORWARD
1724,55.168,62.758217,124.344034,0.048858,0.048858,0.3,0.050723,0.048905,0.3,0.3,68.02952,68.385743,51.967,71.5606,0.000772,0.358258,FORWARD
1725,55.2,70.629134,135.284488,0.045981,0.045981,0.3,0.049301,0.047362,0.3,0.3,69.91891,68.536021,52.00468,71.59828,0.000772,0.358258,FORWARD
1726,55.232,65.749505,136.223429,0.045734,0.045734,0.3,0.048231,0.046324,0.3,0.3,64.688998,65.493046,52.04236,71.62968,0.000708,0.358258,FORWARD
1727,55.264,67.380545,132.178774,0.046798,0.046039,0.3,0.047801,0.046039,0.3,0.3,71.482703,69.988962,52.07376,71.66736,0.000708,0.358258,FORWARD
1728,55.296,74.236827,142.769654,0.044013,0.044013,0.3,0.046664,0.044818,0.3,0.3,66.8401,68.960807,52.11144,71.70504,0.000772,0.358258,FORWARD
1729,55.328,63.787401,142.774764,0.044011,0.044011,0.3,0.045868,0.044116,0.3,0.3,66.044053,66.090474,52.14284,71.73644,0.000644,0.358258,FORWARD
1730,55.36,68.993856,140.886137,0.044508,0.043802,0.3,0.04546,0.043802,0.3,0.3,68.196098,67.845233,52.18052,71.76784,0.000708,0.358258,FORWARD
1731,55.392,67.476827,159.139171,0.039856,0.039856,0.3,0.043779,0.041934,0.3,0.3,64.499854,65.328598,52.21192,71.80552,0.000708,0.358258,TURN_LEFT
1732,55.424,68.318307,139.12507,0.044971,0.043063,0.3,0.044137,0.043063,0.3,0.3,69.551691,66.181529,52.13028,71.88088,-6.4e-05,0.358258,TURN_LEFT
1733,55.456,73.548364,136.580642,0.04564,0.043945,0.06795,0.044588,0.043945,0.06795,0.3,74.754427,64.555582,52.05492,71.96252,6.4e-05,0.358258,TURN_RIGHT
1734,55.488,64.572783,145.78509,0.04322,0.04322,0.3,0.044177,0.043727,0.3,0.3,65.099754,67.906743,52.13028,71.88088,-6.4e-05,0.358258,TURN_LEFT
1735,55.52,63.60836,132.1531,0.046804,0.044788,0.3,0.044965,0.044788,0.3,0.3,66.986004,68.542188,52.05492,71.96252,6.4e-05,0.358258,TURN_LEFT
1736,55.552,63.701981,120.231904,0.049939,0.046633,0.066752,0.046457,0.046633,0.3,0.066752,69.898808,79.173951,51.97328,72.04416,0.0,0.358258,TURN_LEFT
1737,55.584,72.19875,112.469115,0.054733,0.049535,0.062054,0.04894,0.049535,0.3,0.062054,67.114571,96.512097,51.89164,72.1258,-0.0,0.358258,TURN_LEFT
1738,55.616,65.808178,112.809605,0.054519,0.051362,0.058198,0.050614,0.051362,0.3,0.058198,68.831063,106.956455,51.81,72.20116,-6.4e-05,0.358258,TURN_LEFT
1739,55.648,68.627971,92.590348,0.063116,0.055532,0.050609,0.054365,0.055532,0.3,0.050609,71.920593,119.031057,51.73464,72.2828,6.4e-05,0.358258,TURN_LEFT
1740,55.68,67.820685,81.224001,0.066197,0.059353,0.050931,0.057914,0.059353,0.3,0.050931,68.024266,118.519062,51.653,72.36444,0.0,0.358258,FORWARD
1741,55.712,67.409688,71.160313,0.3,0.3,0.049778,0.13054,0.3,0.3,0.049778,68.526822,120.845949,51.653,72.4398,0.000772,0.358258,FORWARD
1742,55.744,64.224215,68.440958,0.3,0.299649,0.046565,0.181378,0.299649,0.3,0.046565,71.10557,133.061825,51.64672,72.52144,0.000772,0.545455,FORWARD
1743,55.776,62.435392,66.505623,0.3,0.299319,0.042867,0.216965,0.299319,0.3,0.042867,64.877639,147.125378,51.64044,72.60936,0.000837,0.427083,FORWARD
1744,55.808,68.247951,64.619098,0.3,0.299107,0.046272,0.241875,0.299107,0.3,0.046272,72.094408,134.178459,51.6216,72.70356,0.000772,0.385403,FORWARD
1745,55.84,73.306752,59.661923,0.068342,0.068342,0.039131,0.189815,0.068342,0.3,0.039131,68.51161,164.713594,51.60904,72.79148,0.000772,0.369246,FORWARD
1746,55.872,70.829891,67.744962,0.3,0.3,0.03914,0.222871,0.3,0.3,0.03914,64.767336,164.646508,51.5902,72.88568,0.000772,0.545455,FORWARD
1747,55.904,64.332219,66.904912,0.3,0.29962,0.037895,0.24601,0.29962,0.3,0.037895,66.40979,174.216775,51.57136,72.98616,0.000837,0.545455,FORWARD
1748,55.936,69.932257,74.092826,0.068129,0.068129,0.038096,0.192645,0.068129,0.3,0.038096,69.79244,172.670518,51.55252,73.08036,0.000772,0.427083,FORWARD
1749,55.968,63.436675,63.755998,0.3,0.3,0.035526,0.224852,0.3,0.3,0.035526,67.990186,192.43408,51.53368,73.17456,0.000772,0.545455,FORWARD
1750,56.0,66.917641,68.128528,0.3,0.299649,0.034787,0.247396,0.299649,0.3,0.034787,67.438978,198.116494,51.51484,73.26876,0.000772,0.545455,FORWARD
1751,56.032,66.148139,65.606604,0.3,0.299356,0.033485,0.263177,0.299356,0.3,0.033485,63.499518,208.130163,51.48972,73.36924,0.000772,0.427083,FORWARD
1752,56.064,66.677174,62.605432,0.3,0.29913,0.035932,0.274224,0.29913,0.3,0.035932,62.037906,189.309285,51.47088,73.46344,0.000772,0.385403,FORWARD
1753,56.096,78.241452,68.513642,0.067005,0.067005,0.034121,0.212058,0.067005,0.3,0.034121,70.848569,203.23997,51.45204,73.55764,0.000772,0.369246,FORWARD
1754,56.128,68.597443,69.174663,0.3,0.3,0.035042,0.238441,0.3,0.3,0.035042,67.439929,196.160718,51.4332,73.65812,0.000837,0.545455,FORWARD
1755,56.16,71.315957,69.5071,0.3,0.299649,0.035212,0.256909,0.299649,0.3,0.035212,66.926779,194.852848,51.41436,73.75232,0.000772,0.545455,FORWARD
1756,56.192,71.081321,72.312747,0.3,0.299356,0.03471,0.269836,0.299356,0.3,0.03471,65.136147,198.71373,51.39552,73.84652,0.000772,0.427083,FORWARD
1757,56.224,66.227693,71.233435,0.3,0.29913,0.035399,0.278885,0.29913,0.3,0.035399,66.577525,193.410257,51.37668,73.94072,0.000772,0.385403,FORWARD
1758,56.256,63.428917,68.06764,0.3,0.298923,0.036868,0.28522,0.298923,0.3,0.036868,65.610738,182.112592,51.35784,74.0412,0.000837,0.369246,FORWARD
1759,56.288,69.503423,62.195954,0.3,0.298822,0.037802,0.289654,0.298822,0.3,0.037802,64.782877,174.936103,51.339,74.1354,0.000772,0.362751,FORWARD
1760,56.32,59.51937,71.769145,0.3,0.298752,0.036799,0.292758,0.298752,0.3,0.036799,70.538453,182.64881,51.32016,74.2296,0.000772,0.360103,FORWARD
1761,56.352,69.878521,69.361097,0.3,0.298705,0.039552,0.29493,0.298705,0.3,0.039552,70.388289,161.475297,51.30132,74.3238,0.000772,0.359017,FORWARD
1762,56.384,70.114382,63.661657,0.3,0.298632,0.041292,0.296451,0.298632,0.3,0.041292,67.181162,153.118216,51.28248,74.42428,0.000837,0.35857,FORWARD
1763,56.416,70.405774,64.10551,0.3,0.298627,0.043842,0.297516,0.298627,0.3,0.043842,69.649246,143.420208,51.26364,74.51848,0.000772,0.358386,FORWARD
1764,56.448,62.379427,66.630965,0.3,0.298623,0.043673,0.298261,0.298623,0.3,0.043673,65.568875,144.060945,51.2448,74.61268,0.000772,0.358311,FORWARD
1765,56.48,63.737125,65.451911,0.3,0.298621,0.04479,0.298783,0.298621,0.3,0.04479,67.801486,139.814174,51.22596,74.70688,0.000772,0.358279,FORWARD
1766,56.512,69.243272,63.647882,0.3,0.298578,0.046757,0.299148,0.298578,0.3,0.046757,65.810032,132.333266,51.2134,74.80108,0.000837,0.358267,FORWARD
1767,56.544,70.651722,61.457463,0.3,0.298592,0.054277,0.299404,0.298592,0.3,0.054277,70.044049,113.195643,51.20084,74.889,0.000772,0.358261,FORWARD
1768,56.576,73.271114,66.864995,0.068352,0.068352,0.04946,0.230088,0.068352,0.3,0.04946,63.088658,122.054007,51.20084,74.96436,0.000772,0.358259,FORWARD
1769,56.608,71.005942,68.210942,0.3,0.3,0.056744,0.251062,0.3,0.3,0.056744,62.229075,109.270744,51.19456,75.046,0.000772,0.545455,FORWARD
1770,56.64,71.597066,69.0178,0.3,0.299649,0.060872,0.265743,0.299649,0.3,0.060872,63.692953,100.870931,51.19456,75.12136,0.000772,0.545455,FORWARD
1771,56.672,61.942713,62.838982,0.3,0.299356,0.061253,0.27602,0.299356,0.3,0.061253,66.382947,99.466618,51.19456,75.19672,0.000772,0.427083,FORWARD
1772,56.704,73.192113,67.03109,0.068373,0.068373,0.064204,0.213726,0.068373,0.3,0.064204,68.361796,88.577433,51.19456,75.27208,0.000772,0.385403,FORWARD
1773,56.736,68.228209,63.388574,0.3,0.3,0.066595,0.239608,0.3,0.3,0.066595,69.943093,79.75623,51.19456,75.34744,0.000772,0.545455,FORWARD
1774,56.768,68.869114,62.945652,0.3,0.29959,0.3,0.257726,0.29959,0.3,0.3,65.070668,68.919603,51.20084,75.42908,0.000901,0.545455,FORWARD
1775,56.8,67.363252,65.77725,0.3,0.299323,0.3,0.270408,0.299323,0.3,0.3,69.738841,64.415658,51.23852,75.46676,0.000772,0.427083,FORWARD
1776,56.832,63.431785,66.619941,0.3,0.299109,0.3,0.279286,0.299109,0.3,0.3,66.69003,67.150577,51.2762,75.50444,0.000772,0.385403,FORWARD
1777,56.864,61.663312,63.896036,0.3,0.298951,0.3,0.2855,0.298951,0.3,0.3,67.174587,71.155602,51.31388,75.54212,0.000772,0.369246,FORWARD
1778,56.896,64.945397,71.474222,0.3,0.298839,0.068497,0.28985,0.298839,0.3,0.068497,67.54176,72.736847,51.35156,75.5798,0.000772,0.362751,FORWARD
1779,56.928,66.556014,72.749832,0.068493,0.068493,0.3,0.223443,0.068493,0.3,0.3,63.359986,69.123927,51.35156,75.65516,0.000772,0.360103,FORWARD
1780,56.96,67.06293,73.162464,0.068381,0.068081,0.3,0.176925,0.068081,0.3,0.3,70.942182,69.740293,51.38924,75.69284,0.000772,0.545455,FORWARD
1781,56.992,72.121088,67.474446,0.3,0.3,0.3,0.213847,0.3,0.3,0.3,65.363647,58.845063,51.4332,75.73052,0.000837,0.427083,FORWARD
1782,57.024,66.848669,68.194307,0.3,0.299649,0.3,0.239693,0.299649,0.3,0.3,65.762173,68.488688,51.47088,75.7682,0.000772,0.545455,FORWARD
1783,57.056,66.742458,71.015177,0.3,0.299356,0.3,0.257785,0.299356,0.3,0.3,66.624014,69.169167,51.50856,75.80588,0.000772,0.427083,FORWARD
1784,57.088,64.745273,64.001411,0.3,0.29909,0.3,0.27045,0.29909,0.3,0.3,66.847509,67.01636,51.54624,75.84984,0.000837,0.385403,FORWARD
1785,57.12,68.04782,68.574889,0.3,0.298939,0.3,0.279315,0.298939,0.3,0.3,68.239056,67.103394,51.58392,75.88752,0.000772,0.369246,FORWARD
1786,57.152,76.239316,69.090325,0.067548,0.067548,0.3,0.215785,0.067548,0.3,0.3,68.702032,67.879228,51.6216,75.9252,0.000772,0.362751,FORWARD
1787,57.184,73.8054,71.158692,0.068207,0.067556,0.3,0.171511,0.067556,0.3,0.3,70.820263,64.63633,51.65928,75.96288,0.000772,0.545455,FORWARD
1788,57.216,68.328468,59.522745,0.3,0.3,0.3,0.210058,0.3,0.3,0.3,64.598942,65.563356,51.69696,76.00056,0.000772,0.427083,FORWARD
1789,57.248,67.253887,68.144043,0.3,0.299649,0.3,0.237041,0.299649,0.3,0.3,66.181901,64.738728,51.73464,76.03824,0.000772,0.545455,FORWARD
1790,57.28,68.945558,68.006345,0.3,0.299319,0.3,0.255928,0.299319,0.3,0.3,65.432796,71.037958,51.7786,76.07592,0.000837,0.427083,FORWARD
1791,57.312,68.721273,65.679258,0.3,0.299107,0.3,0.26915,0.299107,0.3,0.3,67.034055,70.905694,51.81628,76.1136,0.000772,0.385403,FORWARD
1792,57.344,68.098434,65.867905,0.3,0.298909,0.3,0.278405,0.298909,0.3,0.3,66.349971,67.637125,51.85396,76.15756,0.000837,0.369246,FORWARD
1793,57.376,69.087023,69.899689,0.3,0.298812,0.067601,0.284883,0.298812,0.3,0.067601,70.42899,76.040854,51.89164,76.19524,0.000772,0.362751,FORWARD
1794,57.408,64.245491,68.980824,0.3,0.298746,0.3,0.289418,0.298746,0.3,0.3,69.672334,62.591328,51.89164,76.2706,0.000772,0.360103,FORWARD
1795,57.44,68.15398,65.134759,0.3,0.298701,0.3,0.292593,0.298701,0.3,0.3,72.082835,61.999819,51.92932,76.30828,0.000772,0.359017,FORWARD
1796,57.472,63.221022,66.215928,0.3,0.298671,0.3,0.294815,0.298671,0.3,0.3,66.804967,63.391329,51.967,76.34596,0.000772,0.35857,FORWARD
1797,57.504,72.890289,66.386861,0.068455,0.068455,0.3,0.226907,0.068455,0.3,0.3,61.301908,69.257101,52.00468,76.38364,0.000772,0.358386,FORWARD
1798,57.536,60.788482,72.249121,0.3,0.3,0.3,0.248835,0.3,0.3,0.3,65.112634,68.443493,52.04864,76.42132,0.000837,0.545455,FORWARD
1799,57.568,68.802949,64.544088,0.3,0.299649,0.3,0.264184,0.299649,0.3,0.3,70.76987,70.224937,52.08632,76.459,0.000772,0.545455,FORWARD
1800,57.6,64.27948,65.941512,0.3,0.299356,0.3,0.274929,0.299356,0.3,0.3,64.369151,67.6208,52.124,76.49668,0.000772,0.427083,FORWARD
1801,57.632,69.588649,63.266549,0.3,0.29913,0.3,0.28245,0.29913,0.3,0.3,67.746897,65.183295,52.16168,76.53436,0.000772,0.385403,FORWARD
1802,57.664,64.576275,68.616685,0.3,0.298923,0.3,0.287715,0.298923,0.3,0.3,65.978211,70.96998,52.19936,76.57832,0.000837,0.369246,FORWARD
1803,57.696,69.131734,64.771684,0.3,0.298822,0.068119,0.291401,0.298822,0.068119,0.3,74.132518,68.584361,52.23704,76.616,0.000772,0.362751,FORWARD
1804,57.728,61.700963,61.949035,0.3,0.298752,0.3,0.29398,0.298752,0.3,0.3,71.187922,67.092858,52.3124,76.616,0.000772,0.360103,FORWARD
1805,57.76,71.555282,65.509335,0.3,0.298705,0.3,0.295786,0.298705,0.3,0.3,66.914227,63.775997,52.35008,76.65368,0.000772,0.359017,FORWARD
1806,57.792,72.087945,62.573174,0.3,0.298674,0.3,0.29705,0.298674,0.3,0.3,59.185378,68.613775,52.38776,76.69136,0.000772,0.35857,FORWARD
1807,57.824,63.898195,71.352983,0.3,0.298653,0.3,0.297935,0.298653,0.3,0.3,66.82651,65.5769,52.42544,76.72904,0.000772,0.358386,FORWARD
1808,57.856,64.29633,69.685638,0.3,0.298599,0.3,0.298555,0.298599,0.3,0.3,70.510889,67.529332,52.4694,76.76672,0.000837,0.358311,FORWARD
1809,57.888,64.046913,69.020914,0.3,0.298605,0.3,0.298988,0.298605,0.3,0.3,68.621606,67.256192,52.50708,76.8044,0.000772,0.358279,FORWARD
1810,57.92,69.218921,67.926433,0.3,0.298568,0.3,0.299292,0.298568,0.3,0.3,66.122181,60.430633,52.54476,76.84836,0.000837,0.358267,FORWARD
1811,57.952,68.442464,61.635949,0.3,0.298585,0.3,0.299504,0.298585,0.3,0.3,67.647747,66.964251,52.58244,76.88604,0.000772,0.358261,FORWARD
1812,57.984,61.861108,69.771562,0.3,0.298596,0.3,0.299653,0.298596,0.3,0.3,71.02937,66.473832,52.62012,76.92372,0.000772,0.358259,FORWARD
1813,58.016,71.193715,70.088694,0.3,0.298604,0.3,0.299757,0.298604,0.3,0.3,69.490004,67.000025,52.6578,76.9614,0.000772,0.358258,FORWARD
1814,58.048,67.56935,63.72659,0.3,0.298608,0.3,0.29983,0.298608,0.3,0.3,68.673972,67.742904,52.69548,76.99908,0.000772,0.358258,FORWARD
1815,58.08,71.980622,65.266755,0.3,0.298611,0.3,0.299881,0.298611,0.3,0.3,66.781482,67.779029,52.73316,77.03676,0.000772,0.358258,FORWARD
1816,58.112,66.161425,67.117736,0.3,0.298572,0.3,0.299917,0.298572,0.3,0.3,70.085796,64.686227,52.77712,77.07444,0.000837,0.358258,FORWARD
1817,58.144,63.639748,64.466983,0.3,0.298588,0.3,0.299942,0.298588,0.3,0.3,66.099938,67.915474,52.8148,77.11212,0.000772,0.358258,FORWARD
1818,58.176,66.675927,61.678501,0.3,0.298598,0.3,0.299959,0.298598,0.3,0.3,71.550507,65.209356,52.85248,77.1498,0.000772,0.358258,FORWARD
1819,58.208,68.683786,66.544947,0.3,0.298563,0.3,0.299971,0.298563,0.3,0.3,66.226611,64.803747,52.89016,77.19376,0.000837,0.358258,FORWARD
1820,58.24,64.096367,68.594964,0.3,0.298582,0.3,0.29998,0.298582,0.3,0.3,66.717952,64.353552,52.92784,77.23144,0.000772,0.358258,FORWARD
1821,58.272,60.249455,67.572042,0.3,0.298594,0.068153,0.299986,0.298594,0.3,0.068153,66.848018,74.006102,52.96552,77.26912,0.000772,0.358258,FORWARD
1822,58.304,67.062464,69.295252,0.3,0.298602,0.3,0.29999,0.298602,0.3,0.3,66.029914,57.583013,52.96552,77.34448,0.000772,0.358258,FORWARD
1823,58.336,68.502617,67.352189,0.3,0.298607,0.3,0.299993,0.298607,0.3,0.3,62.407794,65.220413,53.0032,77.38216,0.000772,0.358258,FORWARD
1824,58.368,66.311957,67.384228,0.3,0.298569,0.3,0.299995,0.298569,0.3,0.3,66.421468,64.927614,53.04716,77.41984,0.000837,0.358258,FORWARD
1825,58.4,69.578354,64.614206,0.3,0.298586,0.3,0.299997,0.298586,0.3,0.3,68.406375,63.348206,53.08484,77.45752,0.000772,0.358258,FORWARD
1826,58.432,70.4026,67.398229,0.3,0.298597,0.3,0.299998,0.298597,0.3,0.3,66.70316,69.727371,53.12252,77.4952,0.000772,0.358258,FORWARD
1827,58.464,65.241288,70.501278,0.3,0.298604,0.3,0.299998,0.298604,0.3,0.3,64.267061,65.483843,53.1602,77.53288,0.000772,0.358258,FORWARD
1828,58.496,67.179864,64.334626,0.3,0.298567,0.3,0.299999,0.298567,0.3,0.3,70.593314,68.159875,53.19788,77.57684,0.000837,0.358258,FORWARD
1829,58.528,69.727075,65.706844,0.3,0.298585,0.3,0.299999,0.298585,0.3,0.3,66.134663,65.501387,53.23556,77.61452,0.000772,0.358258,FORWARD
1830,58.56,69.536203,67.064256,0.3,0.298596,0.3,0.299999,0.298596,0.3,0.3,62.682077,71.787297,53.27324,77.6522,0.000772,0.358258,FORWARD
1831,58.592,71.048642,62.141361,0.3,0.298603,0.3,0.3,0.298603,0.3,0.3,67.676157,62.546811,53.31092,77.68988,0.000772,0.358258,FORWARD
1832,58.624,69.229946,65.508216,0.3,0.298608,0.3,0.3,0.298608,0.3,0.3,65.326428,69.340359,53.3486,77.72756,0.000772,0.358258,FORWARD
1833,58.656,63.30973,62.604491,0.3,0.29857,0.3,0.3,0.29857,0.3,0.3,64.94814,72.202792,53.39256,77.76524,0.000837,0.358258,FORWARD
1834,58.688,63.55615,65.433654,0.3,0.298586,0.3,0.3,0.298586,0.3,0.3,69.078661,62.662453,53.43024,77.80292,0.000772,0.358258,FORWARD
1835,58.72,66.93698,64.114436,0.3,0.298597,0.3,0.3,0.298597,0.3,0.3,58.904615,64.275377,53.46792,77.8406,0.000772,0.358258,FORWARD
1836,58.752,67.480082,70.12778,0.3,0.298604,0.3,0.3,0.298604,0.3,0.3,66.890057,69.585138,53.5056,77.87828,0.000772,0.358258,FORWARD
1837,58.784,61.902852,67.112157,0.3,0.298567,0.068277,0.3,0.298567,0.068596,0.068277,72.370942,73.546304,53.54328,77.92224,0.000837,0.358258,FORWARD
1838,58.816,65.587883,66.626492,0.3,0.298585,0.3,0.3,0.298585,0.3,0.3,66.611841,60.613377,53.58096,77.95992,0.000772,0.358258,FORWARD
1839,58.848,72.012598,67.539311,0.3,0.298596,0.3,0.3,0.298596,0.3,0.3,65.086775,65.789156,53.61864,77.9976,0.000772,0.358258,FORWARD
1840,58.88,72.948933,65.980568,0.068439,0.068439,0.3,0.230532,0.068439,0.3,0.3,68.305207,65.919215,53.65632,78.03528,0.000772,0.358258,FORWARD
1841,58.912,73.458717,64.606221,0.068301,0.068013,0.3,0.181863,0.068013,0.3,0.3,61.763417,70.296086,53.694,78.07296,0.000772,0.545455,FORWARD
1842,58.944,65.327062,68.740181,0.3,0.3,0.3,0.217304,0.3,0.3,0.3,62.214203,71.719846,53.73796,78.11064,0.000837,0.427083,FORWARD
1843,58.976,68.598436,74.253876,0.068086,0.068086,0.3,0.172538,0.068086,0.3,0.3,70.791004,61.867957,53.77564,78.14832,0.000772,0.545455,FORWARD
1844,59.008,70.805188,66.088518,0.3,0.3,0.3,0.210777,0.3,0.3,0.3,72.123886,70.138923,53.81332,78.186,0.000772,0.545455,FORWARD
1845,59.04,70.253292,69.894279,0.3,0.299649,0.3,0.237544,0.299649,0.3,0.3,71.835247,65.002317,53.851,78.22368,0.000772,0.545455,FORWARD
1846,59.072,66.295331,69.238935,0.3,0.299319,0.3,0.256281,0.299319,0.3,0.3,68.289588,66.577107,53.88868,78.26764,0.000837,0.427083,FORWARD
1847,59.104,67.980044,67.57066,0.3,0.299107,0.3,0.269396,0.299107,0.3,0.3,67.191967,62.749141,53.92636,78.30532,0.000772,0.385403,FORWARD
1848,59.136,68.239055,67.309107,0.3,0.29895,0.3,0.278578,0.29895,0.3,0.3,67.262921,62.779397,53.96404,78.343,0.000772,0.369246,FORWARD
1849,59.168,62.814466,64.352697,0.3,0.298838,0.3,0.285004,0.298838,0.3,0.3,67.667777,69.760641,54.00172,78.38068,0.000772,0.362751,FORWARD
1850,59.2,67.560986,69.634651,0.3,0.298762,0.3,0.289503,0.298762,0.3,0.3,69.165993,66.875061,54.0394,78.41836,0.000772,0.360103,FORWARD
1851,59.232,67.076244,68.251725,0.3,0.29867,0.3,0.292652,0.29867,0.3,0.3,61.849261,67.00186,54.08336,78.45604,0.000837,0.359017,FORWARD
1852,59.264,57.558784,62.086451,0.3,0.298652,0.3,0.294856,0.298652,0.3,0.3,67.232183,66.275663,54.12104,78.49372,0.000772,0.35857,FORWARD
1853,59.296,66.147606,61.56135,0.3,0.298639,0.3,0.2964,0.298639,0.3,0.3,68.33439,66.515272,54.15872,78.5314,0.000772,0.358386,FORWARD
1854,59.328,70.338425,66.532893,0.3,0.298631,0.3,0.29748,0.298631,0.3,0.3,60.789399,69.497839,54.1964,78.56908,0.000772,0.358311,FORWARD
1855,59.36,64.041818,65.808501,0.3,0.298585,0.3,0.298236,0.298585,0.3,0.3,65.970655,62.1626,54.23408,78.61304,0.000837,0.358279,FORWARD
1856,59.392,71.16424,61.584468,0.3,0.298596,0.068398,0.298765,0.298596,0.3,0.068398,60.151281,73.103013,54.27176,78.65072,0.000772,0.358267,FORWARD
1857,59.424,70.869977,65.312836,0.3,0.298603,0.3,0.299136,0.298603,0.3,0.3,70.843873,64.598155,54.27176,78.72608,0.000772,0.358261,FORWARD
1858,59.456,69.267221,62.638367,0.3,0.298608,0.3,0.299395,0.298608,0.3,0.3,66.711422,63.489661,54.30944,78.76376,0.000772,0.358259,FORWARD
1859,59.488,65.203952,60.974776,0.3,0.29857,0.3,0.299576,0.29857,0.3,0.3,68.37828,68.340359,54.3534,78.80144,0.000837,0.358258,FORWARD
1860,59.52,66.970045,65.157636,0.3,0.298586,0.3,0.299703,0.298586,0.3,0.3,68.381899,66.260512,54.39108,78.83912,0.000772,0.358258,FORWARD
1861,59.552,69.352826,68.084567,0.3,0.298597,0.3,0.299792,0.298597,0.3,0.3,69.061576,69.619855,54.42876,78.8768,0.000772,0.358258,FORWARD
1862,59.584,65.463508,65.443861,0.3,0.298604,0.068509,0.299855,0.298604,0.3,0.068509,61.242746,72.690397,54.46644,78.91448,0.000772,0.358258,FORWARD
1863,59.616,64.331705,71.48668,0.3,0.298608,0.3,0.299898,0.298608,0.3,0.3,64.588155,67.918553,54.46644,78.98984,0.000772,0.358258,FORWARD
1864,59.648,70.916427,64.272724,0.3,0.298611,0.068575,0.299929,0.298611,0.068575,0.068586,72.447587,72.40924,54.50412,79.02752,0.000772,0.358258,FORWARD
1865,59.68,62.813675,69.414178,0.3,0.298572,0.3,0.29995,0.298572,0.3,0.3,67.846084,64.114886,54.5418,79.07148,0.000837,0.358258,FORWARD
1866,59.712,68.804549,62.945683,0.3,0.298546,0.3,0.299965,0.298546,0.3,0.3,66.310923,63.69928,54.58576,79.10916,0.000837,0.358258,FORWARD
1867,59.744,61.677955,62.833162,0.3,0.298571,0.3,0.299976,0.298571,0.3,0.3,70.92368,68.703365,54.62344,79.14684,0.000772,0.358258,FORWARD
1868,59.776,69.574187,68.348506,0.3,0.298588,0.06829,0.299983,0.298588,0.06829,0.3,73.500237,67.992425,54.66112,79.18452,0.000772,0.358258,FORWARD
1869,59.808,69.40182,66.846389,0.3,0.298598,0.3,0.299988,0.298598,0.3,0.3,64.245741,69.22472,54.73648,79.18452,0.000772,0.358258,FORWARD
1870,59.84,68.748954,65.051824,0.3,0.298604,0.3,0.299992,0.298604,0.3,0.3,64.884561,69.923207,54.77416,79.2222,0.000772,0.358258,FORWARD
1871,59.872,66.550892,62.471177,0.3,0.298609,0.3,0.299994,0.298609,0.3,0.3,70.007263,69.371265,54.81184,79.25988,0.000772,0.358258,FORWARD
1872,59.904,64.335682,63.860316,0.3,0.298611,0.3,0.299996,0.298611,0.3,0.3,65.428278,71.10055,54.84952,79.29756,0.000772,0.358258,FORWARD
1873,59.936,67.735717,64.754727,0.3,0.298572,0.3,0.299997,0.298572,0.3,0.3,66.052806,68.660645,54.8872,79.34152,0.000837,0.358258,FORWARD
1874,59.968,68.954066,65.066562,0.3,0.298588,0.3,0.299998,0.298588,0.3,0.3,66.915748,66.259358,54.92488,79.3792,0.000772,0.358258,FORWARD
1875,60.0,67.980581,67.591233,0.3,0.298598,0.3,0.299999,0.298598,0.3,0.3,64.761477,67.857189,54.96256,79.41688,0.000772,0.358258,FORWARD
1876,60.032,67.880229,66.62169,0.3,0.298563,0.3,0.299999,0.298563,0.3,0.3,64.879678,65.85245,55.00652,79.45456,0.000837,0.358258,FORWARD
1877,60.064,64.346343,67.401362,0.3,0.298582,0.3,0.299999,0.298582,0.3,0.3,65.647142,62.163955,55.0442,79.49224,0.000772,0.358258,FORWARD
1878,60.096,67.919971,70.302334,0.3,0.298594,0.3,0.3,0.298594,0.3,0.3,61.96739,68.31547,55.08188,79.52992,0.000772,0.358258,FORWARD
1879,60.128,62.660536,73.173935,0.068378,0.068378,0.3,0.230513,0.068378,0.3,0.3,66.350386,64.471122,55.11956,79.5676,0.000772,0.358258,FORWARD
1880,60.16,68.89334,74.090791,0.06813,0.067892,0.3,0.181798,0.067892,0.3,0.3,64.341114,71.534238,55.15724,79.60528,0.000772,0.545455,FORWARD
1881,60.192,64.671195,83.4209,0.065601,0.065601,0.3,0.146939,0.066471,0.3,0.3,64.557479,66.611355,55.19492,79.64296,0.000772,0.427083,FORWARD
1882,60.224,66.688878,88.480255,0.06423,0.06423,0.3,0.122126,0.065093,0.3,0.3,69.805573,68.897684,55.2326,79.68692,0.000837,0.385403,FORWARD
1883,60.256,67.893563,94.291148,0.062656,0.062656,0.3,0.104285,0.063706,0.3,0.3,64.113489,68.266487,55.27028,79.7246,0.000772,0.369246,FORWARD
1884,60.288,68.12781,100.506951,0.060971,0.060971,0.3,0.091291,0.062222,0.3,0.3,64.745727,71.631448,55.30796,79.76228,0.000772,0.362751,FORWARD
1885,60.32,60.897897,103.08052,0.060274,0.060274,0.3,0.081986,0.060985,0.3,0.3,68.926761,67.220565,55.35192,79.79996,0.000837,0.360103,FORWARD
1886,60.352,67.709693,110.283478,0.056107,0.056107,0.3,0.074222,0.058738,0.3,0.3,66.600135,67.985198,55.3896,79.83764,0.000772,0.359017,FORWARD
1887,60.384,66.174868,106.539603,0.05846,0.058143,0.3,0.069494,0.058143,0.3,0.3,66.948178,65.917399,55.42728,79.87532,0.000772,0.35857,FORWARD
1888,60.416,69.908852,108.069755,0.057499,0.057417,0.3,0.065895,0.057417,0.3,0.3,70.294512,62.341037,55.46496,79.913,0.000772,0.358386,FORWARD
1889,60.448,70.25905,112.499409,0.054714,0.054714,0.3,0.062541,0.055953,0.3,0.3,68.093216,63.834217,55.50264,79.95068,0.000772,0.358311,FORWARD
1890,60.48,68.988612,124.117863,0.048917,0.048917,0.068034,0.058454,0.052936,0.3,0.068034,70.729561,74.443464,55.54032,79.98836,0.000772,0.358279,FORWARD
1891,60.512,62.774063,140.482406,0.044614,0.044614,0.068585,0.054302,0.049459,0.068585,0.3,72.41196,67.998277,55.54032,80.06372,0.000772,0.358267,FORWARD
1892,60.544,70.668376,127.488174,0.048031,0.048031,0.3,0.052421,0.048452,0.3,0.3,69.301117,71.446948,55.61568,80.06372,0.000772,0.358261,FORWARD
1893,60.576,61.142459,145.544252,0.043283,0.043283,0.3,0.049679,0.046146,0.3,0.3,67.852678,68.741238,55.64708,80.1014,0.000708,0.358259,FORWARD
1894,60.608,67.253429,142.75556,0.044016,0.044016,0.3,0.04798,0.044928,0.3,0.3,69.136643,59.048899,55.68476,80.1328,0.000708,0.358258,FORWARD
1895,60.64,66.84941,143.9103,0.043713,0.043713,0.3,0.0467,0.04408,0.3,0.3,67.957334,72.096779,55.71616,80.1642,0.000644,0.358258,FORWARD
1896,60.672,66.059778,152.139759,0.041549,0.041549,0.3,0.045155,0.042719,0.3,0.3,68.177967,65.025201,55.74756,80.20188,0.000708,0.358258,FORWARD
1897,60.704,64.232686,153.673229,0.041146,0.041146,0.068265,0.043952,0.041701,0.3,0.068265,69.790994,73.590715,55.78524,80.23328,0.000708,0.358258,FORWARD
1898,60.736,72.042802,197.602611,0.034854,0.034854,0.068014,0.041223,0.038835,0.3,0.068014,68.300595,74.519605,55.77896,80.30236,0.000644,0.358258,TURN_LEFT
1899,60.768,66.467178,201.826235,0.034305,0.034305,0.3,0.039147,0.037212,0.3,0.3,70.262973,71.426837,55.69732,80.384,0.0,0.358258,TURN_LEFT
1900,60.8,62.997274,173.334842,0.03801,0.037539,0.3,0.038806,0.037539,0.3,0.3,68.47456,67.952047,55.61568,80.45936,-6.4e-05,0.358258,TURN_LEFT
1901,60.832,73.988714,154.465041,0.040937,0.038757,0.3,0.039445,0.038757,0.3,0.3,61.589692,68.715692,55.53404,80.541,-0.0,0.358258,TURN_LEFT
1902,60.864,64.935543,134.694639,0.046136,0.041359,0.3,0.041453,0.041359,0.3,0.3,63.21435,67.545538,55.45868,80.62264,6.4e-05,0.358258,TURN_LEFT
1903,60.896,67.175848,109.730657,0.056455,0.046808,0.068265,0.045953,0.046808,0.3,0.068265,67.596903,73.592012,55.37704,80.698,-6.4e-05,0.358258,TURN_LEFT
1904,60.928,63.19081,105.40809,0.059172,0.051238,0.3,0.049919,0.051238,0.3,0.3,70.431331,67.511271,55.2954,80.77964,0.0,0.358258,TURN_LEFT
1905,60.96,69.574684,82.520882,0.065845,0.05643,0.3,0.054697,0.05643,0.3,0.3,70.349789,67.743035,55.22004,80.86128,6.4e-05,0.358258,TURN_LEFT
1906,60.992,64.433141,67.719331,0.3,0.3,0.3,0.128288,0.3,0.3,0.3,72.345092,68.95906,55.1384,80.94292,0.0,0.358258,TURN_LEFT
1907,61.024,63.846018,69.051086,0.3,0.3,0.3,0.179801,0.3,0.3,0.3,64.423455,67.131241,55.05676,81.01828,-6.4e-05,0.545455,TURN_LEFT
1908,61.056,76.889584,61.431098,0.067371,0.067371,0.3,0.146072,0.067371,0.3,0.3,64.692152,66.182041,54.97512,81.09992,-0.0,0.427083,TURN_LEFT
1909,61.088,60.356251,71.107212,0.3,0.3,0.3,0.192251,0.3,0.3,0.3,65.405475,66.273779,54.89976,81.18156,6.4e-05,0.545455,TURN_LEFT
1910,61.12,61.592114,63.716174,0.3,0.3,0.3,0.224575,0.3,0.3,0.3,65.361853,61.714635,54.81812,81.2632,-0.0,0.545455,FORWARD
1911,61.152,65.695801,68.406203,0.3,0.299557,0.3,0.247203,0.299557,0.3,0.3,67.412959,68.305904,54.8558,81.30088,0.000772,0.427083,FORWARD
1912,61.184,68.42488,62.898067,0.3,0.299253,0.3,0.263042,0.299253,0.3,0.3,67.526422,66.783312,54.89348,81.33856,0.000772,0.385403,FORWARD
1913,61.216,68.02739,65.207177,0.3,0.299042,0.3,0.274129,0.299042,0.3,0.3,65.224702,61.683881,54.93116,81.37624,0.000772,0.369246,FORWARD
1914,61.248,60.568929,68.385206,0.3,0.298897,0.3,0.281891,0.298897,0.3,0.3,64.52475,66.373826,54.96884,81.41392,0.000772,0.362751,FORWARD
1915,61.28,68.879206,67.657399,0.3,0.2988,0.3,0.287323,0.2988,0.3,0.3,68.641762,68.917409,55.00652,81.4516,0.000772,0.360103,FORWARD
1916,61.312,65.241534,67.121686,0.3,0.298694,0.3,0.291126,0.298694,0.3,0.3,63.539065,63.213418,55.05048,81.48928,0.000837,0.359017,FORWARD
1917,61.344,63.590079,67.50219,0.3,0.298667,0.3,0.293788,0.298667,0.3,0.3,70.55236,65.060415,55.08816,81.52696,0.000772,0.35857,FORWARD
1918,61.376,72.693414,69.681421,0.068509,0.068509,0.3,0.226204,0.068509,0.3,0.3,63.515156,65.695149,55.12584,81.56464,0.000772,0.358386,FORWARD
1919,61.408,67.631475,68.209779,0.3,0.3,0.3,0.248343,0.3,0.3,0.3,62.99919,63.402645,55.16352,81.6086,0.000837,0.545455,FORWARD
1920,61.44,66.559488,66.657865,0.3,0.299649,0.068151,0.26384,0.299649,0.068151,0.3,74.012708,69.755975,55.2012,81.64628,0.000772,0.545455,FORWARD
1921,61.472,69.538125,70.612745,0.3,0.299356,0.3,0.274688,0.299356,0.3,0.3,65.094572,62.182213,55.27656,81.64628,0.000772,0.427083,FORWARD
1922,61.504,65.056755,66.805209,0.3,0.29913,0.3,0.282282,0.29913,0.3,0.3,68.243911,67.525635,55.31424,81.68396,0.000772,0.385403,FORWARD
1923,61.536,68.388885,65.752854,0.3,0.298964,0.3,0.287597,0.298964,0.3,0.3,66.205999,66.980475,55.35192,81.72164,0.000772,0.369246,FORWARD
1924,61.568,62.892275,67.303257,0.3,0.298847,0.3,0.291318,0.298847,0.3,0.3,69.121077,62.60673,55.3896,81.75932,0.000772,0.362751,FORWARD
1925,61.6,63.464943,66.7725,0.3,0.298727,0.3,0.293923,0.298727,0.3,0.3,66.804705,69.279125,55.43356,81.797,0.000837,0.360103,FORWARD
1926,61.632,65.603785,65.45398,0.3,0.298689,0.3,0.295746,0.298689,0.3,0.3,67.433858,70.128196,55.47124,81.83468,0.000772,0.359017,FORWARD
1927,61.664,66.749653,73.023482,0.068419,0.068419,0.3,0.227548,0.068419,0.3,0.3,65.494672,70.114389,55.50892,81.87864,0.000837,0.35857,FORWARD
1928,61.696,60.65033,71.02705,0.3,0.3,0.3,0.249283,0.3,0.3,0.3,62.74754,67.332932,55.5466,81.91632,0.000772,0.545455,FORWARD
1929,61.728,73.462869,70.171316,0.0683,0.0683,0.06785,0.194988,0.0683,0.06785,0.3,75.124006,70.432023,55.58428,81.954,0.000772,0.545455,FORWARD
1930,61.76,66.76927,66.733985,0.3,0.3,0.3,0.226492,0.3,0.3,0.3,66.467618,66.99179,55.65964,81.954,0.000772,0.545455,FORWARD
1931,61.792,71.491068,63.066188,0.3,0.299649,0.3,0.248544,0.299649,0.3,0.3,64.595354,66.922953,55.69732,81.99168,0.000772,0.545455,FORWARD
1932,61.824,69.568795,68.318627,0.3,0.299356,0.3,0.263981,0.299356,0.3,0.3,71.126322,67.768818,55.735,82.02936,0.000772,0.427083,FORWARD
1933,61.856,68.159849,66.181442,0.3,0.29913,0.3,0.274787,0.29913,0.3,0.3,65.631047,67.83549,55.77268,82.06704,0.000772,0.385403,FORWARD
1934,61.888,70.388565,65.347583,0.3,0.298964,0.3,0.282351,0.298964,0.3,0.3,68.005192,63.629729,55.81036,82.10472,0.000772,0.369246,FORWARD
1935,61.92,67.999753,65.295336,0.3,0.298765,0.3,0.287645,0.298765,0.3,0.3,65.850411,66.73273,55.85432,82.14868,0.000901,0.362751,FORWARD
1936,61.952,66.54784,63.494462,0.3,0.298716,0.3,0.291352,0.298716,0.3,0.3,67.873242,72.271762,55.892,82.18636,0.000772,0.360103,FORWARD
1937,61.984,66.159968,74.088788,0.06813,0.06813,0.3,0.224385,0.06813,0.3,0.3,71.456543,60.544181,55.92968,82.22404,0.000772,0.359017,FORWARD
1938,62.016,68.039651,66.819267,0.3,0.3,0.3,0.24707,0.3,0.3,0.3,66.725248,66.573986,55.96736,82.26172,0.000772,0.545455,FORWARD
1939,62.048,61.751274,64.640134,0.3,0.299649,0.3,0.262949,0.299649,0.3,0.3,69.670254,66.608155,56.00504,82.2994,0.000772,0.545455,FORWARD
1940,62.08,71.034051,61.782818,0.3,0.299356,0.3,0.274064,0.299356,0.3,0.3,65.009263,69.08211,56.04272,82.33708,0.000772,0.427083,FORWARD
1941,62.112,66.142675,65.639495,0.3,0.29913,0.3,0.281845,0.29913,0.3,0.3,66.470264,65.275895,56.0804,82.37476,0.000772,0.385403,FORWARD
1942,62.144,66.409356,68.30686,0.3,0.298964,0.3,0.287291,0.298964,0.3,0.3,69.790989,63.225421,56.11808,82.41244,0.000772,0.369246,FORWARD
1943,62.176,69.18003,69.741035,0.3,0.298847,0.3,0.291104,0.298847,0.3,0.3,69.42822,67.854468,56.15576,82.45012,0.000772,0.362751,FORWARD
1944,62.208,71.368268,66.290334,0.3,0.298686,0.3,0.293773,0.298686,0.3,0.3,64.92028,63.50804,56.19972,82.49408,0.000901,0.360103,FORWARD
1945,62.24,63.057483,68.290085,0.3,0.298663,0.3,0.295641,0.298663,0.3,0.3,66.082691,69.573186,56.2374,82.53176,0.000772,0.359017,FORWARD
1946,62.272,70.057503,71.962412,0.3,0.298647,0.068455,0.296949,0.298647,0.068455,0.3,72.890974,68.307708,56.27508,82.56944,0.000772,0.35857,FORWARD
1947,62.304,69.741173,64.623117,0.3,0.298636,0.06853,0.297864,0.298636,0.3,0.06853,63.597439,72.613632,56.35044,82.56944,0.000772,0.358386,FORWARD
1948,62.336,66.953188,64.308846,0.3,0.298629,0.3,0.298505,0.298629,0.3,0.3,66.39269,62.42861,56.35044,82.6448,0.000772,0.358311,FORWARD
1949,62.368,67.524939,66.221325,0.3,0.298625,0.3,0.298953,0.298625,0.3,0.3,70.276893,69.197595,56.38812,82.68248,0.000772,0.358279,FORWARD
1950,62.4,68.949928,67.252627,0.3,0.298622,0.3,0.299267,0.298622,0.3,0.3,64.096861,63.618981,56.4258,82.72016,0.000772,0.358267,FORWARD
1951,62.432,68.327988,65.43315,0.3,0.29862,0.3,0.299487,0.29862,0.3,0.3,67.635547,66.028684,56.46348,82.75784,0.000772,0.358261,FORWARD
1952,62.464,64.711927,67.225114,0.3,0.298577,0.3,0.299641,0.298577,0.3,0.3,65.913865,70.55002,56.50116,82.8018,0.000837,0.358259,FORWARD
1953,62.496,70.838135,60.996479,0.3,0.29855,0.01886,0.299749,0.29855,0.3,0.01886,66.383861,433.469748,56.54512,82.83948,0.000837,0.358258,FORWARD
1954,62.528,70.430412,65.693719,0.3,0.298574,0.018199,0.299824,0.298574,0.3,0.018199,65.821168,462.226643,56.52628,82.93368,0.000772,0.358258,FORWARD
1955,62.56,70.181745,67.950106,0.3,0.298589,0.018174,0.299877,0.298589,0.3,0.018174,67.085354,463.320299,56.50744,83.02788,0.000772,0.358258,FORWARD
1956,62.592,68.056104,65.453234,0.3,0.29864,0.018069,0.299914,0.29864,0.3,0.018069,64.85928,467.886719,56.48232,83.12208,0.000708,0.358258,FORWARD
1957,62.624,64.549103,69.12781,0.3,0.29859,0.017592,0.29994,0.29859,0.3,0.017592,64.686801,488.646921,56.46348,83.22256,0.000837,0.358258,FORWARD
1958,62.656,70.240127,67.0957,0.3,0.2986,0.017407,0.299958,0.2986,0.068291,0.017407,73.495959,496.691453,56.44464,83.31676,0.000772,0.358258,FORWARD
1959,62.688,64.652135,62.233533,0.3,0.298564,0.018325,0.29997,0.298564,0.3,0.018325,66.414469,456.735054,56.46348,83.37956,0.000837,0.358258,FORWARD
1960,62.72,68.373101,68.363242,0.3,0.298583,0.018543,0.299979,0.298583,0.3,0.018543,63.724259,447.251512,56.44464,83.47376,0.000772,0.358258,FORWARD
1961,62.752,68.512474,71.858449,0.3,0.298636,0.019044,0.299986,0.298636,0.3,0.019044,65.892372,425.449206,56.41952,83.56796,0.000708,0.358258,FORWARD
1962,62.784,66.359092,75.799882,0.067667,0.067667,0.020345,0.23029,0.067667,0.3,0.020345,70.776073,378.696994,56.40068,83.66844,0.000837,0.358258,FORWARD
1963,62.816,68.292139,67.375308,0.3,0.3,0.020982,0.251203,0.3,0.3,0.020982,66.732405,369.216966,56.38184,83.76264,0.000772,0.545455,FORWARD
1964,62.848,60.917648,67.526511,0.3,0.299649,0.022218,0.265842,0.299649,0.3,0.022218,66.615514,350.810736,56.363,83.85684,0.000772,0.545455,FORWARD
1965,62.88,70.708322,67.729955,0.3,0.299319,0.023344,0.276089,0.299319,0.3,0.023344,69.340697,334.044988,56.34416,83.95732,0.000837,0.427083,FORWARD
1966,62.912,65.831289,67.352556,0.3,0.299107,0.02473,0.283263,0.299107,0.3,0.02473,65.379747,313.406201,56.32532,84.05152,0.000772,0.385403,FORWARD
1967,62.944,70.440059,65.062786,0.3,0.29895,0.026403,0.288284,0.29895,0.3,0.026403,67.525188,288.49474,56.30648,84.14572,0.000772,0.369246,FORWARD
1968,62.976,69.507099,68.638917,0.3,0.298838,0.028897,0.291799,0.298838,0.3,0.028897,66.050086,251.354119,56.28764,84.23992,0.000772,0.362751,FORWARD
1969,63.008,67.072928,69.378721,0.3,0.298721,0.3,0.294259,0.298721,0.3,0.3,66.870372,67.742388,56.2688,84.3404,0.000837,0.360103,FORWARD
1970,63.04,65.587725,67.539897,0.3,0.298685,0.3,0.295981,0.298685,0.3,0.3,70.435205,63.81453,56.30648,84.37808,0.000772,0.359017,FORWARD
1971,63.072,68.993708,71.776557,0.3,0.298661,0.3,0.297187,0.298661,0.3,0.3,66.112809,67.564479,56.34416,84.41576,0.000772,0.35857,FORWARD
1972,63.104,64.74331,70.185521,0.3,0.298645,0.3,0.298031,0.298645,0.3,0.3,69.506757,65.693264,56.38184,84.45344,0.000772,0.358386,FORWARD
1973,63.136,69.245349,71.673232,0.3,0.298635,0.3,0.298622,0.298635,0.3,0.3,68.377225,62.330262,56.41952,84.49112,0.000772,0.358311,FORWARD
1974,63.168,73.192415,66.35528,0.068373,0.068373,0.3,0.229547,0.068373,0.3,0.3,68.325313,66.103659,56.46348,84.5288,0.000837,0.358279,FORWARD
1975,63.2,65.174552,71.487421,0.3,0.3,0.3,0.250683,0.3,0.3,0.3,67.749189,63.919546,56.50116,84.56648,0.000772,0.545455,FORWARD
1976,63.232,72.860683,70.984648,0.068463,0.068463,0.3,0.196017,0.068463,0.3,0.3,65.675595,63.01008,56.53884,84.60416,0.000772,0.545455,FORWARD
1977,63.264,71.273561,64.468857,0.3,0.3,0.3,0.227212,0.3,0.3,0.3,61.14028,63.73904,56.57652,84.64812,0.000837,0.545455,FORWARD
1978,63.296,69.851209,60.589083,0.3,0.299649,0.3,0.249048,0.299649,0.3,0.3,68.225139,65.16699,56.6142,84.6858,0.000772,0.545455,FORWARD
1979,63.328,71.936838,70.771883,0.3,0.299356,0.3,0.264334,0.299356,0.3,0.3,70.64312,68.608459,56.65188,84.72348,0.000772,0.427083,FORWARD
1980,63.36,68.420518,68.872249,0.3,0.29913,0.3,0.275034,0.29913,0.3,0.3,61.926464,61.762867,56.68956,84.76116,0.000772,0.385403,FORWARD
1981,63.392,70.827859,70.163204,0.3,0.298964,0.3,0.282524,0.298964,0.3,0.3,67.647997,70.153623,56.72724,84.79884,0.000772,0.369246,FORWARD
1982,63.424,70.721754,58.846608,0.3,0.298806,0.3,0.287767,0.298806,0.3,0.3,63.96377,70.940083,56.7712,84.83652,0.000837,0.362751,FORWARD
1983,63.456,70.223736,68.66974,0.3,0.298742,0.3,0.291437,0.298742,0.3,0.3,64.493879,64.837284,56.80888,84.8742,0.000772,0.360103,FORWARD
1984,63.488,66.023483,71.048908,0.3,0.298698,0.3,0.294006,0.298698,0.3,0.3,70.130032,64.898063,56.84656,84.91188,0.000772,0.359017,FORWARD
1985,63.52,61.650056,67.000773,0.3,0.29867,0.3,0.295804,0.29867,0.3,0.3,66.353535,60.812692,56.88424,84.94956,0.000772,0.35857,FORWARD
1986,63.552,66.953323,69.645338,0.3,0.29861,0.3,0.297063,0.29861,0.3,0.3,68.398331,70.187452,56.92192,84.99352,0.000837,0.358386,FORWARD
1987,63.584,62.937234,65.077911,0.3,0.298612,0.068186,0.297944,0.298612,0.068186,0.3,73.883989,68.537017,56.9596,85.0312,0.000772,0.358311,FORWARD
1988,63.616,73.562377,60.35167,0.068273,0.068273,0.3,0.229043,0.068273,0.3,0.3,64.950186,65.783311,57.03496,85.0312,0.000772,0.358279,FORWARD
1989,63.648,66.166317,67.608324,0.3,0.3,0.3,0.25033,0.3,0.3,0.3,67.8871,69.601545,57.07264,85.06888,0.000772,0.545455,FORWARD
1990,63.68,66.97352,62.703077,0.3,0.299649,0.3,0.265231,0.299649,0.3,0.3,70.584412,70.675044,57.11032,85.10656,0.000772,0.545455,FORWARD
1991,63.712,69.742274,70.202363,0.3,0.299356,0.067684,0.275662,0.299356,0.3,0.067684,61.187217,75.734641,57.148,85.14424,0.000772,0.427083,FORWARD
1992,63.744,67.665029,64.504804,0.3,0.29909,0.3,0.282963,0.29909,0.3,0.3,69.261404,64.595478,57.15428,85.2196,0.000837,0.385403,FORWARD
1993,63.776,69.024278,63.106698,0.3,0.298939,0.3,0.288074,0.298939,0.3,0.3,65.42101,69.60187,57.19196,85.25728,0.000772,0.369246,FORWARD
1994,63.808,67.337981,66.241336,0.3,0.298791,0.3,0.291652,0.298791,0.3,0.3,66.701564,69.750136,57.22964,85.30124,0.000837,0.362751,FORWARD
1995,63.84,63.2292,67.185,0.3,0.298732,0.3,0.294156,0.298732,0.3,0.3,67.724565,67.78536,57.26732,85.33892,0.000772,0.360103,FORWARD
1996,63.872,66.97649,65.353904,0.3,0.298692,0.3,0.295909,0.298692,0.3,0.3,65.056759,69.64849,57.305,85.3766,0.000772,0.359017,FORWARD
1997,63.904,65.981108,67.618836,0.3,0.298666,0.3,0.297137,0.298666,0.3,0.3,68.357177,66.02734,57.34268,85.41428,0.000772,0.35857,FORWARD
1998,63.936,66.146839,67.857251,0.3,0.298648,0.3,0.297996,0.298648,0.3,0.3,61.176131,62.472636,57.38036,85.45196,0.000772,0.358386,FORWARD
1999,63.968,65.755145,70.325278,0.3,0.298637,0.3,0.298597,0.298637,0.3,0.3,71.579386,70.983087,57.41804,85.48964,0.000772,0.358311,FORWARD
2000,64.0,66.365817,69.62283,0.3,0.298588,0.3,0.299018,0.298588,0.3,0.3,66.43157,65.556614,57.462,85.52732,0.000837,0.358279,FORWARD
2001,64.032,66.284466,61.689161,0.3,0.298598,0.067508,0.299313,0.298598,0.3,0.067508,63.877417,76.384454,57.49968,85.565,0.000772,0.358267,FORWARD
2002,64.064,64.009329,70.489877,0.3,0.298605,0.068559,0.299519,0.298605,0.068559,0.3,72.506302,64.408833,57.49968,85.64036,0.000772,0.358261,FORWARD
2003,64.096,64.084494,65.749167,0.3,0.298568,0.3,0.299663,0.298568,0.3,0.3,69.448179,65.120134,57.57504,85.64664,0.000837,0.358259,FORWARD
2004,64.128,67.114484,65.332778,0.3,0.298585,0.3,0.299764,0.298585,0.3,0.3,67.932038,71.862689,57.61272,85.68432,0.000772,0.358258,FORWARD
2005,64.16,68.204427,71.713999,0.3,0.298596,0.068383,0.299835,0.298596,0.3,0.068383,68.941465,73.156447,57.6504,85.722,0.000772,0.358258,FORWARD
2006,64.192,65.099113,71.03941,0.3,0.298603,0.3,0.299884,0.298603,0.3,0.3,69.411822,70.540915,57.6504,85.79736,0.000772,0.358258,FORWARD
2007,64.224,68.500694,63.321019,0.3,0.298608,0.3,0.299919,0.298608,0.3,0.3,71.13102,61.645223,57.68808,85.83504,0.000772,0.358258,FORWARD
2008,64.256,66.874183,63.845716,0.3,0.29857,0.3,0.299943,0.29857,0.3,0.3,70.168462,66.1517,57.73204,85.87272,0.000837,0.358258,FORWARD
2009,64.288,63.523588,70.557113,0.3,0.298586,0.3,0.29996,0.298586,0.3,0.3,64.552773,67.923564,57.76972,85.9104,0.000772,0.358258,FORWARD
2010,64.32,67.719848,72.992626,0.068427,0.068427,0.3,0.2305,0.068427,0.3,0.3,65.163198,70.245968,57.8074,85.94808,0.000772,0.358258,FORWARD
2011,64.352,67.079945,65.621162,0.3,0.3,0.068468,0.25135,0.3,0.068468,0.3,72.842912,64.5978,57.84508,85.98576,0.000772,0.545455,FORWARD
2012,64.384,61.458348,65.916719,0.3,0.29962,0.3,0.265945,0.29962,0.3,0.3,64.578023,65.232209,57.92044,85.99204,0.000837,0.545455,FORWARD
2013,64.416,74.76238,69.288954,0.067948,0.067948,0.3,0.206546,0.067948,0.3,0.3,64.155151,69.794695,57.95812,86.02972,0.000772,0.427083,FORWARD
2014,64.448,64.881641,70.415924,0.3,0.3,0.3,0.234582,0.3,0.3,0.3,68.76924,67.447961,57.9958,86.0674,0.000772,0.545455,FORWARD
2015,64.48,68.119508,68.979777,0.3,0.299649,0.3,0.254208,0.299649,0.3,0.3,65.871827,62.990629,58.03348,86.10508,0.000772,0.545455,FORWARD
2016,64.512,71.309938,63.686414,0.3,0.299356,0.3,0.267945,0.299356,0.3,0.3,63.03501,68.866885,58.07116,86.14276,0.000772,0.427083,FORWARD
2017,64.544,61.023303,66.839109,0.3,0.29913,0.3,0.277562,0.29913,0.3,0.3,67.184465,70.884559,58.10884,86.18044,0.000772,0.385403,FORWARD
2018,64.576,66.270697,68.021932,0.3,0.298923,0.3,0.284293,0.298923,0.3,0.3,59.81323,64.834857,58.1528,86.21812,0.000837,0.369246,FORWARD
2019,64.608,65.254516,61.222136,0.3,0.298822,0.3,0.289005,0.298822,0.3,0.3,67.112577,69.264542,58.19048,86.2558,0.000772,0.362751,FORWARD
2020,64.64,63.774123,70.573152,0.3,0.298752,0.067899,0.292304,0.298752,0.067899,0.3,74.943525,68.019412,58.22816,86.29348,0.000772,0.360103,FORWARD
2021,64.672,67.710078,71.70883,0.3,0.298663,0.3,0.294613,0.298663,0.3,0.3,63.419566,68.567402,58.30352,86.29976,0.000837,0.359017,FORWARD
2022,64.704,68.861713,71.356188,0.3,0.298647,0.3,0.296229,0.298647,0.3,0.3,60.934792,66.664265,58.3412,86.33744,0.000772,0.35857,FORWARD
2023,64.736,66.620007,69.139158,0.3,0.298636,0.3,0.29736,0.298636,0.3,0.3,66.921244,65.012867,58.37888,86.37512,0.000772,0.358386,FORWARD
2024,64.768,67.602033,66.01183,0.3,0.298629,0.3,0.298152,0.298629,0.3,0.3,65.799434,66.317303,58.41656,86.4128,0.000772,0.358311,FORWARD
2025,64.8,65.835476,63.809437,0.3,0.298625,0.3,0.298706,0.298625,0.3,0.3,65.989158,68.295797,58.45424,86.45048,0.000772,0.358279,FORWARD
2026,64.832,62.682019,66.696336,0.3,0.298622,0.068203,0.299095,0.298622,0.3,0.068203,66.852809,73.819957,58.49192,86.48816,0.000772,0.358267,FORWARD
2027,64.864,68.135241,64.290802,0.3,0.298579,0.3,0.299366,0.298579,0.3,0.3,59.652998,68.904142,58.4982,86.56352,0.000837,0.358261,FORWARD
2028,64.896,69.400876,64.943519,0.3,0.298592,0.3,0.299556,0.298592,0.3,0.3,71.482375,67.078961,58.53588,86.6012,0.000772,0.358259,FORWARD
2029,64.928,66.380379,65.951211,0.3,0.298601,0.068449,0.299689,0.298601,0.068449,0.3,72.913756,69.189396,58.57356,86.63888,0.000772,0.358258,FORWARD
2030,64.96,69.808848,67.602155,0.3,0.298565,0.3,0.299783,0.298565,0.3,0.3,70.980381,69.708897,58.64892,86.64516,0.000837,0.358258,FORWARD
2031,64.992,69.48805,64.113248,0.3,0.298583,0.3,0.299848,0.298583,0.3,0.3,67.13325,63.91718,58.6866,86.68284,0.000772,0.358258,FORWARD
2032,65.024,62.831438,68.737937,0.3,0.298595,0.3,0.299893,0.298595,0.3,0.3,67.717798,66.375264,58.72428,86.72052,0.000772,0.358258,FORWARD
2033,65.056,72.133461,73.49096,0.068292,0.068292,0.3,0.230413,0.068292,0.3,0.3,65.134737,63.577158,58.76196,86.7582,0.000772,0.358258,FORWARD
2034,65.088,64.249225,67.281537,0.3,0.3,0.3,0.251289,0.3,0.3,0.3,64.51724,71.480513,58.79964,86.79588,0.000772,0.545455,FORWARD
2035,65.12,72.302759,64.491929,0.3,0.299649,0.3,0.265902,0.299649,0.3,0.3,68.011229,63.650404,58.83732,86.83356,0.000772,0.545455,FORWARD
2036,65.152,65.43188,67.122071,0.3,0.299319,0.3,0.276132,0.299319,0.3,0.3,71.698638,68.456189,58.88128,86.87124,0.000837,0.427083,FORWARD
2037,65.184,69.907222,66.60737,0.3,0.299067,0.068195,0.283292,0.299067,0.068195,0.3,73.849369,65.458328,58.91896,86.9152,0.000837,0.385403,FORWARD
2038,65.216,60.794651,63.827065,0.3,0.298925,0.3,0.288305,0.298925,0.3,0.3,69.260584,65.973839,58.99432,86.9152,0.000772,0.369246,FORWARD
2039,65.248,63.172513,68.655746,0.3,0.298822,0.3,0.291813,0.298822,0.3,0.3,65.754196,68.887046,59.032,86.95288,0.000772,0.362751,FORWARD
2040,65.28,69.257377,73.567149,0.068272,0.068272,0.3,0.224751,0.068272,0.3,0.3,65.341036,71.895986,59.06968,86.99056,0.000772,0.360103,FORWARD
2041,65.312,69.134118,65.274217,0.3,0.3,0.3,0.247326,0.3,0.3,0.3,66.194685,63.34908,59.10736,87.02824,0.000772,0.545455,FORWARD
2042,65.344,66.334766,67.30279,0.3,0.299649,0.3,0.263128,0.299649,0.3,0.3,63.713731,66.949724,59.14504,87.06592,0.000772,0.545455,FORWARD
2043,65.376,70.077501,69.646798,0.3,0.299356,0.3,0.27419,0.299356,0.3,0.3,67.649043,69.614058,59.18272,87.1036,0.000772,0.427083,FORWARD
2044,65.408,63.623591,66.378569,0.3,0.29913,0.3,0.281933,0.29913,0.3,0.3,68.637358,66.691865,59.2204,87.14128,0.000772,0.385403,FORWARD
2045,65.44,64.3169,66.836473,0.3,0.298923,0.3,0.287353,0.298923,0.3,0.3,66.313521,66.181939,59.25808,87.18524,0.000837,0.369246,FORWARD
2046,65.472,64.852771,61.137027,0.3,0.298781,0.3,0.291147,0.298781,0.3,0.3,68.420655,68.845684,59.30204,87.22292,0.000837,0.362751,FORWARD
2047,65.504,72.214511,68.652813,0.3,0.298725,0.3,0.293803,0.298725,0.3,0.3,65.877765,67.303497,59.33972,87.2606,0.000772,0.360103,FORWARD
2048,65.536,71.259456,70.020311,0.3,0.298688,0.3,0.295662,0.298688,0.3,0.3,68.02942,68.380538,59.3774,87.29828,0.000772,0.359017,FORWARD
2049,65.568,61.961284,67.056264,0.3,0.298663,0.3,0.296963,0.298663,0.3,0.3,71.62008,71.192012,59.41508,87.33596,0.000772,0.35857,FORWARD
2050,65.6,68.002613,69.130586,0.3,0.298646,0.3,0.297874,0.298646,0.3,0.3,68.183295,69.761482,59.45276,87.37364,0.000772,0.358386,FORWARD
2051,65.632,67.203712,65.263878,0.3,0.298636,0.3,0.298512,0.298636,0.3,0.3,68.139133,70.973257,59.49044,87.41132,0.000772,0.358311,FORWARD
2052,65.664,60.713108,72.018832,0.3,0.298629,0.3,0.298958,0.298629,0.3,0.3,64.429171,71.251054,59.52812,87.449,0.000772,0.358279,FORWARD
2053,65.696,63.745039,66.827697,0.3,0.298624,0.3,0.299271,0.298624,0.3,0.3,60.857178,66.794785,59.5658,87.48668,0.000772,0.358267,FORWARD
2054,65.728,64.065797,68.931244,0.3,0.29858,0.3,0.29949,0.29858,0.3,0.3,60.486592,64.505254,59.60348,87.53064,0.000837,0.358261,FORWARD
2055,65.76,64.707193,64.115978,0.3,0.298552,0.3,0.299643,0.298552,0.3,0.3,62.873615,66.779084,59.64744,87.56832,0.000837,0.358259,FORWARD
2056,65.792,66.306796,64.192775,0.3,0.298575,0.3,0.29975,0.298575,0.3,0.3,68.171431,70.796167,59.68512,87.606,0.000772,0.358258,FORWARD
2057,65.824,65.574984,68.666086,0.3,0.29859,0.3,0.299825,0.29859,0.3,0.3,68.42014,65.235696,59.7228,87.64368,0.000772,0.358258,FORWARD
2058,65.856,67.932872,69.343503,0.3,0.298599,0.3,0.299877,0.298599,0.3,0.3,71.113169,66.621488,59.76048,87.68136,0.000772,0.358258,FORWARD
2059,65.888,65.156228,61.826673,0.3,0.298605,0.3,0.299914,0.298605,0.3,0.3,65.298595,70.169123,59.79816,87.71904,0.000772,0.358258,FORWARD
2060,65.92,60.767048,63.64899,0.3,0.298609,0.3,0.29994,0.298609,0.3,0.3,64.87618,65.152527,59.83584,87.75672,0.000772,0.358258,FORWARD
2061,65.952,68.859773,67.420348,0.3,0.298612,0.3,0.299958,0.298612,0.3,0.3,65.522132,65.048413,59.87352,87.7944,0.000772,0.358258,FORWARD
2062,65.984,70.824846,62.693272,0.3,0.298613,0.3,0.299971,0.298613,0.3,0.3,66.50469,62.020136,59.9112,87.83208,0.000772,0.358258,FORWARD
2063,66.016,66.194025,65.990368,0.3,0.298573,0.3,0.299979,0.298573,0.3,0.3,70.909513,65.536192,59.94888,87.87604,0.000837,0.358258,FORWARD
2064,66.048,66.469188,66.286903,0.3,0.298547,0.068269,0.299986,0.298547,0.068269,0.3,73.578489,71.516143,59.99284,87.91372,0.000837,0.358258,FORWARD
2065,66.08,63.261643,69.441631,0.3,0.298572,0.3,0.29999,0.298572,0.3,0.3,67.140043,64.080458,60.0682,87.91372,0.000772,0.358258,FORWARD
2066,66.112,67.42752,68.023735,0.3,0.298588,0.3,0.299993,0.298588,0.3,0.3,66.127542,71.524251,60.10588,87.9514,0.000772,0.358258,FORWARD
2067,66.144,65.274209,62.835613,0.3,0.298598,0.3,0.299995,0.298598,0.3,0.3,71.224084,71.352459,60.14356,87.98908,0.000772,0.358258,FORWARD
2068,66.176,68.107793,63.422641,0.3,0.298605,0.3,0.299997,0.298605,0.3,0.3,66.818223,66.944345,60.18124,88.02676,0.000772,0.358258,FORWARD
2069,66.208,71.345865,65.443282,0.3,0.298609,0.3,0.299998,0.298609,0.3,0.3,62.931434,70.893143,60.21892,88.06444,0.000772,0.358258,FORWARD
2070,66.24,64.392969,70.090759,0.3,0.298612,0.3,0.299998,0.298612,0.3,0.3,66.434933,70.548316,60.2566,88.10212,0.000772,0.358258,FORWARD
2071,66.272,62.373031,70.509566,0.3,0.298572,0.3,0.299999,0.298572,0.3,0.3,67.408019,71.57476,60.29428,88.14608,0.000837,0.358258,FORWARD
2072,66.304,59.983553,65.760731,0.3,0.298588,0.3,0.299999,0.298588,0.3,0.3,67.246662,67.570526,60.33196,88.18376,0.000772,0.358258,FORWARD
2073,66.336,62.762724,60.76746,0.3,0.298557,0.3,0.299999,0.298557,0.3,0.3,69.50727,69.928156,60.37592,88.22144,0.000837,0.358258,FORWARD
2074,66.368,69.459893,66.491572,0.3,0.298578,0.3,0.3,0.298578,0.3,0.3,68.995398,71.207865,60.4136,88.25912,0.000772,0.358258,FORWARD
2075,66.4,62.906999,70.887188,0.3,0.298592,0.3,0.3,0.298592,0.3,0.3,65.668622,64.892212,60.45128,88.2968,0.000772,0.358258,FORWARD
2076,66.432,69.191601,67.108635,0.3,0.298601,0.3,0.3,0.298601,0.3,0.3,66.882928,66.183878,60.48896,88.33448,0.000772,0.358258,FORWARD
2077,66.464,67.224205,66.046433,0.3,0.298606,0.068226,0.3,0.298606,0.068226,0.3,73.734897,64.567962,60.52664,88.37216,0.000772,0.358258,FORWARD
2078,66.496,70.355521,71.823585,0.3,0.29861,0.3,0.3,0.29861,0.3,0.3,63.235343,67.666516,60.602,88.37216,0.000772,0.358258,FORWARD
2079,66.528,63.399766,69.072516,0.3,0.298571,0.3,0.3,0.298571,0.3,0.3,67.430011,65.706533,60.63968,88.41612,0.000837,0.358258,FORWARD
2080,66.56,68.153418,64.840647,0.3,0.298587,0.3,0.3,0.298587,0.3,0.3,66.706186,64.038195,60.67736,88.4538,0.000772,0.358258,FORWARD
2081,66.592,60.200037,61.406982,0.3,0.298598,0.3,0.3,0.298598,0.3,0.3,71.532258,70.83232,60.71504,88.49148,0.000772,0.358258,FORWARD
2082,66.624,69.638007,63.879147,0.3,0.298604,0.3,0.3,0.298604,0.3,0.3,64.973974,63.336137,60.75272,88.52916,0.000772,0.358258,FORWARD
2083,66.656,71.50366,69.543371,0.3,0.298567,0.3,0.3,0.298567,0.3,0.3,68.747211,65.555762,60.79668,88.56684,0.000837,0.358258,FORWARD
2084,66.688,62.130659,72.373548,0.068595,0.068595,0.3,0.230579,0.068595,0.3,0.3,64.766926,65.646728,60.83436,88.60452,0.000772,0.358258,FORWARD
2085,66.72,69.545773,70.431335,0.3,0.3,0.3,0.251405,0.3,0.3,0.3,61.786331,64.78785,60.87204,88.6422,0.000772,0.545455,FORWARD
2086,66.752,66.712739,67.041865,0.3,0.299649,0.3,0.265983,0.299649,0.3,0.3,60.816835,67.687588,60.90972,88.67988,0.000772,0.545455,FORWARD
2087,66.784,62.928043,63.686583,0.3,0.299356,0.3,0.276188,0.299356,0.3,0.3,68.259498,65.405979,60.9474,88.71756,0.000772,0.427083,FORWARD
2088,66.816,71.799216,67.777193,0.3,0.29909,0.3,0.283332,0.29909,0.3,0.3,64.965787,66.83053,60.98508,88.76152,0.000837,0.385403,FORWARD
2089,66.848,66.260649,63.334514,0.3,0.298939,0.3,0.288332,0.298939,0.3,0.3,67.843913,66.846225,61.02276,88.7992,0.000772,0.369246,FORWARD
2090,66.88,72.685854,62.843495,0.068511,0.068511,0.3,0.222386,0.068511,0.3,0.3,68.332025,70.787497,61.06044,88.83688,0.000772,0.362751,FORWARD
2091,66.912,68.386701,64.696043,0.3,0.3,0.3,0.24567,0.3,0.3,0.3,69.305878,66.78443,61.09812,88.87456,0.000772,0.545455,FORWARD
2092,66.944,68.313079,69.819636,0.3,0.29962,0.068491,0.261969,0.29962,0.068491,0.3,72.756878,61.939117,61.14208,88.91224,0.000837,0.545455,FORWARD
2093,66.976,62.654513,70.86556,0.3,0.29934,0.3,0.273378,0.29934,0.3,0.3,71.04738,69.074615,61.21744,88.91224,0.000772,0.427083,FORWARD
2094,67.008,65.626572,64.879626,0.3,0.299119,0.3,0.281365,0.299119,0.3,0.3,67.015071,67.56484,61.25512,88.94992,0.000772,0.385403,FORWARD
2095,67.04,71.000112,66.615682,0.3,0.298917,0.3,0.286955,0.298917,0.3,0.3,71.012119,65.055944,61.2928,88.99388,0.000837,0.369246,FORWARD
2096,67.072,71.298673,60.611435,0.3,0.298817,0.3,0.290869,0.298817,0.3,0.3,63.310026,62.126374,61.33048,89.03156,0.000772,0.362751,FORWARD
2097,67.104,70.298183,64.180205,0.3,0.298749,0.3,0.293608,0.298749,0.3,0.3,68.435629,70.939996,61.36816,89.06924,0.000772,0.360103,FORWARD
2098,67.136,62.560828,60.827806,0.3,0.298703,0.3,0.295526,0.298703,0.3,0.3,69.476651,67.153136,61.40584,89.10692,0.000772,0.359017,FORWARD
2099,67.168,62.510505,68.504678,0.3,0.298673,0.3,0.296868,0.298673,0.3,0.3,70.48095,66.405534,61.44352,89.1446,0.000772,0.35857,FORWARD
2100,67.2,75.215183,59.961287,0.067825,0.067825,0.3,0.228155,0.067825,0.3,0.3,64.632865,70.202404,61.4812,89.18228,0.000772,0.358386,FORWARD
2101,67.232,63.587027,69.202721,0.3,0.3,0.3,0.249709,0.3,0.3,0.3,66.687124,66.826508,61.51888,89.21996,0.000772,0.545455,FORWARD
2102,67.264,67.682784,72.45481,0.068573,0.068573,0.3,0.195368,0.068573,0.3,0.3,64.122493,67.685342,61.56284,89.25764,0.000837,0.545455,FORWARD
2103,67.296,66.321977,65.165199,0.3,0.3,0.3,0.226758,0.3,0.3,0.3,69.157957,69.728642,61.60052,89.29532,0.000772,0.545455,FORWARD
2104,67.328,67.665497,66.359818,0.3,0.29962,0.3,0.24873,0.29962,0.3,0.3,67.929628,68.607834,61.6382,89.33928,0.000837,0.545455,FORWARD
2105,67.36,70.096676,68.12195,0.3,0.29934,0.3,0.264111,0.29934,0.3,0.3,69.716197,63.720932,61.67588,89.37696,0.000772,0.427083,FORWARD
2106,67.392,66.423828,72.967308,0.068434,0.068434,0.3,0.205408,0.068434,0.3,0.3,69.936271,68.564315,61.71356,89.41464,0.000772,0.385403,FORWARD
2107,67.424,69.312622,66.106749,0.3,0.3,0.3,0.233786,0.3,0.3,0.3,71.865092,65.190937,61.75124,89.45232,0.000772,0.545455,FORWARD
2108,67.456,64.845818,69.346387,0.3,0.299649,0.3,0.25365,0.299649,0.3,0.3,63.383254,68.868678,61.78892,89.49,0.000772,0.545455,FORWARD
2109,67.488,66.396346,76.86627,0.067378,0.067378,0.3,0.197768,0.067378,0.3,0.3,64.922794,58.672998,61.8266,89.52768,0.000772,0.427083,FORWARD
2110,67.52,67.52143,63.88585,0.3,0.3,0.3,0.228438,0.3,0.3,0.3,64.124588,70.895123,61.87056,89.56536,0.000837,0.545455,FORWARD
2111,67.552,73.263174,66.533124,0.068354,0.068354,0.3,0.180413,0.068354,0.3,0.3,65.255689,71.663253,61.90824,89.60304,0.000772,0.545455,FORWARD
2112,67.584,64.219084,61.065528,0.3,0.3,0.3,0.216289,0.3,0.3,0.3,65.759753,65.246401,61.94592,89.64072,0.000772,0.545455,FORWARD
2113,67.616,69.332511,70.386212,0.3,0.29962,0.3,0.241402,0.29962,0.3,0.3,65.219235,63.594501,61.9836,89.68468,0.000837,0.545455,FORWARD
2114,67.648,70.00059,64.700018,0.3,0.29934,0.3,0.258982,0.29934,0.3,0.3,69.853055,63.563787,62.02128,89.72236,0.000772,0.427083,FORWARD
2115,67.68,68.234269,65.661504,0.3,0.299119,0.3,0.271287,0.299119,0.3,0.3,70.222887,68.268463,62.05896,89.76004,0.000772,0.385403,FORWARD
2116,67.712,66.808712,68.279265,0.3,0.298957,0.3,0.279901,0.298957,0.3,0.3,66.232935,70.965666,62.09664,89.79772,0.000772,0.369246,FORWARD
2117,67.744,56.068284,64.261663,0.3,0.298843,0.3,0.285931,0.298843,0.3,0.3,68.678515,63.075298,62.13432,89.8354,0.000772,0.362751,FORWARD
2118,67.776,61.708106,66.354938,0.3,0.298766,0.3,0.290151,0.298766,0.3,0.3,69.80741,63.342032,62.172,89.87308,0.000772,0.360103,FORWARD
2119,67.808,67.651276,66.338974,0.3,0.298672,0.3,0.293106,0.298672,0.3,0.3,68.77876,69.980898,62.21596,89.91076,0.000837,0.359017,FORWARD
2120,67.84,69.575248,65.885724,0.3,0.298653,0.3,0.295174,0.298653,0.3,0.3,64.995788,71.204964,62.25364,89.94844,0.000772,0.35857,FORWARD
2121,67.872,63.677246,68.044907,0.3,0.29864,0.3,0.296622,0.29864,0.3,0.3,66.577447,64.924761,62.29132,89.98612,0.000772,0.358386,FORWARD
2122,67.904,70.077315,63.448098,0.3,0.29859,0.3,0.297635,0.29859,0.3,0.3,67.705682,60.115629,62.329,90.03008,0.000837,0.358311,FORWARD
2123,67.936,67.150667,66.132667,0.3,0.2986,0.3,0.298345,0.2986,0.3,0.3,63.967805,66.105056,62.36668,90.06776,0.000772,0.358279,FORWARD
2124,67.968,71.940674,67.301994,0.3,0.298606,0.3,0.298841,0.298606,0.3,0.3,61.84437,67.38316,62.40436,90.10544,0.000772,0.358267,FORWARD
2125,68.0,67.642322,67.833033,0.3,0.29861,0.3,0.299189,0.29861,0.3,0.3,71.592657,70.975974,62.44204,90.14312,0.000772,0.358261,FORWARD
2126,68.032,61.928566,63.091434,0.3,0.298612,0.3,0.299432,0.298612,0.3,0.3,62.114601,61.102633,62.47972,90.1808,0.000772,0.358259,FORWARD
2127,68.064,63.032537,68.540294,0.3,0.298614,0.3,0.299603,0.298614,0.3,0.3,61.479154,67.282124,62.5174,90.21848,0.000772,0.358258,FORWARD
2128,68.096,65.145551,63.231045,0.3,0.298573,0.3,0.299722,0.298573,0.3,0.3,65.026666,65.834222,62.56136,90.25616,0.000837,0.358258,FORWARD
2129,68.128,71.328654,67.504967,0.3,0.298589,0.3,0.299805,0.298589,0.3,0.3,69.111005,69.837536,62.59904,90.29384,0.000772,0.358258,FORWARD
2130,68.16,65.067698,62.540714,0.3,0.298599,0.067996,0.299864,0.298599,0.3,0.067996,63.80833,74.584936,62.63672,90.33152,0.000772,0.358258,FORWARD
2131,68.192,69.853786,66.387912,0.3,0.298564,0.3,0.299905,0.298564,0.3,0.3,63.26317,68.786856,62.63672,90.41316,0.000837,0.358258,FORWARD
2132,68.224,68.101941,70.190085,0.3,0.298583,0.3,0.299933,0.298583,0.3,0.3,66.696878,66.332968,62.6744,90.45084,0.000772,0.358258,FORWARD
2133,68.256,65.831284,63.48289,0.3,0.298595,0.3,0.299953,0.298595,0.3,0.3,67.499291,65.665628,62.71208,90.48852,0.000772,0.358258,FORWARD
2134,68.288,67.128513,72.392667,0.06859,0.06859,0.3,0.230544,0.06859,0.3,0.3,67.113167,69.642406,62.74976,90.5262,0.000772,0.358258,FORWARD
2135,68.32,68.628753,70.239076,0.3,0.3,0.3,0.251381,0.3,0.3,0.3,67.060889,67.916263,62.78744,90.56388,0.000772,0.545455,FORWARD
2136,68.352,65.053241,69.774888,0.3,0.29962,0.3,0.265967,0.29962,0.3,0.3,65.374876,65.048732,62.8314,90.60156,0.000837,0.545455,FORWARD
2137,68.384,71.767692,69.839724,0.3,0.29934,0.3,0.276177,0.29934,0.3,0.3,62.827095,65.899169,62.86908,90.63924,0.000772,0.427083,FORWARD
2138,68.416,71.254499,69.535545,0.3,0.299119,0.3,0.283324,0.299119,0.3,0.3,64.493928,69.734374,62.90676,90.67692,0.000772,0.385403,FORWARD
2139,68.448,63.578336,71.257672,0.3,0.298957,0.067821,0.288327,0.298957,0.067821,0.3,75.230871,68.943644,62.94444,90.7146,0.000772,0.369246,FORWARD
2140,68.48,70.51095,67.748581,0.3,0.298802,0.068567,0.291829,0.298802,0.3,0.068567,69.67172,72.477024,63.0198,90.72088,0.000837,0.362751,FORWARD
2141,68.512,68.431948,63.017927,0.3,0.298739,0.3,0.29428,0.298739,0.3,0.3,67.782889,69.175439,63.0198,90.79624,0.000772,0.360103,FORWARD
2142,68.544,67.751399,69.83203,0.3,0.298697,0.3,0.295996,0.298697,0.3,0.3,62.596217,59.384892,63.05748,90.83392,0.000772,0.359017,FORWARD
2143,68.576,72.818067,67.776405,0.068475,0.068475,0.3,0.22774,0.068475,0.3,0.3,66.216131,71.324232,63.09516,90.8716,0.000772,0.35857,FORWARD
2144,68.608,68.775959,67.011133,0.3,0.3,0.3,0.249418,0.3,0.3,0.3,65.698552,65.487019,63.13284,90.90928,0.000772,0.545455,FORWARD
2145,68.64,64.179987,72.023113,0.3,0.29962,0.3,0.264592,0.29962,0.3,0.3,66.766025,68.671876,63.1768,90.94696,0.000837,0.545455,FORWARD
2146,68.672,70.891239,64.91634,0.3,0.29934,0.3,0.275215,0.29934,0.3,0.3,69.031643,61.929225,63.21448,90.98464,0.000772,0.427083,FORWARD
2147,68.704,65.760532,69.101254,0.3,0.299119,0.3,0.28265,0.299119,0.3,0.3,66.819684,70.303582,63.25216,91.02232,0.000772,0.385403,FORWARD
2148,68.736,69.979104,63.876556,0.3,0.298957,0.3,0.287855,0.298957,0.3,0.3,67.016401,62.240289,63.28984,91.06,0.000772,0.369246,FORWARD
2149,68.768,68.159491,68.135664,0.3,0.298802,0.3,0.291499,0.298802,0.3,0.3,68.157168,66.978031,63.32752,91.10396,0.000837,0.362751,FORWARD
2150,68.8,62.930795,68.180611,0.3,0.298739,0.3,0.294049,0.298739,0.3,0.3,67.21655,64.889552,63.3652,91.14164,0.000772,0.360103,FORWARD
2151,68.832,67.798013,66.942517,0.3,0.298697,0.3,0.295834,0.298697,0.3,0.3,68.07887,64.498755,63.40288,91.17932,0.000772,0.359017,FORWARD
2152,68.864,65.784839,64.116587,0.3,0.298669,0.067462,0.297084,0.298669,0.3,0.067462,69.076838,76.554697,63.44056,91.217,0.000772,0.35857,FORWARD
2153,68.896,71.767908,61.177526,0.3,0.298609,0.3,0.297959,0.298609,0.3,0.3,63.642835,65.886682,63.44684,91.29236,0.000837,0.358386,FORWARD
2154,68.928,68.867584,68.837821,0.3,0.298612,0.3,0.298571,0.298612,0.3,0.3,66.555134,62.91841,63.48452,91.33004,0.000772,0.358311,FORWARD
2155,68.96,68.822132,62.535285,0.3,0.298613,0.068385,0.299,0.298613,0.3,0.068385,63.66902,73.148951,63.5222,91.36772,0.000772,0.358279,FORWARD
2156,68.992,63.644857,76.098129,0.067586,0.067586,0.3,0.229576,0.067586,0.3,0.3,65.127821,66.165991,63.5222,91.44308,0.000772,0.358267,FORWARD
2157,69.024,69.46857,66.306285,0.3,0.3,0.3,0.250703,0.3,0.3,0.3,69.984429,66.95468,63.55988,91.48076,0.000772,0.545455,FORWARD
2158,69.056,73.31809,67.056102,0.068339,0.068339,0.3,0.195994,0.068339,0.3,0.3,66.054529,71.374328,63.59756,91.51844,0.000772,0.545455,FORWARD
2159,69.088,69.28486,68.59308,0.3,0.3,0.3,0.227196,0.3,0.3,0.3,68.294517,62.742773,63.63524,91.55612,0.000772,0.545455,FORWARD
2160,69.12,68.367246,71.661705,0.3,0.29962,0.067677,0.249037,0.29962,0.067677,0.3,75.760347,68.007002,63.67292,91.60008,0.000837,0.545455,FORWARD
2161,69.152,63.9795,63.120812,0.3,0.299303,0.3,0.264326,0.299303,0.3,0.3,63.070168,67.498573,63.75456,91.60008,0.000837,0.427083,FORWARD
2162,69.184,64.910181,65.221468,0.3,0.299097,0.067344,0.275028,0.299097,0.067344,0.3,76.989642,65.264703,63.79224,91.63776,0.000772,0.385403,FORWARD
2163,69.216,69.96348,65.832988,0.3,0.298943,0.3,0.28252,0.298943,0.3,0.3,63.842855,71.1505,63.8676,91.63776,0.000772,0.369246,FORWARD
2164,69.248,67.777964,74.294323,0.068075,0.068075,0.3,0.218186,0.068075,0.3,0.3,69.17382,65.953239,63.90528,91.67544,0.000772,0.362751,FORWARD
2165,69.28,65.097431,67.027254,0.3,0.3,0.3,0.24273,0.3,0.3,0.3,66.525659,63.374656,63.94296,91.71312,0.000772,0.545455,FORWARD
2166,69.312,70.399834,71.097281,0.3,0.299649,0.3,0.259911,0.299649,0.3,0.3,64.045132,70.912331,63.98064,91.7508,0.000772,0.545455,FORWARD
2167,69.344,67.810709,67.302393,0.3,0.299319,0.3,0.271938,0.299319,0.3,0.3,66.949404,69.700859,64.01832,91.79476,0.000837,0.427083,FORWARD
2168,69.376,65.228054,66.074587,0.3,0.299107,0.068173,0.280357,0.299107,0.3,0.068173,69.233361,73.929955,64.056,91.83244,0.000772,0.385403,FORWARD
2169,69.408,73.343715,74.664896,0.067974,0.067974,0.3,0.216642,0.067974,0.3,0.3,66.280595,67.266972,64.056,91.9078,0.000772,0.369246,FORWARD
2170,69.44,63.888711,69.313849,0.3,0.3,0.3,0.241649,0.3,0.3,0.3,64.456986,64.567808,64.09996,91.94548,0.000837,0.545455,FORWARD
2171,69.472,68.223846,68.48,0.3,0.299649,0.3,0.259155,0.299649,0.3,0.3,71.083401,65.505967,64.13764,91.98316,0.000772,0.545455,FORWARD
2172,69.504,65.292294,63.15603,0.3,0.299356,0.3,0.271408,0.299356,0.3,0.3,68.038663,65.137462,64.17532,92.02084,0.000772,0.427083,FORWARD
2173,69.536,62.691704,68.278805,0.3,0.29913,0.3,0.279986,0.29913,0.3,0.3,71.051154,71.589307,64.213,92.05852,0.000772,0.385403,FORWARD
2174,69.568,62.545184,65.413726,0.3,0.298964,0.3,0.28599,0.298964,0.3,0.3,68.165813,66.784368,64.25068,92.0962,0.000772,0.369246,FORWARD
2175,69.6,65.63951,68.494678,0.3,0.298847,0.3,0.290193,0.298847,0.3,0.3,66.333698,65.995207,64.28836,92.13388,0.000772,0.362751,FORWARD
2176,69.632,65.70391,68.84792,0.3,0.298768,0.3,0.293135,0.298768,0.3,0.3,66.760937,61.247112,64.32604,92.17156,0.000772,0.360103,FORWARD
2177,69.664,72.447402,67.13342,0.068575,0.068575,0.3,0.225767,0.068575,0.3,0.3,69.021932,70.367583,64.36372,92.21552,0.000837,0.359017,FORWARD
2178,69.696,66.241296,71.576655,0.3,0.3,0.3,0.248037,0.3,0.3,0.3,69.710581,70.019798,64.4014,92.2532,0.000772,0.545455,FORWARD
2179,69.728,69.620914,69.433051,0.3,0.29962,0.3,0.263626,0.29962,0.3,0.3,69.102426,61.405668,64.44536,92.29088,0.000837,0.545455,FORWARD
2180,69.76,68.250204,71.413049,0.3,0.29934,0.3,0.274538,0.29934,0.3,0.3,70.693937,66.129467,64.48304,92.32856,0.000772,0.427083,FORWARD
2181,69.792,71.058959,60.454159,0.3,0.299119,0.068164,0.282177,0.299119,0.068164,0.3,73.96635,69.411635,64.52072,92.36624,0.000772,0.385403,FORWARD
2182,69.824,64.285881,64.443461,0.3,0.298957,0.3,0.287524,0.298957,0.3,0.3,68.115301,62.139238,64.59608,92.36624,0.000772,0.369246,FORWARD
2183,69.856,60.020709,68.573187,0.3,0.298843,0.3,0.291267,0.298843,0.3,0.3,59.476949,66.655025,64.63376,92.40392,0.000772,0.362751,FORWARD
2184,69.888,69.711534,68.986415,0.3,0.298766,0.3,0.293887,0.298766,0.3,0.3,65.932289,70.589423,64.67144,92.4416,0.000772,0.360103,FORWARD
2185,69.92,72.603751,61.306533,0.068533,0.068533,0.3,0.22628,0.068533,0.3,0.3,59.355642,65.204491,64.70912,92.48556,0.000837,0.359017,FORWARD
2186,69.952,71.781552,66.369994,0.3,0.3,0.3,0.248396,0.3,0.3,0.3,67.236828,67.849448,64.7468,92.52324,0.000772,0.545455,FORWARD
2187,69.984,67.652184,57.82592,0.3,0.299649,0.3,0.263877,0.299649,0.3,0.3,65.29688,65.241761,64.78448,92.56092,0.000772,0.545455,FORWARD
2188,70.016,67.937592,69.051028,0.3,0.299319,0.3,0.274714,0.299319,0.3,0.3,68.092857,65.66656,64.82844,92.5986,0.000837,0.427083,FORWARD
2189,70.048,68.471726,66.709627,0.3,0.299107,0.3,0.2823,0.299107,0.3,0.3,72.202075,60.049439,64.86612,92.63628,0.000772,0.385403,FORWARD
2190,70.08,67.726422,65.183611,0.3,0.29895,0.3,0.28761,0.29895,0.3,0.3,69.086757,64.714349,64.9038,92.67396,0.000772,0.369246,FORWARD
2191,70.112,62.773705,70.53828,0.3,0.298838,0.3,0.291327,0.298838,0.3,0.3,66.739272,70.59604,64.94148,92.71164,0.000772,0.362751,FORWARD
2192,70.144,63.434238,66.901859,0.3,0.298762,0.067982,0.293929,0.298762,0.067982,0.3,74.635327,61.421981,64.97916,92.74932,0.000772,0.360103,FORWARD
2193,70.176,60.811892,67.181178,0.3,0.29867,0.3,0.29575,0.29867,0.3,0.3,65.927432,63.500452,65.05452,92.7556,0.000837,0.359017,FORWARD
2194,70.208,61.882497,64.441242,0.3,0.298652,0.3,0.297025,0.298652,0.3,0.3,63.844347,68.844758,65.0922,92.79328,0.000772,0.35857,FORWARD
2195,70.24,61.382581,62.09809,0.3,0.298639,0.3,0.297918,0.298639,0.3,0.3,66.984417,68.016006,65.12988,92.83096,0.000772,0.358386,FORWARD
2196,70.272,70.790374,65.305232,0.3,0.298631,0.3,0.298542,0.298631,0.3,0.3,68.568055,65.114764,65.16756,92.86864,0.000772,0.358311,FORWARD
2197,70.304,64.715626,66.742924,0.3,0.298626,0.3,0.29898,0.298626,0.3,0.3,68.51738,65.064625,65.20524,92.90632,0.000772,0.358279,FORWARD
2198,70.336,70.15996,64.473717,0.3,0.298581,0.3,0.299286,0.298581,0.3,0.3,65.789649,65.877198,65.2492,92.944,0.000837,0.358267,FORWARD
2199,70.368,66.033407,68.193337,0.3,0.298594,0.3,0.2995,0.298594,0.3,0.3,65.786578,67.878468,65.28688,92.98168,0.000772,0.358261,FORWARD
2200,70.4,66.18061,64.822601,0.3,0.298602,0.3,0.29965,0.298602,0.3,0.3,65.272042,64.536529,65.32456,93.01936,0.000772,0.358259,FORWARD
2201,70.432,69.105839,66.512644,0.3,0.298566,0.3,0.299755,0.298566,0.3,0.3,65.091027,64.981412,65.36224,93.06332,0.000837,0.358258,FORWARD
2202,70.464,66.452231,65.130592,0.3,0.298584,0.3,0.299829,0.298584,0.3,0.3,67.219003,70.719131,65.39992,93.101,0.000772,0.358258,FORWARD
2203,70.496,68.328673,63.885359,0.3,0.298596,0.3,0.29988,0.298596,0.3,0.3,68.391448,65.63082,65.4376,93.13868,0.000772,0.358258,FORWARD
2204,70.528,66.419463,67.360752,0.3,0.298603,0.3,0.299916,0.298603,0.3,0.3,65.324278,69.074106,65.47528,93.17636,0.000772,0.358258,FORWARD
2205,70.56,68.898284,66.129788,0.3,0.298608,0.3,0.299941,0.298608,0.3,0.3,65.235472,61.175409,65.51296,93.21404,0.000772,0.358258,FORWARD
2206,70.592,65.35056,64.159158,0.3,0.298611,0.3,0.299959,0.298611,0.3,0.3,68.258516,62.861046,65.55064,93.25172,0.000772,0.358258,FORWARD
2207,70.624,66.138072,65.020266,0.3,0.298571,0.3,0.299971,0.298571,0.3,0.3,62.943384,67.984082,65.5946,93.2894,0.000837,0.358258,FORWARD
2208,70.656,67.584553,66.201808,0.3,0.298588,0.3,0.29998,0.298588,0.3,0.3,65.693632,63.7685,65.63228,93.32708,0.000772,0.358258,FORWARD
2209,70.688,68.543029,63.227043,0.3,0.298598,0.068542,0.299986,0.298598,0.068542,0.3,72.569827,61.964187,65.66996,93.36476,0.000772,0.358258,FORWARD
2210,70.72,69.549756,68.315196,0.3,0.298563,0.3,0.29999,0.298563,0.3,0.3,65.178163,66.537132,65.74532,93.37104,0.000837,0.358258,FORWARD
2211,70.752,71.458953,58.797884,0.3,0.298582,0.3,0.299993,0.298582,0.3,0.3,64.083826,67.414289,65.783,93.40872,0.000772,0.358258,FORWARD
2212,70.784,69.146692,70.872335,0.3,0.298594,0.3,0.299995,0.298594,0.3,0.3,63.029008,68.883522,65.82068,93.4464,0.000772,0.358258,FORWARD
2213,70.816,72.16171,70.912027,0.3,0.298602,0.3,0.299997,0.298602,0.3,0.3,64.185783,71.581265,65.85836,93.48408,0.000772,0.358258,FORWARD
2214,70.848,65.934089,68.953291,0.3,0.298607,0.3,0.299998,0.298607,0.3,0.3,61.543163,71.790214,65.89604,93.52176,0.000772,0.358258,FORWARD
2215,70.88,70.732881,69.437292,0.3,0.298611,0.3,0.299998,0.298611,0.3,0.3,67.022713,66.50765,65.93372,93.55944,0.000772,0.358258,FORWARD
2216,70.912,71.416891,68.887723,0.3,0.298613,0.3,0.299999,0.298613,0.3,0.3,63.925825,68.289289,65.9714,93.59712,0.000772,0.358258,FORWARD
2217,70.944,67.456225,65.223135,0.3,0.298573,0.3,0.299999,0.298573,0.3,0.3,69.112556,64.131532,66.01536,93.6348,0.000837,0.358258,FORWARD
2218,70.976,75.030674,67.174127,0.067875,0.067875,0.3,0.230362,0.067875,0.3,0.3,62.045131,68.043386,66.05304,93.67876,0.000837,0.358258,FORWARD
2219,71.008,74.438338,66.413537,0.068036,0.067612,0.068584,0.181664,0.067612,0.3,0.068584,67.964984,72.414592,66.09072,93.71644,0.000772,0.545455,FORWARD
2220,71.04,63.368606,62.89596,0.3,0.3,0.3,0.217165,0.3,0.3,0.3,67.174793,71.200534,66.09072,93.7918,0.000772,0.427083,FORWARD
2221,71.072,67.715659,62.83074,0.3,0.299649,0.3,0.242015,0.299649,0.3,0.3,71.028324,65.258317,66.1284,93.82948,0.000772,0.545455,FORWARD
2222,71.104,67.529942,68.889273,0.3,0.299356,0.3,0.259411,0.299356,0.3,0.3,61.215809,69.32243,66.16608,93.86716,0.000772,0.427083,FORWARD
2223,71.136,66.852744,70.864366,0.3,0.29913,0.3,0.271588,0.29913,0.3,0.3,63.246589,67.827672,66.20376,93.90484,0.000772,0.385403,FORWARD
2224,71.168,62.712576,65.538011,0.3,0.298923,0.06849,0.280111,0.298923,0.06849,0.3,72.762875,70.106603,66.24772,93.94252,0.000837,0.369246,FORWARD
2225,71.2,65.091851,69.338538,0.3,0.298822,0.3,0.286078,0.298822,0.3,0.3,70.009644,63.767092,66.32308,93.94252,0.000772,0.362751,FORWARD
2226,71.232,67.375411,70.331926,0.3,0.298752,0.3,0.290255,0.298752,0.3,0.3,67.709406,68.413263,66.36076,93.9802,0.000772,0.360103,FORWARD
2227,71.264,71.186593,75.355084,0.067787,0.067787,0.3,0.223514,0.067787,0.3,0.3,68.652356,64.599818,66.39844,94.02416,0.000837,0.359017,FORWARD
2228,71.296,64.308444,68.414928,0.3,0.3,0.3,0.24646,0.3,0.3,0.3,68.24039,64.380943,66.43612,94.06184,0.000772,0.545455,FORWARD
2229,71.328,64.16044,70.107649,0.3,0.299649,0.3,0.262522,0.299649,0.3,0.3,67.279345,71.198849,66.4738,94.09952,0.000772,0.545455,FORWARD
2230,71.36,72.287137,69.202084,0.3,0.299356,0.3,0.273765,0.299356,0.3,0.3,67.457541,62.567789,66.51148,94.1372,0.000772,0.427083,FORWARD
2231,71.392,61.763768,61.272596,0.3,0.29913,0.06813,0.281636,0.29913,0.3,0.06813,69.521246,74.090104,66.54916,94.17488,0.000772,0.385403,FORWARD
2232,71.424,68.672027,61.88384,0.3,0.298964,0.06551,0.287145,0.298964,0.068489,0.06551,72.763816,83.75764,66.54916,94.25024,0.000772,0.369246,FORWARD
2233,71.456,63.920736,60.842037,0.3,0.298847,0.064452,0.291002,0.298847,0.3,0.064452,67.942003,87.661921,66.58684,94.28792,0.000772,0.362751,FORWARD
2234,71.488,64.373083,68.334739,0.3,0.298727,0.059489,0.293701,0.298727,0.3,0.059489,68.826526,104.902962,66.59312,94.36328,0.000837,0.360103,FORWARD
2235,71.52,69.311956,71.343914,0.3,0.298648,0.055509,0.295591,0.298648,0.3,0.055509,71.744759,111.235099,66.59312,94.44492,0.000837,0.359017,FORWARD
2236,71.552,64.227702,69.804743,0.3,0.298678,0.057666,0.296914,0.298678,0.3,0.057666,70.110547,107.803725,66.58684,94.52028,0.000708,0.35857,FORWARD
2237,71.584,64.302985,65.802144,0.3,0.298656,0.05803,0.297839,0.298656,0.3,0.05803,64.764501,107.22371,66.58684,94.59564,0.000772,0.358386,FORWARD
2238,71.616,64.957527,68.621529,0.3,0.298642,0.054687,0.298488,0.298642,0.3,0.054687,60.620704,112.543638,66.58684,94.671,0.000772,0.358311,FORWARD
2239,71.648,72.311927,68.425481,0.3,0.298592,0.053861,0.298941,0.298592,0.3,0.053861,67.319987,113.85766,66.58684,94.75264,0.000837,0.358279,FORWARD
2240,71.68,61.540824,70.848398,0.3,0.298601,0.058809,0.299259,0.298601,0.3,0.058809,64.06821,105.984317,66.58684,94.828,0.000772,0.358267,FORWARD
2241,71.712,65.464662,64.425347,0.3,0.298606,0.059439,0.299481,0.298606,0.3,0.059439,68.691201,104.982896,66.58684,94.90336,0.000772,0.358261,FORWARD
2242,71.744,68.452079,69.60845,0.3,0.298569,0.060646,0.299637,0.298569,0.3,0.060646,65.681838,101.707977,66.58684,94.985,0.000837,0.358259,FORWARD
2243,71.776,64.599759,66.779487,0.3,0.298586,0.065518,0.299746,0.298586,0.3,0.065518,62.360625,83.728811,66.58684,95.06036,0.000772,0.358258,FORWARD
2244,71.808,64.632994,67.821339,0.3,0.298597,0.3,0.299822,0.298597,0.3,0.3,65.635343,63.030259,66.58684,95.13572,0.000772,0.358258,FORWARD
2245,71.84,61.257522,71.071777,0.3,0.298604,0.3,0.299875,0.298604,0.3,0.3,65.460718,64.766111,66.62452,95.1734,0.000772,0.358258,FORWARD
2246,71.872,65.04775,69.944016,0.3,0.298608,0.3,0.299913,0.298608,0.3,0.3,67.112302,64.168156,66.6622,95.21108,0.000772,0.358258,FORWARD
2247,71.904,64.840958,75.239996,0.067818,0.067818,0.3,0.230284,0.067818,0.3,0.3,65.508399,65.018735,66.69988,95.24876,0.000772,0.358258,FORWARD
2248,71.936,62.129498,69.874757,0.3,0.3,0.3,0.251199,0.3,0.3,0.3,69.108837,68.29439,66.74384,95.28644,0.000837,0.545455,FORWARD
2249,71.968,67.86515,74.441282,0.068035,0.068035,0.3,0.19625,0.068035,0.3,0.3,61.12581,63.246784,66.78152,95.3304,0.000837,0.545455,FORWARD
2250,72.0,67.952386,67.873497,0.3,0.3,0.3,0.227375,0.3,0.3,0.3,70.434396,66.561007,66.8192,95.36808,0.000772,0.545455,FORWARD
2251,72.032,69.681428,66.014229,0.3,0.299649,0.3,0.249162,0.299649,0.3,0.3,68.148737,71.443054,66.85688,95.40576,0.000772,0.545455,FORWARD
2252,72.064,70.26415,69.470855,0.3,0.299356,0.3,0.264414,0.299356,0.3,0.3,67.852918,67.56407,66.89456,95.44344,0.000772,0.427083,FORWARD
2253,72.096,70.193098,65.120606,0.3,0.29913,0.3,0.27509,0.29913,0.3,0.3,67.936415,65.945916,66.93224,95.48112,0.000772,0.385403,FORWARD
2254,72.128,64.86916,63.928405,0.3,0.298964,0.3,0.282563,0.298964,0.3,0.3,67.46599,69.164669,66.96992,95.5188,0.000772,0.369246,FORWARD
2255,72.16,66.929475,65.788181,0.3,0.298847,0.3,0.287794,0.298847,0.3,0.3,69.387132,64.903239,67.0076,95.55648,0.000772,0.362751,FORWARD
2256,72.192,71.332022,70.518778,0.3,0.298727,0.3,0.291456,0.298727,0.3,0.3,69.662014,67.406229,67.05156,95.59416,0.000837,0.360103,FORWARD
2257,72.224,60.409898,68.391557,0.3,0.298689,0.3,0.294019,0.298689,0.3,0.3,68.12316,69.279075,67.08924,95.63184,0.000772,0.359017,FORWARD
2258,72.256,65.499199,69.616842,0.3,0.298622,0.3,0.295813,0.298622,0.3,0.3,63.588738,66.966545,67.12692,95.6758,0.000837,0.35857,FORWARD
2259,72.288,70.964737,66.682068,0.3,0.29862,0.068193,0.297069,0.29862,0.068193,0.3,73.859347,64.56285,67.1646,95.71348,0.000772,0.358386,FORWARD
2260,72.32,72.56766,67.351939,0.068543,0.068543,0.3,0.228511,0.068543,0.3,0.3,64.654122,69.531159,67.23996,95.71348,0.000772,0.358311,FORWARD
2261,72.352,69.183497,64.093952,0.3,0.3,0.3,0.249958,0.3,0.3,0.3,57.052578,66.274256,67.27764,95.75116,0.000772,0.545455,FORWARD
2262,72.384,75.744409,66.162583,0.067682,0.067682,0.3,0.195275,0.067682,0.3,0.3,68.117193,69.601043,67.31532,95.78884,0.000772,0.545455,FORWARD
2263,72.416,64.798284,66.470383,0.3,0.3,0.3,0.226693,0.3,0.3,0.3,61.779938,65.781111,67.353,95.82652,0.000772,0.545455,FORWARD
2264,72.448,74.524019,72.008083,0.068012,0.068012,0.3,0.179089,0.068012,0.3,0.3,64.944499,66.0166,67.39068,95.8642,0.000772,0.545455,FORWARD
2265,72.48,65.886697,66.248266,0.3,0.3,0.3,0.215362,0.3,0.3,0.3,65.958946,64.241821,67.42836,95.90188,0.000772,0.545455,FORWARD
2266,72.512,70.825476,64.809014,0.3,0.29959,0.3,0.240753,0.29959,0.3,0.3,67.48067,71.77471,67.47232,95.94584,0.000901,0.545455,FORWARD
2267,72.544,60.760455,71.838302,0.3,0.299323,0.3,0.258527,0.299323,0.3,0.3,63.697349,68.830562,67.51,95.98352,0.000772,0.427083,FORWARD
2268,72.576,69.795582,69.740146,0.3,0.299109,0.3,0.270969,0.299109,0.3,0.3,66.097599,70.388293,67.54768,96.0212,0.000772,0.385403,FORWARD
2269,72.608,72.262908,64.359741,0.3,0.298951,0.3,0.279678,0.298951,0.3,0.3,67.865172,61.995449,67.58536,96.05888,0.000772,0.369246,FORWARD
2270,72.64,66.673691,71.581729,0.3,0.298839,0.3,0.285775,0.298839,0.3,0.3,57.000975,65.971925,67.62304,96.09656,0.000772,0.362751,FORWARD
2271,72.672,64.72868,64.772541,0.3,0.298763,0.3,0.290042,0.298763,0.3,0.3,67.242919,64.690177,67.66072,96.13424,0.000772,0.360103,FORWARD
2272,72.704,66.877256,71.823938,0.3,0.298712,0.3,0.29303,0.298712,0.3,0.3,64.396228,66.885453,67.6984,96.17192,0.000772,0.359017,FORWARD
2273,72.736,62.297312,70.698496,0.3,0.298678,0.3,0.295121,0.298678,0.3,0.3,70.759928,64.7905,67.73608,96.2096,0.000772,0.35857,FORWARD
2274,72.768,64.216998,61.756619,0.3,0.298656,0.3,0.296585,0.298656,0.3,0.3,68.165492,69.926036,67.77376,96.24728,0.000772,0.358386,FORWARD
2275,72.8,67.730217,66.039151,0.3,0.29856,0.3,0.297609,0.29856,0.3,0.3,66.823781,70.031534,67.81772,96.29124,0.000901,0.358311,FORWARD
2276,72.832,68.079064,72.192947,0.3,0.29858,0.3,0.298326,0.29858,0.3,0.3,64.551195,68.570466,67.8554,96.32892,0.000772,0.358279,FORWARD
2277,72.864,67.578939,65.835346,0.3,0.298593,0.3,0.298829,0.298593,0.3,0.3,62.877495,66.058467,67.89308,96.3666,0.000772,0.358267,FORWARD
2278,72.896,71.555033,67.276501,0.3,0.298601,0.3,0.29918,0.298601,0.3,0.3,64.057262,71.584352,67.93076,96.40428,0.000772,0.358261,FORWARD
2279,72.928,71.229402,62.895545,0.3,0.298607,0.3,0.299426,0.298607,0.3,0.3,69.181041,67.573607,67.96844,96.44196,0.000772,0.358259,FORWARD
2280,72.96,66.308953,67.06993,0.3,0.29861,0.3,0.299598,0.29861,0.3,0.3,69.585763,72.151028,68.00612,96.47964,0.000772,0.358258,FORWARD
2281,72.992,69.371443,69.481587,0.3,0.298612,0.3,0.299719,0.298612,0.3,0.3,72.234796,67.867831,68.0438,96.51732,0.000772,0.358258,FORWARD
2282,73.024,66.252815,65.350674,0.3,0.298614,0.3,0.299803,0.298614,0.3,0.3,66.178966,66.565807,68.08148,96.555,0.000772,0.358258,FORWARD
2283,73.056,67.964213,69.282584,0.3,0.298573,0.3,0.299862,0.298573,0.3,0.3,67.521416,68.785892,68.11916,96.59896,0.000837,0.358258,FORWARD
2284,73.088,62.352565,66.234997,0.3,0.298547,0.3,0.299904,0.298547,0.3,0.3,66.884802,71.242935,68.16312,96.63664,0.000837,0.358258,FORWARD
2285,73.12,66.102312,71.075424,0.3,0.298572,0.3,0.299932,0.298572,0.3,0.3,66.983161,69.372854,68.2008,96.67432,0.000772,0.358258,FORWARD
2286,73.152,70.601044,64.960135,0.3,0.298588,0.3,0.299953,0.298588,0.3,0.3,62.262553,67.198799,68.23848,96.712,0.000772,0.358258,FORWARD
2287,73.184,67.893471,68.999603,0.3,0.298598,0.3,0.299967,0.298598,0.3,0.3,66.693215,68.850355,68.27616,96.74968,0.000772,0.358258,FORWARD
2288,73.216,64.654605,60.581795,0.3,0.298605,0.3,0.299977,0.298605,0.3,0.3,63.511714,60.194848,68.31384,96.78736,0.000772,0.358258,FORWARD
2289,73.248,65.339782,62.692248,0.3,0.298609,0.3,0.299984,0.298609,0.3,0.3,66.684265,68.524835,68.35152,96.82504,0.000772,0.358258,FORWARD
2290,73.28,70.8879,68.435936,0.3,0.298612,0.3,0.299989,0.298612,0.3,0.3,69.169005,64.103316,68.3892,96.86272,0.000772,0.358258,FORWARD
2291,73.312,65.462482,62.742381,0.3,0.298613,0.3,0.299992,0.298613,0.3,0.3,67.132718,65.537985,68.42688,96.9004,0.000772,0.358258,FORWARD
2292,73.344,65.103965,71.335217,0.3,0.298532,0.3,0.299994,0.298532,0.3,0.3,67.733631,67.8057,68.47084,96.94436,0.000901,0.358258,FORWARD
2293,73.376,70.888016,68.116908,0.3,0.298562,0.068455,0.299996,0.298562,0.3,0.068455,68.601952,72.891812,68.50852,96.98204,0.000772,0.358258,FORWARD
2294,73.408,68.918662,72.817965,0.068475,0.068475,0.3,0.23054,0.068475,0.3,0.3,63.899788,67.343118,68.50852,97.0574,0.000772,0.358258,FORWARD
2295,73.44,69.305543,67.866707,0.3,0.3,0.3,0.251378,0.3,0.3,0.3,66.28372,70.782281,68.5462,97.09508,0.000772,0.545455,FORWARD
2296,73.472,71.172878,72.895627,0.068454,0.068454,0.3,0.196501,0.068454,0.3,0.3,60.826845,68.083568,68.58388,97.13276,0.000772,0.545455,FORWARD
2297,73.504,67.145528,62.499234,0.3,0.3,0.3,0.22755,0.3,0.3,0.3,61.642452,66.399003,68.62156,97.17044,0.000772,0.545455,FORWARD
2298,73.536,69.025097,68.303548,0.3,0.299649,0.3,0.249285,0.299649,0.3,0.3,67.680072,68.467043,68.65924,97.20812,0.000772,0.545455,FORWARD
2299,73.568,66.576365,65.037925,0.3,0.299356,0.3,0.2645,0.299356,0.3,0.3,66.291199,62.952035,68.69692,97.2458,0.000772,0.427083,FORWARD
2300,73.6,68.418527,69.73671,0.3,0.29909,0.3,0.27515,0.29909,0.3,0.3,66.027257,64.605838,68.74088,97.28348,0.000837,0.385403,FORWARD
2301,73.632,63.931578,62.837207,0.3,0.298939,0.3,0.282605,0.298939,0.3,0.3,67.317073,66.630466,68.77856,97.32116,0.000772,0.369246,FORWARD
2302,73.664,60.825675,68.448952,0.3,0.298791,0.3,0.287823,0.298791,0.3,0.3,68.078625,67.454214,68.81624,97.36512,0.000837,0.362751,FORWARD
2303,73.696,69.64266,67.117381,0.3,0.298732,0.3,0.291476,0.298732,0.3,0.3,70.192047,67.179143,68.85392,97.4028,0.000772,0.360103,FORWARD
2304,73.728,65.769289,64.096659,0.3,0.298692,0.3,0.294033,0.298692,0.3,0.3,62.019401,65.060942,68.8916,97.44048,0.000772,0.359017,FORWARD
2305,73.76,63.122766,62.226774,0.3,0.298666,0.3,0.295823,0.298666,0.3,0.3,70.894746,64.064684,68.92928,97.47816,0.000772,0.35857,FORWARD
2306,73.792,67.642521,67.045863,0.3,0.298648,0.3,0.297076,0.298648,0.3,0.3,70.250989,66.046638,68.96696,97.51584,0.000772,0.358386,FORWARD
2307,73.824,68.126351,65.398393,0.3,0.298637,0.3,0.297953,0.298637,0.3,0.3,69.341353,64.532975,69.00464,97.55352,0.000772,0.358311,FORWARD
2308,73.856,66.975368,72.818471,0.068475,0.068475,0.3,0.22911,0.068475,0.3,0.3,68.645073,61.328874,69.04232,97.5912,0.000772,0.358279,FORWARD
2309,73.888,62.249758,72.828198,0.068472,0.068093,0.3,0.180918,0.068093,0.3,0.3,68.795486,68.282478,69.08628,97.62888,0.000837,0.545455,FORWARD
2310,73.92,66.690349,71.256151,0.3,0.3,0.3,0.216643,0.3,0.3,0.3,67.161052,67.2951,69.12396,97.66656,0.000772,0.427083,FORWARD
2311,73.952,64.881858,66.198951,0.3,0.29962,0.3,0.24165,0.29962,0.3,0.3,69.710883,65.375555,69.16164,97.71052,0.000837,0.545455,FORWARD
2312,73.984,66.052659,67.356057,0.3,0.29934,0.3,0.259155,0.29934,0.3,0.3,68.449623,66.785336,69.19932,97.7482,0.000772,0.427083,FORWARD
2313,74.016,60.614061,67.643271,0.3,0.299119,0.3,0.271409,0.299119,0.3,0.3,68.496626,62.786581,69.237,97.78588,0.000772,0.385403,FORWARD
2314,74.048,71.330235,63.12025,0.3,0.298957,0.3,0.279986,0.298957,0.3,0.3,69.91029,67.450259,69.27468,97.82356,0.000772,0.369246,FORWARD
2315,74.08,65.494599,67.90718,0.3,0.298843,0.3,0.28599,0.298843,0.3,0.3,71.713102,68.233148,69.31236,97.86124,0.000772,0.362751,FORWARD
2316,74.112,67.081173,73.939397,0.068171,0.068171,0.3,0.220644,0.068171,0.3,0.3,64.498855,62.664393,69.35004,97.89892,0.000772,0.360103,FORWARD
2317,74.144,67.1989,64.04101,0.3,0.3,0.3,0.244451,0.3,0.3,0.3,62.537622,67.346707,69.38772,97.9366,0.000772,0.545455,FORWARD
2318,74.176,69.428665,64.848651,0.3,0.29962,0.3,0.261116,0.29962,0.3,0.3,66.745783,70.083636,69.43168,97.97428,0.000837,0.545455,FORWARD
2319,74.208,71.156702,61.152561,0.3,0.299303,0.06809,0.272781,0.299303,0.06809,0.3,74.237995,68.941511,69.46936,98.01824,0.000837,0.427083,FORWARD
2320,74.24,68.894809,63.176647,0.3,0.299097,0.3,0.280947,0.299097,0.3,0.3,62.160247,65.670512,69.54472,98.01824,0.000772,0.385403,FORWARD
2321,74.272,68.988201,68.203449,0.3,0.298943,0.3,0.286663,0.298943,0.3,0.3,72.102002,69.257617,69.5824,98.05592,0.000772,0.369246,FORWARD
2322,74.304,69.544642,64.253752,0.3,0.298834,0.3,0.290664,0.298834,0.3,0.3,63.703654,65.471438,69.62008,98.0936,0.000772,0.362751,FORWARD
2323,74.336,68.202268,68.039092,0.3,0.29876,0.3,0.293465,0.29876,0.3,0.3,68.006706,61.162868,69.65776,98.13128,0.000772,0.360103,FORWARD
2324,74.368,64.863048,63.720946,0.3,0.29871,0.3,0.295425,0.29871,0.3,0.3,66.724701,65.092514,69.69544,98.16896,0.000772,0.359017,FORWARD
2325,74.4,63.974635,65.249101,0.3,0.298677,0.3,0.296798,0.298677,0.3,0.3,61.53162,62.808284,69.73312,98.20664,0.000772,0.35857,FORWARD
2326,74.432,72.511406,69.416523,0.068558,0.068558,0.3,0.228326,0.068558,0.3,0.3,61.885724,68.386422,69.7708,98.24432,0.000772,0.358386,FORWARD
2327,74.464,67.070199,68.823701,0.3,0.3,0.3,0.249828,0.3,0.3,0.3,69.118585,60.04891,69.80848,98.28828,0.000837,0.545455,FORWARD
2328,74.496,63.762435,66.185716,0.3,0.29962,0.3,0.26488,0.29962,0.3,0.3,67.450983,69.877817,69.85244,98.32596,0.000837,0.545455,FORWARD
2329,74.528,59.897321,61.894694,0.3,0.29934,0.3,0.275416,0.29934,0.3,0.3,69.445053,68.835199,69.89012,98.36364,0.000772,0.427083,FORWARD
2330,74.56,66.272223,66.090818,0.3,0.299119,0.3,0.282791,0.299119,0.3,0.3,63.400579,68.499092,69.9278,98.40132,0.000772,0.385403,FORWARD
2331,74.592,62.532005,67.957241,0.3,0.298957,0.3,0.287954,0.298957,0.3,0.3,62.278986,64.095499,69.96548,98.439,0.000772,0.369246,FORWARD
2332,74.624,65.200718,69.281624,0.3,0.298843,0.3,0.291568,0.298843,0.3,0.3,71.279356,68.933536,70.00316,98.47668,0.000772,0.362751,FORWARD
2333,74.656,66.945315,66.563699,0.3,0.298766,0.3,0.294097,0.298766,0.3,0.3,61.786064,66.955393,70.04084,98.51436,0.000772,0.360103,FORWARD
2334,74.688,72.141891,67.438886,0.3,0.298714,0.3,0.295868,0.298714,0.3,0.3,64.933752,66.870098,70.07852,98.55204,0.000772,0.359017,FORWARD
2335,74.72,72.654273,70.29153,0.068519,0.068519,0.3,0.227663,0.068519,0.3,0.3,69.027948,63.478222,70.1162,98.58972,0.000772,0.35857,FORWARD
2336,74.752,68.963396,71.839266,0.3,0.3,0.3,0.249364,0.3,0.3,0.3,67.498813,70.040504,70.16016,98.63368,0.000901,0.545455,FORWARD
2337,74.784,69.26752,63.940949,0.3,0.299649,0.3,0.264555,0.299649,0.3,0.3,68.548134,67.034553,70.19784,98.67136,0.000772,0.545455,FORWARD
2338,74.816,65.662231,69.210124,0.3,0.299356,0.3,0.275189,0.299356,0.3,0.3,63.111653,69.602701,70.23552,98.70904,0.000772,0.427083,FORWARD
2339,74.848,68.258582,60.218093,0.3,0.29913,0.3,0.282632,0.29913,0.3,0.3,66.832237,66.497707,70.2732,98.74672,0.000772,0.385403,FORWARD
2340,74.88,66.644389,67.385467,0.3,0.298964,0.3,0.287842,0.298964,0.3,0.3,70.733273,68.711018,70.31088,98.7844,0.000772,0.369246,FORWARD
2341,74.912,66.4075,68.646181,0.3,0.298847,0.3,0.29149,0.298847,0.3,0.3,68.391584,64.802347,70.34856,98.82208,0.000772,0.362751,FORWARD
2342,74.944,69.092703,67.285698,0.3,0.298768,0.067345,0.294043,0.298768,0.067345,0.3,76.987849,69.622576,70.38624,98.85976,0.000772,0.360103,FORWARD
2343,74.976,65.05265,68.700248,0.3,0.298715,0.3,0.29583,0.298715,0.3,0.3,66.471253,61.609025,70.4616,98.85976,0.000772,0.359017,FORWARD
2344,75.008,62.738492,64.434427,0.3,0.298639,0.3,0.297081,0.298639,0.3,0.3,69.773116,64.911517,70.49928,98.90372,0.000837,0.35857,FORWARD
2345,75.04,65.538908,69.608473,0.3,0.298631,0.3,0.297957,0.298631,0.3,0.3,62.95776,66.736688,70.53696,98.9414,0.000772,0.358386,FORWARD
2346,75.072,64.295026,73.317046,0.06834,0.06834,0.068597,0.229072,0.06834,0.3,0.068597,64.047534,72.368502,70.58092,98.97908,0.000837,0.358311,FORWARD
2347,75.104,62.392663,67.175367,0.3,0.3,0.3,0.25035,0.3,0.3,0.3,68.024419,68.915381,70.58092,99.05444,0.000772,0.545455,FORWARD
2348,75.136,68.978418,73.323701,0.068338,0.068338,0.3,0.195746,0.068338,0.3,0.3,66.247849,65.371671,70.6186,99.09212,0.000772,0.545455,FORWARD
2349,75.168,69.563882,68.198915,0.3,0.3,0.3,0.227022,0.3,0.3,0.3,66.650215,59.965227,70.65628,99.1298,0.000772,0.545455,FORWARD
2350,75.2,73.797184,64.10471,0.068209,0.068209,0.068379,0.179379,0.068209,0.3,0.068379,68.44509,73.170328,70.69396,99.16748,0.000772,0.545455,FORWARD
2351,75.232,66.207287,64.531958,0.3,0.3,0.3,0.215565,0.3,0.3,0.3,66.845104,67.116076,70.69396,99.24284,0.000772,0.545455,FORWARD
2352,75.264,66.141828,68.646492,0.3,0.299649,0.3,0.240895,0.299649,0.3,0.3,71.043579,66.504909,70.73164,99.28052,0.000772,0.545455,FORWARD
2353,75.296,63.974998,65.475908,0.3,0.299319,0.3,0.258627,0.299319,0.3,0.3,71.196534,65.979947,70.7756,99.3182,0.000837,0.427083,FORWARD
2354,75.328,66.52116,66.032481,0.3,0.299107,0.3,0.271039,0.299107,0.3,0.3,70.055345,64.352447,70.81328,99.35588,0.000772,0.385403,FORWARD
2355,75.36,60.477216,71.122182,0.3,0.298909,0.068304,0.279727,0.298909,0.068304,0.3,73.44982,67.910576,70.85096,99.39984,0.000837,0.369246,FORWARD
2356,75.392,67.524438,68.529754,0.3,0.298812,0.3,0.285809,0.298812,0.3,0.3,64.044911,68.028356,70.92632,99.39984,0.000772,0.362751,FORWARD
2357,75.424,67.564545,70.427169,0.3,0.298746,0.3,0.290066,0.298746,0.3,0.3,68.231371,67.509813,70.964,99.43752,0.000772,0.360103,FORWARD
2358,75.456,69.927582,71.595573,0.3,0.298701,0.3,0.293046,0.298701,0.3,0.3,68.453757,67.5435,71.00168,99.4752,0.000772,0.359017,FORWARD
2359,75.488,68.26201,63.860019,0.3,0.298671,0.3,0.295132,0.298671,0.3,0.3,68.013142,70.752768,71.03936,99.51288,0.000772,0.35857,FORWARD
2360,75.52,67.294432,64.885748,0.3,0.298652,0.3,0.296593,0.298652,0.3,0.3,64.373181,64.410111,71.07704,99.55056,0.000772,0.358386,FORWARD
2361,75.552,63.365623,60.902774,0.3,0.298639,0.3,0.297615,0.298639,0.3,0.3,65.680719,68.739115,71.11472,99.58824,0.000772,0.358311,FORWARD
2362,75.584,67.197495,70.113006,0.3,0.29859,0.3,0.29833,0.29859,0.3,0.3,69.342077,63.972781,71.15868,99.62592,0.000837,0.358279,FORWARD
2363,75.616,75.501403,65.500329,0.067748,0.067748,0.3,0.229156,0.067748,0.3,0.3,66.054752,67.839649,71.19636,99.66988,0.000837,0.358267,FORWARD
2364,75.648,78.427862,67.086463,0.066955,0.066955,0.06829,0.180495,0.066964,0.3,0.06829,62.75785,73.49866,71.23404,99.70756,0.000772,0.545455,FORWARD
2365,75.68,80.260165,65.477969,0.066458,0.066305,0.3,0.146284,0.066305,0.3,0.3,66.746051,62.608705,71.23404,99.78292,0.000772,0.427083,FORWARD
2366,75.712,89.013356,77.164956,0.064086,0.064086,0.3,0.121625,0.064975,0.3,0.3,65.195885,71.258436,71.27172,99.8206,0.000772,0.385403,FORWARD
2367,75.744,88.583002,71.947678,0.064202,0.064202,0.3,0.104398,0.064203,0.3,0.3,66.989065,68.381497,71.3094,99.85828,0.000772,0.369246,FORWARD
2368,75.776,97.915237,71.169994,0.061673,0.061673,0.3,0.091581,0.062793,0.3,0.3,70.481757,62.316979,71.34708,99.89596,0.000772,0.362751,FORWARD
2369,75.808,97.984383,59.527913,0.061655,0.061655,0.067822,0.082603,0.061889,0.067822,0.3,75.227664,65.445093,71.38476,99.93364,0.000772,0.360103,FORWARD
2370,75.84,83.46956,76.214519,0.065588,0.062722,0.06618,0.077498,0.062722,0.06618,0.3,81.285799,68.221945,71.46012,99.93364,0.000772,0.359017,FORWARD
2371,75.872,83.324601,64.584548,0.065627,0.063268,0.060894,0.073937,0.063268,0.060894,0.3,100.789847,63.290819,71.53548,99.93364,0.000772,0.35857,FORWARD
2372,75.904,77.501364,63.917059,0.067206,0.064101,0.061618,0.071918,0.064101,0.061618,0.3,98.121075,62.162265,71.61712,99.93992,0.000901,0.358386,FORWARD
2373,75.936,70.584678,64.887954,0.3,0.3,0.054694,0.140342,0.3,0.054694,0.3,112.532121,71.255697,71.69248,99.93992,0.000772,0.358311,FORWARD
2374,75.968,64.932168,71.676638,0.3,0.299678,0.056856,0.18824,0.299678,0.056856,0.3,109.091506,64.279245,71.76784,99.93364,0.000708,0.545455,FORWARD
2375,76.0,66.222871,69.18299,0.3,0.299336,0.055961,0.221768,0.299336,0.055961,0.3,110.516585,69.882237,71.84948,99.93364,0.000837,0.427083,FORWARD
2376,76.032,66.116741,70.721167,0.3,0.299117,0.048866,0.245237,0.299117,0.048866,0.3,124.311134,68.51593,71.92484,99.93364,0.000772,0.385403,FORWARD
2377,76.064,67.247972,68.648269,0.3,0.298915,0.051751,0.261666,0.298915,0.051751,0.3,117.214541,69.284499,72.00648,99.93364,0.000837,0.369246,FORWARD
2378,76.096,69.80207,69.345585,0.3,0.298858,0.049143,0.273166,0.298858,0.049143,0.3,123.259477,69.408131,72.08184,99.92736,0.000708,0.362751,FORWARD
2379,76.128,70.514429,62.314034,0.3,0.298734,0.047215,0.281216,0.298734,0.047215,0.3,130.590028,69.680393,72.16348,99.92736,0.000837,0.360103,FORWARD
2380,76.16,65.678839,62.606508,0.3,0.298693,0.049113,0.286852,0.298693,0.049113,0.3,123.373977,65.254141,72.2514,99.9148,0.000772,0.359017,FORWARD
2381,76.192,66.950539,66.152887,0.3,0.298625,0.042305,0.290796,0.298625,0.042305,0.3,149.262251,63.11669,72.33304,99.9148,0.000837,0.35857,FORWARD
2382,76.224,61.779658,66.1224,0.3,0.298622,0.042646,0.293557,0.298622,0.042646,0.3,147.968977,66.715311,72.42724,99.89596,0.000772,0.358386,FORWARD
2383,76.256,73.919735,67.619054,0.068176,0.068176,0.041195,0.225943,0.068176,0.041195,0.3,153.484293,71.303396,72.52144,99.87712,0.000772,0.358311,FORWARD
2384,76.288,66.867291,63.534411,0.3,0.3,0.040581,0.24816,0.3,0.040581,0.3,155.819946,60.757736,72.61564,99.85828,0.000772,0.545455,FORWARD
2385,76.32,69.532245,66.165795,0.3,0.299649,0.038988,0.263712,0.299649,0.038988,0.3,165.812099,68.279636,72.71612,99.83316,0.000772,0.545455,FORWARD
2386,76.352,69.827,68.825888,0.3,0.299356,0.037667,0.274598,0.299356,0.037667,0.3,175.967107,70.626402,72.81032,99.81432,0.000772,0.427083,FORWARD
2387,76.384,67.385606,62.062292,0.3,0.29913,0.038018,0.282219,0.29913,0.038018,0.3,173.271272,69.539658,72.90452,99.79548,0.000772,0.385403,FORWARD
2388,76.416,66.832414,66.352151,0.3,0.298964,0.037279,0.287553,0.298964,0.037279,0.3,178.955786,66.178122,72.99872,99.77664,0.000772,0.369246,FORWARD
2389,76.448,71.050785,63.769132,0.3,0.298806,0.037738,0.291287,0.298806,0.037738,0.3,175.421306,69.246112,73.0992,99.7578,0.000837,0.362751,FORWARD
2390,76.48,68.687355,70.880748,0.3,0.298742,0.037002,0.293901,0.298742,0.037002,0.3,181.083115,64.443525,73.1934,99.73896,0.000772,0.360103,FORWARD
2391,76.512,65.197046,69.762215,0.3,0.298698,0.03752,0.295731,0.298698,0.03752,0.3,177.103792,69.401037,73.2876,99.72012,0.000772,0.359017,FORWARD
2392,76.544,71.48066,67.465906,0.3,0.298628,0.038514,0.297012,0.298628,0.038514,0.3,169.457395,70.410023,73.38808,99.70128,0.000837,0.35857,FORWARD
2393,76.576,66.803711,62.921785,0.3,0.298624,0.039423,0.297908,0.298624,0.039423,0.3,162.463577,64.344694,73.48228,99.68244,0.000772,0.358386,FORWARD
2394,76.608,68.52872,71.115653,0.3,0.298622,0.03917,0.298536,0.298622,0.03917,0.3,164.41228,68.288195,73.57648,99.6636,0.000772,0.358311,FORWARD
2395,76.64,66.837801,70.543177,0.3,0.29862,0.039965,0.298975,0.29862,0.039965,0.3,158.301873,70.460627,73.67068,99.64476,0.000772,0.358279,FORWARD
2396,76.672,66.220073,68.679553,0.3,0.298577,0.039855,0.299282,0.298577,0.039855,0.3,159.144696,71.553656,73.77116,99.62592,0.000837,0.358267,FORWARD
2397,76.704,66.787504,68.369916,0.3,0.298591,0.043265,0.299498,0.298591,0.043265,0.3,145.611472,63.944907,73.86536,99.60708,0.000772,0.358261,FORWARD
2398,76.736,65.911587,68.29169,0.3,0.2986,0.043409,0.299648,0.2986,0.043409,0.3,145.066927,65.361218,73.95956,99.58824,0.000772,0.358259,FORWARD
2399,76.768,67.903345,70.393555,0.3,0.298606,0.045239,0.299754,0.298606,0.045239,0.3,138.105149,68.298428,74.05376,99.5694,0.000772,0.358258,FORWARD
2400,76.8,75.161989,65.754753,0.06784,0.06784,0.051242,0.23018,0.06784,0.051242,0.068418,118.024568,73.026079,74.14796,99.55056,0.000772,0.358258,FORWARD
2401,76.832,67.586845,66.140127,0.3,0.3,0.050669,0.251126,0.3,0.050669,0.3,118.935799,68.501202,74.18564,99.58824,0.000772,0.545455,FORWARD
2402,76.864,65.682281,63.511683,0.3,0.29962,0.05652,0.265788,0.29962,0.05652,0.3,109.626652,68.139988,74.26728,99.58824,0.000837,0.545455,FORWARD
2403,76.896,66.094447,72.866333,0.068462,0.068462,0.051178,0.20659,0.068462,0.051178,0.3,118.126409,70.73535,74.34264,99.58824,0.000772,0.427083,FORWARD
2404,76.928,70.591453,65.088382,0.3,0.3,0.052335,0.234613,0.3,0.052335,0.3,116.285039,69.283798,74.42428,99.58824,0.000837,0.545455,FORWARD
2405,76.96,61.45923,64.918719,0.3,0.299678,0.057496,0.254229,0.299678,0.057496,0.3,108.074261,66.187638,74.49964,99.58196,0.000708,0.545455,FORWARD
2406,76.992,68.519056,65.542389,0.3,0.299373,0.060679,0.26796,0.299373,0.060679,0.3,101.583862,65.989204,74.575,99.58196,0.000772,0.427083,FORWARD
2407,77.024,70.565939,66.451835,0.3,0.2991,0.061297,0.277572,0.2991,0.061297,0.3,99.305095,67.03719,74.65664,99.58196,0.000837,0.385403,FORWARD
2408,77.056,63.776043,67.116693,0.3,0.298945,0.063973,0.284301,0.298945,0.063973,0.3,89.430756,62.275329,74.732,99.58196,0.000772,0.369246,FORWARD
2409,77.088,66.525522,68.699711,0.3,0.298836,0.067693,0.28901,0.298836,0.067693,0.3,75.702803,67.070683,74.80736,99.58196,0.000772,0.362751,FORWARD
2410,77.12,68.691445,69.801958,0.3,0.298719,0.3,0.292307,0.298719,0.3,0.3,66.065969,66.369788,74.88272,99.58824,0.000837,0.360103,FORWARD
2411,77.152,64.527684,69.567118,0.3,0.298684,0.3,0.294615,0.298684,0.3,0.3,71.193125,70.774843,74.9204,99.62592,0.000772,0.359017,FORWARD
2412,77.184,69.5396,67.1071,0.3,0.29866,0.3,0.296231,0.29866,0.3,0.3,67.564612,68.924178,74.95808,99.6636,0.000772,0.35857,FORWARD
2413,77.216,67.729384,66.510646,0.3,0.298645,0.068443,0.297361,0.298645,0.3,0.068443,71.000584,72.93707,74.99576,99.70128,0.000772,0.358386,FORWARD
2414,77.248,65.617379,67.118127,0.3,0.298635,0.3,0.298153,0.298635,0.3,0.3,66.995613,64.595333,74.99576,99.77664,0.000772,0.358311,FORWARD
2415,77.28,67.495154,68.061006,0.3,0.298587,0.3,0.298707,0.298587,0.3,0.3,66.169137,65.675657,75.03972,99.81432,0.000837,0.358279,FORWARD
2416,77.312,66.82612,68.52596,0.3,0.298597,0.3,0.299095,0.298597,0.3,0.3,62.402909,71.560339,75.0774,99.852,0.000772,0.358267,FORWARD
2417,77.344,70.04192,65.071441,0.3,0.298604,0.067904,0.299366,0.298604,0.3,0.067904,70.361398,74.925449,75.11508,99.88968,0.000772,0.358261,FORWARD
2418,77.376,63.710121,64.258803,0.3,0.298609,0.3,0.299557,0.298609,0.3,0.3,67.293644,66.94289,75.11508,99.96504,0.000772,0.358259,FORWARD
2419,77.408,74.899525,66.626605,0.067911,0.067911,0.3,0.230063,0.067911,0.3,0.3,64.545149,67.018094,75.15276,100.009,0.000837,0.358258,FORWARD
2420,77.44,62.398532,71.018874,0.3,0.3,0.067205,0.251044,0.3,0.067205,0.3,77.504812,65.582035,75.19044,100.04668,0.000772,0.545455,FORWARD
2421,77.472,70.026011,66.794051,0.3,0.299649,0.3,0.265731,0.299649,0.3,0.3,64.740471,67.12545,75.2658,100.04668,0.000772,0.545455,FORWARD
2422,77.504,63.513685,64.461811,0.3,0.299356,0.3,0.276012,0.299356,0.3,0.3,66.66785,63.338804,75.30348,100.08436,0.000772,0.427083,FORWARD
2423,77.536,66.312777,67.022875,0.3,0.29913,0.3,0.283208,0.29913,0.3,0.3,67.380461,66.891881,75.34116,100.12204,0.000772,0.385403,FORWARD
2424,77.568,68.612539,67.08846,0.3,0.298923,0.3,0.288246,0.298923,0.3,0.3,64.621103,61.65843,75.38512,100.15972,0.000837,0.369246,FORWARD
2425,77.6,69.694717,67.730281,0.3,0.298822,0.3,0.291772,0.298822,0.3,0.3,64.304942,68.599359,75.4228,100.1974,0.000772,0.362751,FORWARD
2426,77.632,66.516106,61.993538,0.3,0.298752,0.3,0.29424,0.298752,0.3,0.3,62.358496,70.492678,75.46048,100.23508,0.000772,0.360103,FORWARD
2427,77.664,68.685029,61.31811,0.3,0.298705,0.3,0.295968,0.298705,0.3,0.3,71.080738,63.4211,75.49816,100.27276,0.000772,0.359017,FORWARD
2428,77.696,72.362305,69.220397,0.068598,0.068598,0.3,0.227757,0.068598,0.3,0.3,61.872715,68.725856,75.53584,100.31672,0.000837,0.35857,FORWARD
2429,77.728,68.826291,68.077835,0.3,0.3,0.3,0.24943,0.3,0.3,0.3,68.817328,69.231782,75.57352,100.3544,0.000772,0.545455,FORWARD
2430,77.76,68.368125,69.061777,0.3,0.299649,0.3,0.264601,0.299649,0.3,0.3,69.464813,62.010375,75.6112,100.39208,0.000772,0.545455,FORWARD
2431,77.792,65.755994,62.157272,0.3,0.299356,0.3,0.275221,0.299356,0.3,0.3,66.306102,65.203335,75.64888,100.42976,0.000772,0.427083,FORWARD
2432,77.824,70.050907,68.78902,0.3,0.29913,0.3,0.282655,0.29913,0.3,0.3,67.324366,60.488927,75.68656,100.46744,0.000772,0.385403,FORWARD
2433,77.856,64.735073,74.909568,0.067908,0.067908,0.3,0.218231,0.067908,0.3,0.3,63.601387,66.293187,75.73052,100.50512,0.000837,0.369246,FORWARD
2434,77.888,62.645372,69.496837,0.3,0.3,0.3,0.242761,0.3,0.3,0.3,65.727815,67.256961,75.7682,100.5428,0.000772,0.545455,FORWARD
2435,77.92,67.060493,68.396128,0.3,0.299649,0.3,0.259933,0.299649,0.3,0.3,70.896021,68.716996,75.80588,100.58048,0.000772,0.545455,FORWARD
2436,77.952,71.807448,61.220968,0.3,0.299319,0.3,0.271953,0.299319,0.3,0.3,68.82195,66.161395,75.84356,100.62444,0.000837,0.427083,FORWARD
2437,77.984,66.696764,65.840039,0.3,0.299107,0.3,0.280367,0.299107,0.3,0.3,68.428531,66.957508,75.88124,100.66212,0.000772,0.385403,FORWARD
2438,78.016,58.115018,69.581324,0.3,0.29895,0.3,0.286257,0.29895,0.3,0.3,63.9642,70.489673,75.91892,100.6998,0.000772,0.369246,FORWARD
2439,78.048,65.495162,61.203508,0.3,0.298838,0.3,0.29038,0.298838,0.3,0.3,68.463742,70.029755,75.9566,100.73748,0.000772,0.362751,FORWARD
2440,78.08,61.8899,67.374674,0.3,0.298762,0.3,0.293266,0.298762,0.3,0.3,65.067856,69.535636,75.99428,100.77516,0.000772,0.360103,FORWARD
2441,78.112,61.119411,72.715195,0.068503,0.068503,0.3,0.225837,0.068503,0.3,0.3,71.284472,67.667627,76.03824,100.81284,0.000837,0.359017,FORWARD
2442,78.144,72.849895,67.262049,0.068466,0.068132,0.3,0.178626,0.068132,0.3,0.3,71.314896,66.854051,76.07592,100.85052,0.000772,0.545455,FORWARD
2443,78.176,66.815413,67.520338,0.3,0.3,0.3,0.215038,0.3,0.3,0.3,66.605126,67.447465,76.1136,100.8882,0.000772,0.427083,FORWARD
2444,78.208,70.364631,67.47553,0.3,0.299649,0.3,0.240527,0.299649,0.3,0.3,67.927329,60.192944,76.15128,100.92588,0.000772,0.545455,FORWARD
2445,78.24,62.948122,68.128369,0.3,0.299319,0.3,0.258369,0.299319,0.3,0.3,65.496891,62.777446,76.18896,100.96984,0.000837,0.427083,FORWARD
2446,78.272,62.395553,68.865552,0.3,0.299107,0.3,0.270858,0.299107,0.3,0.3,63.880558,67.296343,76.22664,101.00752,0.000772,0.385403,FORWARD
2447,78.304,66.195063,66.605046,0.3,0.29895,0.068592,0.279601,0.29895,0.3,0.068592,67.147279,72.385214,76.26432,101.0452,0.000772,0.369246,FORWARD
2448,78.336,73.145883,64.937008,0.068386,0.068386,0.068364,0.216236,0.068386,0.3,0.068364,69.046776,73.227501,76.26432,101.12056,0.000772,0.362751,FORWARD
2449,78.368,65.482739,61.083659,0.3,0.3,0.3,0.241365,0.3,0.3,0.3,63.667581,63.044127,76.2706,101.19592,0.000837,0.545455,FORWARD
2450,78.4,67.017519,65.633166,0.3,0.299649,0.3,0.258956,0.299649,0.3,0.3,67.678491,70.976765,76.30828,101.2336,0.000772,0.545455,FORWARD
2451,78.432,75.907022,68.184417,0.067638,0.067638,0.3,0.20156,0.067638,0.3,0.3,62.978587,70.588416,76.34596,101.27128,0.000772,0.427083,FORWARD
2452,78.464,68.237014,70.922787,0.3,0.3,0.068035,0.231092,0.3,0.3,0.068035,69.605251,74.440472,76.38364,101.30896,0.000772,0.545455,FORWARD
2453,78.496,70.074406,66.841536,0.3,0.299649,0.3,0.251765,0.299649,0.3,0.3,67.626301,66.235373,76.38364,101.38432,0.000772,0.545455,FORWARD
2454,78.528,68.770719,66.478197,0.3,0.299356,0.3,0.266235,0.299356,0.3,0.3,68.280099,64.973094,76.42132,101.422,0.000772,0.427083,FORWARD
2455,78.56,66.474093,64.072897,0.3,0.29913,0.3,0.276365,0.29913,0.3,0.3,68.628966,61.31966,76.459,101.45968,0.000772,0.385403,FORWARD
2456,78.592,66.267568,69.861688,0.3,0.298923,0.3,0.283455,0.298923,0.3,0.3,70.296636,64.458888,76.50296,101.49736,0.000837,0.369246,FORWARD
2457,78.624,65.549829,68.381637,0.3,0.298781,0.3,0.288419,0.298781,0.3,0.3,67.477659,68.208863,76.54064,101.54132,0.000837,0.362751,FORWARD
2458,78.656,66.102552,68.247826,0.3,0.298725,0.3,0.291893,0.298725,0.3,0.3,65.728833,64.635431,76.57832,101.579,0.000772,0.360103,FORWARD
2459,78.688,64.2747,69.460429,0.3,0.298688,0.3,0.294325,0.298688,0.3,0.3,62.839042,71.992386,76.616,101.61668,0.000772,0.359017,FORWARD
2460,78.72,67.252042,62.951399,0.3,0.298663,0.3,0.296028,0.298663,0.3,0.3,69.897462,65.524644,76.65368,101.65436,0.000772,0.35857,FORWARD
2461,78.752,64.484729,74.708023,0.067963,0.067963,0.068537,0.227608,0.067963,0.3,0.068537,69.11383,72.588206,76.69136,101.69204,0.000772,0.358386,FORWARD
2462,78.784,65.607032,71.056158,0.3,0.3,0.3,0.249326,0.3,0.3,0.3,69.894521,65.30065,76.69136,101.7674,0.000772,0.545455,FORWARD
2463,78.816,66.716922,72.00434,0.3,0.299649,0.3,0.264528,0.299649,0.3,0.3,67.168382,62.834461,76.72904,101.80508,0.000772,0.545455,FORWARD
2464,78.848,64.090213,69.912199,0.3,0.299319,0.3,0.27517,0.299319,0.3,0.3,67.176894,70.965304,76.773,101.84276,0.000837,0.427083,FORWARD
2465,78.88,69.163302,64.020459,0.3,0.299107,0.3,0.282619,0.299107,0.3,0.3,68.692278,68.255904,76.81068,101.88044,0.000772,0.385403,FORWARD
2466,78.912,66.692064,66.705645,0.3,0.298909,0.3,0.287833,0.298909,0.3,0.3,64.069852,71.051578,76.84836,101.9244,0.000837,0.369246,FORWARD
2467,78.944,65.422583,60.929336,0.3,0.298812,0.3,0.291483,0.298812,0.3,0.3,68.395032,64.579285,76.88604,101.96208,0.000772,0.362751,FORWARD
2468,78.976,67.237895,65.011621,0.3,0.298746,0.3,0.294038,0.298746,0.3,0.3,68.024604,63.10903,76.92372,101.99976,0.000772,0.360103,FORWARD
2469,79.008,65.716678,68.66581,0.3,0.298701,0.3,0.295827,0.298701,0.3,0.3,71.164883,65.48829,76.9614,102.03744,0.000772,0.359017,FORWARD
2470,79.04,73.159386,67.212716,0.068382,0.068382,0.3,0.227593,0.068382,0.3,0.3,71.803379,60.359638,76.99908,102.07512,0.000772,0.35857,FORWARD
2471,79.072,61.171857,67.294415,0.3,0.3,0.3,0.249315,0.3,0.3,0.3,69.763678,68.942433,77.03676,102.1128,0.000772,0.545455,FORWARD
2472,79.104,62.527415,65.138595,0.3,0.299649,0.3,0.264521,0.299649,0.3,0.3,67.213535,61.899631,77.07444,102.15048,0.000772,0.545455,FORWARD
2473,79.136,64.416511,66.894405,0.3,0.299319,0.3,0.275165,0.299319,0.3,0.3,60.733894,67.798155,77.1184,102.18816,0.000837,0.427083,FORWARD
2474,79.168,64.602474,69.468373,0.3,0.299107,0.3,0.282615,0.299107,0.3,0.3,65.813454,68.214919,77.15608,102.22584,0.000772,0.385403,FORWARD
2475,79.2,65.219736,68.848229,0.3,0.298909,0.3,0.287831,0.298909,0.3,0.3,70.340989,68.63318,77.19376,102.2698,0.000837,0.369246,FORWARD
2476,79.232,64.765078,68.570298,0.3,0.298812,0.3,0.291481,0.298812,0.3,0.3,70.009005,67.416433,77.23144,102.30748,0.000772,0.362751,FORWARD
2477,79.264,66.510189,66.04356,0.3,0.298746,0.3,0.294037,0.298746,0.3,0.3,62.415309,67.623251,77.26912,102.34516,0.000772,0.360103,FORWARD
2478,79.296,70.581687,64.801053,0.3,0.298701,0.3,0.295826,0.298701,0.3,0.3,63.597057,68.302204,77.3068,102.38284,0.000772,0.359017,FORWARD
2479,79.328,61.906266,63.773356,0.3,0.298671,0.3,0.297078,0.298671,0.3,0.3,65.311061,66.114696,77.34448,102.42052,0.000772,0.35857,FORWARD
2480,79.36,66.805715,68.380196,0.3,0.298652,0.3,0.297955,0.298652,0.3,0.3,69.798879,65.222387,77.38216,102.4582,0.000772,0.358386,FORWARD
2481,79.392,74.753186,68.913114,0.06795,0.06795,0.068303,0.228953,0.06795,0.068303,0.3,73.450128,70.398266,77.41984,102.49588,0.000772,0.358311,FORWARD
2482,79.424,66.458656,59.178096,0.3,0.3,0.3,0.250267,0.3,0.3,0.3,68.127832,64.051969,77.4952,102.49588,0.000772,0.545455,FORWARD
2483,79.456,64.758766,64.110531,0.3,0.29959,0.3,0.265187,0.29959,0.3,0.3,65.18361,60.577377,77.53916,102.53984,0.000901,0.545455,FORWARD
2484,79.488,64.306737,68.914731,0.3,0.299323,0.3,0.275631,0.299323,0.3,0.3,61.002473,66.650786,77.57684,102.57752,0.000772,0.427083,FORWARD
2485,79.52,67.3917,62.812691,0.3,0.299109,0.3,0.282942,0.299109,0.3,0.3,68.790962,66.358867,77.61452,102.6152,0.000772,0.385403,FORWARD
2486,79.552,62.839551,70.661468,0.3,0.298951,0.3,0.288059,0.298951,0.3,0.3,67.259436,68.007108,77.6522,102.65288,0.000772,0.369246,FORWARD
2487,79.584,63.065158,64.334148,0.3,0.298839,0.067489,0.291641,0.298839,0.067489,0.3,76.455839,64.463073,77.68988,102.69056,0.000772,0.362751,FORWARD
2488,79.616,68.359754,68.041652,0.3,0.298763,0.3,0.294149,0.298763,0.3,0.3,69.965939,64.554999,77.76524,102.69056,0.000772,0.360103,FORWARD
2489,79.648,67.543889,63.609307,0.3,0.298712,0.3,0.295904,0.298712,0.3,0.3,68.746242,69.763784,77.80292,102.72824,0.000772,0.359017,FORWARD
2490,79.68,69.799718,65.101389,0.3,0.298678,0.3,0.297133,0.298678,0.3,0.3,71.598463,69.934242,77.8406,102.76592,0.000772,0.35857,FORWARD
2491,79.712,64.982696,64.779588,0.3,0.298615,0.3,0.297993,0.298615,0.3,0.3,65.311358,70.539016,77.87828,102.80988,0.000837,0.358386,FORWARD
2492,79.744,73.243985,69.104555,0.068359,0.068359,0.3,0.229103,0.068359,0.3,0.3,72.124678,60.667002,77.92224,102.84756,0.000837,0.358311,FORWARD
2493,79.776,63.629921,59.962339,0.3,0.3,0.3,0.250372,0.3,0.3,0.3,64.162155,62.962615,77.95992,102.88524,0.000772,0.545455,FORWARD
2494,79.808,64.135105,69.2913,0.3,0.299649,0.3,0.26526,0.299649,0.3,0.3,69.186479,58.961332,77.9976,102.92292,0.000772,0.545455,FORWARD
2495,79.84,64.895034,67.500431,0.3,0.299356,0.3,0.275682,0.299356,0.3,0.3,65.385796,63.906435,78.03528,102.9606,0.000772,0.427083,FORWARD
2496,79.872,67.419297,70.786809,0.3,0.29913,0.3,0.282978,0.29913,0.3,0.3,71.73777,71.605896,78.07296,102.99828,0.000772,0.385403,FORWARD
2497,79.904,72.737041,66.369333,0.068497,0.068497,0.3,0.218633,0.068497,0.3,0.3,66.652126,69.446289,78.11064,103.03596,0.000772,0.369246,FORWARD
2498,79.936,64.224455,66.32524,0.3,0.3,0.3,0.243043,0.3,0.3,0.3,67.149771,62.845675,78.14832,103.07364,0.000772,0.545455,FORWARD
2499,79.968,64.659414,66.211574,0.3,0.299649,0.3,0.26013,0.299649,0.3,0.3,66.29434,64.496241,78.186,103.11132,0.000772,0.545455,FORWARD
2500,80.0,69.825467,66.536658,0.3,0.299319,0.067416,0.272091,0.299319,0.3,0.067416,68.539552,76.726634,78.22368,103.15528,0.000837,0.427083,FORWARD
2501,80.032,71.767103,66.111687,0.3,0.299067,0.3,0.280464,0.299067,0.3,0.3,64.496409,70.097783,78.22996,103.23064,0.000837,0.385403,FORWARD
2502,80.064,64.401712,68.561774,0.3,0.298925,0.3,0.286325,0.298925,0.3,0.3,67.848623,67.530347,78.26764,103.26832,0.000772,0.369246,FORWARD
2503,80.096,68.97905,70.712219,0.3,0.298822,0.3,0.290427,0.298822,0.3,0.3,70.456304,69.561765,78.30532,103.306,0.000772,0.362751,FORWARD
2504,80.128,67.764815,70.403709,0.3,0.298752,0.3,0.293299,0.298752,0.3,0.3,64.433464,66.717991,78.343,103.34368,0.000772,0.360103,FORWARD
2505,80.16,73.781687,63.349542,0.068214,0.068214,0.068315,0.225773,0.068214,0.3,0.068315,66.239294,73.407266,78.38068,103.38136,0.000772,0.359017,FORWARD
2506,80.192,68.533021,68.214351,0.3,0.3,0.3,0.248041,0.3,0.3,0.3,70.772163,62.883084,78.38068,103.45672,0.000772,0.545455,FORWARD
2507,80.224,64.703549,67.996123,0.3,0.299649,0.3,0.263629,0.299649,0.3,0.3,62.296594,63.768701,78.41836,103.4944,0.000772,0.545455,FORWARD
2508,80.256,66.363449,64.931875,0.3,0.299319,0.3,0.27454,0.299319,0.3,0.3,64.135493,69.684965,78.46232,103.53208,0.000837,0.427083,FORWARD
2509,80.288,70.576436,73.254834,0.068356,0.068356,0.3,0.212685,0.068356,0.3,0.3,65.75737,67.472943,78.5,103.56976,0.000772,0.385403,FORWARD
2510,80.32,65.383766,62.673068,0.3,0.3,0.3,0.23888,0.3,0.3,0.3,65.023374,65.365586,78.53768,103.61372,0.000837,0.545455,FORWARD
2511,80.352,68.132307,69.33997,0.3,0.299649,0.3,0.257216,0.299649,0.3,0.3,63.587518,64.057774,78.57536,103.6514,0.000772,0.545455,FORWARD
2512,80.384,64.729495,69.797824,0.3,0.299356,0.3,0.270051,0.299356,0.3,0.3,68.711672,66.595033,78.61304,103.68908,0.000772,0.427083,FORWARD
2513,80.416,70.729306,66.27028,0.3,0.29913,0.3,0.279036,0.29913,0.3,0.3,63.731249,59.596677,78.65072,103.72676,0.000772,0.385403,FORWARD
2514,80.448,61.930913,64.036809,0.3,0.298964,0.3,0.285325,0.298964,0.3,0.3,66.438374,70.83629,78.6884,103.76444,0.000772,0.369246,FORWARD
2515,80.48,66.548847,68.712585,0.3,0.298847,0.3,0.289727,0.298847,0.3,0.3,63.898402,64.066397,78.72608,103.80212,0.000772,0.362751,FORWARD
2516,80.512,70.364646,68.60229,0.3,0.298768,0.3,0.292809,0.298768,0.3,0.3,71.473506,61.657051,78.76376,103.8398,0.000772,0.360103,FORWARD
2517,80.544,61.5889,64.160729,0.3,0.298674,0.3,0.294966,0.298674,0.3,0.3,65.735145,70.591108,78.80772,103.87748,0.000837,0.359017,FORWARD
2518,80.576,62.070976,63.447913,0.3,0.298654,0.3,0.296477,0.298654,0.3,0.3,66.692161,68.5286,78.8454,103.91516,0.000772,0.35857,FORWARD
2519,80.608,69.855577,71.762986,0.3,0.2986,0.3,0.297534,0.2986,0.3,0.3,64.996907,69.942918,78.88308,103.95912,0.000837,0.358386,FORWARD
2520,80.64,65.387141,62.715777,0.3,0.298606,0.067909,0.298273,0.298606,0.067909,0.3,74.907606,65.41124,78.92076,103.9968,0.000772,0.358311,FORWARD
2521,80.672,63.41161,68.432451,0.3,0.29861,0.3,0.298791,0.29861,0.3,0.3,65.512728,68.798592,78.99612,103.9968,0.000772,0.358279,FORWARD
2522,80.704,66.486228,70.840365,0.3,0.298612,0.3,0.299154,0.298612,0.3,0.3,69.182332,67.225101,79.0338,104.03448,0.000772,0.358267,FORWARD
2523,80.736,69.630859,64.431464,0.3,0.298614,0.3,0.299408,0.298614,0.3,0.3,70.296682,67.029854,79.07148,104.07216,0.000772,0.358261,FORWARD
2524,80.768,68.360853,66.957709,0.3,0.298615,0.3,0.299585,0.298615,0.3,0.3,67.424285,70.927511,79.10916,104.10984,0.000772,0.358259,FORWARD
2525,80.8,64.608798,66.572012,0.3,0.298615,0.3,0.29971,0.298615,0.3,0.3,65.519387,67.993753,79.14684,104.14752,0.000772,0.358258,FORWARD
2526,80.832,68.179943,75.309426,0.0678,0.0678,0.3,0.230137,0.0678,0.3,0.3,65.2305,67.470672,79.18452,104.1852,0.000772,0.358258,FORWARD
2527,80.864,66.374096,62.623498,0.3,0.3,0.06792,0.251096,0.3,0.3,0.06792,70.635102,74.865904,79.22848,104.22916,0.000901,0.545455,FORWARD
2528,80.896,70.875574,63.634548,0.3,0.299649,0.3,0.265767,0.299649,0.3,0.3,67.539212,62.384681,79.22848,104.30452,0.000772,0.545455,FORWARD
2529,80.928,68.964367,68.022968,0.3,0.299356,0.3,0.276037,0.299356,0.3,0.3,66.577549,70.184703,79.26616,104.3422,0.000772,0.427083,FORWARD
2530,80.96,68.626639,64.393536,0.3,0.29913,0.3,0.283226,0.29913,0.3,0.3,62.811015,64.237838,79.30384,104.37988,0.000772,0.385403,FORWARD
2531,80.992,66.989574,67.772042,0.3,0.298964,0.068445,0.288258,0.298964,0.068445,0.3,72.927383,70.16913,79.34152,104.41756,0.000772,0.369246,FORWARD
2532,81.024,69.563929,65.115086,0.3,0.298847,0.3,0.291781,0.298847,0.3,0.3,60.296545,70.676233,79.41688,104.41756,0.000772,0.362751,FORWARD
2533,81.056,64.884679,68.679175,0.3,0.298768,0.3,0.294246,0.298768,0.3,0.3,64.111183,72.004094,79.45456,104.45524,0.000772,0.360103,FORWARD
2534,81.088,64.704911,68.908875,0.3,0.298715,0.3,0.295973,0.298715,0.3,0.3,66.379667,72.087163,79.49224,104.49292,0.000772,0.359017,FORWARD
2535,81.12,68.229436,66.158137,0.3,0.29868,0.0682,0.297181,0.29868,0.3,0.0682,70.840071,73.832489,79.52992,104.5306,0.000772,0.35857,FORWARD
2536,81.152,65.942397,61.476695,0.3,0.298616,0.068333,0.298027,0.298616,0.3,0.068333,66.553831,73.33955,79.5362,104.60596,0.000837,0.358386,FORWARD
2537,81.184,65.942969,66.637588,0.3,0.298617,0.3,0.298619,0.298617,0.3,0.3,70.486561,66.758372,79.5362,104.68132,0.000772,0.358311,FORWARD
2538,81.216,64.806369,70.763836,0.3,0.298575,0.3,0.299033,0.298575,0.3,0.3,63.518594,63.878832,79.57388,104.72528,0.000837,0.358279,FORWARD
2539,81.248,63.593882,59.14683,0.3,0.29859,0.068312,0.299323,0.29859,0.3,0.068312,59.897388,73.419764,79.61156,104.76296,0.000772,0.358267,FORWARD
2540,81.28,66.934782,65.264288,0.3,0.298599,0.3,0.299526,0.298599,0.3,0.3,66.881565,64.291271,79.61156,104.83832,0.000772,0.358261,FORWARD
2541,81.312,65.971466,68.216258,0.3,0.298605,0.067955,0.299668,0.298605,0.3,0.067955,61.823756,74.737632,79.64924,104.876,0.000772,0.358259,FORWARD
2542,81.344,67.677733,69.277297,0.3,0.298568,0.3,0.299768,0.298568,0.3,0.3,71.179843,61.694945,79.65552,104.95136,0.000837,0.358258,FORWARD
2543,81.376,64.259923,62.684043,0.3,0.298585,0.3,0.299837,0.298585,0.3,0.3,67.633509,61.557479,79.6932,104.98904,0.000772,0.358258,FORWARD
2544,81.408,70.957783,69.544986,0.3,0.298596,0.3,0.299886,0.298596,0.3,0.3,67.106398,71.836932,79.73088,105.02672,0.000772,0.358258,FORWARD
2545,81.44,61.035437,64.51486,0.3,0.298604,0.3,0.29992,0.298604,0.3,0.3,70.148131,65.901402,79.76856,105.0644,0.000772,0.358258,FORWARD
2546,81.472,65.670298,68.379503,0.3,0.298608,0.3,0.299944,0.298608,0.3,0.3,68.3279,68.071137,79.80624,105.10208,0.000772,0.358258,FORWARD
2547,81.504,66.846242,69.231846,0.3,0.298611,0.3,0.299961,0.298611,0.3,0.3,67.924285,63.931793,79.84392,105.13976,0.000772,0.358258,FORWARD
2548,81.536,70.60258,71.507423,0.3,0.298572,0.3,0.299973,0.298572,0.3,0.3,65.954301,58.522032,79.8816,105.18372,0.000837,0.358258,FORWARD
2549,81.568,73.788622,68.566578,0.068212,0.068212,0.3,0.230444,0.068212,0.3,0.3,72.167722,66.271134,79.91928,105.2214,0.000772,0.358258,FORWARD
2550,81.6,66.845332,67.105789,0.3,0.3,0.3,0.251311,0.3,0.3,0.3,69.530282,66.202803,79.96324,105.25908,0.000837,0.545455,FORWARD
2551,81.632,66.02334,65.137753,0.3,0.299649,0.3,0.265918,0.299649,0.3,0.3,67.772161,61.660779,80.00092,105.29676,0.000772,0.545455,FORWARD
2552,81.664,65.532148,68.840827,0.3,0.299356,0.3,0.276142,0.299356,0.3,0.3,69.59782,65.417387,80.0386,105.33444,0.000772,0.427083,FORWARD
2553,81.696,71.05934,62.157818,0.3,0.29913,0.3,0.2833,0.29913,0.3,0.3,64.524652,64.73227,80.07628,105.37212,0.000772,0.385403,FORWARD
2554,81.728,67.61178,62.988637,0.3,0.298964,0.3,0.28831,0.298964,0.3,0.3,64.226868,71.480473,80.11396,105.4098,0.000772,0.369246,FORWARD
2555,81.76,72.517528,67.212821,0.068556,0.068556,0.3,0.222384,0.068556,0.3,0.3,71.011742,67.650948,80.15164,105.44748,0.000772,0.362751,FORWARD
2556,81.792,75.258885,71.542956,0.067813,0.0678,0.3,0.176013,0.0678,0.3,0.3,63.634412,64.889231,80.18932,105.48516,0.000772,0.545455,FORWARD
2557,81.824,66.812447,68.561923,0.3,0.3,0.3,0.213209,0.3,0.3,0.3,66.481045,69.913066,80.227,105.52912,0.000837,0.427083,FORWARD
2558,81.856,59.324132,74.778084,0.067944,0.067944,0.3,0.169629,0.067944,0.3,0.3,68.376677,66.949043,80.26468,105.5668,0.000772,0.545455,FORWARD
2559,81.888,65.272392,66.298389,0.3,0.3,0.3,0.20874,0.3,0.3,0.3,72.238682,69.765597,80.30864,105.60448,0.000837,0.545455,FORWARD
2560,81.92,73.088365,66.313223,0.068402,0.068402,0.067704,0.166639,0.068402,0.3,0.067704,70.656141,75.662804,80.34632,105.64216,0.000772,0.545455,FORWARD
2561,81.952,69.161279,66.583797,0.3,0.3,0.068577,0.206647,0.3,0.3,0.068577,71.219536,72.439182,80.34632,105.71752,0.000772,0.545455,FORWARD
2562,81.984,70.096991,70.988058,0.3,0.299649,0.3,0.234653,0.299649,0.3,0.3,68.882266,70.834671,80.34632,105.79288,0.000772,0.545455,FORWARD
2563,82.016,72.831918,64.443792,0.068471,0.068471,0.068355,0.184798,0.068471,0.3,0.068355,69.195776,73.261829,80.384,105.83056,0.000772,0.427083,FORWARD
2564,82.048,65.077751,71.341293,0.3,0.3,0.3,0.219359,0.3,0.3,0.3,68.347634,61.940843,80.384,105.90592,0.000772,0.545455,FORWARD
2565,82.08,71.406133,71.521872,0.3,0.29962,0.3,0.243551,0.29962,0.3,0.3,70.852373,66.386688,80.42796,105.9436,0.000837,0.545455,FORWARD
2566,82.112,80.223917,69.201492,0.066468,0.066468,0.3,0.190426,0.066468,0.3,0.3,72.026648,67.612173,80.46564,105.98128,0.000772,0.427083,FORWARD
2567,82.144,85.405818,67.792939,0.065063,0.065063,0.3,0.152817,0.065351,0.3,0.3,70.897674,68.642595,80.50332,106.01896,0.000772,0.545455,FORWARD
2568,82.176,86.278267,64.164478,0.064827,0.064648,0.06831,0.12642,0.064648,0.3,0.06831,64.643405,73.426704,80.541,106.06292,0.000837,0.427083,FORWARD
2569,82.208,96.035841,64.857909,0.062183,0.062183,0.3,0.107149,0.063223,0.3,0.3,66.473577,62.527016,80.541,106.13828,0.000772,0.385403,FORWARD
2570,82.24,95.614123,69.958414,0.062297,0.062297,0.3,0.093693,0.062394,0.3,0.3,71.783099,68.045736,80.57868,106.17596,0.000772,0.369246,FORWARD
2571,82.272,99.637663,67.7424,0.061207,0.061207,0.3,0.083947,0.061471,0.3,0.3,66.669784,66.721108,80.61636,106.21364,0.000772,0.362751,FORWARD
2572,82.304,102.433516,65.804154,0.060449,0.060449,0.3,0.076898,0.060609,0.3,0.3,70.152182,66.577821,80.65404,106.25132,0.000772,0.360103,FORWARD
2573,82.336,103.310853,65.403454,0.060211,0.05993,0.068568,0.071892,0.05993,0.068568,0.3,72.472383,66.567246,80.698,106.289,0.000837,0.359017,FORWARD
2574,82.368,110.732731,66.026711,0.055825,0.055825,0.3,0.067072,0.057962,0.3,0.3,65.724989,68.678122,80.77336,106.289,0.000772,0.35857,FORWARD
2575,82.4,113.822263,65.799147,0.053883,0.053883,0.3,0.063115,0.056005,0.3,0.3,68.426051,65.061596,80.81104,106.32668,0.000772,0.358386,FORWARD
2576,82.432,117.179321,67.772853,0.051773,0.051773,0.3,0.059712,0.053993,0.3,0.3,70.787236,71.158643,80.84872,106.36436,0.000772,0.358311,FORWARD
2577,82.464,109.711139,62.759184,0.056467,0.054342,0.3,0.058739,0.054342,0.3,0.3,68.172554,67.924339,80.8864,106.40832,0.000837,0.358279,FORWARD
2578,82.496,115.180288,65.696811,0.053029,0.053029,0.3,0.057026,0.053376,0.3,0.3,65.269162,70.813717,80.92408,106.446,0.000772,0.358267,FORWARD
2579,82.528,117.980369,66.843612,0.051269,0.051269,0.3,0.055299,0.052126,0.3,0.3,64.036811,67.750719,80.96176,106.48368,0.000772,0.358261,FORWARD
2580,82.56,104.508656,69.318179,0.059737,0.054357,0.3,0.05663,0.054357,0.3,0.3,61.09994,64.914161,80.99944,106.52136,0.000772,0.358259,FORWARD
2581,82.592,114.398859,65.189453,0.053521,0.053521,0.3,0.055697,0.053561,0.3,0.3,64.36183,68.539585,81.03712,106.55904,0.000772,0.358258,FORWARD
2582,82.624,119.283306,60.861131,0.05045,0.05045,0.3,0.054123,0.051951,0.3,0.3,69.384999,70.066561,81.0748,106.59672,0.000772,0.358258,FORWARD
2583,82.656,124.388158,70.687649,0.048846,0.048846,0.3,0.05254,0.050302,0.3,0.3,68.597365,66.684634,81.11876,106.6344,0.000837,0.358258,FORWARD
2584,82.688,127.091408,70.117915,0.048135,0.048135,0.3,0.051219,0.04903,0.3,0.3,71.901535,65.087305,81.15644,106.67208,0.000772,0.358258,FORWARD
2585,82.72,119.703956,62.169688,0.050186,0.04899,0.3,0.050909,0.04899,0.3,0.3,68.829855,67.219275,81.18784,106.70976,0.000708,0.358258,FORWARD
2586,82.752,130.746005,64.040177,0.047174,0.047174,0.3,0.049789,0.047844,0.3,0.3,65.805499,62.030477,81.22552,106.74744,0.000772,0.358258,FORWARD
2587,82.784,133.118064,65.275277,0.046551,0.046551,0.3,0.048817,0.046885,0.3,0.3,67.255932,70.792102,81.2632,106.78512,0.000772,0.358258,FORWARD
2588,82.816,134.281074,69.822718,0.046245,0.04616,0.3,0.048045,0.04616,0.3,0.3,67.919304,67.016999,81.30088,106.8228,0.000772,0.358258,FORWARD
2589,82.848,146.37909,63.728205,0.043064,0.043064,0.3,0.046551,0.044596,0.3,0.3,68.389205,63.561652,81.33856,106.8542,0.000708,0.358258,FORWARD
2590,82.88,149.240145,70.87963,0.042311,0.042311,0.3,0.045279,0.043364,0.3,0.3,71.413998,66.28279,81.36996,106.8856,0.000644,0.358258,FORWARD
2591,82.912,147.64334,70.183034,0.042731,0.042683,0.3,0.044515,0.042683,0.3,0.3,63.489291,66.841049,81.40136,106.92328,0.000708,0.358258,FORWARD
2592,82.944,151.771953,82.417759,0.041646,0.041646,0.067559,0.043654,0.041898,0.067559,0.068538,76.198679,72.583237,81.43276,106.95468,0.000644,0.358258,FORWARD
2593,82.976,161.740294,74.730217,0.039518,0.039518,0.3,0.042413,0.040632,0.3,0.3,63.511445,66.768383,81.46416,106.98608,0.000644,0.358258,TURN_LEFT
2594,83.008,155.00177,99.752203,0.040796,0.04065,0.3,0.041928,0.04065,0.3,0.3,65.844383,63.998051,81.3888,107.06772,6.4e-05,0.358258,TURN_LEFT
2595,83.04,159.587942,109.608141,0.039797,0.039797,0.3,0.041289,0.040386,0.3,0.3,69.98628,69.134238,81.30716,107.14308,-6.4e-05,0.358258,TURN_LEFT
2596,83.072,153.232239,114.172339,0.041262,0.040699,0.3,0.041281,0.040699,0.3,0.3,62.632063,68.654486,81.22552,107.22472,0.0,0.358258,TURN_LEFT
2597,83.104,155.010438,121.703153,0.040794,0.040733,0.3,0.041135,0.040733,0.3,0.3,64.601772,63.288836,81.14388,107.30636,-0.0,0.358258,TURN_LEFT
2598,83.136,159.936963,128.436701,0.039752,0.039752,0.068082,0.04072,0.04034,0.068082,0.3,74.266845,69.009847,81.06852,107.388,6.4e-05,0.358258,TURN_RIGHT
2599,83.168,150.196704,121.218292,0.04206,0.040998,0.068516,0.041122,0.040998,0.3,0.068516,68.598232,72.66636,81.14388,107.30636,-6.4e-05,0.358258,TURN_LEFT
2600,83.2,149.380193,128.417322,0.042274,0.041414,0.3,0.041468,0.041414,0.3,0.3,68.582454,66.503608,81.06852,107.388,6.4e-05,0.358258,TURN_LEFT
2601,83.232,136.354534,130.949593,0.0457,0.042991,0.3,0.042737,0.042991,0.3,0.3,68.372209,68.110444,80.98688,107.46336,-6.4e-05,0.358258,TURN_LEFT
2602,83.264,152.950551,143.705957,0.041336,0.041336,0.3,0.042317,0.042398,0.3,0.3,63.165558,63.697456,80.90524,107.545,0.0,0.358258,TURN_LEFT
2603,83.296,135.167278,143.697739,0.043769,0.042848,0.3,0.042752,0.042848,0.3,0.3,66.161897,70.458558,80.82988,107.62664,6.4e-05,0.358258,TURN_LEFT
2604,83.328,123.042681,149.784576,0.042168,0.042168,0.3,0.042577,0.042645,0.3,0.3,68.554301,66.390904,80.74824,107.702,-6.4e-05,0.358258,TURN_LEFT
2605,83.36,122.525906,140.739726,0.044546,0.043327,0.3,0.043168,0.043327,0.3,0.3,65.977992,70.84436,80.6666,107.78364,0.0,0.358258,TURN_LEFT
2606,83.392,111.205361,151.882185,0.041617,0.041617,0.068541,0.042702,0.042714,0.068541,0.3,72.574079,69.60241,80.58496,107.86528,-0.0,0.358258,TURN_RIGHT
2607,83.424,119.352371,152.442215,0.041469,0.041469,0.3,0.042333,0.042268,0.3,0.3,69.23629,66.039121,80.6666,107.78364,0.0,0.358258,FORWARD
2608,83.456,122.78736,160.780729,0.039642,0.039642,0.067532,0.041525,0.040914,0.3,0.067532,70.582492,76.297191,80.698,107.81504,0.000644,0.358258,TURN_LEFT
2609,83.488,115.860197,154.284203,0.040985,0.04094,0.068424,0.041363,0.04094,0.068424,0.3,73.004912,64.593396,80.61636,107.89668,0.0,0.358258,TURN_RIGHT
2610,83.52,120.469074,159.861194,0.039762,0.039762,0.3,0.040883,0.040518,0.3,0.3,72.255354,68.653151,80.698,107.81504,-0.0,0.358258,TURN_LEFT
2611,83.552,120.282753,170.759014,0.038345,0.038345,0.068251,0.040121,0.039739,0.3,0.068251,65.094903,73.64427,80.61636,107.89668,0.0,0.358258,TURN_LEFT
2612,83.584,113.713288,163.522409,0.039286,0.039286,0.3,0.039871,0.039535,0.3,0.3,67.275432,63.817996,80.541,107.97832,6.4e-05,0.358258,TURN_LEFT
2613,83.616,101.216809,161.006457,0.039613,0.039605,0.3,0.039793,0.039605,0.3,0.3,70.803378,67.417007,80.45936,108.05368,-6.4e-05,0.358258,TURN_LEFT
2614,83.648,87.095214,161.543362,0.039543,0.039543,0.3,0.039718,0.039583,0.3,0.3,68.339615,69.125914,80.37772,108.13532,-0.0,0.358258,TURN_LEFT
2615,83.68,71.656348,153.577491,0.041171,0.040152,0.068574,0.040154,0.040152,0.068574,0.3,72.45012,71.700121,80.29608,108.21696,0.0,0.358258,TURN_RIGHT
2616,83.712,82.857745,158.154765,0.039984,0.039984,0.3,0.040103,0.040091,0.3,0.3,67.284239,65.663606,80.37772,108.13532,-0.0,0.358258,TURN_LEFT
2617,83.744,66.539511,159.314366,0.039833,0.039833,0.068447,0.040022,0.039999,0.3,0.068447,70.169319,72.921712,80.29608,108.21696,0.0,0.358258,TURN_LEFT
2618,83.776,62.444901,158.32501,0.039962,0.039944,0.3,0.040004,0.039944,0.3,0.3,69.624999,64.512992,80.22072,108.2986,6.4e-05,0.358258,TURN_LEFT
2619,83.808,64.856006,147.695697,0.042717,0.040979,0.3,0.040818,0.040979,0.3,0.3,64.678544,63.985991,80.13908,108.37396,-6.4e-05,0.358258,TURN_LEFT
2620,83.84,71.095572,151.720251,0.041659,0.041223,0.3,0.04107,0.041223,0.3,0.3,67.802225,68.259378,80.05744,108.4556,0.0,0.358258,TURN_LEFT
2621,83.872,63.169404,133.348474,0.04649,0.043068,0.3,0.042696,0.043068,0.3,0.3,69.139491,65.805894,79.98208,108.53724,6.4e-05,0.358258,TURN_LEFT
2622,83.904,70.636145,133.890768,0.046347,0.044243,0.3,0.043792,0.044243,0.3,0.3,66.88067,61.075574,79.90044,108.61888,0.0,0.358258,TURN_LEFT
2623,83.936,65.242842,113.699204,0.05396,0.047766,0.068513,0.046842,0.047766,0.3,0.068513,63.38355,72.675831,79.8188,108.69424,-6.4e-05,0.358258,TURN_LEFT
2624,83.968,66.634646,106.256483,0.058638,0.051661,0.067491,0.050381,0.051661,0.3,0.067491,63.543169,76.448028,79.73716,108.77588,0.0,0.358258,TURN_LEFT
2625,84.0,67.244393,112.682452,0.054599,0.052672,0.062582,0.051647,0.052672,0.3,0.062582,65.026134,94.561462,79.6618,108.85752,6.4e-05,0.358258,TURN_LEFT
2626,84.032,65.095226,94.782121,0.062522,0.056243,0.057191,0.054909,0.056243,0.3,0.057191,65.422639,108.559762,79.58016,108.93288,-6.4e-05,0.358258,TURN_LEFT
2627,84.064,65.73692,87.723314,0.064435,0.059178,0.05585,0.057767,0.059178,0.3,0.05585,65.025135,110.69331,79.49852,109.01452,0.0,0.358258,FORWARD
2628,84.096,65.900078,76.129579,0.067577,0.06165,0.05261,0.06071,0.06165,0.3,0.05261,67.165222,115.848171,79.49852,109.09616,0.000837,0.358258,FORWARD
2629,84.128,68.645434,63.87375,0.3,0.3,0.050722,0.132497,0.3,0.3,0.050722,62.348288,118.850736,79.49852,109.17152,0.000772,0.358258,FORWARD
2630,84.16,64.528271,65.66913,0.3,0.299649,0.049691,0.182748,0.299649,0.3,0.049691,70.638235,121.173367,79.49852,109.24688,0.000772,0.545455,FORWARD
2631,84.192,64.224121,67.546196,0.3,0.299356,0.046469,0.217924,0.299356,0.3,0.046469,67.80101,133.428593,79.49224,109.32852,0.000772,0.427083,FORWARD
2632,84.224,68.409012,60.879657,0.3,0.29909,0.044462,0.242547,0.29909,0.3,0.044462,68.75777,141.061036,79.48596,109.41644,0.000837,0.385403,FORWARD
2633,84.256,72.512487,62.614331,0.068558,0.068558,0.041478,0.19035,0.068558,0.3,0.041478,70.16683,152.408704,79.46712,109.51064,0.000772,0.369246,FORWARD
2634,84.288,62.956311,66.917779,0.3,0.3,0.040272,0.223245,0.3,0.3,0.040272,68.432107,156.995032,79.44828,109.60484,0.000772,0.545455,FORWARD
2635,84.32,68.75427,63.77397,0.3,0.299649,0.039742,0.246271,0.299649,0.3,0.039742,69.979416,160.011703,79.42944,109.69904,0.000772,0.545455,FORWARD
2636,84.352,69.688335,63.879786,0.3,0.299319,0.038197,0.26239,0.299319,0.3,0.038197,70.542642,171.896363,79.4106,109.79952,0.000837,0.427083,FORWARD
2637,84.384,62.618273,69.20221,0.3,0.299107,0.038557,0.273673,0.299107,0.3,0.038557,64.999912,169.12377,79.39176,109.89372,0.000772,0.385403,FORWARD
2638,84.416,63.645773,67.629748,0.3,0.29895,0.039103,0.281571,0.29895,0.3,0.039103,71.79095,164.928877,79.37292,109.98792,0.000772,0.369246,FORWARD
2639,84.448,65.009724,72.053828,0.3,0.298838,0.035971,0.2871,0.298838,0.3,0.035971,68.59599,189.012216,79.35408,110.08212,0.000772,0.362751,FORWARD
2640,84.48,65.354517,71.590667,0.3,0.298721,0.036111,0.29097,0.298721,0.3,0.036111,70.849032,187.93362,79.33524,110.1826,0.000837,0.360103,FORWARD
2641,84.512,62.048309,65.024464,0.3,0.298726,0.035825,0.293679,0.298726,0.3,0.035825,67.70962,190.132119,79.31012,110.2768,0.000708,0.359017,FORWARD
2642,84.544,65.829685,72.049837,0.3,0.298688,0.03631,0.295575,0.298688,0.3,0.03631,69.106862,186.40371,79.29128,110.371,0.000772,0.35857,FORWARD
2643,84.576,66.574051,69.373342,0.3,0.298662,0.036122,0.296903,0.298662,0.3,0.036122,63.522941,187.848335,79.27244,110.4652,0.000772,0.358386,FORWARD
2644,84.608,66.960642,65.388966,0.3,0.298605,0.035819,0.297832,0.298605,0.3,0.035819,64.613594,190.18004,79.2536,110.56568,0.000837,0.358311,FORWARD
2645,84.64,66.692995,65.708865,0.3,0.298609,0.035869,0.298482,0.298609,0.3,0.035869,66.203611,189.800944,79.23476,110.65988,0.000772,0.358279,FORWARD
2646,84.672,70.788239,66.122704,0.3,0.298612,0.03676,0.298938,0.298612,0.068598,0.03676,72.364213,182.943593,79.21592,110.75408,0.000772,0.358267,FORWARD
2647,84.704,72.162456,70.668611,0.3,0.298572,0.038512,0.299256,0.298572,0.068307,0.038512,73.435752,169.474275,79.24732,110.80432,0.000837,0.358261,FORWARD
2648,84.736,67.260894,65.131507,0.3,0.298588,0.037545,0.299479,0.298588,0.3,0.037545,67.89266,176.910646,79.27872,110.84828,0.000772,0.358259,FORWARD
2649,84.768,71.348601,66.701308,0.3,0.298557,0.03766,0.299636,0.298557,0.3,0.03766,69.903635,176.021554,79.25988,110.94876,0.000837,0.358258,FORWARD
2650,84.8,68.194789,63.291041,0.3,0.298578,0.039153,0.299745,0.298578,0.3,0.039153,64.979583,164.546959,79.24104,111.04296,0.000772,0.358258,FORWARD
2651,84.832,66.538889,68.172398,0.3,0.298592,0.041923,0.299821,0.298592,0.3,0.041923,63.620729,150.716022,79.2222,111.13716,0.000772,0.358258,FORWARD
2652,84.864,63.019679,64.585376,0.3,0.298642,0.045104,0.299875,0.298642,0.3,0.045104,68.39826,138.620076,79.19708,111.23136,0.000708,0.358258,FORWARD
2653,84.896,60.188538,66.287415,0.3,0.298591,0.042901,0.299913,0.298591,0.3,0.042901,67.390611,146.997276,79.18452,111.32556,0.000837,0.358258,FORWARD
2654,84.928,72.173535,69.764331,0.3,0.2986,0.045606,0.299939,0.2986,0.3,0.045606,67.203191,136.709949,79.16568,111.41976,0.000772,0.358258,FORWARD
2655,84.96,65.992605,68.457802,0.3,0.298606,0.047573,0.299957,0.298606,0.3,0.047573,71.256854,129.230544,79.15312,111.50768,0.000772,0.358258,FORWARD
2656,84.992,69.87628,61.243201,0.3,0.298568,0.050055,0.29997,0.298568,0.3,0.050055,64.380589,119.912954,79.14684,111.5956,0.000837,0.358258,FORWARD
2657,85.024,70.213337,68.580613,0.3,0.298586,0.053699,0.299979,0.298586,0.3,0.053699,65.479716,114.115425,79.14684,111.67096,0.000772,0.358258,FORWARD
2658,85.056,65.368352,72.791938,0.068482,0.068482,0.058472,0.23053,0.068482,0.3,0.058472,66.218946,106.521122,79.14056,111.7526,0.000772,0.358258,FORWARD
2659,85.088,64.538308,67.9062,0.3,0.3,0.057471,0.251371,0.3,0.3,0.057471,71.967602,108.113237,79.14056,111.82796,0.000772,0.545455,FORWARD
2660,85.12,70.835036,67.952153,0.3,0.299649,0.056793,0.26596,0.299649,0.3,0.056793,66.173976,109.192845,79.14056,111.90332,0.000772,0.545455,FORWARD
2661,85.152,72.767524,73.480762,0.068295,0.068295,0.060496,0.20666,0.068295,0.3,0.060496,66.516391,102.259905,79.14056,111.98496,0.000837,0.427083,FORWARD
2662,85.184,66.74807,68.810951,0.3,0.3,0.063367,0.234662,0.3,0.06792,0.063367,74.864896,91.665011,79.14056,112.06032,0.000772,0.545455,FORWARD
2663,85.216,66.59357,65.487927,0.3,0.299649,0.064995,0.254264,0.299649,0.3,0.064995,72.184526,85.658764,79.17824,112.098,0.000772,0.545455,FORWARD
2664,85.248,67.834713,68.395853,0.3,0.299356,0.067569,0.267984,0.299356,0.3,0.067569,63.053365,76.161941,79.17824,112.17336,0.000772,0.427083,FORWARD
2665,85.28,66.948045,65.422415,0.3,0.29909,0.3,0.277589,0.29909,0.3,0.3,70.718033,69.748588,79.18452,112.24872,0.000837,0.385403,FORWARD
2666,85.312,67.353334,62.236079,0.3,0.298939,0.3,0.284312,0.298939,0.3,0.3,68.213591,68.846242,79.2222,112.2864,0.000772,0.369246,FORWARD
2667,85.344,65.436009,69.155124,0.3,0.298832,0.068252,0.289019,0.298832,0.3,0.068252,67.468414,73.638401,79.25988,112.32408,0.000772,0.362751,FORWARD
2668,85.376,68.64864,66.725187,0.3,0.298758,0.067607,0.292313,0.298758,0.3,0.067607,65.354633,76.019766,79.25988,112.39944,0.000772,0.360103,FORWARD
2669,85.408,68.266818,67.29404,0.3,0.298709,0.3,0.294619,0.298709,0.3,0.3,66.498764,69.487012,79.25988,112.4748,0.000772,0.359017,FORWARD
2670,85.44,66.898171,69.171142,0.3,0.298635,0.068038,0.296233,0.298635,0.068038,0.068423,74.429464,73.009576,79.29756,112.51876,0.000837,0.35857,FORWARD
2671,85.472,67.820001,66.895311,0.3,0.298629,0.3,0.297363,0.298629,0.3,0.3,70.08751,65.385569,79.33524,112.55644,0.000772,0.358386,FORWARD
2672,85.504,74.444958,63.106711,0.068034,0.068034,0.3,0.228565,0.068034,0.3,0.3,71.950368,69.432477,79.3792,112.59412,0.000837,0.358311,FORWARD
2673,85.536,70.796228,69.088604,0.3,0.3,0.3,0.249995,0.3,0.3,0.3,60.745622,65.75069,79.41688,112.6318,0.000772,0.545455,FORWARD
2674,85.568,62.356342,67.868767,0.3,0.299649,0.3,0.264997,0.299649,0.3,0.3,67.439949,70.669254,79.45456,112.66948,0.000772,0.545455,FORWARD
2675,85.6,69.625091,63.472261,0.3,0.299356,0.3,0.275498,0.299356,0.3,0.3,65.941315,67.213608,79.49224,112.70716,0.000772,0.427083,FORWARD
2676,85.632,67.531481,68.355643,0.3,0.29913,0.3,0.282848,0.29913,0.3,0.3,69.22598,71.774997,79.52992,112.74484,0.000772,0.385403,FORWARD
2677,85.664,65.733954,68.280288,0.3,0.298964,0.3,0.287994,0.298964,0.3,0.3,64.49466,64.408338,79.5676,112.78252,0.000772,0.369246,FORWARD
2678,85.696,59.891963,68.968649,0.3,0.298847,0.3,0.291596,0.298847,0.3,0.3,62.198615,64.125167,79.60528,112.8202,0.000772,0.362751,FORWARD
2679,85.728,72.996188,67.670705,0.068427,0.068427,0.3,0.224645,0.068427,0.3,0.3,69.550984,67.862983,79.64296,112.86416,0.000837,0.360103,FORWARD
2680,85.76,66.138583,67.971078,0.3,0.3,0.3,0.247251,0.3,0.3,0.3,62.493421,68.877502,79.68064,112.90184,0.000772,0.545455,FORWARD
2681,85.792,64.131918,71.207052,0.3,0.29962,0.3,0.263076,0.29962,0.3,0.3,70.486289,68.220698,79.7246,112.93952,0.000837,0.545455,FORWARD
2682,85.824,59.900507,68.482217,0.3,0.29934,0.3,0.274153,0.29934,0.3,0.3,65.675307,66.94076,79.76228,112.9772,0.000772,0.427083,FORWARD
2683,85.856,67.314131,67.515669,0.3,0.299119,0.3,0.281907,0.299119,0.3,0.3,64.123511,68.261342,79.79996,113.01488,0.000772,0.385403,FORWARD
2684,85.888,63.27773,62.650151,0.3,0.298957,0.068203,0.287335,0.298957,0.3,0.068203,66.565436,73.819351,79.83764,113.05256,0.000772,0.369246,FORWARD
2685,85.92,69.961116,65.876899,0.3,0.298843,0.3,0.291135,0.298843,0.3,0.3,67.666641,68.107935,79.83764,113.12792,0.000772,0.362751,FORWARD
2686,85.952,65.305238,65.723796,0.3,0.298766,0.3,0.293794,0.298766,0.3,0.3,62.434458,70.95814,79.87532,113.1656,0.000772,0.360103,FORWARD
2687,85.984,68.915787,66.769211,0.3,0.298714,0.3,0.295656,0.298714,0.3,0.3,62.650546,71.393031,79.913,113.20328,0.000772,0.359017,FORWARD
2688,86.016,70.800235,70.816769,0.3,0.298638,0.3,0.296959,0.298638,0.3,0.3,62.84175,63.536771,79.95068,113.24724,0.000837,0.35857,FORWARD
2689,86.048,68.402142,70.554998,0.3,0.298589,0.3,0.297871,0.298589,0.3,0.3,66.623592,66.076029,79.99464,113.28492,0.000837,0.358386,FORWARD
2690,86.08,69.270468,63.599099,0.3,0.298599,0.3,0.29851,0.298599,0.3,0.3,70.518454,60.934857,80.03232,113.3226,0.000772,0.358311,FORWARD
2691,86.112,70.233242,66.480124,0.3,0.298605,0.3,0.298957,0.298605,0.3,0.3,71.082122,66.478349,80.07,113.36028,0.000772,0.358279,FORWARD
2692,86.144,67.710144,68.875637,0.3,0.298609,0.3,0.29927,0.298609,0.3,0.3,71.155358,71.19098,80.10768,113.39796,0.000772,0.358267,FORWARD
2693,86.176,63.180294,71.432636,0.3,0.298612,0.3,0.299489,0.298612,0.3,0.3,69.658746,63.416057,80.14536,113.43564,0.000772,0.358261,FORWARD
2694,86.208,68.486359,73.109196,0.068396,0.068396,0.3,0.230161,0.068396,0.3,0.3,65.307987,69.168347,80.18304,113.47332,0.000772,0.358259,FORWARD
2695,86.24,71.196387,72.595915,0.068535,0.068121,0.3,0.181673,0.068121,0.3,0.3,62.660653,66.884601,80.22072,113.511,0.000772,0.545455,FORWARD
2696,86.272,61.873202,65.520454,0.3,0.3,0.3,0.217171,0.3,0.3,0.3,63.724126,60.129998,80.2584,113.54868,0.000772,0.427083,FORWARD
2697,86.304,65.098634,67.508621,0.3,0.29962,0.3,0.24202,0.29962,0.3,0.3,65.361901,64.684711,80.29608,113.59264,0.000837,0.545455,FORWARD
2698,86.336,64.122139,61.599751,0.3,0.299303,0.3,0.259414,0.299303,0.3,0.3,66.919435,70.705857,80.34004,113.63032,0.000837,0.427083,FORWARD
2699,86.368,66.833181,61.769636,0.3,0.299097,0.3,0.27159,0.299097,0.3,0.3,61.626856,67.477863,80.37772,113.668,0.000772,0.385403,FORWARD
2700,86.4,67.598479,74.273967,0.06808,0.06808,0.3,0.210537,0.06808,0.3,0.3,69.514031,64.996972,80.4154,113.70568,0.000772,0.369246,FORWARD
2701,86.432,68.162839,69.376774,0.3,0.3,0.3,0.237376,0.3,0.3,0.3,66.245126,65.217843,80.45308,113.74336,0.000772,0.545455,FORWARD
2702,86.464,72.657076,61.752344,0.068518,0.068518,0.3,0.186719,0.068518,0.3,0.3,63.805402,68.422284,80.49076,113.78104,0.000772,0.545455,FORWARD
2703,86.496,65.082069,70.928867,0.3,0.3,0.3,0.220703,0.3,0.3,0.3,69.165973,68.073308,80.52844,113.81872,0.000772,0.545455,FORWARD
2704,86.528,71.514063,70.350057,0.3,0.299649,0.3,0.244492,0.299649,0.3,0.3,65.669306,68.599541,80.56612,113.8564,0.000772,0.545455,FORWARD
2705,86.56,68.437551,63.323859,0.3,0.299356,0.3,0.261144,0.299356,0.3,0.3,65.133696,71.378858,80.6038,113.89408,0.000772,0.427083,FORWARD
2706,86.592,66.632849,65.015929,0.3,0.29909,0.3,0.272801,0.29909,0.3,0.3,66.986013,70.109343,80.64148,113.93804,0.000837,0.385403,FORWARD
2707,86.624,66.621883,67.945665,0.3,0.298898,0.3,0.280961,0.298898,0.3,0.3,72.031088,65.167293,80.68544,113.97572,0.000837,0.369246,FORWARD
2708,86.656,72.37123,67.589078,0.068596,0.068596,0.3,0.217251,0.068596,0.3,0.3,61.037835,69.406165,80.72312,114.0134,0.000772,0.362751,FORWARD
2709,86.688,66.915234,65.506108,0.3,0.3,0.3,0.242076,0.3,0.3,0.3,68.387659,67.092194,80.7608,114.05108,0.000772,0.545455,FORWARD
2710,86.72,61.163774,58.874218,0.3,0.299649,0.068445,0.259453,0.299649,0.3,0.068445,68.936315,72.926204,80.79848,114.08876,0.000772,0.545455,FORWARD
2711,86.752,72.459541,74.088365,0.068131,0.068131,0.3,0.202056,0.068131,0.3,0.3,68.329394,63.492734,80.79848,114.16412,0.000772,0.427083,FORWARD
2712,86.784,72.095943,64.716954,0.3,0.3,0.3,0.231439,0.3,0.3,0.3,70.643471,67.710179,80.83616,114.2018,0.000772,0.545455,FORWARD
2713,86.816,65.288636,67.400513,0.3,0.299649,0.3,0.252008,0.299649,0.3,0.3,65.41041,67.438751,80.87384,114.23948,0.000772,0.545455,FORWARD
2714,86.848,65.957726,62.670721,0.3,0.299356,0.3,0.266405,0.299356,0.3,0.3,64.979045,69.683878,80.91152,114.27716,0.000772,0.427083,FORWARD
2715,86.88,65.693662,68.218259,0.3,0.29909,0.3,0.276484,0.29909,0.3,0.3,69.965368,69.194661,80.95548,114.31484,0.000837,0.385403,FORWARD
2716,86.912,66.483838,68.744893,0.3,0.298898,0.3,0.283539,0.298898,0.3,0.3,65.246719,69.777738,80.99316,114.3588,0.000837,0.369246,FORWARD
2717,86.944,66.016371,67.73067,0.3,0.298806,0.068264,0.288477,0.298806,0.3,0.068264,68.015638,73.596552,81.03084,114.39648,0.000772,0.362751,FORWARD
2718,86.976,70.364185,67.891934,0.3,0.298741,0.3,0.291934,0.298741,0.3,0.3,68.279347,67.766161,81.03084,114.47184,0.000772,0.360103,FORWARD
2719,87.008,65.205972,73.900642,0.068181,0.068181,0.3,0.224808,0.068181,0.3,0.3,65.956939,66.525207,81.06852,114.50952,0.000772,0.359017,FORWARD
2720,87.04,66.982755,66.635144,0.3,0.3,0.3,0.247366,0.3,0.3,0.3,68.20359,69.577846,81.1062,114.5472,0.000772,0.545455,FORWARD
2721,87.072,73.663198,62.345658,0.068246,0.068246,0.3,0.19363,0.068246,0.3,0.3,70.22488,66.683526,81.14388,114.58488,0.000772,0.545455,FORWARD
2722,87.104,70.46511,64.299369,0.3,0.3,0.3,0.225541,0.3,0.3,0.3,62.696759,66.380052,81.18156,114.62256,0.000772,0.545455,FORWARD
2723,87.136,72.177771,69.395385,0.3,0.29962,0.3,0.247879,0.29962,0.3,0.3,67.343835,67.699673,81.22552,114.66024,0.000837,0.545455,FORWARD
2724,87.168,69.255332,71.410421,0.3,0.29934,0.06836,0.263515,0.29934,0.3,0.06836,66.616436,73.240568,81.2632,114.69792,0.000772,0.427083,FORWARD
2725,87.2,69.23623,65.71822,0.3,0.299119,0.3,0.27446,0.299119,0.3,0.3,68.551749,65.355555,81.2632,114.77328,0.000772,0.385403,FORWARD
2726,87.232,68.613569,64.56975,0.3,0.298917,0.3,0.282122,0.298917,0.3,0.3,70.007198,65.012944,81.30088,114.81724,0.000837,0.369246,FORWARD
2727,87.264,71.303634,70.729397,0.3,0.298817,0.068135,0.287486,0.298817,0.068135,0.3,74.070741,65.950665,81.33856,114.85492,0.000772,0.362751,FORWARD
2728,87.296,65.086244,68.774639,0.3,0.298749,0.3,0.29124,0.298749,0.3,0.3,67.941231,68.57672,81.41392,114.85492,0.000772,0.360103,FORWARD
2729,87.328,64.960039,66.225832,0.3,0.298703,0.3,0.293868,0.298703,0.3,0.3,68.74681,67.939524,81.4516,114.8926,0.000772,0.359017,FORWARD
2730,87.36,68.770285,63.115814,0.3,0.298673,0.3,0.295708,0.298673,0.3,0.3,61.572983,71.044927,81.48928,114.93028,0.000772,0.35857,FORWARD
2731,87.392,68.125276,68.738532,0.3,0.298611,0.3,0.296995,0.298611,0.3,0.3,65.792107,65.303986,81.53324,114.96796,0.000837,0.358386,FORWARD
2732,87.424,66.428691,66.117154,0.3,0.298613,0.3,0.297897,0.298613,0.3,0.3,62.186854,65.435387,81.57092,115.00564,0.000772,0.358311,FORWARD
2733,87.456,61.32498,69.046227,0.3,0.298614,0.3,0.298528,0.298614,0.3,0.3,66.469561,70.439374,81.6086,115.04332,0.000772,0.358279,FORWARD
2734,87.488,64.364048,64.680286,0.3,0.298574,0.3,0.298969,0.298574,0.3,0.3,70.209544,63.181975,81.64628,115.08728,0.000837,0.358267,FORWARD
2735,87.52,68.772327,69.213137,0.3,0.298589,0.3,0.299279,0.298589,0.3,0.3,63.153987,68.858127,81.68396,115.12496,0.000772,0.358261,FORWARD
2736,87.552,62.347891,75.772099,0.067674,0.067674,0.3,0.229797,0.067674,0.3,0.3,70.533735,68.354169,81.72164,115.16264,0.000772,0.358259,FORWARD
2737,87.584,71.74703,77.952345,0.067083,0.067001,0.068575,0.180983,0.067001,0.068575,0.3,72.448795,61.68691,81.75932,115.20032,0.000772,0.545455,FORWARD
2738,87.616,67.159749,81.535286,0.066112,0.066112,0.3,0.146522,0.066179,0.3,0.3,63.898015,66.326311,81.83468,115.20032,0.000772,0.427083,FORWARD
2739,87.648,67.59061,75.89812,0.06764,0.066267,0.3,0.122857,0.066267,0.3,0.3,70.404229,69.894376,81.87236,115.238,0.000772,0.385403,FORWARD
2740,87.68,62.349913,81.369738,0.066157,0.065739,0.3,0.105847,0.065739,0.3,0.3,63.732713,66.913244,81.91004,115.27568,0.000772,0.369246,FORWARD
2741,87.712,69.093082,96.31347,0.062107,0.062107,0.3,0.092725,0.063889,0.3,0.3,67.589322,70.234402,81.954,115.31336,0.000837,0.362751,FORWARD
2742,87.744,69.624727,101.482643,0.060707,0.060707,0.3,0.08312,0.062207,0.3,0.3,64.441634,62.775821,81.99168,115.35732,0.000837,0.360103,FORWARD
2743,87.776,64.580807,100.19067,0.061057,0.061057,0.3,0.076501,0.061299,0.3,0.3,63.947175,66.19519,82.02936,115.395,0.000772,0.359017,FORWARD
2744,87.808,70.834431,106.421148,0.058535,0.058535,0.3,0.071111,0.059812,0.3,0.3,67.043921,68.707821,82.06704,115.43268,0.000772,0.35857,FORWARD
2745,87.84,66.063595,100.419562,0.060995,0.059741,0.3,0.068076,0.059741,0.3,0.3,71.487104,68.623016,82.10472,115.47036,0.000772,0.358386,FORWARD
2746,87.872,64.922534,104.306433,0.059864,0.059289,0.068095,0.065612,0.059289,0.068095,0.3,74.218427,66.657259,82.1424,115.50804,0.000772,0.358311,FORWARD
2747,87.904,67.828119,107.036493,0.058148,0.058148,0.068249,0.063373,0.058385,0.3,0.068249,70.086695,73.649361,82.21776,115.50804,0.000772,0.358279,FORWARD
2748,87.936,64.442351,104.666576,0.059638,0.058338,0.3,0.062252,0.058338,0.3,0.3,61.336544,64.472572,82.21776,115.5834,0.000772,0.358267,FORWARD
2749,87.968,67.393593,109.522133,0.056586,0.056586,0.068452,0.060552,0.057214,0.3,0.068452,67.010684,72.903855,82.25544,115.62108,0.000772,0.358261,FORWARD
2750,88.0,66.168587,110.386528,0.056042,0.056042,0.3,0.059199,0.056258,0.3,0.3,65.530532,69.509408,82.26172,115.69644,0.000837,0.358259,FORWARD
2751,88.032,64.572271,105.665934,0.059009,0.056748,0.3,0.059142,0.056748,0.3,0.3,68.464966,64.577279,82.2994,115.73412,0.000772,0.358258,FORWARD
2752,88.064,68.314846,112.254092,0.054869,0.054869,0.3,0.05786,0.055537,0.3,0.3,70.790169,63.922606,82.33708,115.77808,0.000837,0.358258,FORWARD
2753,88.096,64.55389,109.072782,0.056868,0.055518,0.3,0.057563,0.055518,0.3,0.3,63.847547,62.507101,82.37476,115.81576,0.000772,0.358258,FORWARD
2754,88.128,66.616132,113.718988,0.053948,0.053948,0.3,0.056478,0.05446,0.3,0.3,63.830953,68.846397,82.41244,115.85344,0.000772,0.358258,FORWARD
2755,88.16,68.406721,117.296087,0.0517,0.0517,0.3,0.055045,0.052975,0.3,0.3,62.551085,68.478895,82.45012,115.89112,0.000772,0.358258,FORWARD
2756,88.192,66.654444,109.537369,0.056576,0.05377,0.3,0.055504,0.05377,0.3,0.3,69.246821,65.541982,82.4878,115.9288,0.000772,0.358258,FORWARD
2757,88.224,65.468553,115.60325,0.052764,0.052764,0.06817,0.054682,0.052913,0.3,0.06817,63.214908,73.940922,82.52548,115.96648,0.000772,0.358258,FORWARD
2758,88.256,70.120552,114.335225,0.053561,0.052608,0.066541,0.054345,0.052608,0.3,0.066541,69.351586,79.95411,82.53176,116.04184,0.000837,0.358258,FORWARD
2759,88.288,67.054767,119.255556,0.050468,0.050468,0.064539,0.053182,0.051346,0.3,0.064539,70.497159,87.342714,82.53176,116.1172,0.000772,0.358258,FORWARD
2760,88.32,66.096788,112.98522,0.054409,0.051948,0.058162,0.05355,0.051948,0.3,0.058162,63.135564,107.014826,82.53176,116.19256,0.000772,0.358258,FORWARD
2761,88.352,61.240876,117.795147,0.051386,0.051209,0.056817,0.052901,0.051209,0.3,0.056817,66.756994,109.154163,82.53176,116.2742,0.000837,0.358258,FORWARD
2762,88.384,65.203793,111.755048,0.055182,0.052137,0.051933,0.053585,0.052137,0.3,0.051933,64.813582,116.925284,82.53176,116.34956,0.000772,0.358258,FORWARD
2763,88.416,66.047649,103.089283,0.060271,0.054555,0.055967,0.055591,0.054555,0.3,0.055967,67.981513,110.506151,82.53176,116.42492,0.000772,0.358258,FORWARD
2764,88.448,65.60884,105.649256,0.05902,0.055618,0.050943,0.05662,0.055618,0.3,0.050943,64.945582,118.50028,82.53176,116.50656,0.000837,0.358258,FORWARD
2765,88.48,70.780477,106.348543,0.05858,0.056225,0.047223,0.057208,0.056225,0.3,0.047223,63.413398,130.56009,82.52548,116.58192,0.000708,0.358258,FORWARD
2766,88.512,64.853486,88.818505,0.064139,0.058523,0.043605,0.059287,0.058523,0.3,0.043605,65.196553,144.319838,82.5192,116.66984,0.000837,0.358258,FORWARD
2767,88.544,63.36591,74.522039,0.068013,0.061427,0.040565,0.061905,0.061427,0.068225,0.040565,73.740087,155.879801,82.50036,116.76404,0.000772,0.358258,FORWARD
2768,88.576,65.662811,73.724798,0.068229,0.063368,0.042081,0.063802,0.063368,0.3,0.042081,63.511505,150.115935,82.53176,116.808,0.000772,0.358258,FORWARD
2769,88.608,66.380833,72.848292,0.068467,0.064699,0.039814,0.065201,0.064699,0.3,0.039814,61.680788,159.462159,82.51292,116.9022,0.000772,0.358258,FORWARD
2770,88.64,68.025032,67.630662,0.3,0.3,0.038148,0.135641,0.3,0.3,0.038148,61.461848,172.268449,82.49408,117.00268,0.000837,0.358258,FORWARD
2771,88.672,65.6961,61.926761,0.3,0.299649,0.037106,0.184949,0.299649,0.3,0.037106,67.705608,180.285402,82.47524,117.09688,0.000772,0.545455,FORWARD
2772,88.704,58.862081,62.683719,0.3,0.299356,0.034784,0.219464,0.299356,0.3,0.034784,63.773708,198.142895,82.4564,117.19108,0.000772,0.427083,FORWARD
2773,88.736,66.209305,65.30394,0.3,0.29913,0.034332,0.243625,0.29913,0.3,0.034332,67.308525,201.619956,82.43756,117.28528,0.000772,0.385403,FORWARD
2774,88.768,65.790547,74.19874,0.068101,0.068101,0.033338,0.190968,0.068101,0.3,0.033338,68.823417,209.259007,82.41872,117.38576,0.000837,0.369246,FORWARD
2775,88.8,61.879658,69.865718,0.3,0.3,0.032864,0.223677,0.3,0.3,0.032864,66.201957,212.903359,82.39988,117.47996,0.000772,0.545455,FORWARD
2776,88.832,68.037044,68.464502,0.3,0.299649,0.032979,0.246574,0.299649,0.3,0.032979,65.668603,212.025015,82.38104,117.57416,0.000772,0.545455,FORWARD
2777,88.864,69.086877,70.28731,0.3,0.299356,0.030963,0.262602,0.299356,0.3,0.030963,70.133185,227.527327,82.35592,117.67464,0.000772,0.427083,FORWARD
2778,88.896,70.395672,63.204711,0.3,0.29913,0.031329,0.273821,0.29913,0.3,0.031329,69.345367,224.709119,82.33708,117.76884,0.000772,0.385403,FORWARD
2779,88.928,65.56042,70.476883,0.3,0.298964,0.030688,0.281675,0.298964,0.3,0.030688,66.995362,229.640738,82.31824,117.86304,0.000772,0.369246,FORWARD
2780,88.96,66.703501,68.448478,0.3,0.298847,0.03096,0.287172,0.298847,0.3,0.03096,62.482156,227.549915,82.2994,117.95724,0.000772,0.362751,FORWARD
2781,88.992,69.092776,67.273669,0.3,0.298727,0.031607,0.291021,0.298727,0.3,0.031607,68.182387,222.569608,82.28056,118.05772,0.000837,0.360103,FORWARD
2782,89.024,72.816205,60.657138,0.068475,0.068475,0.030952,0.224257,0.068475,0.3,0.030952,66.496179,227.612033,82.26172,118.15192,0.000772,0.359017,FORWARD
2783,89.056,63.464257,68.888704,0.3,0.3,0.032203,0.24698,0.3,0.3,0.032203,65.309672,217.99212,82.24288,118.24612,0.000772,0.545455,FORWARD
2784,89.088,68.090043,68.11052,0.3,0.299649,0.031719,0.262886,0.299649,0.3,0.031719,66.072327,221.707345,82.22404,118.34032,0.000772,0.545455,FORWARD
2785,89.12,74.510243,64.706684,0.068016,0.068016,0.033463,0.204425,0.068016,0.3,0.033463,72.249336,208.302311,82.2052,118.4408,0.000837,0.427083,FORWARD
2786,89.152,69.338684,66.591625,0.3,0.3,0.036204,0.233098,0.3,0.3,0.036204,72.160973,187.221286,82.18636,118.535,0.000772,0.545455,FORWARD
2787,89.184,66.765927,67.154797,0.3,0.299649,0.037101,0.253168,0.299649,0.068373,0.037101,73.19263,180.324971,82.16752,118.6292,0.000772,0.545455,FORWARD
2788,89.216,66.541334,68.437052,0.3,0.299319,0.037213,0.267218,0.299319,0.3,0.037213,64.265206,179.461849,82.19892,118.67944,0.000837,0.427083,FORWARD
2789,89.248,62.385848,67.597187,0.3,0.299107,0.039871,0.277052,0.299107,0.3,0.039871,69.274976,159.019204,82.18008,118.77364,0.000772,0.385403,FORWARD
2790,89.28,71.690355,64.675097,0.3,0.29899,0.039931,0.283937,0.29899,0.3,0.039931,66.993459,158.563762,82.15496,118.86784,0.000708,0.369246,FORWARD
2791,89.312,66.947486,63.46626,0.3,0.298823,0.044049,0.288756,0.298823,0.3,0.044049,62.690859,142.630609,82.13612,118.96832,0.000837,0.362751,FORWARD
2792,89.344,68.368855,64.566719,0.3,0.298711,0.045369,0.292129,0.298711,0.3,0.045369,68.529576,137.612557,82.12356,119.06252,0.000837,0.360103,FORWARD
2793,89.376,72.842448,64.223437,0.068468,0.068468,0.047855,0.225031,0.068468,0.3,0.047855,65.630378,128.156092,82.111,119.15044,0.000772,0.359017,FORWARD
2794,89.408,69.465131,64.073396,0.3,0.3,0.04796,0.247522,0.3,0.3,0.04796,66.808529,127.756754,82.09844,119.23208,0.000708,0.545455,FORWARD
2795,89.44,61.741036,61.553116,0.3,0.29962,0.051517,0.263265,0.29962,0.3,0.051517,63.896436,117.586779,82.09216,119.32,0.000837,0.545455,FORWARD
2796,89.472,68.82192,70.63509,0.3,0.29934,0.05611,0.274286,0.29934,0.3,0.05611,70.727962,110.279128,82.09216,119.39536,0.000772,0.427083,FORWARD
2797,89.504,66.909215,69.715413,0.3,0.299119,0.057573,0.282,0.299119,0.3,0.057573,72.057702,107.951757,82.09216,119.47072,0.000772,0.385403,FORWARD
2798,89.536,69.048137,66.596569,0.3,0.298917,0.058719,0.2874,0.298917,0.3,0.058719,62.162508,106.128644,82.09216,119.55236,0.000837,0.369246,FORWARD
2799,89.568,63.467997,65.764621,0.3,0.298817,0.065413,0.29118,0.298817,0.068573,0.065413,72.453947,84.116308,82.09216,119.62772,0.000772,0.362751,FORWARD
2800,89.6,65.360075,65.594804,0.3,0.298749,0.064782,0.293826,0.298749,0.3,0.064782,67.193643,86.44315,82.12984,119.6654,0.000772,0.360103,FORWARD
2801,89.632,61.646859,67.29399,0.3,0.298703,0.068029,0.295678,0.298703,0.3,0.068029,68.214052,74.46269,82.12984,119.74076,0.000772,0.359017,FORWARD
2802,89.664,70.673743,60.852015,0.3,0.298673,0.068568,0.296975,0.298673,0.068568,0.3,72.472291,67.180099,82.12984,119.81612,0.000772,0.35857,FORWARD
2803,89.696,61.763197,67.527982,0.3,0.298653,0.3,0.297882,0.298653,0.3,0.3,67.192568,67.875411,82.2052,119.81612,0.000772,0.358386,FORWARD
2804,89.728,68.870477,70.784039,0.3,0.298598,0.3,0.298518,0.298598,0.3,0.3,66.614494,70.66129,82.24288,119.86008,0.000837,0.358311,FORWARD
2805,89.76,65.900529,65.491502,0.3,0.298605,0.3,0.298962,0.298605,0.3,0.3,69.292723,68.227652,82.28056,119.89776,0.000772,0.358279,FORWARD
2806,89.792,69.288434,64.867549,0.3,0.298568,0.3,0.299274,0.298568,0.3,0.3,65.039452,66.132244,82.32452,119.93544,0.000837,0.358267,FORWARD
2807,89.824,69.038306,67.385464,0.3,0.298585,0.3,0.299492,0.298585,0.3,0.3,62.842066,62.327674,82.3622,119.97312,0.000772,0.358261,FORWARD
2808,89.856,72.701499,64.901351,0.068506,0.068506,0.3,0.230196,0.068506,0.3,0.3,59.574633,63.147016,82.39988,120.0108,0.000772,0.358259,FORWARD
2809,89.888,69.357588,64.036279,0.3,0.3,0.3,0.251137,0.3,0.3,0.3,59.387788,68.356453,82.43756,120.04848,0.000772,0.545455,FORWARD
2810,89.92,60.497643,63.70071,0.3,0.299649,0.3,0.265796,0.299649,0.3,0.3,69.066361,64.51409,82.47524,120.08616,0.000772,0.545455,FORWARD
2811,89.952,74.866139,67.626965,0.06792,0.06792,0.3,0.206433,0.06792,0.3,0.3,67.914004,63.873978,82.51292,120.12384,0.000772,0.427083,FORWARD
2812,89.984,67.59853,68.039518,0.3,0.3,0.067799,0.234503,0.3,0.067799,0.3,75.312194,59.224073,82.5506,120.16152,0.000772,0.545455,FORWARD
2813,90.016,73.014431,68.920961,0.068422,0.068422,0.3,0.184679,0.068422,0.3,0.3,67.682081,67.021837,82.62596,120.1678,0.000837,0.545455,FORWARD
2814,90.048,65.243121,67.569731,0.3,0.3,0.3,0.219275,0.3,0.3,0.3,72.217143,66.106769,82.66364,120.20548,0.000772,0.545455,FORWARD
2815,90.08,66.822705,65.26061,0.3,0.29962,0.3,0.243493,0.29962,0.3,0.3,64.328296,67.952069,82.7076,120.24316,0.000837,0.545455,FORWARD
2816,90.112,68.181921,64.60954,0.3,0.29934,0.3,0.260445,0.29934,0.3,0.3,71.977667,66.102313,82.74528,120.28084,0.000772,0.427083,FORWARD
2817,90.144,70.12699,62.77112,0.3,0.299119,0.3,0.272311,0.299119,0.3,0.3,67.824844,65.746558,82.78296,120.31852,0.000772,0.385403,FORWARD
2818,90.176,65.920562,67.11683,0.3,0.298957,0.3,0.280618,0.298957,0.3,0.3,67.461715,68.964581,82.82064,120.3562,0.000772,0.369246,FORWARD
2819,90.208,62.714175,68.881306,0.3,0.298843,0.3,0.286433,0.298843,0.3,0.3,64.551207,71.325894,82.85832,120.39388,0.000772,0.362751,FORWARD
2820,90.24,66.170461,71.158959,0.3,0.298766,0.3,0.290503,0.298766,0.3,0.3,61.587153,68.291027,82.896,120.43156,0.000772,0.360103,FORWARD
2821,90.272,66.920085,69.766627,0.3,0.298672,0.068459,0.293352,0.298672,0.068459,0.3,72.876653,65.917637,82.93368,120.47552,0.000837,0.359017,FORWARD
2822,90.304,58.149612,69.684479,0.3,0.298653,0.3,0.295346,0.298653,0.3,0.3,63.842116,67.848168,83.00904,120.47552,0.000772,0.35857,FORWARD
2823,90.336,64.572122,71.435994,0.3,0.29864,0.3,0.296742,0.29864,0.3,0.3,68.92976,67.992099,83.04672,120.5132,0.000772,0.358386,FORWARD
2824,90.368,65.636291,68.824525,0.3,0.298632,0.3,0.29772,0.298632,0.3,0.3,59.042801,63.992329,83.0844,120.55088,0.000772,0.358311,FORWARD
2825,90.4,59.06482,68.149005,0.3,0.298585,0.3,0.298404,0.298585,0.3,0.3,68.627901,65.93441,83.12836,120.58856,0.000837,0.358279,FORWARD
2826,90.432,66.251454,66.492445,0.3,0.298596,0.3,0.298883,0.298596,0.3,0.3,69.863223,69.14048,83.16604,120.62624,0.000772,0.358267,FORWARD
2827,90.464,70.842749,69.273784,0.3,0.298603,0.3,0.299218,0.298603,0.3,0.3,70.457329,67.62373,83.20372,120.66392,0.000772,0.358261,FORWARD
2828,90.496,62.394265,62.748201,0.3,0.298567,0.3,0.299453,0.298567,0.3,0.3,69.196454,62.229446,83.2414,120.70788,0.000837,0.358259,FORWARD
2829,90.528,66.679207,67.059847,0.3,0.298585,0.3,0.299617,0.298585,0.3,0.3,68.446025,67.012095,83.27908,120.74556,0.000772,0.358258,FORWARD
2830,90.56,69.471345,64.806864,0.3,0.298596,0.3,0.299732,0.298596,0.3,0.3,68.164818,66.507304,83.31676,120.78324,0.000772,0.358258,FORWARD
2831,90.592,68.347535,68.137731,0.3,0.298603,0.3,0.299812,0.298603,0.3,0.3,69.290599,67.366312,83.35444,120.82092,0.000772,0.358258,FORWARD
2832,90.624,68.065008,70.074715,0.3,0.298608,0.3,0.299869,0.298608,0.3,0.3,61.688699,66.306261,83.39212,120.8586,0.000772,0.358258,FORWARD
2833,90.656,67.532586,68.371974,0.3,0.298611,0.3,0.299908,0.298611,0.3,0.3,72.344768,68.838002,83.4298,120.89628,0.000772,0.358258,FORWARD
2834,90.688,72.941985,66.785841,0.068441,0.068441,0.3,0.230468,0.068441,0.3,0.3,67.619754,58.136189,83.47376,120.93396,0.000837,0.358258,FORWARD
2835,90.72,63.80356,67.754911,0.3,0.3,0.3,0.251328,0.3,0.3,0.3,70.567393,69.630409,83.51144,120.97164,0.000772,0.545455,FORWARD
2836,90.752,67.402956,64.44169,0.3,0.299649,0.3,0.265929,0.299649,0.3,0.3,68.581518,67.469974,83.54912,121.00932,0.000772,0.545455,FORWARD
2837,90.784,63.582963,68.818702,0.3,0.299319,0.3,0.276151,0.299319,0.3,0.3,71.938922,71.669245,83.5868,121.05328,0.000837,0.427083,FORWARD
2838,90.816,70.043673,74.754581,0.06795,0.06795,0.3,0.21369,0.06795,0.3,0.3,64.984739,70.795816,83.62448,121.09096,0.000772,0.385403,FORWARD
2839,90.848,61.688299,68.055165,0.3,0.3,0.3,0.239583,0.3,0.3,0.3,60.95913,72.146724,83.66216,121.12864,0.000772,0.545455,FORWARD
2840,90.88,64.096777,64.154989,0.3,0.299649,0.3,0.257708,0.299649,0.3,0.3,66.940016,65.969704,83.69984,121.16632,0.000772,0.545455,FORWARD
2841,90.912,67.381061,67.789328,0.3,0.299356,0.3,0.270396,0.299356,0.3,0.3,69.693739,70.500691,83.73752,121.204,0.000772,0.427083,FORWARD
2842,90.944,67.13649,63.441774,0.3,0.29913,0.3,0.279277,0.29913,0.3,0.3,68.205389,57.975126,83.7752,121.24168,0.000772,0.385403,FORWARD
2843,90.976,72.308199,63.207115,0.3,0.298923,0.3,0.285494,0.298923,0.3,0.3,63.799561,61.394048,83.81916,121.27936,0.000837,0.369246,FORWARD
2844,91.008,70.964813,67.720886,0.3,0.298822,0.3,0.289846,0.298822,0.3,0.3,67.679688,65.063349,83.85684,121.31704,0.000772,0.362751,FORWARD
2845,91.04,67.140082,66.977728,0.3,0.298752,0.3,0.292892,0.298752,0.3,0.3,65.181697,70.800649,83.89452,121.35472,0.000772,0.360103,FORWARD
2846,91.072,66.37667,71.308862,0.3,0.298663,0.3,0.295024,0.298663,0.3,0.3,68.140856,63.081324,83.9322,121.39868,0.000837,0.359017,FORWARD
2847,91.104,63.371662,66.068458,0.3,0.298647,0.3,0.296517,0.298647,0.3,0.3,61.858716,68.260911,83.96988,121.43636,0.000772,0.35857,FORWARD
2848,91.136,69.036679,72.039617,0.3,0.298636,0.3,0.297562,0.298636,0.3,0.3,63.106826,68.259714,84.00756,121.47404,0.000772,0.358386,FORWARD
2849,91.168,61.155367,66.14726,0.3,0.298629,0.3,0.298293,0.298629,0.3,0.3,67.962192,69.344518,84.04524,121.51172,0.000772,0.358311,FORWARD
2850,91.2,68.998604,68.936908,0.3,0.298625,0.3,0.298805,0.298625,0.3,0.3,64.639649,60.136584,84.08292,121.5494,0.000772,0.358279,FORWARD
2851,91.232,69.641353,64.904704,0.3,0.29858,0.3,0.299164,0.29858,0.3,0.3,69.207665,66.84147,84.12688,121.58708,0.000837,0.358267,FORWARD
2852,91.264,60.079669,68.088935,0.3,0.298593,0.3,0.299415,0.298593,0.3,0.3,70.870699,70.77136,84.16456,121.62476,0.000772,0.358261,FORWARD
2853,91.296,67.464245,66.594031,0.3,0.298602,0.3,0.29959,0.298602,0.3,0.3,65.480807,66.666687,84.20224,121.66244,0.000772,0.358259,FORWARD
2854,91.328,64.915547,71.876061,0.3,0.298607,0.3,0.299713,0.298607,0.3,0.3,67.575583,68.148868,84.23992,121.70012,0.000772,0.358258,FORWARD
2855,91.36,69.934363,75.925242,0.067633,0.067633,0.3,0.230089,0.067633,0.3,0.3,71.128264,68.899746,84.2776,121.74408,0.000837,0.358258,FORWARD
2856,91.392,65.486096,66.903338,0.3,0.3,0.067879,0.251062,0.3,0.067879,0.3,75.018291,69.702747,84.31528,121.78176,0.000772,0.545455,FORWARD
2857,91.424,63.021425,65.626465,0.3,0.299649,0.3,0.265744,0.299649,0.3,0.3,65.320869,67.536196,84.39064,121.78176,0.000772,0.545455,FORWARD
2858,91.456,64.190252,73.319222,0.068339,0.068339,0.3,0.206522,0.068339,0.3,0.3,72.26491,69.694098,84.42832,121.81944,0.000772,0.427083,FORWARD
2859,91.488,66.372727,70.077765,0.3,0.3,0.3,0.234566,0.3,0.3,0.3,66.213889,64.896714,84.466,121.85712,0.000772,0.545455,FORWARD
2860,91.52,70.782364,68.381153,0.3,0.299649,0.3,0.254196,0.299649,0.3,0.3,67.663656,66.684589,84.50368,121.8948,0.000772,0.545455,FORWARD
2861,91.552,71.361206,66.827543,0.3,0.299319,0.3,0.267937,0.299319,0.3,0.3,68.266811,71.528743,84.54764,121.93248,0.000837,0.427083,FORWARD
2862,91.584,67.832257,64.161186,0.3,0.299107,0.3,0.277556,0.299107,0.3,0.3,65.1872,66.458396,84.58532,121.97016,0.000772,0.385403,FORWARD
2863,91.616,71.210889,64.421096,0.3,0.298909,0.067908,0.284289,0.298909,0.067908,0.3,74.909772,70.608483,84.623,122.01412,0.000837,0.369246,FORWARD
2864,91.648,65.044456,65.708005,0.3,0.298812,0.3,0.289002,0.298812,0.3,0.3,62.031,66.194684,84.69836,122.01412,0.000772,0.362751,FORWARD
2865,91.68,68.572427,67.586622,0.3,0.298746,0.3,0.292302,0.298746,0.3,0.3,67.7491,69.65565,84.73604,122.0518,0.000772,0.360103,FORWARD
2866,91.712,65.43522,65.579521,0.3,0.298701,0.3,0.294611,0.298701,0.3,0.3,67.492932,69.139839,84.77372,122.08948,0.000772,0.359017,FORWARD
2867,91.744,69.216079,66.073185,0.3,0.298671,0.3,0.296228,0.298671,0.3,0.3,60.630775,67.146639,84.8114,122.12716,0.000772,0.35857,FORWARD
2868,91.776,72.458375,68.165618,0.068572,0.068572,0.3,0.227931,0.068572,0.3,0.3,68.994553,64.089151,84.84908,122.16484,0.000772,0.358386,FORWARD
2869,91.808,64.953618,64.118443,0.3,0.3,0.3,0.249552,0.3,0.3,0.3,68.388064,69.047211,84.88676,122.20252,0.000772,0.545455,FORWARD
2870,91.84,67.228034,66.986243,0.3,0.299649,0.3,0.264686,0.299649,0.3,0.3,68.474791,72.031494,84.92444,122.2402,0.000772,0.545455,FORWARD
2871,91.872,67.502999,65.025967,0.3,0.299283,0.3,0.27528,0.299283,0.3,0.3,68.100148,63.31464,84.9684,122.28416,0.000901,0.427083,FORWARD
2872,91.904,68.061517,67.04358,0.3,0.299084,0.3,0.282696,0.299084,0.3,0.3,68.122144,66.587727,85.00608,122.32184,0.000772,0.385403,FORWARD
2873,91.936,68.722174,67.272834,0.3,0.298935,0.06843,0.287887,0.298935,0.06843,0.068514,72.982755,72.675008,85.04376,122.35952,0.000772,0.369246,FORWARD
2874,91.968,65.184349,63.221987,0.3,0.298829,0.3,0.291521,0.298829,0.3,0.3,66.422347,59.021063,85.08144,122.3972,0.000772,0.362751,FORWARD
2875,92.0,65.447098,67.136955,0.3,0.298757,0.3,0.294065,0.298757,0.3,0.3,65.038421,61.200554,85.11912,122.43488,0.000772,0.360103,FORWARD
2876,92.032,71.054782,67.506206,0.3,0.298708,0.3,0.295845,0.298708,0.3,0.3,71.365209,61.072614,85.1568,122.47256,0.000772,0.359017,FORWARD
2877,92.064,62.095914,64.551229,0.3,0.298676,0.3,0.297092,0.298676,0.3,0.3,66.94187,64.84769,85.19448,122.51024,0.000772,0.35857,FORWARD
2878,92.096,67.999221,67.287057,0.3,0.298655,0.068501,0.297964,0.298655,0.068501,0.3,72.722444,62.498034,85.23216,122.54792,0.000772,0.358386,FORWARD
2879,92.128,66.238681,69.286301,0.3,0.2986,0.3,0.298575,0.2986,0.3,0.3,70.568786,70.104959,85.30752,122.5542,0.000837,0.358311,FORWARD
2880,92.16,67.384612,67.473365,0.3,0.298564,0.3,0.299002,0.298564,0.3,0.3,67.71645,71.034775,85.35148,122.59188,0.000837,0.358279,FORWARD
2881,92.192,67.303163,68.671194,0.3,0.298583,0.068368,0.299302,0.298583,0.068368,0.3,73.212277,66.987962,85.38916,122.62956,0.000772,0.358267,FORWARD
2882,92.224,63.679153,64.747247,0.3,0.298595,0.3,0.299511,0.298595,0.3,0.3,67.104178,64.155002,85.46452,122.62956,0.000772,0.358261,FORWARD
2883,92.256,69.263956,64.805211,0.3,0.298603,0.3,0.299658,0.298603,0.3,0.3,63.292013,70.508529,85.5022,122.66724,0.000772,0.358259,FORWARD
2884,92.288,72.90222,69.209011,0.068452,0.068452,0.3,0.230296,0.068452,0.3,0.3,65.901252,68.627542,85.53988,122.70492,0.000772,0.358258,FORWARD
2885,92.32,65.412151,70.895073,0.3,0.3,0.3,0.251207,0.3,0.3,0.3,72.333096,60.643275,85.57756,122.7426,0.000772,0.545455,FORWARD
2886,92.352,72.035595,66.972094,0.3,0.299649,0.068223,0.265845,0.299649,0.068223,0.3,73.745844,67.643982,85.61524,122.78028,0.000772,0.545455,FORWARD
2887,92.384,66.093593,68.440998,0.3,0.299319,0.3,0.276092,0.299319,0.3,0.3,69.253187,56.984909,85.6906,122.78656,0.000837,0.427083,FORWARD
2888,92.416,66.433053,67.564669,0.3,0.299107,0.3,0.283264,0.299107,0.3,0.3,64.27265,65.454953,85.72828,122.82424,0.000772,0.385403,FORWARD
2889,92.448,69.097813,64.491026,0.3,0.29895,0.3,0.288285,0.29895,0.3,0.3,65.28867,60.948442,85.76596,122.86192,0.000772,0.369246,FORWARD
2890,92.48,66.302501,66.778947,0.3,0.298838,0.3,0.291799,0.298838,0.3,0.3,70.614847,67.276844,85.80364,122.8996,0.000772,0.362751,FORWARD
2891,92.512,63.706883,67.144862,0.3,0.298721,0.3,0.29426,0.298721,0.3,0.3,65.575164,72.336407,85.8476,122.93728,0.000837,0.360103,FORWARD
2892,92.544,66.978559,64.163608,0.3,0.298685,0.068531,0.295982,0.298685,0.068531,0.3,72.60904,67.348618,85.88528,122.97496,0.000772,0.359017,FORWARD
2893,92.576,65.534093,65.854921,0.3,0.298661,0.3,0.297187,0.298661,0.3,0.3,61.775093,68.895539,85.96064,122.97496,0.000772,0.35857,FORWARD
2894,92.608,65.853559,61.992979,0.3,0.298604,0.068103,0.298031,0.298604,0.3,0.068103,69.129495,74.188448,85.99832,123.01892,0.000837,0.358386,FORWARD
2895,92.64,69.531359,68.460673,0.3,0.298609,0.068513,0.298622,0.298609,0.3,0.068513,69.021827,72.675489,85.99832,123.09428,0.000772,0.358311,FORWARD
2896,92.672,66.116155,61.401702,0.3,0.298611,0.3,0.299035,0.298611,0.3,0.3,71.044298,61.34557,85.99832,123.16964,0.000772,0.358279,FORWARD
2897,92.704,63.958172,67.765772,0.3,0.298613,0.3,0.299325,0.298613,0.3,0.3,66.891893,69.626735,86.036,123.20732,0.000772,0.358267,FORWARD
2898,92.736,66.763108,68.902671,0.3,0.298614,0.068092,0.299527,0.298614,0.068092,0.3,74.230462,69.057877,86.07368,123.245,0.000772,0.358261,FORWARD
2899,92.768,70.387144,64.96902,0.3,0.298615,0.3,0.299669,0.298615,0.3,0.3,70.135342,64.740098,86.14904,123.245,0.000772,0.358259,FORWARD
2900,92.8,63.428137,71.181645,0.3,0.298574,0.3,0.299768,0.298574,0.3,0.3,61.71956,66.332829,86.193,123.28268,0.000837,0.358258,FORWARD
2901,92.832,68.437368,66.576088,0.3,0.298589,0.3,0.299838,0.298589,0.3,0.3,65.920498,72.215462,86.23068,123.32036,0.000772,0.358258,FORWARD
2902,92.864,67.397188,64.309373,0.3,0.298599,0.3,0.299886,0.298599,0.3,0.3,64.528951,67.410936,86.26836,123.35804,0.000772,0.358258,FORWARD
2903,92.896,67.194171,67.082857,0.3,0.298564,0.3,0.299921,0.298564,0.3,0.3,64.785131,69.989669,86.30604,123.402,0.000837,0.358258,FORWARD
2904,92.928,66.594662,67.396515,0.3,0.298583,0.3,0.299944,0.298583,0.3,0.3,60.923644,70.065207,86.34372,123.43968,0.000772,0.358258,FORWARD
2905,92.96,72.239269,68.543485,0.3,0.298595,0.3,0.299961,0.298595,0.3,0.3,62.955367,65.003546,86.3814,123.47736,0.000772,0.358258,FORWARD
2906,92.992,72.35195,67.067124,0.3,0.298602,0.3,0.299973,0.298602,0.3,0.3,62.894646,67.73251,86.41908,123.51504,0.000772,0.358258,FORWARD
2907,93.024,63.134366,62.448949,0.3,0.298607,0.3,0.299981,0.298607,0.3,0.3,71.578933,67.519173,86.45676,123.55272,0.000772,0.358258,FORWARD
2908,93.056,65.559965,69.63488,0.3,0.298611,0.068075,0.299987,0.298611,0.068075,0.3,74.292455,62.32192,86.49444,123.5904,0.000772,0.358258,FORWARD
2909,93.088,70.881468,71.735252,0.3,0.298571,0.3,0.299991,0.298571,0.3,0.3,69.884056,68.927002,86.57608,123.5904,0.000837,0.358258,FORWARD
2910,93.12,61.230081,69.506112,0.3,0.298587,0.3,0.299993,0.298587,0.3,0.3,71.721537,67.950661,86.61376,123.62808,0.000772,0.358258,FORWARD
2911,93.152,70.345812,63.942974,0.3,0.298557,0.3,0.299995,0.298557,0.3,0.3,64.242415,62.612771,86.65144,123.67204,0.000837,0.358258,FORWARD
2912,93.184,69.53699,69.41277,0.3,0.298578,0.068191,0.299997,0.298578,0.3,0.068191,72.215177,73.866029,86.68912,123.70972,0.000772,0.358258,FORWARD
2913,93.216,67.899266,70.12503,0.3,0.298592,0.3,0.299998,0.298592,0.3,0.3,66.789162,71.292168,86.68912,123.78508,0.000772,0.358258,FORWARD
2914,93.248,64.553294,67.763562,0.3,0.298601,0.3,0.299998,0.298601,0.3,0.3,66.827432,62.987876,86.7268,123.82276,0.000772,0.358258,FORWARD
2915,93.28,68.223383,68.833026,0.3,0.298606,0.3,0.299999,0.298606,0.3,0.3,68.900831,68.396251,86.76448,123.86044,0.000772,0.358258,FORWARD
2916,93.312,67.415435,66.813508,0.3,0.29861,0.3,0.299999,0.29861,0.3,0.3,71.087861,71.97668,86.80216,123.89812,0.000772,0.358258,FORWARD
2917,93.344,67.416363,66.099835,0.3,0.298571,0.067405,0.299999,0.298571,0.3,0.067405,69.445258,76.764828,86.84612,123.9358,0.000837,0.358258,FORWARD
2918,93.376,65.427155,68.756505,0.3,0.298587,0.3,0.3,0.298587,0.3,0.3,68.110429,70.669644,86.84612,124.01116,0.000772,0.358258,FORWARD
2919,93.408,64.188222,67.337158,0.3,0.298598,0.3,0.3,0.298598,0.3,0.3,59.249707,66.611399,86.8838,124.04884,0.000772,0.358258,FORWARD
2920,93.44,66.098326,62.282537,0.3,0.298604,0.06839,0.3,0.298604,0.3,0.06839,68.034984,73.131637,86.92148,124.08652,0.000772,0.358258,FORWARD
2921,93.472,63.947843,61.184959,0.3,0.298609,0.3,0.3,0.298609,0.3,0.3,67.230416,66.965002,86.92148,124.16188,0.000772,0.358258,FORWARD
2922,93.504,65.216447,68.358455,0.3,0.298611,0.3,0.3,0.298611,0.3,0.3,61.191289,65.628474,86.95916,124.19956,0.000772,0.358258,FORWARD
2923,93.536,69.756759,64.270122,0.3,0.298572,0.3,0.3,0.298572,0.3,0.3,68.192713,65.538484,86.99684,124.24352,0.000837,0.358258,FORWARD
2924,93.568,65.840448,67.945062,0.3,0.298588,0.068533,0.3,0.298588,0.3,0.068533,65.673216,72.603273,87.03452,124.2812,0.000772,0.358258,FORWARD
2925,93.6,67.671582,67.071954,0.3,0.298557,0.3,0.3,0.298557,0.3,0.3,67.522511,66.203797,87.0408,124.35656,0.000837,0.358258,FORWARD
2926,93.632,64.379473,68.61207,0.3,0.298578,0.3,0.3,0.298578,0.3,0.3,68.658025,72.310782,87.07848,124.39424,0.000772,0.358258,FORWARD
2927,93.664,67.439524,71.026966,0.3,0.298592,0.3,0.3,0.298592,0.3,0.3,71.302558,63.112695,87.11616,124.43192,0.000772,0.358258,FORWARD
2928,93.696,66.3142,69.734535,0.3,0.298601,0.3,0.3,0.298601,0.3,0.3,61.34209,68.967171,87.15384,124.4696,0.000772,0.358258,FORWARD
2929,93.728,66.889601,65.104581,0.3,0.298606,0.3,0.3,0.298606,0.3,0.3,64.072935,67.416717,87.19152,124.50728,0.000772,0.358258,FORWARD
2930,93.76,77.072894,64.378147,0.067322,0.067322,0.3,0.230197,0.067322,0.3,0.3,65.859667,67.595095,87.2292,124.54496,0.000772,0.358258,FORWARD
2931,93.792,68.325277,69.782578,0.3,0.3,0.3,0.251138,0.3,0.3,0.3,68.385877,67.78686,87.26688,124.58264,0.000772,0.545455,FORWARD
2932,93.824,65.630814,67.756381,0.3,0.29962,0.3,0.265796,0.29962,0.3,0.3,64.36785,60.98367,87.30456,124.6266,0.000837,0.545455,FORWARD
2933,93.856,66.461733,64.615586,0.3,0.299303,0.3,0.276057,0.299303,0.3,0.3,62.95086,67.691587,87.34852,124.66428,0.000837,0.427083,FORWARD
2934,93.888,64.833665,68.748613,0.3,0.299097,0.3,0.28324,0.299097,0.3,0.3,69.934293,66.510416,87.3862,124.70196,0.000772,0.385403,FORWARD
2935,93.92,70.995975,72.869106,0.068461,0.068461,0.3,0.218806,0.068461,0.3,0.3,69.343791,63.383344,87.42388,124.73964,0.000772,0.369246,FORWARD
2936,93.952,70.152461,65.055549,0.3,0.3,0.3,0.243164,0.3,0.3,0.3,63.548648,70.988307,87.46156,124.77732,0.000772,0.545455,FORWARD
2937,93.984,65.405824,68.417901,0.3,0.299649,0.3,0.260215,0.299649,0.3,0.3,65.502116,68.284266,87.49924,124.815,0.000772,0.545455,FORWARD
2938,94.016,70.37723,59.848078,0.3,0.299356,0.3,0.272151,0.299356,0.3,0.3,67.057205,70.255333,87.53692,124.85268,0.000772,0.427083,FORWARD
2939,94.048,67.239094,70.250133,0.3,0.29913,0.3,0.280505,0.29913,0.3,0.3,68.157211,63.998965,87.5746,124.89036,0.000772,0.385403,FORWARD
2940,94.08,62.982976,68.159933,0.3,0.298964,0.068291,0.286354,0.298964,0.068291,0.3,73.497565,66.546798,87.61228,124.92804,0.000772,0.369246,FORWARD
2941,94.112,62.733659,68.248085,0.3,0.298806,0.3,0.290448,0.298806,0.3,0.3,64.016645,72.036208,87.68764,124.93432,0.000837,0.362751,FORWARD
2942,94.144,62.537728,63.316099,0.3,0.298701,0.3,0.293313,0.298701,0.3,0.3,62.471475,61.11516,87.7316,124.972,0.000837,0.360103,FORWARD
2943,94.176,66.940957,63.434233,0.3,0.298672,0.3,0.295319,0.298672,0.3,0.3,68.601046,66.888556,87.76928,125.00968,0.000772,0.359017,FORWARD
2944,94.208,72.229246,67.401694,0.3,0.298653,0.3,0.296724,0.298653,0.3,0.3,62.770226,66.639392,87.80696,125.04736,0.000772,0.35857,FORWARD
2945,94.24,72.776906,69.630037,0.068486,0.068486,0.3,0.228252,0.068486,0.3,0.3,68.382364,63.91782,87.84464,125.08504,0.000772,0.358386,FORWARD
2946,94.272,70.501781,64.844179,0.3,0.3,0.3,0.249777,0.3,0.3,0.3,68.633729,69.984888,87.88232,125.12272,0.000772,0.545455,FORWARD
2947,94.304,68.207975,68.988415,0.3,0.299649,0.068431,0.264844,0.299649,0.3,0.068431,66.23483,72.978437,87.92,125.1604,0.000772,0.545455,FORWARD
2948,94.336,68.575578,65.163443,0.3,0.299356,0.3,0.275391,0.299356,0.3,0.3,66.2973,68.133996,87.92,125.23576,0.000772,0.427083,FORWARD
2949,94.368,66.260474,69.263268,0.3,0.29913,0.3,0.282773,0.29913,0.3,0.3,66.598247,63.154949,87.95768,125.27344,0.000772,0.385403,FORWARD
2950,94.4,71.142784,70.302979,0.3,0.298883,0.3,0.287941,0.298883,0.3,0.3,63.430177,66.102425,88.00164,125.3174,0.000901,0.369246,FORWARD
2951,94.432,68.733127,65.618043,0.3,0.298796,0.3,0.291559,0.298796,0.3,0.3,61.189776,58.868231,88.03932,125.35508,0.000772,0.362751,FORWARD
2952,94.464,70.241888,70.522201,0.3,0.298735,0.3,0.294091,0.298735,0.3,0.3,64.593747,62.156443,88.077,125.39276,0.000772,0.360103,FORWARD
2953,94.496,65.074176,64.915458,0.3,0.298694,0.3,0.295864,0.298694,0.3,0.3,68.525018,65.663087,88.11468,125.43044,0.000772,0.359017,FORWARD
2954,94.528,64.298985,61.758339,0.3,0.298667,0.068525,0.297105,0.298667,0.068525,0.3,72.634473,65.223664,88.15236,125.46812,0.000772,0.35857,FORWARD
2955,94.56,71.158425,68.481095,0.3,0.298649,0.3,0.297973,0.298649,0.3,0.3,61.263904,61.271675,88.22772,125.46812,0.000772,0.358386,FORWARD
2956,94.592,69.918165,69.604451,0.3,0.298637,0.3,0.298581,0.298637,0.3,0.3,63.694542,65.905053,88.2654,125.5058,0.000772,0.358311,FORWARD
2957,94.624,67.862125,72.364206,0.068598,0.068598,0.3,0.229586,0.068598,0.3,0.3,63.567164,62.629031,88.30308,125.54348,0.000772,0.358279,FORWARD
2958,94.656,68.048764,73.510535,0.068287,0.068048,0.3,0.181197,0.068048,0.3,0.3,65.569047,64.651504,88.34076,125.58744,0.000837,0.545455,FORWARD
2959,94.688,64.744836,68.551365,0.3,0.3,0.3,0.216838,0.3,0.3,0.3,68.873143,64.567334,88.37844,125.62512,0.000772,0.427083,FORWARD
2960,94.72,68.664406,66.398922,0.3,0.29962,0.3,0.241786,0.29962,0.3,0.3,69.003143,63.909277,88.4224,125.6628,0.000837,0.545455,FORWARD
2961,94.752,65.657634,68.405964,0.3,0.29934,0.3,0.25925,0.29934,0.3,0.3,66.923484,64.615966,88.46008,125.70048,0.000772,0.427083,FORWARD
2962,94.784,63.542779,63.859881,0.3,0.299119,0.3,0.271475,0.299119,0.3,0.3,65.332513,68.509302,88.49776,125.73816,0.000772,0.385403,FORWARD
2963,94.816,67.544027,67.204281,0.3,0.298957,0.3,0.280033,0.298957,0.3,0.3,64.983161,66.275638,88.53544,125.77584,0.000772,0.369246,FORWARD
2964,94.848,71.148382,65.288872,0.3,0.298843,0.3,0.286023,0.298843,0.3,0.3,65.919195,61.368473,88.57312,125.81352,0.000772,0.362751,FORWARD
2965,94.88,72.767571,68.575802,0.068488,0.068488,0.3,0.220763,0.068488,0.3,0.3,64.559588,64.549238,88.6108,125.8512,0.000772,0.360103,FORWARD
2966,94.912,64.799238,68.055144,0.3,0.3,0.068297,0.244534,0.3,0.3,0.068297,70.543822,73.473222,88.64848,125.88888,0.000772,0.545455,FORWARD
2967,94.944,67.98189,70.367839,0.3,0.299649,0.3,0.261174,0.299649,0.3,0.3,62.796274,67.829118,88.64848,125.96424,0.000772,0.545455,FORWARD
2968,94.976,65.599072,60.597427,0.3,0.299283,0.3,0.272822,0.299283,0.3,0.3,64.831395,67.060124,88.69244,126.0082,0.000901,0.427083,FORWARD
2969,95.008,72.131035,67.878654,0.3,0.299084,0.3,0.280975,0.299084,0.3,0.3,68.788583,66.004947,88.73012,126.04588,0.000772,0.385403,FORWARD
2970,95.04,68.577602,65.526706,0.3,0.298935,0.3,0.286683,0.298935,0.3,0.3,65.7071,63.43183,88.7678,126.08356,0.000772,0.369246,FORWARD
2971,95.072,67.099321,67.231745,0.3,0.298829,0.3,0.290678,0.298829,0.3,0.3,68.519837,69.796157,88.80548,126.12124,0.000772,0.362751,FORWARD
2972,95.104,69.195746,68.896575,0.3,0.298757,0.068112,0.293474,0.298757,0.068112,0.3,74.156061,67.054717,88.84316,126.15892,0.000772,0.360103,FORWARD
2973,95.136,64.883468,68.643043,0.3,0.298708,0.3,0.295432,0.298708,0.3,0.3,64.570528,65.628534,88.91852,126.15892,0.000772,0.359017,FORWARD
2974,95.168,65.567779,64.945376,0.3,0.298676,0.3,0.296802,0.298676,0.3,0.3,67.654132,70.676208,88.9562,126.1966,0.000772,0.35857,FORWARD
2975,95.2,68.211828,66.830729,0.3,0.298655,0.3,0.297762,0.298655,0.3,0.3,62.5526,71.229985,88.99388,126.23428,0.000772,0.358386,FORWARD
2976,95.232,66.123857,67.721834,0.3,0.2986,0.3,0.298433,0.2986,0.3,0.3,65.705797,67.412545,89.03156,126.27824,0.000837,0.358311,FORWARD
2977,95.264,64.769696,70.272567,0.3,0.298564,0.3,0.298903,0.298564,0.3,0.3,64.002186,66.102612,89.07552,126.31592,0.000837,0.358279,FORWARD
2978,95.296,70.648717,66.822536,0.3,0.298583,0.3,0.299232,0.298583,0.3,0.3,68.90662,65.970487,89.1132,126.3536,0.000772,0.358267,FORWARD
2979,95.328,65.804948,63.10057,0.3,0.298595,0.3,0.299463,0.298595,0.3,0.3,68.949666,65.545786,89.15088,126.39128,0.000772,0.358261,FORWARD
2980,95.36,60.376431,69.576872,0.3,0.298603,0.3,0.299624,0.298603,0.3,0.3,63.736053,67.652412,89.18856,126.42896,0.000772,0.358259,FORWARD
2981,95.392,70.735714,69.296919,0.3,0.298608,0.3,0.299737,0.298608,0.3,0.3,68.005617,62.705537,89.22624,126.46664,0.000772,0.358258,FORWARD
2982,95.424,70.824774,71.020955,0.3,0.298611,0.3,0.299816,0.298611,0.3,0.3,65.862873,63.557728,89.26392,126.50432,0.000772,0.358258,FORWARD
2983,95.456,66.887133,66.446751,0.3,0.298613,0.3,0.299871,0.298613,0.3,0.3,69.149044,69.955915,89.3016,126.542,0.000772,0.358258,FORWARD
2984,95.488,70.252191,67.376634,0.3,0.298573,0.3,0.29991,0.298573,0.3,0.3,67.058346,66.039108,89.33928,126.58596,0.000837,0.358258,FORWARD
2985,95.52,67.429343,70.837782,0.3,0.298588,0.3,0.299937,0.298588,0.3,0.3,65.626743,67.38842,89.37696,126.62364,0.000772,0.358258,FORWARD
2986,95.552,66.996026,64.121955,0.3,0.298557,0.3,0.299956,0.298557,0.3,0.3,63.756421,70.42981,89.42092,126.66132,0.000837,0.358258,FORWARD
2987,95.584,65.487677,67.103917,0.3,0.298578,0.3,0.299969,0.298578,0.3,0.3,61.048387,68.411189,89.4586,126.699,0.000772,0.358258,FORWARD
2988,95.616,65.321644,66.68053,0.3,0.298592,0.068567,0.299978,0.298592,0.3,0.068567,64.502084,72.477533,89.49628,126.73668,0.000772,0.358258,FORWARD
2989,95.648,68.049523,62.193468,0.3,0.298601,0.3,0.299985,0.298601,0.3,0.3,65.07138,70.452061,89.49628,126.81204,0.000772,0.358258,FORWARD
2990,95.68,67.309595,65.483197,0.3,0.298606,0.3,0.299989,0.298606,0.3,0.3,66.010661,65.435347,89.53396,126.84972,0.000772,0.358258,FORWARD
2991,95.712,63.31086,65.739296,0.3,0.29861,0.3,0.299993,0.29861,0.3,0.3,68.911834,60.763809,89.57164,126.8874,0.000772,0.358258,FORWARD
2992,95.744,62.74708,66.453667,0.3,0.298612,0.035082,0.299995,0.298612,0.035082,0.3,195.848691,63.673446,89.60932,126.92508,0.000772,0.358258,FORWARD
2993,95.776,64.714616,65.815978,0.3,0.298572,0.024245,0.299996,0.298572,0.024245,0.3,320.634088,65.786011,89.7098,126.90624,0.000837,0.358258,FORWARD
2994,95.808,66.654855,69.635894,0.3,0.298588,0.019805,0.299997,0.298588,0.019805,0.3,392.336203,64.322022,89.804,126.8874,0.000772,0.358258,FORWARD
2995,95.84,73.466888,66.716082,0.068299,0.068299,0.017097,0.230488,0.068299,0.017097,0.3,510.18693,65.595001,89.8982,126.86856,0.000772,0.358258,FORWARD
2996,95.872,65.029629,63.944664,0.3,0.3,0.015438,0.251342,0.3,0.015438,0.3,582.415442,63.952047,89.9924,126.84972,0.000772,0.545455,FORWARD
2997,95.904,69.680578,65.551778,0.3,0.29962,0.014509,0.265939,0.29962,0.014509,0.3,686.379457,60.965806,90.09288,126.83088,0.000837,0.545455,TURN_RIGHT
2998,95.936,60.673151,63.501282,0.3,0.299819,0.014097,0.276157,0.299819,0.014097,0.3,757.607872,68.227293,90.16824,126.74924,-6.4e-05,0.427083,TURN_RIGHT
2999,95.968,70.829767,66.421012,0.3,0.299849,0.014668,0.28331,0.299849,0.014668,0.3,658.859124,66.842411,90.24988,126.67388,6.4e-05,0.385403,TURN_RIGHT
3000,96.0,68.463919,69.14565,0.3,0.299905,0.015914,0.288317,0.299905,0.015914,0.3,561.667766,68.357227,90.33152,126.59224,0.0,0.369246,TURN_RIGHT
3001,96.032,62.540538,64.151959,0.3,0.299939,0.016932,0.291822,0.299939,0.016932,0.3,517.368758,67.06662,90.41316,126.5106,0.0,0.362751,TURN_RIGHT
3002,96.064,69.362222,66.716066,0.3,0.3,0.019361,0.294275,0.3,0.019361,0.3,411.673014,64.642312,90.48852,126.42896,-6.4e-05,0.360103,TURN_RIGHT
3003,96.096,60.789848,72.567133,0.068543,0.068543,0.023709,0.226556,0.068543,0.023709,0.3,328.612759,61.792288,90.57016,126.3536,6.4e-05,0.359017,TURN_RIGHT
3004,96.128,70.185969,67.585839,0.3,0.3,0.3,0.248589,0.3,0.3,0.3,65.894787,62.314089,90.6518,126.27196,-0.0,0.545455,TURN_LEFT
3005,96.16,65.225638,62.488519,0.3,0.3,0.023021,0.264012,0.3,0.023021,0.068444,338.847529,72.930617,90.57016,126.3536,0.0,0.545455,TURN_RIGHT
3006,96.192,61.389943,64.277032,0.3,0.3,0.3,0.274809,0.3,0.3,0.3,67.204794,67.826838,90.6518,126.27196,-0.0,0.427083,TURN_LEFT
3007,96.224,69.483577,69.465372,0.3,0.3,0.023673,0.282366,0.3,0.023673,0.068177,329.150626,73.91695,90.57016,126.3536,0.0,0.385403,TURN_RIGHT
3008,96.256,66.291866,69.797216,0.3,0.3,0.3,0.287656,0.3,0.3,0.3,70.668533,67.274003,90.6518,126.27196,-0.0,0.369246,TURN_LEFT
3009,96.288,64.6501,64.628206,0.3,0.3,0.022886,0.291359,0.3,0.022886,0.3,340.859096,71.276949,90.57016,126.3536,0.0,0.362751,TURN_RIGHT
3010,96.32,66.812073,66.098479,0.3,0.3,0.068308,0.293952,0.3,0.068308,0.3,73.434101,62.942381,90.6518,126.27196,-0.0,0.360103,TURN_RIGHT
3011,96.352,62.837314,68.313001,0.3,0.3,0.3,0.295766,0.3,0.3,0.3,63.318421,70.598375,90.73344,126.19032,0.0,0.359017,TURN_LEFT
3012,96.384,69.138579,75.384758,0.067779,0.067779,0.3,0.22737,0.067779,0.3,0.3,66.857109,71.903386,90.6518,126.27196,-0.0,0.35857,TURN_LEFT
3013,96.416,71.918662,65.40461,0.3,0.3,0.023156,0.249159,0.3,0.023156,0.3,336.838526,62.167462,90.57016,126.3536,0.0,0.545455,TURN_RIGHT
3014,96.448,69.125109,67.510598,0.3,0.3,0.3,0.264411,0.3,0.3,0.3,63.027293,68.438746,90.6518,126.27196,-0.0,0.545455,TURN_LEFT
3015,96.48,67.131297,66.38289,0.3,0.3,0.023474,0.275088,0.3,0.023474,0.3,332.112427,71.472168,90.57016,126.3536,0.0,0.427083,TURN_RIGHT
3016,96.512,63.476012,65.680928,0.3,0.3,0.06828,0.282562,0.3,0.3,0.06828,60.219043,73.537842,90.6518,126.27196,-0.0,0.385403,TURN_LEFT
3017,96.544,65.074276,63.804714,0.3,0.3,0.023649,0.287793,0.3,0.023649,0.3,329.507268,67.982408,90.57016,126.3536,0.0,0.369246,FORWARD
3018,96.576,63.982425,61.798319,0.3,0.299508,0.031079,0.291455,0.299508,0.031079,0.3,226.634074,66.468992,90.66436,126.33476,0.000772,0.362751,FORWARD
3019,96.608,64.960804,68.347701,0.3,0.29915,0.3,0.294019,0.29915,0.3,0.3,66.378326,69.130744,90.76484,126.31592,0.000837,0.360103,FORWARD
3020,96.64,70.567637,69.524656,0.3,0.29896,0.068387,0.295813,0.29896,0.068387,0.3,73.140184,69.647623,90.80252,126.3536,0.000772,0.359017,FORWARD
3021,96.672,66.079124,64.306255,0.3,0.298837,0.3,0.297069,0.298837,0.3,0.3,70.976882,67.763081,90.87788,126.3536,0.000772,0.35857,FORWARD
3022,96.704,69.003091,65.306185,0.3,0.298758,0.3,0.297948,0.298758,0.3,0.3,65.56555,59.451104,90.91556,126.39128,0.000772,0.358386,FORWARD
3023,96.736,69.558854,70.368246,0.3,0.298708,0.3,0.298564,0.298708,0.3,0.3,67.639254,66.529272,90.95324,126.42896,0.000772,0.358311,FORWARD
3024,96.768,64.856009,65.792556,0.3,0.298675,0.3,0.298995,0.298675,0.3,0.3,69.282413,69.93625,90.99092,126.46664,0.000772,0.358279,FORWARD
3025,96.8,60.661451,68.654612,0.3,0.298654,0.3,0.299296,0.298654,0.3,0.3,62.33001,60.269744,91.0286,126.50432,0.000772,0.358267,FORWARD
3026,96.832,68.588543,67.24974,0.3,0.29864,0.3,0.299507,0.29864,0.3,0.3,63.513347,68.422492,91.06628,126.542,0.000772,0.358261,FORWARD
3027,96.864,67.10934,63.518008,0.3,0.298591,0.3,0.299655,0.298591,0.3,0.3,69.64663,68.946212,91.10396,126.58596,0.000837,0.358259,FORWARD
3028,96.896,69.585605,65.436512,0.3,0.298558,0.3,0.299759,0.298558,0.3,0.3,69.179994,64.524015,91.14792,126.62364,0.000837,0.358258,FORWARD
3029,96.928,66.458624,66.896263,0.3,0.298579,0.068341,0.299831,0.298579,0.068341,0.3,73.311103,67.993857,91.1856,126.66132,0.000772,0.358258,FORWARD
3030,96.96,59.649213,65.552147,0.3,0.298593,0.3,0.299882,0.298593,0.3,0.3,61.349979,67.051101,91.26096,126.66132,0.000772,0.358258,FORWARD
3031,96.992,67.974838,66.845407,0.3,0.298601,0.3,0.299917,0.298601,0.3,0.3,61.888947,66.886694,91.29864,126.699,0.000772,0.358258,FORWARD
3032,97.024,66.225805,65.210063,0.3,0.298607,0.06759,0.299942,0.298607,0.06759,0.3,76.08214,61.541067,91.33632,126.73668,0.000772,0.358258,FORWARD
3033,97.056,63.467634,70.1005,0.3,0.29861,0.3,0.299959,0.29861,0.3,0.3,69.802355,63.292428,91.41168,126.73668,0.000772,0.358258,FORWARD
3034,97.088,67.201944,62.041764,0.3,0.298571,0.3,0.299972,0.298571,0.3,0.3,65.017383,63.627615,91.44936,126.78064,0.000837,0.358258,FORWARD
3035,97.12,72.25198,72.213513,0.3,0.298587,0.3,0.29998,0.298587,0.3,0.3,66.758703,67.381493,91.48704,126.81832,0.000772,0.358258,FORWARD
3036,97.152,70.943446,68.677796,0.3,0.298598,0.3,0.299986,0.298598,0.3,0.3,65.743662,69.80277,91.52472,126.856,0.000772,0.358258,FORWARD
3037,97.184,65.845966,71.5368,0.3,0.298604,0.3,0.29999,0.298604,0.3,0.3,63.290889,67.840405,91.5624,126.89368,0.000772,0.358258,FORWARD
3038,97.216,62.913714,70.334703,0.3,0.298609,0.3,0.299993,0.298609,0.3,0.3,66.830575,65.267519,91.60008,126.93136,0.000772,0.358258,FORWARD
3039,97.248,65.987133,71.510708,0.3,0.29857,0.3,0.299995,0.29857,0.3,0.3,64.115998,65.1788,91.64404,126.96904,0.000837,0.358258,FORWARD
3040,97.28,66.544703,70.578272,0.3,0.298587,0.067894,0.299997,0.298587,0.067894,0.3,74.961604,67.276804,91.68172,127.00672,0.000772,0.358258,FORWARD
3041,97.312,66.097288,64.439116,0.3,0.298597,0.3,0.299998,0.298597,0.3,0.3,68.029604,63.138872,91.75708,127.00672,0.000772,0.358258,FORWARD
3042,97.344,60.992943,65.944275,0.3,0.298563,0.3,0.299998,0.298563,0.3,0.3,65.944943,71.833314,91.79476,127.05068,0.000837,0.358258,FORWARD
3043,97.376,71.478444,61.670671,0.3,0.298582,0.3,0.299999,0.298582,0.3,0.3,64.214944,71.046188,91.83244,127.08836,0.000772,0.358258,FORWARD
3044,97.408,71.979764,67.132428,0.3,0.298594,0.3,0.299999,0.298594,0.3,0.3,70.848369,71.777842,91.87012,127.12604,0.000772,0.358258,FORWARD
3045,97.44,68.282519,68.100857,0.3,0.298602,0.3,0.299999,0.298602,0.3,0.3,64.997583,68.930773,91.9078,127.16372,0.000772,0.358258,FORWARD
3046,97.472,63.519494,70.284966,0.3,0.298607,0.3,0.3,0.298607,0.3,0.3,67.748004,67.220246,91.94548,127.2014,0.000772,0.358258,FORWARD
3047,97.504,70.728262,68.843813,0.3,0.298611,0.3,0.3,0.298611,0.3,0.3,65.796517,62.933849,91.98316,127.23908,0.000772,0.358258,FORWARD
3048,97.536,65.569169,65.43557,0.3,0.298571,0.068584,0.3,0.298571,0.068584,0.3,72.414704,69.404905,92.02712,127.27676,0.000837,0.358258,FORWARD
3049,97.568,61.198354,70.369801,0.3,0.298587,0.3,0.3,0.298587,0.3,0.3,68.274573,70.614597,92.10248,127.27676,0.000772,0.358258,FORWARD
3050,97.6,63.145283,72.671552,0.068514,0.068514,0.3,0.230554,0.068514,0.3,0.3,68.974285,65.766201,92.14016,127.32072,0.000837,0.358258,FORWARD
3051,97.632,65.757631,66.441162,0.3,0.3,0.3,0.251388,0.3,0.3,0.3,66.158797,60.731712,92.17784,127.3584,0.000772,0.545455,FORWARD
3052,97.664,65.247791,66.896449,0.3,0.299649,0.3,0.265972,0.299649,0.3,0.3,70.417012,68.902775,92.21552,127.39608,0.000772,0.545455,FORWARD
3053,97.696,70.37632,65.067816,0.3,0.299356,0.3,0.27618,0.299356,0.3,0.3,69.799919,62.548157,92.2532,127.43376,0.000772,0.427083,FORWARD
3054,97.728,67.534312,64.447824,0.3,0.29913,0.3,0.283326,0.29913,0.3,0.3,70.66699,66.413522,92.29088,127.47144,0.000772,0.385403,FORWARD
3055,97.76,63.454438,64.577766,0.3,0.298964,0.3,0.288328,0.298964,0.3,0.3,70.618734,72.32012,92.32856,127.50912,0.000772,0.369246,FORWARD
3056,97.792,65.477545,68.734194,0.3,0.298847,0.3,0.29183,0.298847,0.3,0.3,67.953742,67.212894,92.36624,127.5468,0.000772,0.362751,FORWARD
3057,97.824,65.157813,66.259671,0.3,0.298768,0.3,0.294281,0.298768,0.3,0.3,62.915759,67.139386,92.40392,127.58448,0.000772,0.360103,FORWARD
3058,97.856,68.146603,70.428855,0.3,0.298674,0.3,0.295997,0.298674,0.3,0.3,62.176051,64.567216,92.44788,127.62216,0.000837,0.359017,FORWARD
3059,97.888,75.134921,69.789499,0.067847,0.067847,0.3,0.227552,0.067847,0.3,0.3,70.071569,68.930507,92.48556,127.66612,0.000837,0.35857,FORWARD
3060,97.92,67.12569,64.885116,0.3,0.3,0.3,0.249286,0.3,0.3,0.3,64.690604,63.693393,92.52324,127.7038,0.000772,0.545455,FORWARD
3061,97.952,69.948714,74.025026,0.068148,0.068148,0.3,0.194945,0.068148,0.3,0.3,66.149741,69.802032,92.56092,127.74148,0.000772,0.545455,FORWARD
3062,97.984,64.990713,65.128567,0.3,0.3,0.3,0.226461,0.3,0.3,0.3,66.03055,67.891156,92.5986,127.77916,0.000772,0.545455,FORWARD
3063,98.016,66.577965,68.827252,0.3,0.299649,0.3,0.248523,0.299649,0.3,0.3,71.08197,69.657313,92.63628,127.81684,0.000772,0.545455,FORWARD
3064,98.048,64.172509,74.291797,0.068075,0.068075,0.3,0.194389,0.068075,0.3,0.3,72.23184,66.636681,92.67396,127.85452,0.000772,0.427083,FORWARD
3065,98.08,72.349117,66.263087,0.3,0.3,0.3,0.226072,0.3,0.3,0.3,66.873093,66.041827,92.71164,127.8922,0.000772,0.545455,FORWARD
3066,98.112,64.002571,63.617332,0.3,0.299649,0.3,0.24825,0.299649,0.3,0.3,68.577264,63.855567,92.74932,127.92988,0.000772,0.545455,FORWARD
3067,98.144,65.239427,67.517829,0.3,0.299319,0.3,0.263775,0.299319,0.3,0.3,65.579112,71.549666,92.79328,127.96756,0.000837,0.427083,FORWARD
3068,98.176,65.190439,69.631007,0.3,0.299067,0.3,0.274643,0.299067,0.3,0.3,70.844661,69.061505,92.83096,128.01152,0.000837,0.385403,FORWARD
3069,98.208,62.756889,67.419217,0.3,0.298925,0.3,0.28225,0.298925,0.3,0.3,69.985378,66.859289,92.86864,128.0492,0.000772,0.369246,FORWARD
3070,98.24,59.827776,69.117228,0.3,0.298822,0.3,0.287575,0.298822,0.3,0.3,64.89398,70.654345,92.90632,128.08688,0.000772,0.362751,FORWARD
3071,98.272,71.362935,65.923704,0.3,0.298752,0.3,0.291302,0.298752,0.3,0.3,67.968454,70.256562,92.944,128.12456,0.000772,0.360103,FORWARD
3072,98.304,65.590623,68.014242,0.3,0.298705,0.3,0.293912,0.298705,0.3,0.3,62.432446,67.434088,92.98168,128.16224,0.000772,0.359017,FORWARD
3073,98.336,64.678608,67.848645,0.3,0.298674,0.3,0.295738,0.298674,0.3,0.3,66.404453,68.999381,93.01936,128.19992,0.000772,0.35857,FORWARD
3074,98.368,72.676754,66.286819,0.068513,0.068513,0.3,0.227571,0.068513,0.3,0.3,69.60973,69.618104,93.05704,128.2376,0.000772,0.358386,FORWARD
3075,98.4,72.464035,66.50564,0.068571,0.068193,0.3,0.179871,0.068193,0.3,0.3,71.496316,71.937095,93.09472,128.27528,0.000772,0.545455,FORWARD
3076,98.432,67.223672,67.332533,0.3,0.3,0.068362,0.215909,0.3,0.068362,0.3,73.235061,68.374833,93.13868,128.31296,0.000837,0.427083,FORWARD
3077,98.464,65.945073,66.873936,0.3,0.29962,0.3,0.241137,0.29962,0.3,0.3,62.521842,65.624668,93.21404,128.31924,0.000837,0.545455,FORWARD
3078,98.496,69.353913,65.980423,0.3,0.29934,0.068541,0.258796,0.29934,0.068541,0.3,72.574651,64.189321,93.25172,128.35692,0.000772,0.427083,FORWARD
3079,98.528,69.353238,64.978696,0.3,0.299119,0.3,0.271157,0.299119,0.3,0.3,64.269947,70.08304,93.32708,128.35692,0.000772,0.385403,FORWARD
3080,98.56,69.412255,64.885888,0.3,0.298957,0.3,0.27981,0.298957,0.3,0.3,62.176766,65.9109,93.36476,128.3946,0.000772,0.369246,FORWARD
3081,98.592,66.999452,66.142843,0.3,0.298843,0.3,0.285867,0.298843,0.3,0.3,65.211009,68.59664,93.40244,128.43228,0.000772,0.362751,FORWARD
3082,98.624,64.675387,63.801488,0.3,0.298766,0.3,0.290107,0.298766,0.3,0.3,66.31603,63.979013,93.44012,128.46996,0.000772,0.360103,FORWARD
3083,98.656,69.009427,74.983407,0.067888,0.067888,0.3,0.223441,0.067888,0.3,0.3,63.43032,62.950721,93.4778,128.50764,0.000772,0.359017,FORWARD
3084,98.688,69.77105,65.726898,0.3,0.3,0.3,0.246409,0.3,0.3,0.3,66.789236,67.7559,93.51548,128.5516,0.000837,0.545455,FORWARD
3085,98.72,67.645205,69.103696,0.3,0.299649,0.3,0.262486,0.299649,0.3,0.3,66.794259,69.19646,93.55316,128.58928,0.000772,0.545455,FORWARD
3086,98.752,61.691527,69.479641,0.3,0.299319,0.3,0.27374,0.299319,0.3,0.3,66.290672,64.338595,93.59712,128.62696,0.000837,0.427083,FORWARD
3087,98.784,70.921754,63.833345,0.3,0.299107,0.3,0.281618,0.299107,0.3,0.3,70.372651,68.346367,93.6348,128.66464,0.000772,0.385403,FORWARD
3088,98.816,64.457118,74.289166,0.068076,0.068076,0.3,0.217556,0.068076,0.3,0.3,64.964091,60.667051,93.67248,128.70232,0.000772,0.369246,FORWARD
3089,98.848,67.935116,69.24908,0.3,0.3,0.3,0.242289,0.3,0.3,0.3,66.124533,65.385275,93.71016,128.74,0.000772,0.545455,FORWARD
3090,98.88,68.541684,67.449674,0.3,0.299649,0.3,0.259602,0.299649,0.3,0.3,68.262411,66.852808,93.74784,128.77768,0.000772,0.545455,FORWARD
3091,98.912,67.064639,69.093914,0.3,0.299356,0.3,0.271722,0.299356,0.3,0.3,64.600911,68.544953,93.78552,128.81536,0.000772,0.427083,FORWARD
3092,98.944,71.121516,65.808638,0.3,0.29909,0.3,0.280205,0.29909,0.3,0.3,69.485582,62.998756,93.8232,128.85932,0.000837,0.385403,FORWARD
3093,98.976,73.894988,70.475013,0.068183,0.068183,0.3,0.216598,0.068183,0.3,0.3,67.30319,67.774873,93.86088,128.897,0.000772,0.369246,FORWARD
3094,99.008,60.570632,71.428316,0.3,0.3,0.3,0.241619,0.3,0.3,0.3,64.774759,63.905991,93.89856,128.93468,0.000772,0.545455,FORWARD
3095,99.04,63.821559,66.581788,0.3,0.29962,0.06834,0.259133,0.29962,0.3,0.06834,68.961232,73.313631,93.94252,128.97236,0.000837,0.545455,FORWARD
3096,99.072,73.257773,66.397281,0.068356,0.068356,0.3,0.2019,0.068356,0.3,0.3,66.351467,66.210655,93.94252,129.04772,0.000772,0.427083,FORWARD
3097,99.104,65.769053,67.418165,0.3,0.3,0.3,0.23133,0.3,0.3,0.3,66.460075,64.590077,93.9802,129.0854,0.000772,0.545455,FORWARD
3098,99.136,63.748476,67.190175,0.3,0.299649,0.3,0.251931,0.299649,0.3,0.3,67.886544,68.141024,94.01788,129.12308,0.000772,0.545455,FORWARD
3099,99.168,63.796547,59.91102,0.3,0.299356,0.3,0.266352,0.299356,0.3,0.3,71.656421,63.540445,94.05556,129.16076,0.000772,0.427083,FORWARD
3100,99.2,67.073779,67.807216,0.3,0.29913,0.3,0.276446,0.29913,0.3,0.3,67.934863,63.042091,94.09324,129.19844,0.000772,0.385403,FORWARD
3101,99.232,74.482708,61.985312,0.068024,0.068024,0.068296,0.213919,0.068024,0.3,0.068296,70.713436,73.476796,94.13092,129.23612,0.000772,0.369246,FORWARD
3102,99.264,66.032101,66.184297,0.3,0.3,0.3,0.239744,0.3,0.3,0.3,65.321393,65.425454,94.1372,129.31148,0.000837,0.545455,FORWARD
3103,99.296,63.225717,65.885049,0.3,0.29962,0.067486,0.257821,0.29962,0.067486,0.3,76.465303,68.228181,94.17488,129.35544,0.000837,0.545455,FORWARD
3104,99.328,70.068848,65.967332,0.3,0.29934,0.3,0.270474,0.29934,0.3,0.3,66.228129,66.423196,94.25024,129.35544,0.000772,0.427083,FORWARD
3105,99.36,63.812061,68.928344,0.3,0.299119,0.3,0.279332,0.299119,0.3,0.3,70.470426,64.25147,94.28792,129.39312,0.000772,0.385403,FORWARD
3106,99.392,67.653339,68.627047,0.3,0.298957,0.3,0.285532,0.298957,0.3,0.3,68.119349,70.095081,94.3256,129.4308,0.000772,0.369246,FORWARD
3107,99.424,67.111289,68.90338,0.3,0.298843,0.3,0.289873,0.298843,0.3,0.3,65.691636,64.911657,94.36328,129.46848,0.000772,0.362751,FORWARD
3108,99.456,65.647253,64.557611,0.3,0.298766,0.3,0.292911,0.298766,0.3,0.3,65.772112,69.441716,94.40096,129.50616,0.000772,0.360103,FORWARD
3109,99.488,67.718537,71.312787,0.3,0.298714,0.3,0.295038,0.298714,0.3,0.3,65.959788,67.786984,94.43864,129.54384,0.000772,0.359017,FORWARD
3110,99.52,64.378005,69.200469,0.3,0.298679,0.3,0.296526,0.298679,0.3,0.3,67.560711,67.549393,94.47632,129.58152,0.000772,0.35857,FORWARD
3111,99.552,62.193204,66.387085,0.3,0.298616,0.3,0.297568,0.298616,0.3,0.3,64.284292,66.289046,94.514,129.62548,0.000837,0.358386,FORWARD
3112,99.584,66.864635,73.772811,0.068216,0.068216,0.3,0.228763,0.068216,0.3,0.3,70.250689,69.516831,94.55796,129.66316,0.000837,0.358311,FORWARD
3113,99.616,71.599363,69.726056,0.3,0.3,0.06859,0.250134,0.3,0.3,0.06859,64.61145,72.391809,94.59564,129.70084,0.000772,0.545455,FORWARD
3114,99.648,59.426065,62.312758,0.3,0.299649,0.3,0.265094,0.299649,0.3,0.3,61.2263,70.332576,94.59564,129.7762,0.000772,0.545455,FORWARD
3115,99.68,67.242936,69.356381,0.3,0.299356,0.3,0.275566,0.299356,0.3,0.3,65.123535,64.480797,94.63332,129.81388,0.000772,0.427083,FORWARD
3116,99.712,67.047576,67.674049,0.3,0.29913,0.3,0.282896,0.29913,0.3,0.3,67.696486,61.079907,94.671,129.85156,0.000772,0.385403,FORWARD
3117,99.744,68.743883,63.107394,0.3,0.298964,0.068212,0.288027,0.298964,0.068212,0.3,73.788064,63.873526,94.70868,129.88924,0.000772,0.369246,FORWARD
3118,99.776,66.2911,59.263954,0.3,0.298847,0.3,0.291619,0.298847,0.3,0.3,69.626811,66.387477,94.78404,129.88924,0.000772,0.362751,FORWARD
3119,99.808,61.802591,63.16094,0.3,0.298768,0.3,0.294133,0.298768,0.3,0.3,67.584678,63.874964,94.82172,129.92692,0.000772,0.360103,FORWARD
3120,99.84,65.807305,73.511242,0.068287,0.068287,0.3,0.226379,0.068287,0.3,0.3,69.55035,68.098771,94.86568,129.97088,0.000901,0.359017,FORWARD
3121,99.872,66.63379,65.307227,0.3,0.3,0.3,0.248466,0.3,0.3,0.3,65.49596,71.739304,94.90336,130.00856,0.000772,0.545455,FORWARD
3122,99.904,70.602074,69.780782,0.3,0.299649,0.068426,0.263926,0.299649,0.068426,0.3,72.999741,68.153433,94.94104,130.04624,0.000772,0.545455,FORWARD
3123,99.936,72.839513,71.225993,0.068469,0.068469,0.3,0.205289,0.068469,0.3,0.3,68.992158,69.034323,95.0164,130.04624,0.000772,0.427083,FORWARD
3124,99.968,64.986695,67.059638,0.3,0.3,0.3,0.233702,0.3,0.3,0.3,69.536555,67.324298,95.05408,130.08392,0.000772,0.545455,FORWARD
3125,100.0,67.918796,67.010935,0.3,0.299649,0.3,0.253592,0.299649,0.3,0.3,69.373212,65.775484,95.09176,130.1216,0.000772,0.545455,FORWARD
3126,100.032,66.270521,66.701464,0.3,0.299356,0.068466,0.267514,0.299356,0.3,0.068466,68.823113,72.849832,95.12944,130.15928,0.000772,0.427083,FORWARD
3127,100.064,70.999743,67.590269,0.3,0.29913,0.3,0.27726,0.29913,0.3,0.3,70.038305,64.831411,95.12944,130.23464,0.000772,0.385403,FORWARD
3128,100.096,68.297753,67.083128,0.3,0.298964,0.3,0.284082,0.298964,0.3,0.3,63.086971,70.904868,95.16712,130.27232,0.000772,0.369246,FORWARD
3129,100.128,70.084273,68.743984,0.3,0.298765,0.3,0.288857,0.298765,0.3,0.3,64.498944,70.409235,95.21108,130.31628,0.000901,0.362751,FORWARD
3130,100.16,65.59706,69.873814,0.3,0.298716,0.3,0.2922,0.298716,0.3,0.3,67.019878,66.848376,95.24876,130.35396,0.000772,0.360103,FORWARD
3131,100.192,67.794837,66.512594,0.3,0.298682,0.3,0.29454,0.298682,0.3,0.3,65.060725,67.466585,95.28644,130.39164,0.000772,0.359017,FORWARD
3132,100.224,69.193926,68.037826,0.3,0.298659,0.3,0.296178,0.298659,0.3,0.3,68.134524,71.752604,95.32412,130.42932,0.000772,0.35857,FORWARD
3133,100.256,69.640982,67.813801,0.3,0.298644,0.3,0.297325,0.298644,0.3,0.3,65.247791,65.83105,95.3618,130.467,0.000772,0.358386,FORWARD
3134,100.288,66.79044,68.82185,0.3,0.298634,0.3,0.298127,0.298634,0.3,0.3,61.700897,63.922405,95.39948,130.50468,0.000772,0.358311,FORWARD
3135,100.32,69.849803,69.226454,0.3,0.298628,0.3,0.298689,0.298628,0.3,0.3,67.70644,67.781766,95.43716,130.54236,0.000772,0.358279,FORWARD
3136,100.352,71.99026,70.615679,0.3,0.298624,0.3,0.299082,0.298624,0.3,0.3,65.063143,69.928627,95.47484,130.58004,0.000772,0.358267,FORWARD
3137,100.384,60.943121,69.983899,0.3,0.298621,0.3,0.299358,0.298621,0.3,0.3,66.352604,68.360435,95.51252,130.61772,0.000772,0.358261,FORWARD
3138,100.416,66.628042,69.511799,0.3,0.298537,0.068477,0.29955,0.298537,0.3,0.068477,66.250662,72.808836,95.55648,130.66168,0.000901,0.358259,FORWARD
3139,100.448,67.853994,67.078373,0.3,0.298565,0.3,0.299685,0.298565,0.3,0.3,66.103883,64.072701,95.55648,130.73704,0.000772,0.358258,FORWARD
3140,100.48,66.890675,60.598878,0.3,0.298584,0.3,0.29978,0.298584,0.3,0.3,61.691166,67.252161,95.59416,130.77472,0.000772,0.358258,FORWARD
3141,100.512,67.163141,75.344658,0.06779,0.06779,0.068244,0.230183,0.06779,0.068244,0.3,73.669819,68.993701,95.63184,130.8124,0.000772,0.358258,FORWARD
3142,100.544,66.484005,65.325886,0.3,0.3,0.3,0.251128,0.3,0.3,0.3,65.43622,70.704744,95.7072,130.8124,0.000772,0.545455,FORWARD
3143,100.576,66.931947,65.049243,0.3,0.299649,0.3,0.26579,0.299649,0.3,0.3,66.73841,69.297543,95.74488,130.85008,0.000772,0.545455,FORWARD
3144,100.608,67.118123,71.375199,0.3,0.299356,0.067959,0.276053,0.299356,0.3,0.067959,65.242417,74.722263,95.78256,130.88776,0.000772,0.427083,FORWARD
3145,100.64,71.324908,57.864775,0.3,0.29913,0.3,0.283237,0.29913,0.3,0.3,71.039587,59.095157,95.78256,130.96312,0.000772,0.385403,FORWARD
3146,100.672,69.255118,69.226387,0.3,0.298923,0.3,0.288266,0.298923,0.3,0.3,60.535461,63.952534,95.82652,131.0008,0.000837,0.369246,FORWARD
3147,100.704,69.462566,64.531547,0.3,0.298781,0.068587,0.291786,0.298781,0.3,0.068587,65.150497,72.403381,95.8642,131.04476,0.000837,0.362751,FORWARD
3148,100.736,74.242307,66.179247,0.068089,0.068089,0.3,0.224677,0.068089,0.3,0.3,65.48783,65.8279,95.8642,131.12012,0.000772,0.360103,FORWARD
3149,100.768,71.060545,71.55701,0.3,0.3,0.3,0.247274,0.3,0.3,0.3,63.681427,64.827685,95.90188,131.1578,0.000772,0.545455,FORWARD
3150,100.8,68.307108,67.919364,0.3,0.299649,0.3,0.263092,0.299649,0.3,0.3,69.271624,68.347178,95.93956,131.19548,0.000772,0.545455,FORWARD
3151,100.832,74.193369,63.457998,0.068102,0.068102,0.3,0.204595,0.068102,0.3,0.3,65.835802,67.757584,95.97724,131.23316,0.000772,0.427083,FORWARD
3152,100.864,68.974263,70.330559,0.3,0.3,0.3,0.233216,0.3,0.3,0.3,66.584356,65.694053,96.01492,131.27084,0.000772,0.545455,FORWARD
3153,100.896,69.219112,70.305153,0.3,0.299649,0.3,0.253251,0.299649,0.3,0.3,66.864228,69.764938,96.0526,131.30852,0.000772,0.545455,FORWARD
3154,100.928,67.132559,67.269299,0.3,0.299319,0.3,0.267276,0.299319,0.3,0.3,69.89985,65.83676,96.09656,131.3462,0.000837,0.427083,FORWARD
3155,100.96,63.777753,61.065728,0.3,0.299107,0.068007,0.277093,0.299107,0.068498,0.068007,72.731903,74.543804,96.13424,131.38388,0.000772,0.385403,FORWARD
3156,100.992,68.924073,63.749315,0.3,0.29895,0.3,0.283965,0.29895,0.3,0.3,69.55785,66.073981,96.17192,131.42156,0.000772,0.369246,FORWARD
3157,101.024,66.190638,64.078597,0.3,0.298797,0.3,0.288776,0.298797,0.3,0.3,66.634511,63.265501,96.2096,131.46552,0.000837,0.362751,FORWARD
3158,101.056,70.507332,70.523634,0.3,0.298736,0.3,0.292143,0.298736,0.3,0.3,71.304273,65.732867,96.24728,131.5032,0.000772,0.360103,FORWARD
3159,101.088,68.105038,65.996873,0.3,0.298695,0.3,0.2945,0.298695,0.3,0.3,68.520071,68.793229,96.28496,131.54088,0.000772,0.359017,FORWARD
3160,101.12,64.265727,73.358649,0.068328,0.068328,0.3,0.226649,0.068328,0.3,0.3,64.338015,66.344435,96.32264,131.57856,0.000772,0.35857,FORWARD
3161,101.152,67.694032,63.673137,0.3,0.3,0.3,0.248654,0.3,0.3,0.3,67.530645,66.056831,96.36032,131.61624,0.000772,0.545455,FORWARD
3162,101.184,68.60848,71.116871,0.3,0.299649,0.067782,0.264058,0.299649,0.067782,0.3,75.374512,64.437811,96.398,131.65392,0.000772,0.545455,FORWARD
3163,101.216,65.692277,66.989409,0.3,0.299356,0.3,0.27484,0.299356,0.3,0.3,67.032983,66.174197,96.47336,131.65392,0.000772,0.427083,FORWARD
3164,101.248,69.276752,65.135009,0.3,0.29909,0.3,0.282388,0.29909,0.3,0.3,67.275909,70.689043,96.51732,131.6916,0.000837,0.385403,FORWARD
3165,101.28,60.791402,65.489072,0.3,0.298898,0.3,0.287672,0.298898,0.3,0.3,70.288351,69.440796,96.555,131.73556,0.000837,0.369246,FORWARD
3166,101.312,69.548467,66.792981,0.3,0.298806,0.3,0.29137,0.298806,0.3,0.3,63.075257,66.820911,96.59268,131.77324,0.000772,0.362751,FORWARD
3167,101.344,66.12454,71.199826,0.3,0.298741,0.3,0.293959,0.298741,0.3,0.3,63.643804,67.341653,96.63036,131.81092,0.000772,0.360103,FORWARD
3168,101.376,63.882772,67.271807,0.3,0.298698,0.067964,0.295771,0.298698,0.3,0.067964,65.633982,74.70258,96.66804,131.8486,0.000772,0.359017,FORWARD
3169,101.408,68.933338,69.600499,0.3,0.29867,0.3,0.29704,0.29867,0.3,0.3,71.049053,68.721688,96.66804,131.92396,0.000772,0.35857,FORWARD
3170,101.44,66.814642,65.058421,0.3,0.298651,0.3,0.297928,0.298651,0.3,0.3,69.51069,71.433373,96.70572,131.96164,0.000772,0.358386,FORWARD
3171,101.472,65.406256,66.201446,0.3,0.298639,0.3,0.29855,0.298639,0.3,0.3,61.424651,63.819699,96.7434,131.99932,0.000772,0.358311,FORWARD
3172,101.504,68.753576,66.351759,0.3,0.298589,0.3,0.298985,0.298589,0.3,0.3,70.232513,59.838223,96.78736,132.037,0.000837,0.358279,FORWARD
3173,101.536,67.122227,68.765892,0.3,0.298599,0.3,0.299289,0.298599,0.3,0.3,65.835593,62.933247,96.82504,132.07468,0.000772,0.358267,FORWARD
3174,101.568,69.481526,70.912798,0.3,0.298605,0.3,0.299503,0.298605,0.3,0.3,64.010494,65.549266,96.86272,132.11236,0.000772,0.358261,FORWARD
3175,101.6,71.251427,68.670215,0.3,0.298568,0.3,0.299652,0.298568,0.3,0.3,69.677646,61.160294,96.9004,132.15632,0.000837,0.358259,FORWARD
3176,101.632,70.166269,68.182588,0.3,0.298585,0.3,0.299756,0.298585,0.3,0.3,66.301553,63.289733,96.93808,132.194,0.000772,0.358258,FORWARD
3177,101.664,68.336302,59.174179,0.3,0.298596,0.068396,0.299829,0.298596,0.3,0.068396,68.617504,73.107684,96.97576,132.23168,0.000772,0.358258,FORWARD
3178,101.696,73.149117,69.049669,0.068385,0.068385,0.3,0.230396,0.068385,0.3,0.3,61.565432,71.259707,96.97576,132.30704,0.000772,0.358258,FORWARD
3179,101.728,67.471213,68.667639,0.3,0.3,0.068571,0.251277,0.3,0.3,0.068571,63.382672,72.464051,97.01972,132.34472,0.000837,0.545455,FORWARD
3180,101.76,68.472249,68.377054,0.3,0.299649,0.068543,0.265894,0.299649,0.068543,0.3,72.567046,68.712534,97.01972,132.42008,0.000772,0.545455,FORWARD
3181,101.792,67.202459,59.672283,0.3,0.299356,0.3,0.276126,0.299356,0.3,0.3,64.871711,62.695974,97.09508,132.42008,0.000772,0.427083,FORWARD
3182,101.824,72.190276,65.399075,0.3,0.29913,0.3,0.283288,0.29913,0.3,0.3,67.32279,63.696812,97.13276,132.45776,0.000772,0.385403,FORWARD
3183,101.856,58.03112,68.050208,0.3,0.298964,0.3,0.288302,0.298964,0.3,0.3,68.336398,67.883044,97.17044,132.49544,0.000772,0.369246,FORWARD
3184,101.888,62.436654,68.530135,0.3,0.298806,0.3,0.291811,0.298806,0.3,0.3,69.570372,68.172289,97.20812,132.5394,0.000837,0.362751,FORWARD
3185,101.92,62.013613,63.238415,0.3,0.298742,0.3,0.294268,0.298742,0.3,0.3,68.161751,65.049423,97.2458,132.57708,0.000772,0.360103,FORWARD
3186,101.952,72.052597,66.480234,0.3,0.298698,0.3,0.295987,0.298698,0.3,0.3,63.54114,66.813318,97.28348,132.61476,0.000772,0.359017,FORWARD
3187,101.984,66.678844,65.56351,0.3,0.29867,0.3,0.297191,0.29867,0.3,0.3,69.574014,64.050472,97.32116,132.65244,0.000772,0.35857,FORWARD
3188,102.016,67.618997,69.361134,0.3,0.29861,0.3,0.298034,0.29861,0.3,0.3,71.331088,70.157211,97.36512,132.69012,0.000837,0.358386,FORWARD
3189,102.048,66.398029,62.556172,0.3,0.298612,0.068489,0.298624,0.298612,0.3,0.068489,67.655637,72.765542,97.4028,132.7278,0.000772,0.358311,FORWARD
3190,102.08,64.442518,67.428675,0.3,0.298614,0.3,0.299037,0.298614,0.3,0.3,69.857693,69.596868,97.4028,132.80316,0.000772,0.358279,FORWARD
3191,102.112,62.983405,65.198805,0.3,0.298615,0.3,0.299326,0.298615,0.3,0.3,68.646692,68.792478,97.44048,132.84084,0.000772,0.358267,FORWARD
3192,102.144,65.218921,64.90703,0.3,0.298615,0.3,0.299528,0.298615,0.3,0.3,63.285669,66.162196,97.47816,132.87852,0.000772,0.358261,FORWARD
3193,102.176,72.297356,69.381564,0.3,0.298616,0.3,0.29967,0.298616,0.3,0.3,69.177155,66.583771,97.51584,132.9162,0.000772,0.358259,FORWARD
3194,102.208,68.312911,68.099947,0.3,0.298575,0.3,0.299769,0.298575,0.3,0.3,66.805393,65.507445,97.55352,132.96016,0.000837,0.358258,FORWARD
3195,102.24,72.161493,68.597451,0.3,0.29859,0.3,0.299838,0.29859,0.3,0.3,64.586101,67.698589,97.5912,132.99784,0.000772,0.358258,FORWARD
3196,102.272,63.74247,68.192816,0.3,0.298558,0.068342,0.299887,0.298558,0.068342,0.3,73.307106,64.571942,97.63516,133.03552,0.000837,0.358258,FORWARD
3197,102.304,64.218835,69.378669,0.3,0.298579,0.3,0.299921,0.298579,0.3,0.3,63.67986,71.402336,97.71052,133.03552,0.000772,0.358258,FORWARD
3198,102.336,66.313054,67.368083,0.3,0.298592,0.3,0.299944,0.298592,0.3,0.3,69.144577,71.197092,97.7482,133.0732,0.000772,0.358258,FORWARD
3199,102.368,62.251196,63.176946,0.3,0.298601,0.068365,0.299961,0.298601,0.3,0.068365,62.849152,73.222881,97.78588,133.11088,0.000772,0.358258,FORWARD
3200,102.4,67.834332,68.095988,0.3,0.298606,0.068142,0.299973,0.298606,0.068142,0.3,74.046312,66.963377,97.78588,133.18624,0.000772,0.358258,FORWARD
3201,102.432,67.983795,69.900341,0.3,0.29861,0.068514,0.299981,0.29861,0.068514,0.3,72.674498,63.181689,97.86124,133.18624,0.000772,0.358258,FORWARD
3202,102.464,66.902884,67.93872,0.3,0.298571,0.3,0.299987,0.298571,0.3,0.3,63.252377,69.839247,97.9366,133.19252,0.000837,0.358258,FORWARD
3203,102.496,65.306547,68.245792,0.3,0.298587,0.3,0.299991,0.298587,0.3,0.3,67.618329,63.992094,97.97428,133.2302,0.000772,0.358258,FORWARD
3204,102.528,72.731227,62.292358,0.068498,0.068498,0.3,0.230543,0.068498,0.3,0.3,70.017392,64.508615,98.01196,133.26788,0.000772,0.358258,FORWARD
3205,102.56,66.080391,72.345561,0.3,0.3,0.3,0.25138,0.3,0.3,0.3,60.129499,65.306705,98.04964,133.30556,0.000772,0.545455,FORWARD
3206,102.592,65.62914,65.380197,0.3,0.299649,0.3,0.265966,0.299649,0.3,0.3,68.846171,69.256255,98.08732,133.34324,0.000772,0.545455,FORWARD
3207,102.624,71.948527,68.011515,0.3,0.299319,0.3,0.276176,0.299319,0.3,0.3,65.759319,63.102005,98.13128,133.38092,0.000837,0.427083,FORWARD
3208,102.656,68.487118,69.463477,0.3,0.299107,0.3,0.283323,0.299107,0.3,0.3,63.657847,68.164803,98.16896,133.4186,0.000772,0.385403,FORWARD
3209,102.688,67.114128,61.953027,0.3,0.29895,0.3,0.288326,0.29895,0.3,0.3,67.01993,64.913791,98.20664,133.45628,0.000772,0.369246,FORWARD
3210,102.72,65.618861,67.613656,0.3,0.298797,0.06858,0.291828,0.298797,0.06858,0.3,72.429424,70.155535,98.24432,133.50024,0.000837,0.362751,FORWARD
3211,102.752,67.217012,66.471997,0.3,0.298736,0.068489,0.29428,0.298736,0.068489,0.3,72.766047,69.53947,98.31968,133.50024,0.000772,0.360103,FORWARD
3212,102.784,62.833608,66.099253,0.3,0.298695,0.3,0.295996,0.298695,0.3,0.3,65.431672,68.74457,98.39504,133.50024,0.000772,0.359017,FORWARD
3213,102.816,68.701877,69.405977,0.3,0.298667,0.3,0.297197,0.298667,0.3,0.3,62.893554,70.781284,98.43272,133.53792,0.000772,0.35857,FORWARD
3214,102.848,65.159512,69.309379,0.3,0.298649,0.3,0.298038,0.298649,0.3,0.3,72.337679,59.507421,98.4704,133.5756,0.000772,0.358386,FORWARD
3215,102.88,63.178361,61.965566,0.3,0.298638,0.3,0.298627,0.298638,0.3,0.3,64.380118,69.217823,98.50808,133.61328,0.000772,0.358311,FORWARD
3216,102.912,60.491538,67.807491,0.3,0.29863,0.3,0.299039,0.29863,0.3,0.3,71.544496,70.304084,98.54576,133.65096,0.000772,0.358279,FORWARD
3217,102.944,65.919628,69.627898,0.3,0.298584,0.3,0.299327,0.298584,0.3,0.3,70.071866,68.337802,98.58344,133.69492,0.000837,0.358267,FORWARD
3218,102.976,76.451142,64.726316,0.06749,0.06749,0.3,0.229776,0.06749,0.3,0.3,60.82954,63.50077,98.6274,133.7326,0.000837,0.358261,FORWARD
3219,103.008,74.276073,64.81629,0.06808,0.067461,0.3,0.181267,0.067461,0.3,0.3,60.831238,63.181375,98.66508,133.77028,0.000772,0.545455,FORWARD
3220,103.04,70.278173,68.432088,0.3,0.3,0.068577,0.216887,0.3,0.3,0.068577,66.60437,72.440192,98.70276,133.80796,0.000772,0.427083,FORWARD
3221,103.072,68.538043,67.464109,0.3,0.299649,0.3,0.241821,0.299649,0.3,0.3,68.812493,69.580128,98.70276,133.88332,0.000772,0.545455,FORWARD
3222,103.104,62.759327,61.130572,0.3,0.299356,0.3,0.259275,0.299356,0.3,0.3,67.970424,63.337856,98.74044,133.921,0.000772,0.427083,FORWARD
3223,103.136,71.539003,61.779062,0.3,0.29913,0.3,0.271492,0.29913,0.3,0.3,67.465889,67.12011,98.77812,133.95868,0.000772,0.385403,FORWARD
3224,103.168,69.554105,72.506728,0.068559,0.068559,0.3,0.210612,0.068559,0.3,0.3,63.763254,60.512832,98.8158,133.99636,0.000772,0.369246,FORWARD
3225,103.2,65.717864,67.510633,0.3,0.3,0.068228,0.237429,0.3,0.068228,0.3,73.730139,69.579872,98.85976,134.03404,0.000837,0.545455,FORWARD
3226,103.232,67.73974,72.219045,0.3,0.29962,0.3,0.2562,0.29962,0.3,0.3,72.313685,67.372061,98.93512,134.04032,0.000837,0.545455,FORWARD
3227,103.264,64.160705,63.71449,0.3,0.29934,0.3,0.26934,0.29934,0.3,0.3,60.265392,67.887446,98.9728,134.078,0.000772,0.427083,FORWARD
3228,103.296,67.402326,64.104912,0.3,0.299119,0.3,0.278538,0.299119,0.3,0.3,68.679588,64.397384,99.01048,134.11568,0.000772,0.385403,FORWARD
3229,103.328,66.253991,66.96393,0.3,0.298957,0.3,0.284977,0.298957,0.3,0.3,63.265266,67.52521,99.04816,134.15336,0.000772,0.369246,FORWARD
3230,103.36,70.040896,67.919122,0.3,0.298843,0.3,0.289484,0.298843,0.3,0.3,67.725283,65.533563,99.08584,134.19104,0.000772,0.362751,FORWARD
3231,103.392,61.424857,69.161231,0.3,0.298766,0.3,0.292639,0.298766,0.3,0.3,67.614262,63.003362,99.12352,134.22872,0.000772,0.360103,FORWARD
3232,103.424,71.327845,63.357599,0.3,0.298714,0.3,0.294847,0.298714,0.3,0.3,70.043298,63.552981,99.1612,134.2664,0.000772,0.359017,FORWARD
3233,103.456,64.45422,76.860052,0.067379,0.067379,0.3,0.226607,0.067379,0.3,0.3,71.037034,69.507843,99.19888,134.30408,0.000772,0.35857,FORWARD
3234,103.488,64.451801,66.103186,0.3,0.3,0.3,0.248625,0.3,0.3,0.3,64.459613,68.426645,99.23656,134.34176,0.000772,0.545455,FORWARD
3235,103.52,66.812369,74.626219,0.067985,0.067985,0.068365,0.194433,0.067985,0.3,0.068365,66.121838,73.224729,99.28052,134.38572,0.000901,0.545455,FORWARD
3236,103.552,71.852582,70.218801,0.3,0.3,0.3,0.226103,0.3,0.3,0.3,62.580819,66.970988,99.28052,134.46108,0.000772,0.545455,FORWARD
3237,103.584,65.142274,66.292413,0.3,0.299649,0.3,0.248272,0.299649,0.3,0.3,67.359346,66.758754,99.3182,134.49876,0.000772,0.545455,FORWARD
3238,103.616,71.368769,67.17221,0.3,0.299356,0.3,0.26379,0.299356,0.3,0.3,71.217067,70.422696,99.35588,134.53644,0.000772,0.427083,FORWARD
3239,103.648,64.923005,66.886259,0.3,0.29913,0.3,0.274653,0.29913,0.3,0.3,67.468426,70.695655,99.39356,134.57412,0.000772,0.385403,FORWARD
3240,103.68,66.97658,69.745018,0.3,0.298964,0.3,0.282257,0.298964,0.3,0.3,64.121663,66.656551,99.43124,134.6118,0.000772,0.369246,FORWARD
3241,103.712,70.009628,71.302968,0.3,0.298847,0.068462,0.28758,0.298847,0.068462,0.3,72.865227,61.808814,99.46892,134.64948,0.000772,0.362751,FORWARD
3242,103.744,66.884058,60.849561,0.3,0.298768,0.3,0.291306,0.298768,0.3,0.3,67.208698,70.797097,99.54428,134.64948,0.000772,0.360103,FORWARD
3243,103.776,72.551556,65.5791,0.068547,0.068547,0.3,0.224478,0.068547,0.3,0.3,66.568223,64.975449,99.58196,134.69344,0.000837,0.359017,FORWARD
3244,103.808,69.64677,65.225335,0.3,0.3,0.3,0.247135,0.3,0.3,0.3,70.027504,68.331178,99.62592,134.73112,0.000837,0.545455,FORWARD
3245,103.84,65.243283,67.25511,0.3,0.299649,0.3,0.262994,0.299649,0.3,0.3,68.867337,63.219788,99.6636,134.7688,0.000772,0.545455,FORWARD
3246,103.872,67.273882,69.7889,0.3,0.299356,0.3,0.274096,0.299356,0.3,0.3,65.235367,65.203687,99.70128,134.80648,0.000772,0.427083,FORWARD
3247,103.904,69.988703,60.840431,0.3,0.29913,0.3,0.281867,0.29913,0.3,0.3,66.827915,59.120299,99.73896,134.84416,0.000772,0.385403,FORWARD
3248,103.936,68.522801,70.919781,0.3,0.298964,0.3,0.287307,0.298964,0.3,0.3,64.780325,64.874911,99.77664,134.88184,0.000772,0.369246,FORWARD
3249,103.968,67.544156,64.065703,0.3,0.298847,0.3,0.291115,0.298847,0.3,0.3,68.674567,71.769156,99.81432,134.91952,0.000772,0.362751,FORWARD
3250,104.0,64.663616,66.44622,0.3,0.298768,0.068552,0.29378,0.298768,0.3,0.068552,65.210717,72.531699,99.852,134.9572,0.000772,0.360103,FORWARD
3251,104.032,61.528723,63.690071,0.3,0.298715,0.067864,0.295646,0.298715,0.067864,0.3,75.072605,65.083474,99.852,135.03256,0.000772,0.359017,FORWARD
3252,104.064,63.584863,65.80676,0.3,0.298639,0.3,0.296952,0.298639,0.3,0.3,64.501247,69.234102,99.92736,135.03884,0.000837,0.35857,FORWARD
3253,104.096,68.063462,67.754327,0.3,0.29859,0.3,0.297867,0.29859,0.3,0.3,67.140377,71.674696,99.97132,135.07652,0.000837,0.358386,FORWARD
3254,104.128,69.503598,68.970044,0.3,0.2986,0.3,0.298507,0.2986,0.3,0.3,72.113985,68.00757,100.009,135.1142,0.000772,0.358311,FORWARD
3255,104.16,64.703613,67.248081,0.3,0.298606,0.3,0.298955,0.298606,0.3,0.3,65.134206,62.619693,100.04668,135.15188,0.000772,0.358279,FORWARD
3256,104.192,66.767266,69.407988,0.3,0.298609,0.3,0.299268,0.298609,0.3,0.3,68.777128,62.403413,100.08436,135.18956,0.000772,0.358267,FORWARD
3257,104.224,69.075488,69.129238,0.3,0.298612,0.3,0.299488,0.298612,0.3,0.3,68.446779,63.580251,100.12204,135.22724,0.000772,0.358261,FORWARD
3258,104.256,67.387299,70.326334,0.3,0.298614,0.3,0.299641,0.298614,0.3,0.3,70.215132,63.711499,100.15972,135.26492,0.000772,0.358259,FORWARD
3259,104.288,70.028895,73.557323,0.068274,0.068274,0.3,0.230231,0.068274,0.3,0.3,63.198824,64.985021,100.1974,135.3026,0.000772,0.358258,FORWARD
3260,104.32,65.551836,69.349241,0.3,0.3,0.3,0.251162,0.3,0.3,0.3,61.449355,69.362143,100.23508,135.34028,0.000772,0.545455,FORWARD
3261,104.352,69.024361,71.338391,0.3,0.29959,0.3,0.265813,0.29959,0.3,0.3,71.297576,63.791408,100.27904,135.38424,0.000901,0.545455,FORWARD
3262,104.384,65.284317,66.084084,0.3,0.299323,0.3,0.276069,0.299323,0.3,0.3,65.018264,63.768347,100.31672,135.42192,0.000772,0.427083,FORWARD
3263,104.416,67.918596,62.975423,0.3,0.299109,0.3,0.283249,0.299109,0.3,0.3,70.608002,69.196713,100.3544,135.4596,0.000772,0.385403,FORWARD
3264,104.448,64.60891,70.161149,0.3,0.298951,0.3,0.288274,0.298951,0.3,0.3,71.808938,67.64758,100.39208,135.49728,0.000772,0.369246,FORWARD
3265,104.48,67.765126,67.752541,0.3,0.298839,0.3,0.291792,0.298839,0.3,0.3,67.267679,66.375877,100.42976,135.53496,0.000772,0.362751,FORWARD
3266,104.512,68.962415,73.721645,0.06823,0.06823,0.3,0.224723,0.06823,0.3,0.3,63.383541,65.97607,100.46744,135.57264,0.000772,0.360103,FORWARD
3267,104.544,66.736917,71.056524,0.3,0.3,0.3,0.247306,0.3,0.3,0.3,63.499067,64.630409,100.50512,135.61032,0.000772,0.545455,FORWARD
3268,104.576,66.384837,70.166251,0.3,0.299649,0.3,0.263114,0.299649,0.3,0.3,67.033546,62.752585,100.5428,135.648,0.000772,0.545455,FORWARD
3269,104.608,78.026822,61.8013,0.067063,0.067063,0.3,0.204299,0.067063,0.3,0.3,72.261706,68.033976,100.58048,135.68568,0.000772,0.427083,FORWARD
3270,104.64,70.625904,72.368429,0.068597,0.06749,0.3,0.163588,0.06749,0.3,0.3,69.926462,71.537613,100.62444,135.72964,0.000901,0.545455,FORWARD
3271,104.672,67.399944,66.624866,0.3,0.3,0.068587,0.204512,0.3,0.068587,0.3,72.403447,63.959568,100.66212,135.76732,0.000772,0.427083,FORWARD
3272,104.704,70.846107,63.531318,0.3,0.299649,0.3,0.233158,0.299649,0.3,0.3,67.184626,63.167866,100.73748,135.76732,0.000772,0.545455,FORWARD
3273,104.736,65.427779,65.616622,0.3,0.299356,0.3,0.253211,0.299356,0.3,0.3,65.622436,64.247375,100.77516,135.805,0.000772,0.427083,FORWARD
3274,104.768,66.256732,69.092597,0.3,0.29913,0.3,0.267248,0.29913,0.3,0.3,62.898098,67.6913,100.81284,135.84268,0.000772,0.385403,FORWARD
3275,104.8,70.277721,66.009464,0.3,0.298964,0.3,0.277073,0.298964,0.3,0.3,70.672559,70.021914,100.85052,135.88036,0.000772,0.369246,FORWARD
3276,104.832,59.545994,67.554115,0.3,0.298847,0.3,0.283951,0.298847,0.3,0.3,70.157036,68.564405,100.8882,135.91804,0.000772,0.362751,FORWARD
3277,104.864,64.695341,63.640937,0.3,0.298768,0.3,0.288766,0.298768,0.3,0.3,68.010527,69.3676,100.92588,135.95572,0.000772,0.360103,FORWARD
3278,104.896,66.403864,65.949558,0.3,0.298674,0.3,0.292136,0.298674,0.3,0.3,65.140945,70.614762,100.96356,135.99968,0.000837,0.359017,FORWARD
3279,104.928,62.222097,72.707767,0.068505,0.068505,0.3,0.225047,0.068505,0.3,0.3,66.193546,65.97079,101.00124,136.03736,0.000772,0.35857,FORWARD
3280,104.96,60.731064,73.485495,0.068294,0.068009,0.3,0.178021,0.068009,0.3,0.3,68.071825,62.591722,101.0452,136.07504,0.000837,0.545455,FORWARD
3281,104.992,63.815361,60.648828,0.3,0.3,0.3,0.214615,0.3,0.3,0.3,64.064342,67.252429,101.08288,136.11272,0.000772,0.427083,FORWARD
3282,105.024,66.855619,66.216838,0.3,0.299649,0.3,0.24023,0.299649,0.3,0.3,65.409128,65.717539,101.12056,136.1504,0.000772,0.545455,FORWARD
3283,105.056,70.277064,68.438245,0.3,0.299356,0.3,0.258161,0.299356,0.3,0.3,70.039162,72.041815,101.15824,136.18808,0.000772,0.427083,FORWARD
3284,105.088,67.725158,64.448228,0.3,0.29913,0.3,0.270713,0.29913,0.3,0.3,64.393587,69.318,101.19592,136.22576,0.000772,0.385403,FORWARD
3285,105.12,65.296912,65.774621,0.3,0.298964,0.3,0.279499,0.298964,0.3,0.3,71.263677,63.08092,101.2336,136.26344,0.000772,0.369246,FORWARD
3286,105.152,66.623673,67.232648,0.3,0.298847,0.3,0.285649,0.298847,0.3,0.3,66.075001,70.065341,101.27128,136.30112,0.000772,0.362751,FORWARD
3287,105.184,65.878752,63.361941,0.3,0.298727,0.3,0.289954,0.298727,0.3,0.3,71.734289,60.589339,101.30896,136.34508,0.000837,0.360103,FORWARD
3288,105.216,66.743535,71.051953,0.3,0.298689,0.3,0.292968,0.298689,0.3,0.3,66.522032,65.896877,101.34664,136.38276,0.000772,0.359017,FORWARD
3289,105.248,65.899322,68.55505,0.3,0.298622,0.3,0.295078,0.298622,0.3,0.3,60.951745,66.008786,101.3906,136.42044,0.000837,0.35857,FORWARD
3290,105.28,68.711182,70.138957,0.3,0.29862,0.3,0.296554,0.29862,0.3,0.3,64.645256,69.021092,101.42828,136.45812,0.000772,0.358386,FORWARD
3291,105.312,64.986149,66.906029,0.3,0.298619,0.3,0.297588,0.298619,0.3,0.3,66.789833,65.186943,101.46596,136.4958,0.000772,0.358311,FORWARD
3292,105.344,66.512566,68.547735,0.3,0.298618,0.3,0.298312,0.298618,0.3,0.3,71.582404,66.658331,101.50364,136.53348,0.000772,0.358279,FORWARD
3293,105.376,64.380308,66.898589,0.3,0.298618,0.3,0.298818,0.298618,0.3,0.3,67.101475,69.600434,101.54132,136.57116,0.000772,0.358267,FORWARD
3294,105.408,68.509215,63.81139,0.3,0.298617,0.3,0.299173,0.298617,0.3,0.3,69.866885,67.826202,101.579,136.60884,0.000772,0.358261,FORWARD
3295,105.44,68.259031,65.541769,0.3,0.298576,0.3,0.299421,0.298576,0.3,0.3,66.187347,70.662042,101.61668,136.6528,0.000837,0.358259,FORWARD
3296,105.472,72.000813,70.211365,0.3,0.29859,0.3,0.299595,0.29859,0.3,0.3,69.26299,68.462428,101.65436,136.69048,0.000772,0.358258,FORWARD
3297,105.504,69.402249,62.167041,0.3,0.2986,0.3,0.299716,0.2986,0.3,0.3,64.632532,63.443743,101.69204,136.72816,0.000772,0.358258,FORWARD
3298,105.536,64.880414,66.511257,0.3,0.298564,0.068167,0.299801,0.298564,0.068167,0.3,73.954529,66.615428,101.736,136.76584,0.000837,0.358258,FORWARD
3299,105.568,64.882874,65.625764,0.3,0.298583,0.3,0.299861,0.298583,0.3,0.3,67.756051,63.234533,101.81136,136.76584,0.000772,0.358258,FORWARD
3300,105.6,69.517388,68.931908,0.3,0.298595,0.3,0.299903,0.298595,0.3,0.3,70.592046,67.689545,101.84904,136.80352,0.000772,0.358258,FORWARD
3301,105.632,67.488474,67.205772,0.3,0.298603,0.3,0.299932,0.298603,0.3,0.3,68.647283,63.643297,101.88672,136.8412,0.000772,0.358258,FORWARD
3302,105.664,67.910544,70.390903,0.3,0.298608,0.3,0.299952,0.298608,0.3,0.3,71.286733,64.599444,101.9244,136.87888,0.000772,0.358258,FORWARD
3303,105.696,64.803773,67.762653,0.3,0.298569,0.3,0.299967,0.298569,0.3,0.3,67.427264,60.711572,101.96208,136.92284,0.000837,0.358258,FORWARD
3304,105.728,63.891374,66.140129,0.3,0.298586,0.3,0.299977,0.298586,0.3,0.3,67.390737,64.74554,101.99976,136.96052,0.000772,0.358258,FORWARD
3305,105.76,60.38618,67.931309,0.3,0.298597,0.3,0.299984,0.298597,0.3,0.3,66.124864,65.087884,102.03744,136.9982,0.000772,0.358258,FORWARD
3306,105.792,68.663104,67.160541,0.3,0.298604,0.3,0.299989,0.298604,0.3,0.3,64.291315,62.562519,102.07512,137.03588,0.000772,0.358258,FORWARD
3307,105.824,67.164495,64.162886,0.3,0.298567,0.3,0.299992,0.298567,0.3,0.3,66.493216,67.075558,102.11908,137.07356,0.000837,0.358258,FORWARD
3308,105.856,66.100883,71.138813,0.3,0.298585,0.3,0.299994,0.298585,0.3,0.3,67.577356,67.922294,102.15676,137.11124,0.000772,0.358258,FORWARD
3309,105.888,66.780092,69.615751,0.3,0.298596,0.068104,0.299996,0.298596,0.3,0.068104,70.055114,74.187756,102.19444,137.14892,0.000772,0.358258,FORWARD
3310,105.92,72.376588,72.911742,0.068449,0.068449,0.3,0.230532,0.068449,0.3,0.3,68.730915,67.959673,102.19444,137.22428,0.000772,0.358258,FORWARD
3311,105.952,64.231201,72.502413,0.06856,0.068159,0.3,0.181941,0.068159,0.3,0.3,67.575959,66.470208,102.23212,137.26196,0.000772,0.545455,FORWARD
3312,105.984,71.462398,66.345034,0.3,0.3,0.3,0.217358,0.3,0.3,0.3,69.590827,67.103583,102.2698,137.29964,0.000772,0.427083,FORWARD
3313,106.016,66.249634,67.756896,0.3,0.29962,0.068131,0.242151,0.29962,0.3,0.068131,68.360761,74.08492,102.30748,137.3436,0.000837,0.545455,FORWARD
3314,106.048,67.009734,68.818559,0.3,0.299303,0.3,0.259506,0.299303,0.3,0.3,62.173991,70.659294,102.31376,137.41896,0.000837,0.427083,FORWARD
3315,106.08,64.492389,69.26217,0.3,0.299097,0.3,0.271654,0.299097,0.3,0.3,68.79152,62.596101,102.35144,137.45664,0.000772,0.385403,FORWARD
3316,106.112,66.163494,64.758104,0.3,0.298943,0.3,0.280158,0.298943,0.3,0.3,64.239405,66.190321,102.38912,137.49432,0.000772,0.369246,FORWARD
3317,106.144,61.840596,63.986812,0.3,0.298834,0.3,0.28611,0.298834,0.3,0.3,66.429426,69.94638,102.4268,137.532,0.000772,0.362751,FORWARD
3318,106.176,62.98739,65.7884,0.3,0.29876,0.3,0.290277,0.29876,0.3,0.3,65.54925,60.791716,102.46448,137.56968,0.000772,0.360103,FORWARD
3319,106.208,70.783412,69.054787,0.3,0.29871,0.3,0.293194,0.29871,0.3,0.3,70.502855,72.3103,102.50216,137.60736,0.000772,0.359017,FORWARD
3320,106.24,69.717131,67.524952,0.3,0.298677,0.3,0.295236,0.298677,0.3,0.3,70.476078,62.479752,102.53984,137.64504,0.000772,0.35857,FORWARD
3321,106.272,65.129769,62.998329,0.3,0.298656,0.3,0.296665,0.298656,0.3,0.3,66.519407,64.559469,102.57752,137.68272,0.000772,0.358386,FORWARD
3322,106.304,70.780045,69.133096,0.3,0.298642,0.3,0.297666,0.298642,0.3,0.3,71.907827,69.899611,102.6152,137.7204,0.000772,0.358311,FORWARD
3323,106.336,63.346537,69.347799,0.3,0.29855,0.3,0.298366,0.29855,0.3,0.3,68.317468,58.893063,102.65916,137.76436,0.000901,0.358279,FORWARD
3324,106.368,64.092386,68.826054,0.3,0.298574,0.3,0.298856,0.298574,0.3,0.3,69.601642,65.224082,102.69684,137.80204,0.000772,0.358267,FORWARD
3325,106.4,69.043455,68.658709,0.3,0.298589,0.3,0.299199,0.298589,0.3,0.3,70.974046,67.535027,102.73452,137.83972,0.000772,0.358261,FORWARD
3326,106.432,72.765186,64.885108,0.068489,0.068489,0.068118,0.229986,0.068489,0.3,0.068118,64.81066,74.13538,102.7722,137.8774,0.000772,0.358259,FORWARD
3327,106.464,73.251036,58.237254,0.068357,0.068066,0.3,0.181498,0.068066,0.3,0.3,64.279766,71.633321,102.7722,137.95276,0.000772,0.545455,FORWARD
3328,106.496,67.933468,65.972248,0.3,0.3,0.3,0.217048,0.3,0.3,0.3,66.177352,63.556729,102.80988,137.99044,0.000772,0.427083,FORWARD
3329,106.528,62.872006,68.507995,0.3,0.299649,0.3,0.241934,0.299649,0.3,0.3,66.288521,69.928234,102.84756,138.02812,0.000772,0.545455,FORWARD
3330,106.56,62.549144,71.443769,0.3,0.299356,0.3,0.259354,0.299356,0.3,0.3,68.796906,66.224041,102.88524,138.0658,0.000772,0.427083,FORWARD
3331,106.592,64.742217,69.03273,0.3,0.29909,0.3,0.271548,0.29909,0.3,0.3,65.556968,66.314268,102.9292,138.10348,0.000837,0.385403,FORWARD
3332,106.624,67.965813,64.817602,0.3,0.298898,0.3,0.280083,0.298898,0.3,0.3,63.074552,71.299271,102.96688,138.14744,0.000837,0.369246,FORWARD
3333,106.656,63.952165,76.561245,0.06746,0.06746,0.3,0.216296,0.06746,0.3,0.3,67.570181,71.505146,103.00456,138.18512,0.000772,0.362751,FORWARD
3334,106.688,69.334201,67.652802,0.3,0.3,0.3,0.241407,0.3,0.3,0.3,64.795742,64.546017,103.04224,138.2228,0.000772,0.545455,FORWARD
3335,106.72,63.516723,66.248822,0.3,0.299649,0.3,0.258985,0.299649,0.3,0.3,65.353793,71.534344,103.07992,138.26048,0.000772,0.545455,FORWARD
3336,106.752,70.018797,70.902255,0.3,0.299356,0.3,0.27129,0.299356,0.3,0.3,68.061583,67.430849,103.1176,138.29816,0.000772,0.427083,FORWARD
3337,106.784,68.096953,64.263601,0.3,0.29913,0.068261,0.279903,0.29913,0.068261,0.3,73.608641,65.336573,103.15528,138.33584,0.000772,0.385403,FORWARD
3338,106.816,68.888888,72.126463,0.3,0.298964,0.3,0.285932,0.298964,0.3,0.3,63.263026,68.890382,103.23064,138.33584,0.000772,0.369246,FORWARD
3339,106.848,68.26581,67.382449,0.3,0.298847,0.068416,0.290152,0.298847,0.3,0.068416,65.955803,73.034194,103.26832,138.37352,0.000772,0.362751,FORWARD
3340,106.88,61.684127,67.520621,0.3,0.298727,0.3,0.293107,0.298727,0.3,0.3,68.619516,64.971673,103.2746,138.44888,0.000837,0.360103,FORWARD
3341,106.912,67.145656,59.978055,0.3,0.298648,0.068353,0.295175,0.298648,0.3,0.068353,69.34341,73.268981,103.31228,138.49284,0.000837,0.359017,FORWARD
3342,106.944,66.348767,63.213947,0.3,0.298637,0.3,0.296622,0.298637,0.3,0.3,67.029631,65.784859,103.31228,138.5682,0.000772,0.35857,FORWARD
3343,106.976,65.992878,76.515439,0.067473,0.067473,0.06811,0.227877,0.067473,0.3,0.06811,67.194869,74.165746,103.34996,138.60588,0.000772,0.358386,FORWARD
3344,107.008,70.848591,70.478751,0.3,0.3,0.3,0.249514,0.3,0.3,0.3,64.310415,63.881643,103.34996,138.68124,0.000772,0.545455,FORWARD
3345,107.04,69.593264,64.462776,0.3,0.299649,0.3,0.26466,0.299649,0.3,0.3,62.25268,69.794043,103.38764,138.71892,0.000772,0.545455,FORWARD
3346,107.072,65.371568,67.328467,0.3,0.299356,0.068324,0.275262,0.299356,0.068324,0.3,73.375896,69.109382,103.42532,138.7566,0.000772,0.427083,FORWARD
3347,107.104,68.899306,73.001006,0.068425,0.068425,0.3,0.213211,0.068425,0.3,0.3,66.742299,69.534541,103.50068,138.7566,0.000772,0.385403,FORWARD
3348,107.136,72.597698,66.228974,0.068534,0.068104,0.3,0.169808,0.068104,0.3,0.3,71.734789,66.562698,103.54464,138.79428,0.000837,0.545455,FORWARD
3349,107.168,69.381141,74.92658,0.067903,0.067576,0.3,0.139237,0.067576,0.3,0.3,66.061367,62.626285,103.58232,138.83196,0.000772,0.427083,FORWARD
3350,107.2,71.952021,65.941717,0.3,0.3,0.3,0.187466,0.3,0.3,0.3,70.139471,69.974617,103.62,138.86964,0.000772,0.385403,FORWARD
3351,107.232,70.997483,66.675689,0.3,0.29962,0.3,0.221226,0.29962,0.3,0.3,66.835568,70.786498,103.65768,138.9136,0.000837,0.545455,FORWARD
3352,107.264,66.372956,70.807361,0.3,0.29934,0.3,0.244858,0.29934,0.3,0.3,68.629912,60.657199,103.69536,138.95128,0.000772,0.427083,FORWARD
3353,107.296,66.997344,73.346891,0.068331,0.068331,0.3,0.1919,0.068331,0.3,0.3,68.653715,67.570246,103.73304,138.98896,0.000772,0.385403,FORWARD
3354,107.328,69.235019,67.140175,0.3,0.3,0.3,0.22433,0.3,0.3,0.3,64.604776,65.385361,103.77072,139.02664,0.000772,0.545455,FORWARD
3355,107.36,62.643561,64.278354,0.3,0.299649,0.3,0.247031,0.299649,0.3,0.3,66.608766,70.356362,103.8084,139.06432,0.000772,0.545455,FORWARD
3356,107.392,65.483492,65.600028,0.3,0.299356,0.067906,0.262922,0.299356,0.3,0.067906,67.581225,74.917746,103.84608,139.102,0.000772,0.427083,FORWARD
3357,107.424,64.47219,70.736482,0.3,0.29909,0.3,0.274045,0.29909,0.3,0.3,63.693137,64.14846,103.85236,139.17736,0.000837,0.385403,FORWARD
3358,107.456,67.248702,68.703554,0.3,0.298939,0.3,0.281832,0.298939,0.3,0.3,70.002186,62.006073,103.89004,139.21504,0.000772,0.369246,FORWARD
3359,107.488,74.157893,67.575192,0.068112,0.068112,0.3,0.217716,0.068112,0.3,0.3,69.270726,68.43499,103.92772,139.25272,0.000772,0.362751,FORWARD
3360,107.52,67.37643,69.090791,0.3,0.3,0.3,0.242401,0.3,0.3,0.3,67.658826,70.818026,103.9654,139.2904,0.000772,0.545455,FORWARD
3361,107.552,63.122208,73.002082,0.068425,0.068425,0.3,0.190208,0.068425,0.3,0.3,67.099141,67.978098,104.00308,139.33436,0.000837,0.545455,FORWARD
3362,107.584,65.542686,66.675131,0.3,0.3,0.3,0.223146,0.3,0.3,0.3,69.231581,70.006023,104.04076,139.37204,0.000772,0.545455,FORWARD
3363,107.616,69.131673,62.506024,0.3,0.299649,0.3,0.246202,0.299649,0.3,0.3,71.167,67.707149,104.07844,139.40972,0.000772,0.545455,FORWARD
3364,107.648,68.268222,69.594936,0.3,0.299356,0.3,0.262341,0.299356,0.3,0.3,65.418021,68.708885,104.11612,139.4474,0.000772,0.427083,FORWARD
3365,107.68,60.341058,65.198582,0.3,0.29909,0.068514,0.273639,0.29909,0.068514,0.3,72.672446,71.022576,104.16008,139.48508,0.000837,0.385403,FORWARD
3366,107.712,65.625461,62.087202,0.3,0.298939,0.3,0.281547,0.298939,0.3,0.3,67.466114,65.863896,104.23544,139.48508,0.000772,0.369246,FORWARD
3367,107.744,62.792292,68.391139,0.3,0.298832,0.3,0.287083,0.298832,0.3,0.3,67.58419,66.23628,104.27312,139.52276,0.000772,0.362751,FORWARD
3368,107.776,68.480881,66.232382,0.3,0.298717,0.068225,0.290958,0.298717,0.068225,0.3,73.739854,68.962509,104.3108,139.56672,0.000837,0.360103,FORWARD
3369,107.808,60.358975,58.778379,0.3,0.298682,0.3,0.293671,0.298682,0.3,0.3,65.189195,61.850163,104.38616,139.56672,0.000772,0.359017,FORWARD
3370,107.84,71.727222,66.74311,0.3,0.298659,0.3,0.29557,0.298659,0.3,0.3,62.811244,72.020071,104.42384,139.6044,0.000772,0.35857,FORWARD
3371,107.872,75.127276,72.300827,0.067849,0.067849,0.3,0.227253,0.067849,0.3,0.3,68.702152,68.133646,104.46152,139.64208,0.000772,0.358386,FORWARD
3372,107.904,65.705962,67.311206,0.3,0.3,0.3,0.249077,0.3,0.3,0.3,68.300159,64.116391,104.4992,139.67976,0.000772,0.545455,FORWARD
3373,107.936,68.745713,67.231374,0.3,0.299649,0.3,0.264354,0.299649,0.3,0.3,67.063244,64.910763,104.53688,139.71744,0.000772,0.545455,FORWARD
3374,107.968,64.913789,64.986846,0.3,0.299356,0.3,0.275048,0.299356,0.3,0.3,65.429414,65.909293,104.57456,139.75512,0.000772,0.427083,FORWARD
3375,108.0,65.149898,61.623967,0.3,0.29909,0.3,0.282534,0.29909,0.3,0.3,69.116918,64.5679,104.61852,139.7928,0.000837,0.385403,FORWARD
3376,108.032,69.951323,72.021415,0.3,0.298898,0.068361,0.287773,0.298898,0.068361,0.3,73.237942,64.216764,104.6562,139.83676,0.000837,0.369246,FORWARD
3377,108.064,70.498508,68.039907,0.3,0.298806,0.3,0.291441,0.298806,0.3,0.3,66.635581,65.871884,104.73156,139.83676,0.000772,0.362751,FORWARD
3378,108.096,67.291889,70.091838,0.3,0.298741,0.3,0.294009,0.298741,0.3,0.3,67.609935,71.414134,104.76924,139.87444,0.000772,0.360103,FORWARD
3379,108.128,64.712673,67.007787,0.3,0.298698,0.3,0.295806,0.298698,0.3,0.3,71.618534,68.00746,104.80692,139.91212,0.000772,0.359017,FORWARD
3380,108.16,68.574506,66.139676,0.3,0.29867,0.3,0.297064,0.29867,0.3,0.3,65.913262,67.445404,104.8446,139.9498,0.000772,0.35857,FORWARD
3381,108.192,62.598481,60.908626,0.3,0.298651,0.3,0.297945,0.298651,0.3,0.3,64.532004,66.703488,104.88228,139.98748,0.000772,0.358386,FORWARD
3382,108.224,67.390367,66.213579,0.3,0.298639,0.3,0.298562,0.298639,0.3,0.3,65.923754,61.460716,104.91996,140.02516,0.000772,0.358311,FORWARD
3383,108.256,62.232279,65.146945,0.3,0.298631,0.3,0.298993,0.298631,0.3,0.3,65.907032,65.32025,104.95764,140.06284,0.000772,0.358279,FORWARD
3384,108.288,63.940483,59.488963,0.3,0.298584,0.3,0.299295,0.298584,0.3,0.3,62.363381,65.376211,104.99532,140.1068,0.000837,0.358267,FORWARD
3385,108.32,64.898304,65.803704,0.3,0.298554,0.3,0.299507,0.298554,0.3,0.3,66.450449,70.394806,105.03928,140.14448,0.000837,0.358261,FORWARD
3386,108.352,69.817699,66.929161,0.3,0.298577,0.3,0.299655,0.298577,0.3,0.3,65.749404,70.462509,105.07696,140.18216,0.000772,0.358259,FORWARD
3387,108.384,69.853124,69.199114,0.3,0.298591,0.3,0.299758,0.298591,0.3,0.3,64.766571,72.211196,105.11464,140.21984,0.000772,0.358258,FORWARD
3388,108.416,64.227322,66.890601,0.3,0.2986,0.3,0.299831,0.2986,0.3,0.3,62.126517,70.094472,105.15232,140.25752,0.000772,0.358258,FORWARD
3389,108.448,67.365281,73.661945,0.068246,0.068246,0.3,0.230355,0.068246,0.3,0.3,67.850789,67.899006,105.19,140.2952,0.000772,0.358258,FORWARD
3390,108.48,59.703391,68.154579,0.3,0.3,0.3,0.251249,0.3,0.3,0.3,68.816526,64.057265,105.22768,140.33288,0.000772,0.545455,FORWARD
3391,108.512,68.576522,60.95538,0.3,0.299649,0.3,0.265874,0.299649,0.3,0.3,62.059601,69.493309,105.26536,140.37056,0.000772,0.545455,FORWARD
3392,108.544,68.682619,67.46572,0.3,0.299356,0.06837,0.276112,0.299356,0.3,0.06837,64.324974,73.205299,105.30304,140.40824,0.000772,0.427083,FORWARD
3393,108.576,68.000835,69.822407,0.3,0.29909,0.3,0.283278,0.29909,0.3,0.3,60.503946,68.148005,105.30932,140.4836,0.000837,0.385403,FORWARD
3394,108.608,69.845952,66.095505,0.3,0.298898,0.3,0.288295,0.298898,0.3,0.3,66.048154,63.264367,105.347,140.52756,0.000837,0.369246,FORWARD
3395,108.64,71.500703,67.45339,0.3,0.298806,0.068216,0.291806,0.298806,0.3,0.068216,66.75491,73.772313,105.38468,140.56524,0.000772,0.362751,FORWARD
3396,108.672,65.089573,61.954473,0.3,0.298741,0.3,0.294264,0.298741,0.3,0.3,67.320158,67.414118,105.38468,140.6406,0.000772,0.360103,FORWARD
3397,108.704,64.621911,70.059031,0.3,0.298698,0.3,0.295985,0.298698,0.3,0.3,68.39932,69.067166,105.42236,140.67828,0.000772,0.359017,FORWARD
3398,108.736,72.273425,69.830961,0.3,0.29867,0.3,0.29719,0.29867,0.3,0.3,65.271376,64.450958,105.46004,140.71596,0.000772,0.35857,FORWARD
3399,108.768,70.195105,68.496713,0.3,0.298651,0.3,0.298033,0.298651,0.3,0.3,65.844347,65.041908,105.49772,140.75364,0.000772,0.358386,FORWARD
3400,108.8,62.529502,66.226134,0.3,0.298639,0.3,0.298623,0.298639,0.3,0.3,65.528398,64.730087,105.5354,140.79132,0.000772,0.358311,FORWARD
3401,108.832,66.880136,63.78378,0.3,0.298589,0.3,0.299036,0.298589,0.3,0.3,66.729731,68.259404,105.57936,140.829,0.000837,0.358279,FORWARD
3402,108.864,65.61669,64.059064,0.3,0.298599,0.3,0.299325,0.298599,0.3,0.3,67.520605,67.870759,105.61704,140.86668,0.000772,0.358267,FORWARD
3403,108.896,71.542665,67.902684,0.3,0.298605,0.3,0.299528,0.298605,0.3,0.3,68.432889,61.454579,105.65472,140.90436,0.000772,0.358261,FORWARD
3404,108.928,64.202111,65.646624,0.3,0.298568,0.3,0.299669,0.298568,0.3,0.3,66.596943,64.590019,105.6924,140.94832,0.000837,0.358259,FORWARD
3405,108.96,69.140361,69.127024,0.3,0.298585,0.3,0.299769,0.298585,0.3,0.3,65.580056,64.077582,105.73008,140.986,0.000772,0.358258,FORWARD
3406,108.992,63.056905,71.189417,0.3,0.298596,0.3,0.299838,0.298596,0.3,0.3,58.201654,62.058788,105.76776,141.02368,0.000772,0.358258,FORWARD
3407,109.024,61.792061,66.886479,0.3,0.298604,0.3,0.299887,0.298604,0.3,0.3,69.80758,65.576459,105.80544,141.06136,0.000772,0.358258,FORWARD
3408,109.056,70.017295,58.441855,0.3,0.298608,0.3,0.299921,0.298608,0.3,0.3,63.473429,69.287469,105.84312,141.09904,0.000772,0.358258,FORWARD
3409,109.088,69.302074,63.531841,0.3,0.298611,0.068445,0.299944,0.298611,0.068445,0.3,72.926481,62.541895,105.8808,141.13672,0.000772,0.358258,FORWARD
3410,109.12,71.478308,64.695618,0.3,0.298613,0.3,0.299961,0.298613,0.3,0.3,70.519866,67.023887,105.95616,141.13672,0.000772,0.358258,FORWARD
3411,109.152,59.146031,63.509856,0.3,0.298573,0.3,0.299973,0.298573,0.3,0.3,70.600868,61.927916,106.00012,141.1744,0.000837,0.358258,FORWARD
3412,109.184,69.447589,69.523036,0.3,0.298547,0.068388,0.299981,0.298547,0.3,0.068388,71.376126,73.138604,106.0378,141.21836,0.000837,0.358258,FORWARD
3413,109.216,71.150327,61.491612,0.3,0.298572,0.3,0.299987,0.298572,0.3,0.3,68.653407,63.438191,106.0378,141.29372,0.000772,0.358258,FORWARD
3414,109.248,66.106914,69.386185,0.3,0.298588,0.3,0.299991,0.298588,0.3,0.3,65.189546,69.094488,106.07548,141.3314,0.000772,0.358258,FORWARD
3415,109.28,71.201458,66.552212,0.3,0.298598,0.067281,0.299993,0.298598,0.3,0.067281,67.445698,77.222379,106.11316,141.36908,0.000772,0.358258,FORWARD
3416,109.312,78.576859,64.938266,0.066914,0.066914,0.3,0.23007,0.066914,0.3,0.3,64.3056,70.834062,106.11316,141.44444,0.000772,0.358258,FORWARD
3417,109.344,74.829323,71.074487,0.06793,0.067117,0.3,0.181428,0.067117,0.3,0.3,69.440767,72.251044,106.15084,141.48212,0.000772,0.545455,FORWARD
3418,109.376,76.297387,66.552989,0.067532,0.066815,0.3,0.147259,0.066815,0.3,0.3,62.331926,71.531225,106.1948,141.5198,0.000837,0.427083,FORWARD
3419,109.408,88.80536,69.467381,0.064142,0.064142,0.068286,0.122324,0.06531,0.068286,0.3,73.513429,70.320346,106.23248,141.55748,0.000772,0.385403,FORWARD
3420,109.44,88.344273,65.673738,0.064267,0.064267,0.3,0.104907,0.064438,0.3,0.3,65.344474,63.128781,106.30784,141.55748,0.000772,0.369246,FORWARD
3421,109.472,96.327019,65.175982,0.062104,0.062104,0.3,0.092066,0.063058,0.3,0.3,65.293683,65.181016,106.34552,141.60144,0.000837,0.362751,FORWARD
3422,109.504,94.690926,70.727713,0.062547,0.06238,0.3,0.08321,0.06238,0.3,0.3,69.193208,67.764088,106.3832,141.63912,0.000772,0.360103,FORWARD
3423,109.536,100.108863,73.360538,0.061079,0.061079,0.3,0.076571,0.061418,0.3,0.3,72.219669,68.914043,106.42088,141.6768,0.000772,0.359017,FORWARD
3424,109.568,102.975274,81.921718,0.060302,0.060302,0.3,0.07169,0.060522,0.3,0.3,64.566223,70.320016,106.45856,141.71448,0.000772,0.35857,FORWARD
3425,109.6,105.082291,81.320358,0.059376,0.059376,0.3,0.067996,0.059616,0.3,0.3,68.891573,70.447546,106.49624,141.75216,0.000772,0.358386,FORWARD
3426,109.632,103.334013,87.499194,0.060205,0.059331,0.3,0.065659,0.059331,0.3,0.3,69.329876,61.125158,106.53392,141.78984,0.000772,0.358311,FORWARD
3427,109.664,109.557741,89.419926,0.056563,0.056563,0.3,0.06293,0.057844,0.3,0.3,67.598717,67.808722,106.5716,141.82752,0.000772,0.358279,FORWARD
3428,109.696,108.583977,94.467065,0.057175,0.057067,0.3,0.061204,0.057067,0.3,0.3,67.545421,67.253851,106.61556,141.8652,0.000837,0.358267,FORWARD
3429,109.728,112.760735,97.093959,0.05455,0.05455,0.3,0.059208,0.05567,0.3,0.3,62.594227,67.717866,106.65324,141.90288,0.000772,0.358261,FORWARD
3430,109.76,107.846533,106.164743,0.057639,0.055838,0.3,0.058737,0.055838,0.3,0.3,68.972088,67.423804,106.69092,141.94684,0.000837,0.358259,FORWARD
3431,109.792,123.915538,105.995386,0.04897,0.04897,0.068322,0.055807,0.052882,0.3,0.068322,66.81192,73.383581,106.7286,141.98452,0.000772,0.358258,FORWARD
3432,109.824,117.523881,113.147583,0.051556,0.051556,0.3,0.054532,0.051911,0.3,0.3,62.963094,63.452559,106.7286,142.05988,0.000772,0.358258,FORWARD
3433,109.856,112.19136,110.393468,0.054908,0.052489,0.3,0.054645,0.052489,0.3,0.3,58.83955,68.325022,106.76628,142.09756,0.000772,0.358258,FORWARD
3434,109.888,114.899344,109.601262,0.053206,0.05225,0.3,0.054213,0.05225,0.3,0.3,66.74614,67.69774,106.80396,142.13524,0.000772,0.358258,FORWARD
3435,109.92,130.652248,122.422003,0.047199,0.047199,0.3,0.052109,0.049945,0.3,0.3,69.084206,65.044591,106.84164,142.17292,0.000772,0.358258,FORWARD
3436,109.952,133.255397,114.763827,0.046514,0.046514,0.3,0.050431,0.04822,0.3,0.3,66.442987,65.85248,106.87932,142.2106,0.000772,0.358258,FORWARD
3437,109.984,134.503808,115.49698,0.046186,0.046186,0.3,0.049157,0.047037,0.3,0.3,66.097701,69.702302,106.917,142.242,0.000708,0.358258,FORWARD
3438,110.016,137.134598,116.778995,0.045494,0.045494,0.3,0.048058,0.04603,0.3,0.3,65.842289,70.368872,106.9484,142.27968,0.000708,0.358258,FORWARD
3439,110.048,137.578188,117.654664,0.045378,0.045301,0.3,0.047254,0.045301,0.3,0.3,72.194619,65.853552,106.98608,142.31736,0.000772,0.358258,FORWARD
3440,110.08,143.323365,137.213109,0.043867,0.043867,0.3,0.046238,0.044333,0.3,0.3,62.351314,61.918746,107.02376,142.34876,0.000708,0.358258,FORWARD
3441,110.112,152.315673,125.58846,0.041503,0.041503,0.3,0.044817,0.042906,0.3,0.3,69.665585,69.962607,107.05516,142.38016,0.000644,0.358258,FORWARD
3442,110.144,157.222528,140.362311,0.040212,0.040212,0.3,0.043436,0.041486,0.3,0.3,69.553623,69.865232,107.08656,142.41784,0.000708,0.358258,FORWARD
3443,110.176,153.06628,142.364654,0.041305,0.04105,0.3,0.042797,0.04105,0.3,0.3,69.47027,68.100771,107.11796,142.44296,0.000579,0.358258,FORWARD
3444,110.208,164.243401,150.515898,0.039192,0.039192,0.3,0.041715,0.039971,0.3,0.3,66.617597,71.758429,107.14936,142.47436,0.000644,0.358258,TURN_LEFT
3445,110.24,156.108407,160.955173,0.03962,0.03962,0.3,0.041087,0.039845,0.3,0.3,60.586951,71.153862,107.06772,142.556,0.0,0.358258,TURN_LEFT
3446,110.272,143.297989,149.175003,0.042328,0.040694,0.3,0.041459,0.040694,0.3,0.3,68.312375,65.13057,106.99236,142.63764,6.4e-05,0.358258,TURN_LEFT
3447,110.304,144.079574,164.768864,0.039124,0.039124,0.3,0.040759,0.040131,0.3,0.3,65.93748,64.601906,106.91072,142.71928,-0.0,0.358258,TURN_LEFT
3448,110.336,132.942021,176.941579,0.037541,0.037541,0.3,0.039793,0.039244,0.3,0.3,62.989991,61.657897,106.82908,142.79464,-6.4e-05,0.358258,TURN_LEFT
3449,110.368,126.22171,176.387867,0.037613,0.037613,0.3,0.039139,0.03866,0.3,0.3,65.504073,64.400912,106.74744,142.87628,0.0,0.358258,TURN_LEFT
3450,110.4,111.454741,173.933819,0.037932,0.037932,0.3,0.038777,0.038358,0.3,0.3,70.839684,66.281269,106.67208,142.95792,6.4e-05,0.358258,TURN_LEFT
3451,110.432,103.044434,167.326838,0.038791,0.038513,0.3,0.038781,0.038513,0.3,0.3,64.232817,69.51223,106.59044,143.03956,0.0,0.358258,TURN_LEFT
3452,110.464,94.506036,174.390692,0.037872,0.037872,0.3,0.038509,0.038325,0.3,0.3,70.017789,70.343974,106.5088,143.11492,-6.4e-05,0.358258,TURN_LEFT
3453,110.496,83.235719,162.638369,0.039401,0.03871,0.3,0.038776,0.03871,0.3,0.3,63.366805,67.762479,106.42716,143.19656,0.0,0.358258,TURN_LEFT
3454,110.528,64.902925,169.768272,0.038474,0.038474,0.3,0.038685,0.038584,0.3,0.3,67.815187,66.746115,106.3518,143.2782,6.4e-05,0.358258,TURN_LEFT
3455,110.56,67.206353,150.878867,0.04188,0.039806,0.3,0.039644,0.039806,0.3,0.3,64.134951,70.410158,106.27016,143.35356,-6.4e-05,0.358258,TURN_LEFT
3456,110.592,64.931117,155.193156,0.040746,0.040143,0.3,0.039975,0.040143,0.3,0.3,69.874786,68.091307,106.18852,143.4352,0.0,0.358258,TURN_LEFT
3457,110.624,69.339113,146.673956,0.042986,0.041162,0.3,0.040878,0.041162,0.3,0.3,70.280876,64.536429,106.10688,143.51684,0.0,0.358258,TURN_LEFT
3458,110.656,67.371384,145.915813,0.043185,0.041845,0.3,0.04157,0.041845,0.3,0.3,71.311028,63.148049,106.03152,143.59848,6.4e-05,0.358258,TURN_LEFT
3459,110.688,71.303356,139.697387,0.044821,0.042953,0.068461,0.042545,0.042953,0.068461,0.3,72.868481,66.416183,105.94988,143.67384,-6.4e-05,0.358258,TURN_RIGHT
3460,110.72,69.585366,139.69032,0.044822,0.043581,0.3,0.043228,0.043581,0.3,0.3,66.177942,66.563277,106.03152,143.59848,6.4e-05,0.358258,TURN_LEFT
3461,110.752,68.513137,130.841739,0.047149,0.044901,0.3,0.044405,0.044901,0.3,0.3,68.967306,71.723242,105.94988,143.67384,-6.4e-05,0.358258,TURN_LEFT
3462,110.784,62.723098,118.965792,0.05065,0.04696,0.067289,0.046278,0.04696,0.3,0.067289,71.605204,77.193238,105.86824,143.75548,0.0,0.358258,TURN_LEFT
3463,110.816,68.609786,116.041414,0.052488,0.048899,0.06213,0.048141,0.048899,0.3,0.06213,72.301152,96.231792,105.79288,143.83712,6.4e-05,0.358258,TURN_LEFT
3464,110.848,66.378452,103.732992,0.060097,0.052911,0.057423,0.051728,0.052911,0.3,0.057423,65.158001,108.190426,105.71124,143.91876,0.0,0.358258,FORWARD
3465,110.88,66.434019,109.770682,0.056429,0.053676,0.060075,0.053138,0.053676,0.3,0.060075,68.198132,103.814449,105.71124,143.99412,0.000772,0.358258,FORWARD
3466,110.912,75.235375,102.871637,0.06033,0.055564,0.048188,0.055296,0.055564,0.3,0.048188,68.518211,126.88928,105.71124,144.06948,0.000772,0.358258,FORWARD
3467,110.944,63.563244,95.109289,0.062434,0.057529,0.04974,0.057437,0.057529,0.3,0.04974,68.637143,120.990427,105.70496,144.15112,0.000772,0.358258,FORWARD
3468,110.976,69.842547,92.498415,0.063141,0.059044,0.048931,0.059148,0.059044,0.3,0.048931,70.336302,124.064893,105.69868,144.23276,0.000772,0.358258,FORWARD
3469,111.008,67.289905,74.871617,0.067918,0.061686,0.048008,0.061779,0.061686,0.3,0.048008,68.140541,127.577303,105.69868,144.3144,0.000837,0.358258,FORWARD
3470,111.04,69.7916,63.41889,0.3,0.3,0.044283,0.133246,0.3,0.3,0.044283,67.163731,141.741308,105.6924,144.39604,0.000772,0.358258,FORWARD
3471,111.072,67.521249,63.381139,0.3,0.299649,0.040855,0.183272,0.299649,0.3,0.040855,63.051613,154.779937,105.67356,144.49024,0.000772,0.545455,FORWARD
3472,111.104,66.04871,70.615513,0.3,0.299356,0.039913,0.21829,0.299356,0.3,0.039913,71.834813,158.699525,105.65472,144.58444,0.000772,0.427083,FORWARD
3473,111.136,60.047663,70.617095,0.3,0.29909,0.039125,0.242803,0.29909,0.3,0.039125,63.643642,164.761825,105.63588,144.68492,0.000837,0.385403,FORWARD
3474,111.168,65.657518,66.055446,0.3,0.298939,0.036197,0.259962,0.298939,0.3,0.036197,62.97576,187.272238,105.61704,144.77912,0.000772,0.369246,FORWARD
3475,111.2,69.381895,62.965296,0.3,0.298832,0.036068,0.271974,0.298832,0.3,0.036068,71.193699,188.267646,105.5982,144.87332,0.000772,0.362751,FORWARD
3476,111.232,68.856086,68.618838,0.3,0.298758,0.034877,0.280382,0.298758,0.3,0.034877,65.192927,197.424256,105.57936,144.96752,0.000772,0.360103,FORWARD
3477,111.264,63.01088,64.718682,0.3,0.298668,0.034551,0.286267,0.298668,0.3,0.034551,64.539359,199.932017,105.56052,145.068,0.000837,0.359017,FORWARD
3478,111.296,63.710712,70.542767,0.3,0.29865,0.035421,0.290387,0.29865,0.3,0.035421,68.378152,193.246018,105.54168,145.1622,0.000772,0.35857,FORWARD
3479,111.328,61.157212,62.303395,0.3,0.298638,0.03173,0.293271,0.298638,0.3,0.03173,59.764264,221.624418,105.52284,145.2564,0.000772,0.358386,FORWARD
3480,111.36,71.321968,66.397192,0.3,0.298672,0.034031,0.29529,0.298672,0.3,0.034031,69.489807,203.934075,105.49772,145.3506,0.000708,0.358311,FORWARD
3481,111.392,64.987586,69.18607,0.3,0.298611,0.032407,0.296703,0.298611,0.3,0.032407,69.32728,216.421367,105.47888,145.45108,0.000837,0.358279,FORWARD
3482,111.424,70.145027,67.484024,0.3,0.298613,0.034181,0.297692,0.298613,0.3,0.034181,68.314229,202.778428,105.46004,145.54528,0.000772,0.358267,FORWARD
3483,111.456,69.284854,69.635181,0.3,0.298614,0.033604,0.298384,0.298614,0.3,0.033604,67.206412,207.214738,105.4412,145.63948,0.000772,0.358261,FORWARD
3484,111.488,67.574224,65.161343,0.3,0.298574,0.034421,0.298869,0.298574,0.3,0.034421,70.072284,200.935937,105.42236,145.73996,0.000837,0.358259,FORWARD
3485,111.52,67.732685,64.890826,0.3,0.298589,0.034351,0.299208,0.298589,0.3,0.034351,67.303723,201.47309,105.40352,145.83416,0.000772,0.358258,FORWARD
3486,111.552,68.927414,69.881088,0.3,0.298599,0.034828,0.299446,0.298599,0.3,0.034828,63.808674,197.8038,105.38468,145.92836,0.000772,0.358258,FORWARD
3487,111.584,65.692081,65.091883,0.3,0.298605,0.03472,0.299612,0.298605,0.3,0.03472,70.237383,198.636268,105.36584,146.02256,0.000772,0.358258,FORWARD
3488,111.616,64.556092,63.680103,0.3,0.298568,0.037492,0.299728,0.298568,0.3,0.037492,65.73785,177.319514,105.347,146.12304,0.000837,0.358258,FORWARD
3489,111.648,64.973319,66.042938,0.3,0.298585,0.037082,0.29981,0.298585,0.3,0.037082,67.592622,180.473236,105.32816,146.21724,0.000772,0.358258,FORWARD
3490,111.68,63.590479,68.053237,0.3,0.298596,0.039298,0.299867,0.298596,0.3,0.039298,70.863376,163.426784,105.30932,146.31144,0.000772,0.358258,FORWARD
3491,111.712,67.003939,66.688833,0.3,0.298604,0.043393,0.299907,0.298604,0.3,0.043393,65.35092,145.128075,105.29048,146.40564,0.000772,0.358258,FORWARD
3492,111.744,67.679614,68.715551,0.3,0.298567,0.0449,0.299935,0.298567,0.3,0.0449,67.394956,139.394531,105.27164,146.50612,0.000837,0.358258,FORWARD
3493,111.776,64.006474,68.746414,0.3,0.298626,0.044208,0.299954,0.298626,0.068084,0.044208,74.259621,142.027074,105.2528,146.59404,0.000708,0.358258,FORWARD
3494,111.808,58.657433,67.770064,0.3,0.298581,0.044751,0.299968,0.298581,0.3,0.044751,66.444602,139.962397,105.29048,146.638,0.000837,0.358258,FORWARD
3495,111.84,66.5245,67.059102,0.3,0.298594,0.048156,0.299978,0.298594,0.3,0.048156,66.5835,127.013189,105.27164,146.7322,0.000772,0.358258,FORWARD
3496,111.872,61.174225,65.525451,0.3,0.298602,0.054467,0.299984,0.298602,0.3,0.054467,68.951288,112.893767,105.26536,146.81384,0.000772,0.358258,FORWARD
3497,111.904,65.356856,68.67307,0.3,0.298566,0.051433,0.299989,0.298566,0.3,0.051433,63.573077,117.720209,105.26536,146.89548,0.000837,0.358258,FORWARD
3498,111.936,66.900557,70.485209,0.3,0.298584,0.056752,0.299992,0.298584,0.3,0.056752,67.513957,109.258014,105.26536,146.97084,0.000772,0.358258,FORWARD
3499,111.968,67.355036,69.180784,0.3,0.298595,0.05685,0.299995,0.298595,0.3,0.05685,65.677792,109.10137,105.26536,147.0462,0.000772,0.358258,FORWARD
3500,112.0,65.240615,68.242717,0.3,0.298562,0.061477,0.299996,0.298562,0.3,0.061477,71.506511,98.639926,105.26536,147.12784,0.000837,0.358258,FORWARD
3501,112.032,66.869723,63.090161,0.3,0.298581,0.065394,0.299997,0.298581,0.3,0.065394,65.256991,84.185916,105.26536,147.2032,0.000772,0.358258,FORWARD
3502,112.064,67.512996,63.072481,0.3,0.298594,0.066664,0.299998,0.298594,0.3,0.066664,71.829074,79.500824,105.26536,147.27856,0.000772,0.358258,FORWARD
3503,112.096,67.123755,69.025786,0.3,0.298602,0.3,0.299999,0.298602,0.3,0.3,63.741122,64.629105,105.26536,147.35392,0.000772,0.358258,FORWARD
3504,112.128,60.82889,65.062168,0.3,0.298607,0.3,0.299999,0.298607,0.3,0.3,65.411724,67.128922,105.30304,147.3916,0.000772,0.358258,FORWARD
3505,112.16,69.437187,63.602824,0.3,0.29861,0.3,0.299999,0.29861,0.3,0.3,68.40712,67.530404,105.34072,147.42928,0.000772,0.358258,FORWARD
3506,112.192,65.485856,65.28903,0.3,0.298613,0.3,0.3,0.298613,0.3,0.3,63.674144,62.852319,105.3784,147.46696,0.000772,0.358258,FORWARD
3507,112.224,62.855898,69.252035,0.3,0.298573,0.3,0.3,0.298573,0.3,0.3,64.724158,62.185126,105.42236,147.50464,0.000837,0.358258,FORWARD
3508,112.256,66.126238,69.323873,0.3,0.298588,0.3,0.3,0.298588,0.3,0.3,70.312118,66.236974,105.46004,147.54232,0.000772,0.358258,FORWARD
3509,112.288,67.942866,70.376563,0.3,0.298557,0.3,0.3,0.298557,0.3,0.3,62.513131,72.250321,105.49772,147.58628,0.000837,0.358258,FORWARD
3510,112.32,63.657352,66.968103,0.3,0.298578,0.068465,0.3,0.298578,0.3,0.068465,63.773568,72.854189,105.5354,147.62396,0.000772,0.358258,FORWARD
3511,112.352,70.217844,61.715967,0.3,0.298592,0.3,0.3,0.298592,0.3,0.3,67.58882,68.053894,105.5354,147.69932,0.000772,0.358258,FORWARD
3512,112.384,66.851646,65.260206,0.3,0.298601,0.3,0.3,0.298601,0.3,0.3,69.20627,70.95137,105.57308,147.737,0.000772,0.358258,FORWARD
3513,112.416,67.971694,65.689686,0.3,0.298606,0.3,0.3,0.298606,0.3,0.3,69.588369,65.620827,105.61076,147.77468,0.000772,0.358258,FORWARD
3514,112.448,67.594469,70.065429,0.3,0.29861,0.3,0.3,0.29861,0.3,0.3,64.038884,63.34431,105.64844,147.81236,0.000772,0.358258,FORWARD
3515,112.48,67.852815,72.901802,0.068452,0.068452,0.3,0.230536,0.068452,0.3,0.3,68.829774,69.63095,105.6924,147.85004,0.000837,0.358258,FORWARD
3516,112.512,67.85621,65.824281,0.3,0.3,0.3,0.251375,0.3,0.3,0.3,68.687924,67.961363,105.73008,147.88772,0.000772,0.545455,FORWARD
3517,112.544,68.488862,67.706895,0.3,0.299649,0.068007,0.265962,0.299649,0.3,0.068007,67.791852,74.543047,105.76776,147.9254,0.000772,0.545455,FORWARD
3518,112.576,68.301291,64.906392,0.3,0.299356,0.3,0.276174,0.299356,0.3,0.3,65.84437,66.198811,105.76776,148.00076,0.000772,0.427083,FORWARD
3519,112.608,63.710015,70.608977,0.3,0.29913,0.0683,0.283322,0.29913,0.3,0.0683,60.463207,73.464332,105.80544,148.03844,0.000772,0.385403,FORWARD
3520,112.64,63.670813,66.401337,0.3,0.298923,0.3,0.288325,0.298923,0.3,0.3,69.867934,61.605403,105.80544,148.12008,0.000837,0.369246,FORWARD
3521,112.672,75.181302,62.76049,0.067834,0.067834,0.3,0.222178,0.067834,0.3,0.3,69.801147,65.135387,105.84312,148.15776,0.000772,0.362751,FORWARD
3522,112.704,67.277928,72.496733,0.068562,0.067851,0.3,0.176093,0.067851,0.3,0.3,68.221449,68.734876,105.88708,148.19544,0.000837,0.545455,FORWARD
3523,112.736,65.171902,71.191997,0.3,0.3,0.3,0.213265,0.3,0.3,0.3,69.208511,70.060377,105.92476,148.23312,0.000772,0.427083,FORWARD
3524,112.768,70.592098,66.215702,0.3,0.299649,0.3,0.239286,0.299649,0.3,0.3,65.624234,64.966536,105.96244,148.2708,0.000772,0.545455,FORWARD
3525,112.8,70.866369,66.351567,0.3,0.299356,0.3,0.2575,0.299356,0.3,0.3,64.773647,65.286755,106.00012,148.30848,0.000772,0.427083,FORWARD
3526,112.832,72.013274,65.976588,0.3,0.29913,0.3,0.27025,0.29913,0.3,0.3,64.465589,67.999594,106.0378,148.34616,0.000772,0.385403,FORWARD
3527,112.864,65.713035,63.537882,0.3,0.298964,0.3,0.279175,0.298964,0.3,0.3,69.720189,67.311991,106.07548,148.38384,0.000772,0.369246,FORWARD
3528,112.896,68.510265,63.687626,0.3,0.298847,0.3,0.285422,0.298847,0.3,0.3,69.703988,67.202687,106.11316,148.42152,0.000772,0.362751,FORWARD
3529,112.928,69.351009,68.762668,0.3,0.298727,0.3,0.289796,0.298727,0.3,0.3,70.786145,71.18143,106.15084,148.46548,0.000837,0.360103,FORWARD
3530,112.96,64.877976,64.37675,0.3,0.298689,0.3,0.292857,0.298689,0.3,0.3,63.202453,67.934118,106.18852,148.50316,0.000772,0.359017,FORWARD
3531,112.992,62.564633,65.522507,0.3,0.298622,0.3,0.295,0.298622,0.3,0.3,59.786316,60.104669,106.23248,148.54084,0.000837,0.35857,FORWARD
3532,113.024,63.356667,65.424494,0.3,0.29862,0.3,0.2965,0.29862,0.3,0.3,67.66056,68.289971,106.27016,148.57852,0.000772,0.358386,FORWARD
3533,113.056,67.679735,66.026147,0.3,0.298619,0.3,0.29755,0.298619,0.3,0.3,67.046407,70.181919,106.30784,148.6162,0.000772,0.358311,FORWARD
3534,113.088,67.208895,68.480142,0.3,0.298618,0.3,0.298285,0.298618,0.3,0.3,70.729254,65.091036,106.34552,148.65388,0.000772,0.358279,FORWARD
3535,113.12,64.654314,67.725637,0.3,0.298618,0.3,0.298799,0.298618,0.3,0.3,65.039589,69.038052,106.3832,148.69156,0.000772,0.358267,FORWARD
3536,113.152,63.176975,61.729151,0.3,0.298617,0.3,0.29916,0.298617,0.3,0.3,68.693304,62.942555,106.42088,148.72924,0.000772,0.358261,FORWARD
3537,113.184,69.463295,61.281431,0.3,0.298617,0.06848,0.299412,0.298617,0.3,0.06848,70.143457,72.797633,106.45856,148.76692,0.000772,0.358259,FORWARD
3538,113.216,71.239028,66.840574,0.3,0.298575,0.3,0.299588,0.298575,0.3,0.3,69.199397,72.313248,106.46484,148.84228,0.000837,0.358258,FORWARD
3539,113.248,61.080771,69.190204,0.3,0.298549,0.3,0.299712,0.298549,0.3,0.3,64.160797,69.587298,106.50252,148.88624,0.000837,0.358258,FORWARD
3540,113.28,68.026248,63.962463,0.3,0.298573,0.3,0.299798,0.298573,0.3,0.3,69.375085,63.589377,106.5402,148.92392,0.000772,0.358258,FORWARD
3541,113.312,74.255125,67.317507,0.068085,0.068085,0.3,0.230284,0.068085,0.3,0.3,62.809806,71.875113,106.57788,148.9616,0.000772,0.358258,FORWARD
3542,113.344,59.624363,66.778217,0.3,0.3,0.3,0.251199,0.3,0.3,0.3,63.008101,64.506091,106.61556,148.99928,0.000772,0.545455,FORWARD
3543,113.376,62.451376,69.187923,0.3,0.299649,0.3,0.265839,0.299649,0.3,0.3,65.020193,72.027884,106.65324,149.03696,0.000772,0.545455,FORWARD
3544,113.408,66.10606,67.404944,0.3,0.299356,0.3,0.276088,0.299356,0.3,0.3,66.049314,66.33509,106.69092,149.07464,0.000772,0.427083,FORWARD
3545,113.44,67.284408,66.013289,0.3,0.29913,0.3,0.283261,0.29913,0.3,0.3,65.629702,62.372784,106.7286,149.11232,0.000772,0.385403,FORWARD
3546,113.472,61.802136,71.380793,0.3,0.298964,0.3,0.288283,0.298964,0.3,0.3,67.015838,67.155836,106.76628,149.15,0.000772,0.369246,FORWARD
3547,113.504,68.120058,65.532705,0.3,0.298806,0.3,0.291798,0.298806,0.3,0.3,69.184076,69.173002,106.81024,149.18768,0.000837,0.362751,FORWARD
3548,113.536,65.528682,68.890186,0.3,0.298701,0.3,0.294259,0.298701,0.3,0.3,68.970667,67.854052,106.84792,149.23164,0.000837,0.360103,FORWARD
3549,113.568,68.261719,73.753384,0.068221,0.068221,0.3,0.226447,0.068221,0.3,0.3,64.466477,68.767906,106.8856,149.26932,0.000772,0.359017,FORWARD
3550,113.6,64.980379,64.8534,0.3,0.3,0.068094,0.248513,0.3,0.3,0.068094,65.581084,74.224715,106.92328,149.307,0.000772,0.545455,FORWARD
3551,113.632,66.291366,65.858727,0.3,0.299649,0.3,0.263959,0.299649,0.3,0.3,65.910643,68.434804,106.92328,149.38236,0.000772,0.545455,FORWARD
3552,113.664,64.945319,65.225164,0.3,0.299356,0.3,0.274771,0.299356,0.3,0.3,72.299896,67.756011,106.96096,149.42004,0.000772,0.427083,FORWARD
3553,113.696,66.269729,64.399543,0.3,0.29913,0.3,0.28234,0.29913,0.3,0.3,64.425501,68.300073,106.99864,149.45772,0.000772,0.385403,FORWARD
3554,113.728,71.787816,69.407229,0.3,0.298964,0.3,0.287638,0.298964,0.3,0.3,61.489011,66.074305,107.03632,149.4954,0.000772,0.369246,FORWARD
3555,113.76,65.719413,67.868901,0.3,0.298806,0.3,0.291347,0.298806,0.3,0.3,64.071143,69.858443,107.08028,149.53308,0.000837,0.362751,FORWARD
3556,113.792,72.161783,71.448165,0.3,0.298742,0.3,0.293943,0.298742,0.3,0.3,60.6005,68.51154,107.11796,149.57076,0.000772,0.360103,FORWARD
3557,113.824,65.043961,69.364335,0.3,0.298657,0.3,0.29576,0.298657,0.3,0.3,67.467553,69.293378,107.15564,149.61472,0.000837,0.359017,FORWARD
3558,113.856,66.827401,67.583808,0.3,0.298643,0.068073,0.297032,0.298643,0.3,0.068073,68.350669,74.300703,107.19332,149.6524,0.000772,0.35857,FORWARD
3559,113.888,66.894906,69.711954,0.3,0.298634,0.3,0.297922,0.298634,0.3,0.3,61.550035,66.212348,107.19332,149.72776,0.000772,0.358386,FORWARD
3560,113.92,66.880643,69.045628,0.3,0.298628,0.3,0.298546,0.298628,0.3,0.3,62.916512,68.427463,107.231,149.76544,0.000772,0.358311,FORWARD
3561,113.952,65.233636,68.52523,0.3,0.298624,0.3,0.298982,0.298624,0.3,0.3,67.836687,63.14612,107.26868,149.80312,0.000772,0.358279,FORWARD
3562,113.984,67.014455,65.847725,0.3,0.298621,0.3,0.299287,0.298621,0.3,0.3,70.580497,67.854307,107.30636,149.8408,0.000772,0.358267,FORWARD
3563,114.016,59.576505,64.764135,0.3,0.298578,0.3,0.299501,0.298578,0.3,0.3,68.779316,70.668094,107.35032,149.87848,0.000837,0.358261,FORWARD
3564,114.048,70.337397,64.113252,0.3,0.298592,0.3,0.299651,0.298592,0.3,0.3,60.272582,65.898506,107.388,149.91616,0.000772,0.358259,FORWARD
3565,114.08,71.200941,65.346037,0.3,0.298601,0.3,0.299756,0.298601,0.3,0.3,60.726115,72.259477,107.42568,149.95384,0.000772,0.358258,FORWARD
3566,114.112,71.967404,63.299318,0.3,0.298606,0.3,0.299829,0.298606,0.3,0.3,70.517238,61.604256,107.46336,149.99152,0.000772,0.358258,FORWARD
3567,114.144,64.59539,66.339428,0.3,0.298569,0.3,0.29988,0.298569,0.3,0.3,70.005591,68.717947,107.50104,150.03548,0.000837,0.358258,FORWARD
3568,114.176,69.790731,68.762761,0.3,0.298586,0.3,0.299916,0.298586,0.3,0.3,63.403364,67.457888,107.53872,150.07316,0.000772,0.358258,FORWARD
3569,114.208,67.303867,61.977872,0.3,0.298597,0.3,0.299941,0.298597,0.3,0.3,70.277867,63.541535,107.5764,150.11084,0.000772,0.358258,FORWARD
3570,114.24,73.050865,65.866528,0.068412,0.068412,0.3,0.230482,0.068412,0.3,0.3,66.871075,59.636199,107.61408,150.14852,0.000772,0.358258,FORWARD
3571,114.272,67.800619,60.291813,0.3,0.3,0.3,0.251338,0.3,0.3,0.3,62.094974,68.710976,107.65176,150.1862,0.000772,0.545455,FORWARD
3572,114.304,65.314317,57.447781,0.3,0.29962,0.3,0.265936,0.29962,0.3,0.3,67.521186,67.858831,107.69572,150.22388,0.000837,0.545455,FORWARD
3573,114.336,59.484359,69.470102,0.3,0.29934,0.3,0.276155,0.29934,0.3,0.3,65.461705,63.870302,107.7334,150.26156,0.000772,0.427083,FORWARD
3574,114.368,74.902555,62.218888,0.06791,0.06791,0.3,0.213682,0.06791,0.3,0.3,67.09474,68.639481,107.77108,150.29924,0.000772,0.385403,FORWARD
3575,114.4,68.768762,74.973005,0.067891,0.067548,0.3,0.169944,0.067548,0.3,0.3,63.349401,63.708486,107.80876,150.33692,0.000772,0.545455,FORWARD
3576,114.432,65.338103,69.245469,0.3,0.3,0.3,0.208961,0.3,0.3,0.3,71.439441,64.656471,107.84644,150.38088,0.000837,0.427083,FORWARD
3577,114.464,61.936401,64.146129,0.3,0.299649,0.06779,0.236273,0.299649,0.06779,0.3,75.345299,66.967853,107.88412,150.41856,0.000772,0.545455,FORWARD
3578,114.496,63.573476,77.458742,0.067217,0.067217,0.3,0.185556,0.067217,0.3,0.3,69.073119,66.290039,107.95948,150.41856,0.000772,0.427083,FORWARD
3579,114.528,73.280574,64.274198,0.068349,0.067484,0.3,0.150394,0.067484,0.3,0.3,63.620695,69.911058,107.99716,150.45624,0.000772,0.545455,FORWARD
3580,114.56,66.606741,70.686453,0.3,0.3,0.3,0.195276,0.3,0.3,0.3,67.115252,64.48605,108.03484,150.49392,0.000772,0.427083,FORWARD
3581,114.592,70.719763,64.826771,0.3,0.299649,0.3,0.226693,0.299649,0.3,0.3,68.958345,66.0013,108.07252,150.5316,0.000772,0.545455,FORWARD
3582,114.624,65.790662,69.378507,0.3,0.299319,0.3,0.248685,0.299319,0.3,0.3,69.103469,66.890814,108.11648,150.56928,0.000837,0.427083,FORWARD
3583,114.656,68.701241,70.131615,0.3,0.299107,0.3,0.26408,0.299107,0.3,0.3,70.736364,64.304895,108.15416,150.60696,0.000772,0.385403,FORWARD
3584,114.688,66.131039,63.739728,0.3,0.298909,0.3,0.274856,0.298909,0.3,0.3,71.329637,68.306352,108.19184,150.65092,0.000837,0.369246,FORWARD
3585,114.72,66.96578,66.939657,0.3,0.298812,0.068479,0.282399,0.298812,0.3,0.068479,62.915915,72.801182,108.22952,150.6886,0.000772,0.362751,FORWARD
3586,114.752,69.97995,62.40803,0.3,0.298746,0.3,0.287679,0.298746,0.3,0.3,64.250851,66.806982,108.22952,150.76396,0.000772,0.360103,FORWARD
3587,114.784,63.378518,70.223201,0.3,0.298701,0.3,0.291376,0.298701,0.3,0.3,70.603093,67.636584,108.2672,150.80164,0.000772,0.359017,FORWARD
3588,114.816,64.254868,69.545109,0.3,0.298671,0.3,0.293963,0.298671,0.3,0.3,69.910638,67.631544,108.30488,150.83932,0.000772,0.35857,FORWARD
3589,114.848,70.904906,67.910514,0.3,0.298611,0.3,0.295774,0.298611,0.3,0.3,67.784767,70.079362,108.34884,150.877,0.000837,0.358386,FORWARD
3590,114.88,68.678533,65.876638,0.3,0.298613,0.3,0.297042,0.298613,0.3,0.3,67.161285,65.205822,108.38652,150.91468,0.000772,0.358311,FORWARD
3591,114.912,65.5465,71.01453,0.3,0.298614,0.3,0.297929,0.298614,0.3,0.3,68.848884,70.910025,108.4242,150.95236,0.000772,0.358279,FORWARD
3592,114.944,67.066944,67.85266,0.3,0.298615,0.3,0.29855,0.298615,0.3,0.3,71.129292,68.834333,108.46188,150.99004,0.000772,0.358267,FORWARD
3593,114.976,70.053592,65.136988,0.3,0.298615,0.3,0.298985,0.298615,0.3,0.3,65.495578,70.070918,108.49956,151.02772,0.000772,0.358261,FORWARD
3594,115.008,65.937098,67.177836,0.3,0.298574,0.3,0.29929,0.298574,0.3,0.3,69.53233,68.383558,108.53724,151.07168,0.000837,0.358259,FORWARD
3595,115.04,70.4273,68.479147,0.3,0.298589,0.3,0.299503,0.298589,0.3,0.3,70.007489,66.658876,108.57492,151.10936,0.000772,0.358258,FORWARD
3596,115.072,67.603726,67.964597,0.3,0.298599,0.3,0.299652,0.298599,0.3,0.3,62.835149,60.524822,108.6126,151.14704,0.000772,0.358258,FORWARD
3597,115.104,67.371888,67.051167,0.3,0.298605,0.3,0.299756,0.298605,0.3,0.3,65.110363,71.462801,108.65028,151.18472,0.000772,0.358258,FORWARD
3598,115.136,71.956875,62.592585,0.3,0.298568,0.3,0.299829,0.298568,0.3,0.3,70.517807,69.222691,108.69424,151.2224,0.000837,0.358258,FORWARD
3599,115.168,64.671908,66.113723,0.3,0.298585,0.068247,0.299881,0.298585,0.3,0.068247,66.30412,73.657356,108.73192,151.26008,0.000772,0.358258,FORWARD
3600,115.2,68.018362,69.675236,0.3,0.298596,0.3,0.299916,0.298596,0.3,0.3,71.753528,63.83665,108.73192,151.33544,0.000772,0.358258,FORWARD
3601,115.232,70.400137,69.591788,0.3,0.298604,0.3,0.299942,0.298604,0.3,0.3,63.737421,65.992109,108.7696,151.37312,0.000772,0.358258,FORWARD
3602,115.264,68.589339,64.679525,0.3,0.298608,0.3,0.299959,0.298608,0.3,0.3,64.925154,68.439005,108.80728,151.4108,0.000772,0.358258,FORWARD
3603,115.296,75.762014,67.527725,0.067677,0.067677,0.3,0.230274,0.067677,0.3,0.3,66.17323,68.996666,108.84496,151.45476,0.000837,0.358258,FORWARD
3604,115.328,70.456432,76.026518,0.067605,0.067287,0.068546,0.181474,0.067287,0.068546,0.3,72.555683,62.00476,108.88264,151.49244,0.000772,0.545455,FORWARD
3605,115.36,68.31119,72.531486,0.068552,0.067385,0.3,0.147597,0.067385,0.3,0.3,70.67632,60.166388,108.958,151.49244,0.000772,0.427083,FORWARD
3606,115.392,67.805771,64.927757,0.3,0.3,0.3,0.193318,0.3,0.3,0.3,63.331252,65.774111,108.99568,151.53012,0.000772,0.385403,FORWARD
3607,115.424,66.676196,69.464757,0.3,0.29962,0.3,0.225323,0.29962,0.3,0.3,71.873266,66.413337,109.03964,151.5678,0.000837,0.545455,FORWARD
3608,115.456,66.811929,65.530278,0.3,0.29934,0.3,0.247726,0.29934,0.3,0.3,65.328815,67.582394,109.07732,151.60548,0.000772,0.427083,FORWARD
3609,115.488,69.134544,67.980625,0.3,0.299119,0.3,0.263408,0.299119,0.3,0.3,62.064259,69.661587,109.115,151.64316,0.000772,0.385403,FORWARD
3610,115.52,66.990801,67.05569,0.3,0.298957,0.3,0.274386,0.298957,0.3,0.3,68.980233,66.327946,109.15268,151.68084,0.000772,0.369246,FORWARD
3611,115.552,71.897522,67.373453,0.3,0.298802,0.3,0.28207,0.298802,0.3,0.3,61.168269,67.716006,109.19036,151.7248,0.000837,0.362751,FORWARD
3612,115.584,61.74134,66.445871,0.3,0.298739,0.067989,0.287449,0.298739,0.3,0.067989,67.761781,74.610217,109.22804,151.76248,0.000772,0.360103,FORWARD
3613,115.616,69.235604,68.388575,0.3,0.298697,0.3,0.291214,0.298697,0.3,0.3,67.789932,67.588054,109.22804,151.83784,0.000772,0.359017,FORWARD
3614,115.648,67.243061,71.151994,0.3,0.298669,0.3,0.29385,0.298669,0.3,0.3,71.306307,66.433902,109.26572,151.87552,0.000772,0.35857,FORWARD
3615,115.68,68.551445,67.281916,0.3,0.298609,0.3,0.295695,0.298609,0.3,0.3,64.323225,68.062056,109.30968,151.9132,0.000837,0.358386,FORWARD
3616,115.712,69.826457,62.145816,0.3,0.298612,0.3,0.296987,0.298612,0.3,0.3,65.581764,65.561193,109.34736,151.95088,0.000772,0.358311,FORWARD
3617,115.744,63.168906,64.33173,0.3,0.298613,0.3,0.297891,0.298613,0.3,0.3,58.639771,64.070996,109.38504,151.98856,0.000772,0.358279,FORWARD
3618,115.776,71.107997,67.113476,0.3,0.298614,0.3,0.298523,0.298614,0.3,0.3,66.271693,68.383101,109.42272,152.02624,0.000772,0.358267,FORWARD
3619,115.808,62.765096,73.929231,0.068174,0.068174,0.3,0.229418,0.068174,0.3,0.3,64.660863,66.046167,109.4604,152.06392,0.000772,0.358261,FORWARD
3620,115.84,67.726694,75.371554,0.067783,0.067609,0.3,0.180928,0.067609,0.3,0.3,66.878393,70.019096,109.49808,152.1016,0.000772,0.545455,FORWARD
3621,115.872,70.741878,78.495593,0.066936,0.066842,0.3,0.14673,0.066842,0.3,0.3,67.559852,66.839615,109.53576,152.14556,0.000837,0.427083,FORWARD
3622,115.904,70.448954,75.482111,0.067753,0.066719,0.3,0.123037,0.066719,0.3,0.3,70.514214,64.696217,109.57344,152.18324,0.000772,0.385403,FORWARD
3623,115.936,66.512168,80.161884,0.066485,0.066145,0.3,0.106071,0.066145,0.3,0.3,65.751339,70.683839,109.61112,152.22092,0.000772,0.369246,FORWARD
3624,115.968,67.049348,86.755102,0.064698,0.064698,0.3,0.093659,0.065087,0.3,0.3,62.613719,68.588948,109.65508,152.2586,0.000837,0.362751,FORWARD
3625,116.0,62.283693,91.343838,0.063454,0.063454,0.3,0.084598,0.064005,0.3,0.3,68.056577,60.136176,109.69276,152.29628,0.000772,0.360103,FORWARD
3626,116.032,63.064105,90.910664,0.063572,0.063354,0.3,0.07829,0.063354,0.3,0.3,65.948482,65.757358,109.73044,152.33396,0.000772,0.359017,FORWARD
3627,116.064,71.196151,101.08217,0.060815,0.060815,0.3,0.073047,0.061948,0.3,0.3,66.079236,66.79859,109.76812,152.37164,0.000772,0.35857,FORWARD
3628,116.096,70.225786,98.459577,0.061526,0.061301,0.3,0.069591,0.061301,0.3,0.3,70.36972,65.659097,109.8058,152.40932,0.000772,0.358386,FORWARD
3629,116.128,68.714451,110.426267,0.056017,0.056017,0.3,0.065519,0.058912,0.3,0.3,63.213842,64.957429,109.84348,152.447,0.000772,0.358311,FORWARD
3630,116.16,65.887197,106.39277,0.058553,0.058246,0.3,0.063429,0.058246,0.3,0.3,64.951782,64.527122,109.88116,152.49096,0.000837,0.358279,FORWARD
3631,116.192,70.812302,109.684582,0.056484,0.056484,0.3,0.061345,0.057119,0.3,0.3,65.177315,68.272022,109.91884,152.52864,0.000772,0.358267,FORWARD
3632,116.224,74.398441,107.572646,0.057811,0.056871,0.3,0.060285,0.056871,0.3,0.3,68.572675,68.82087,109.95652,152.56632,0.000772,0.358261,FORWARD
3633,116.256,64.918271,105.83879,0.058901,0.057061,0.3,0.05987,0.057061,0.3,0.3,64.881189,69.856053,110.00048,152.604,0.000837,0.358259,FORWARD
3634,116.288,73.456207,106.12977,0.058718,0.057159,0.3,0.059524,0.057159,0.3,0.3,66.142736,64.752967,110.03816,152.64168,0.000772,0.358258,FORWARD
3635,116.32,68.303342,114.731568,0.053311,0.053311,0.3,0.05766,0.055285,0.3,0.3,67.02888,65.90525,110.07584,152.67936,0.000772,0.358258,FORWARD
3636,116.352,68.955409,112.877178,0.054477,0.054477,0.3,0.056705,0.0545,0.3,0.3,66.761461,66.752883,110.11352,152.71704,0.000772,0.358258,FORWARD
3637,116.384,68.778296,109.062686,0.056874,0.054855,0.3,0.056756,0.054855,0.3,0.3,66.082663,69.878424,110.1512,152.75472,0.000772,0.358258,FORWARD
3638,116.416,74.682656,115.176739,0.053032,0.053032,0.3,0.055639,0.053665,0.3,0.3,64.793055,61.183274,110.18888,152.79868,0.000837,0.358258,FORWARD
3639,116.448,67.940943,122.652465,0.049303,0.049303,0.3,0.053738,0.051606,0.3,0.3,64.836081,68.646307,110.22656,152.83636,0.000772,0.358258,FORWARD
3640,116.48,70.710637,118.513496,0.050934,0.05087,0.3,0.052897,0.05087,0.3,0.3,68.962736,65.501083,110.26424,152.87404,0.000772,0.358258,FORWARD
3641,116.512,69.187199,122.667714,0.049299,0.049299,0.3,0.051817,0.049811,0.3,0.3,67.003644,62.946075,110.30192,152.91172,0.000772,0.358258,FORWARD
3642,116.544,62.963306,122.412923,0.049366,0.049156,0.3,0.051082,0.049156,0.3,0.3,68.961641,61.05415,110.3396,152.9494,0.000772,0.358258,FORWARD
3643,116.576,66.050743,130.412365,0.047262,0.047262,0.3,0.049936,0.047982,0.3,0.3,66.845743,63.434623,110.37728,152.98708,0.000772,0.358258,FORWARD
3644,116.608,66.828525,122.276717,0.049401,0.047995,0.068381,0.049776,0.047995,0.068381,0.3,73.164948,68.455351,110.41496,153.02476,0.000772,0.358258,FORWARD
3645,116.64,70.562407,145.667313,0.043251,0.043251,0.3,0.047818,0.045799,0.3,0.3,64.23332,64.503813,110.49032,153.02476,0.000772,0.358258,FORWARD
3646,116.672,63.785787,134.372297,0.046221,0.045537,0.3,0.047339,0.045537,0.3,0.3,58.637718,63.928356,110.52172,153.05616,0.000644,0.358258,FORWARD
3647,116.704,60.240083,142.032259,0.044207,0.044207,0.3,0.046399,0.044606,0.3,0.3,65.297864,64.464201,110.5594,153.08756,0.000708,0.358258,FORWARD
3648,116.736,65.091339,152.474762,0.041461,0.041461,0.3,0.044918,0.043025,0.3,0.3,70.051178,67.30848,110.5908,153.12524,0.000708,0.358258,FORWARD
3649,116.768,66.668931,147.806242,0.042688,0.042491,0.3,0.044249,0.042491,0.3,0.3,67.822007,68.908138,110.6222,153.15664,0.000644,0.358258,FORWARD
3650,116.8,70.492506,151.822164,0.041632,0.041632,0.3,0.043464,0.041729,0.3,0.3,64.529351,67.238136,110.65988,153.18804,0.000708,0.358258,FORWARD
3651,116.832,69.263021,152.668058,0.04141,0.041202,0.3,0.042848,0.041202,0.3,0.3,65.903423,68.346682,110.69128,153.21944,0.000644,0.358258,FORWARD
3652,116.864,68.626527,163.469253,0.039293,0.039293,0.3,0.041781,0.040105,0.3,0.3,63.162906,67.829067,110.72268,153.25084,0.000644,0.358258,TURN_LEFT
3653,116.896,71.480364,144.145369,0.043651,0.041375,0.3,0.042342,0.041375,0.3,0.3,66.031128,69.838385,110.64104,153.33248,0.0,0.358258,TURN_LEFT
3654,116.928,64.26881,127.697156,0.047976,0.04374,0.3,0.044032,0.04374,0.3,0.3,68.305109,69.173262,110.5594,153.41412,-0.0,0.358258,TURN_LEFT
3655,116.96,69.080832,117.46125,0.051596,0.046596,0.3,0.046301,0.046596,0.3,0.3,65.367409,62.627868,110.47776,153.48948,-6.4e-05,0.358258,TURN_LEFT
3656,116.992,61.25262,67.320391,0.3,0.3,0.3,0.122411,0.3,0.3,0.3,66.882144,64.450237,110.4024,153.57112,6.4e-05,0.358258,TURN_LEFT
3657,117.024,64.833956,66.104233,0.3,0.3,0.3,0.175688,0.3,0.3,0.3,70.769072,66.32612,110.32076,153.65276,-0.0,0.545455,TURN_LEFT
3658,117.056,65.683303,62.189923,0.3,0.3,0.3,0.212981,0.3,0.3,0.3,69.857039,69.954809,110.23912,153.7344,0.0,0.427083,TURN_LEFT
3659,117.088,74.478558,67.383931,0.068025,0.068025,0.3,0.169494,0.068025,0.3,0.3,63.579322,65.753584,110.16376,153.80976,0.0,0.385403,TURN_LEFT
3660,117.12,69.551247,69.276306,0.3,0.3,0.3,0.208646,0.3,0.3,0.3,66.336216,69.58149,110.08212,153.8914,0.0,0.545455,TURN_LEFT
3661,117.152,68.111246,68.93887,0.3,0.3,0.3,0.236052,0.3,0.3,0.3,63.014327,70.008375,110.00048,153.97304,-0.0,0.545455,FORWARD
3662,117.184,69.066206,67.565578,0.3,0.299557,0.06834,0.255237,0.299557,0.3,0.06834,66.406089,73.315983,110.03816,154.01072,0.000772,0.427083,FORWARD
3663,117.216,65.336558,68.178536,0.3,0.299253,0.3,0.268666,0.299253,0.3,0.3,67.632567,66.517126,110.03816,154.08608,0.000772,0.385403,FORWARD
3664,117.248,68.370159,64.523867,0.3,0.299001,0.3,0.278066,0.299001,0.3,0.3,65.361572,70.230044,110.08212,154.12376,0.000837,0.369246,FORWARD
3665,117.28,63.943921,66.696995,0.3,0.298871,0.3,0.284646,0.298871,0.3,0.3,66.322175,67.941372,110.1198,154.16144,0.000772,0.362751,FORWARD
3666,117.312,66.129533,70.629806,0.3,0.298783,0.3,0.289252,0.298783,0.3,0.3,70.463895,65.994964,110.15748,154.19912,0.000772,0.360103,FORWARD
3667,117.344,66.411768,73.830904,0.0682,0.0682,0.068154,0.222937,0.0682,0.3,0.068154,67.537935,74.001263,110.19516,154.2368,0.000772,0.359017,FORWARD
3668,117.376,67.747096,69.687137,0.3,0.3,0.3,0.246056,0.3,0.3,0.3,69.564255,71.064789,110.19516,154.31216,0.000772,0.545455,FORWARD
3669,117.408,72.235734,68.871666,0.3,0.299649,0.3,0.262239,0.299649,0.3,0.3,67.363469,65.690739,110.23284,154.34984,0.000772,0.545455,FORWARD
3670,117.44,67.751708,66.084226,0.3,0.299319,0.3,0.273567,0.299319,0.3,0.3,64.754692,68.493228,110.27052,154.3938,0.000837,0.427083,FORWARD
3671,117.472,68.488886,65.095855,0.3,0.299107,0.067317,0.281497,0.299107,0.3,0.067317,67.460133,77.088514,110.3082,154.43148,0.000772,0.385403,FORWARD
3672,117.504,65.258541,64.149862,0.3,0.298909,0.3,0.287048,0.298909,0.3,0.3,70.341422,64.340226,110.31448,154.50684,0.000837,0.369246,FORWARD
3673,117.536,64.47166,71.369796,0.3,0.298812,0.3,0.290934,0.298812,0.3,0.3,62.111774,66.636416,110.35216,154.54452,0.000772,0.362751,FORWARD
3674,117.568,72.991255,62.042733,0.068428,0.068428,0.3,0.224182,0.068428,0.3,0.3,61.334687,67.606589,110.38984,154.5822,0.000772,0.360103,FORWARD
3675,117.6,65.06118,66.611786,0.3,0.3,0.3,0.246927,0.3,0.3,0.3,63.688411,67.25635,110.42752,154.61988,0.000772,0.545455,FORWARD
3676,117.632,68.378158,69.111649,0.3,0.299649,0.024396,0.262849,0.299649,0.067512,0.024396,76.370679,318.376164,110.4652,154.65756,0.000772,0.545455,FORWARD
3677,117.664,68.431919,63.002846,0.3,0.299356,0.024954,0.273994,0.299356,0.3,0.024954,68.603518,310.069077,110.48404,154.71408,0.000772,0.427083,FORWARD
3678,117.696,66.74936,69.761967,0.3,0.29913,0.024422,0.281796,0.29913,0.3,0.024422,68.687352,317.995698,110.4652,154.80828,0.000772,0.385403,FORWARD
3679,117.728,67.082166,69.251013,0.3,0.298923,0.023641,0.287257,0.298923,0.3,0.023641,65.803758,329.620082,110.44636,154.90876,0.000837,0.369246,FORWARD
3680,117.76,68.36255,72.995699,0.068427,0.068427,0.023749,0.221608,0.068427,0.3,0.023749,71.866858,328.011511,110.42752,155.00296,0.000772,0.362751,FORWARD
3681,117.792,65.964065,61.080453,0.3,0.3,0.024837,0.245126,0.3,0.3,0.024837,67.729446,311.806142,110.40868,155.09716,0.000772,0.545455,FORWARD
3682,117.824,65.154071,70.199379,0.3,0.299649,0.025141,0.261588,0.299649,0.3,0.025141,59.3967,307.291423,110.38984,155.19136,0.000772,0.545455,FORWARD
3683,117.856,57.94501,65.881678,0.3,0.299319,0.025377,0.273112,0.299319,0.06821,0.025377,73.796002,303.773879,110.371,155.29184,0.000837,0.427083,FORWARD
3684,117.888,61.901146,68.840948,0.3,0.299107,0.025572,0.281178,0.299107,0.3,0.025572,63.690339,300.874302,110.38984,155.34836,0.000772,0.385403,FORWARD
3685,117.92,68.14257,67.843395,0.3,0.29895,0.026644,0.286825,0.29895,0.3,0.026644,64.633085,284.905345,110.371,155.44256,0.000772,0.369246,FORWARD
3686,117.952,71.075328,59.555601,0.3,0.298838,0.027776,0.290777,0.298838,0.3,0.027776,72.078608,268.05266,110.35216,155.53676,0.000772,0.362751,FORWARD
3687,117.984,67.570334,69.090739,0.3,0.298762,0.0291,0.293544,0.298762,0.3,0.0291,65.819279,248.332276,110.33332,155.63096,0.000772,0.360103,FORWARD
3688,118.016,72.462957,67.907312,0.068571,0.068571,0.029996,0.226052,0.068571,0.3,0.029996,67.893363,234.987409,110.31448,155.73144,0.000837,0.359017,FORWARD
3689,118.048,67.336633,66.612324,0.3,0.3,0.031448,0.248237,0.3,0.3,0.031448,67.139319,223.794991,110.29564,155.82564,0.000772,0.545455,FORWARD
3690,118.08,63.973235,68.363519,0.3,0.299649,0.032912,0.263766,0.299649,0.3,0.032912,61.990852,212.533794,110.2768,155.91984,0.000772,0.545455,FORWARD
3691,118.112,69.45753,64.842837,0.3,0.299356,0.3,0.274636,0.299356,0.3,0.3,65.517261,65.274486,110.25796,156.01404,0.000772,0.427083,FORWARD
3692,118.144,66.865753,67.221897,0.3,0.29909,0.3,0.282245,0.29909,0.3,0.3,63.903577,59.806041,110.29564,156.058,0.000837,0.385403,FORWARD
3693,118.176,66.871338,61.859579,0.3,0.298939,0.3,0.287572,0.298939,0.3,0.3,70.614039,63.768881,110.33332,156.09568,0.000772,0.369246,FORWARD
3694,118.208,68.033874,64.25854,0.3,0.298832,0.3,0.2913,0.298832,0.3,0.3,72.224383,59.983432,110.371,156.13336,0.000772,0.362751,FORWARD
3695,118.24,57.744823,62.258458,0.3,0.298717,0.3,0.29391,0.298717,0.3,0.3,65.860074,62.895601,110.41496,156.17104,0.000837,0.360103,FORWARD
3696,118.272,66.568878,62.933818,0.3,0.298682,0.3,0.295737,0.298682,0.3,0.3,66.996828,64.915972,110.45264,156.20872,0.000772,0.359017,FORWARD
3697,118.304,65.360284,66.478725,0.3,0.298659,0.3,0.297016,0.298659,0.3,0.3,72.00885,64.789072,110.49032,156.2464,0.000772,0.35857,FORWARD
3698,118.336,65.5032,67.354191,0.3,0.298644,0.3,0.297911,0.298644,0.3,0.3,64.832874,65.910424,110.528,156.28408,0.000772,0.358386,FORWARD
3699,118.368,70.251424,63.49902,0.3,0.298634,0.3,0.298538,0.298634,0.3,0.3,71.280275,66.888146,110.56568,156.32176,0.000772,0.358311,FORWARD
3700,118.4,69.649295,65.00108,0.3,0.298628,0.3,0.298976,0.298628,0.3,0.3,66.441735,67.802619,110.60336,156.35944,0.000772,0.358279,FORWARD
3701,118.432,69.099209,66.586402,0.3,0.298582,0.3,0.299284,0.298582,0.3,0.3,68.076301,64.344798,110.64104,156.4034,0.000837,0.358267,FORWARD
3702,118.464,71.584731,69.060366,0.3,0.298595,0.068564,0.299498,0.298595,0.3,0.068564,63.887967,72.487848,110.67872,156.44108,0.000772,0.358261,FORWARD
3703,118.496,65.955615,66.621084,0.3,0.298561,0.3,0.299649,0.298561,0.3,0.3,66.090781,68.595446,110.685,156.51644,0.000837,0.358259,FORWARD
3704,118.528,63.213087,59.689946,0.3,0.298581,0.3,0.299754,0.298581,0.3,0.3,66.812046,68.597445,110.72268,156.55412,0.000772,0.358258,FORWARD
3705,118.56,67.87878,65.303634,0.3,0.298594,0.3,0.299828,0.298594,0.3,0.3,66.913841,65.994582,110.76036,156.5918,0.000772,0.358258,FORWARD
3706,118.592,68.702709,67.85412,0.3,0.298602,0.3,0.29988,0.298602,0.3,0.3,68.223134,70.303786,110.79804,156.62948,0.000772,0.358258,FORWARD
3707,118.624,64.388052,62.393816,0.3,0.298607,0.3,0.299916,0.298607,0.3,0.3,66.600345,65.912049,110.83572,156.66716,0.000772,0.358258,FORWARD
3708,118.656,63.583269,67.864397,0.3,0.29861,0.3,0.299941,0.29861,0.3,0.3,63.342248,65.065384,110.8734,156.70484,0.000772,0.358258,FORWARD
3709,118.688,66.741072,64.962284,0.3,0.298612,0.3,0.299959,0.298612,0.3,0.3,65.281281,63.298391,110.91108,156.74252,0.000772,0.358258,FORWARD
3710,118.72,73.954236,69.897467,0.068167,0.068167,0.3,0.230421,0.068167,0.3,0.3,66.521628,67.799562,110.94876,156.78648,0.000837,0.358258,FORWARD
3711,118.752,65.312344,61.226498,0.3,0.3,0.3,0.251295,0.3,0.3,0.3,67.353215,64.283141,110.98644,156.82416,0.000772,0.545455,FORWARD
3712,118.784,68.235074,61.226497,0.3,0.29962,0.3,0.265906,0.29962,0.3,0.3,67.357076,69.781003,111.0304,156.86184,0.000837,0.545455,FORWARD
3713,118.816,70.271936,69.779678,0.3,0.29934,0.3,0.276134,0.29934,0.3,0.3,67.300705,69.548284,111.06808,156.89952,0.000772,0.427083,FORWARD
3714,118.848,72.995272,60.113465,0.068427,0.068427,0.3,0.213822,0.068427,0.3,0.3,62.961625,67.776585,111.10576,156.9372,0.000772,0.385403,FORWARD
3715,118.88,63.041806,63.252772,0.3,0.3,0.3,0.239676,0.3,0.3,0.3,66.431814,63.931199,111.14344,156.97488,0.000772,0.545455,FORWARD
3716,118.912,68.431222,67.064103,0.3,0.299649,0.3,0.257773,0.299649,0.3,0.3,67.269391,66.682961,111.18112,157.01256,0.000772,0.545455,FORWARD
3717,118.944,71.426687,70.239477,0.3,0.299356,0.3,0.270441,0.299356,0.3,0.3,65.50421,67.026148,111.2188,157.05024,0.000772,0.427083,FORWARD
3718,118.976,64.688102,67.187069,0.3,0.29913,0.3,0.279309,0.29913,0.3,0.3,70.040805,62.906767,111.25648,157.08792,0.000772,0.385403,FORWARD
3719,119.008,65.420593,62.504979,0.3,0.298923,0.068438,0.285516,0.298923,0.3,0.068438,67.150594,72.952331,111.29416,157.13188,0.000837,0.369246,FORWARD
3720,119.04,65.707411,65.968848,0.3,0.298781,0.3,0.289861,0.298781,0.3,0.3,69.602884,64.500003,111.30044,157.20724,0.000837,0.362751,FORWARD
3721,119.072,72.272696,67.364962,0.3,0.298725,0.3,0.292903,0.298725,0.3,0.3,63.965342,64.591243,111.33812,157.24492,0.000772,0.360103,FORWARD
3722,119.104,66.546965,64.407577,0.3,0.298688,0.3,0.295032,0.298688,0.3,0.3,58.496771,71.264517,111.3758,157.2826,0.000772,0.359017,FORWARD
3723,119.136,73.339116,64.025743,0.068334,0.068334,0.3,0.227022,0.068334,0.3,0.3,66.889689,64.430892,111.41348,157.32028,0.000772,0.35857,FORWARD
3724,119.168,67.695658,68.244559,0.3,0.3,0.3,0.248916,0.3,0.3,0.3,64.929539,64.16819,111.45116,157.35796,0.000772,0.545455,FORWARD
3725,119.2,68.903277,65.104433,0.3,0.299649,0.3,0.264241,0.299649,0.3,0.3,70.018001,67.573592,111.48884,157.39564,0.000772,0.545455,FORWARD
3726,119.232,67.612104,64.90339,0.3,0.299356,0.3,0.274969,0.299356,0.3,0.3,64.793386,66.787945,111.52652,157.43332,0.000772,0.427083,FORWARD
3727,119.264,68.838245,66.566981,0.3,0.29913,0.3,0.282478,0.29913,0.3,0.3,69.319845,65.584857,111.5642,157.471,0.000772,0.385403,FORWARD
3728,119.296,64.876835,65.168677,0.3,0.298923,0.3,0.287735,0.298923,0.3,0.3,72.065473,63.358662,111.60816,157.50868,0.000837,0.369246,FORWARD
3729,119.328,68.503541,66.851123,0.3,0.298781,0.3,0.291414,0.298781,0.3,0.3,65.520702,69.123876,111.64584,157.55264,0.000837,0.362751,FORWARD
3730,119.36,60.446187,65.374718,0.3,0.298725,0.3,0.29399,0.298725,0.3,0.3,65.807239,66.862392,111.68352,157.59032,0.000772,0.360103,FORWARD
3731,119.392,71.012291,64.979167,0.3,0.298688,0.3,0.295793,0.298688,0.3,0.3,62.723693,63.183544,111.7212,157.628,0.000772,0.359017,FORWARD
3732,119.424,63.050195,66.75236,0.3,0.298663,0.06848,0.297055,0.298663,0.3,0.06848,67.904129,72.800637,111.75888,157.66568,0.000772,0.35857,FORWARD
3733,119.456,68.515435,68.006474,0.3,0.298646,0.3,0.297939,0.298646,0.3,0.3,64.182777,67.724521,111.75888,157.74104,0.000772,0.358386,FORWARD
3734,119.488,74.278532,69.62967,0.068079,0.068079,0.3,0.228981,0.068079,0.3,0.3,67.185519,62.60529,111.79656,157.77872,0.000772,0.358311,FORWARD
3735,119.52,63.382877,68.475031,0.3,0.3,0.3,0.250286,0.3,0.3,0.3,68.977898,67.917682,111.83424,157.8164,0.000772,0.545455,FORWARD
3736,119.552,65.758608,68.36439,0.3,0.29962,0.3,0.265201,0.29962,0.3,0.3,64.175505,66.642941,111.8782,157.85408,0.000837,0.545455,FORWARD
3737,119.584,66.919012,65.298508,0.3,0.29934,0.3,0.27564,0.29934,0.3,0.3,69.197643,65.207189,111.91588,157.89176,0.000772,0.427083,FORWARD
3738,119.616,63.929049,67.388854,0.3,0.299119,0.3,0.282948,0.299119,0.3,0.3,67.532195,70.268352,111.95356,157.92944,0.000772,0.385403,FORWARD
3739,119.648,68.09528,68.84268,0.3,0.298917,0.3,0.288064,0.298917,0.3,0.3,69.487367,70.638116,111.99124,157.9734,0.000837,0.369246,FORWARD
3740,119.68,61.242852,67.911505,0.3,0.298817,0.3,0.291645,0.298817,0.3,0.3,66.150125,67.72378,112.02892,158.01108,0.000772,0.362751,FORWARD
3741,119.712,65.989972,73.96766,0.068163,0.068163,0.3,0.2246,0.068163,0.3,0.3,65.2537,69.345904,112.0666,158.04876,0.000772,0.360103,FORWARD
3742,119.744,60.20748,65.019961,0.3,0.3,0.3,0.24722,0.3,0.3,0.3,67.210155,65.434543,112.10428,158.08644,0.000772,0.545455,FORWARD
3743,119.776,69.839924,63.203795,0.3,0.299649,0.3,0.263054,0.299649,0.3,0.3,66.555823,68.59873,112.14196,158.12412,0.000772,0.545455,FORWARD
3744,119.808,63.387101,69.359322,0.3,0.299356,0.3,0.274138,0.299356,0.3,0.3,70.966795,64.034862,112.17964,158.1618,0.000772,0.427083,FORWARD
3745,119.84,65.422345,68.609018,0.3,0.29909,0.3,0.281897,0.29909,0.3,0.3,67.88421,70.565343,112.2236,158.19948,0.000837,0.385403,FORWARD
3746,119.872,72.362293,66.420676,0.068598,0.068598,0.3,0.217907,0.068598,0.3,0.3,68.418295,69.121513,112.26128,158.23716,0.000772,0.369246,FORWARD
3747,119.904,68.265886,64.772586,0.3,0.3,0.3,0.242535,0.3,0.3,0.3,62.493039,61.26583,112.29896,158.28112,0.000837,0.545455,FORWARD
3748,119.936,62.814284,70.867452,0.3,0.299649,0.067962,0.259774,0.299649,0.067962,0.3,74.710289,65.549398,112.33664,158.3188,0.000772,0.545455,FORWARD
3749,119.968,73.554226,66.580049,0.068275,0.068275,0.3,0.202325,0.068275,0.3,0.3,66.500279,67.207989,112.412,158.3188,0.000772,0.427083,FORWARD
3750,120.0,71.681237,66.384113,0.3,0.3,0.3,0.231627,0.3,0.3,0.3,70.93109,67.770242,112.44968,158.35648,0.000772,0.545455,FORWARD
